dataset,config,seed,fold,accuracy,macro_f1,auc,weighted_redundancy,path_corr
WDBC,CART,42,0,0.9210526315789473,0.9147486497714998,0.9480838519489028,0.5747660247667089,0.42092795037230113
WDBC,pearson/product/global,42,0,0.9122807017543859,0.9074675324675325,0.9664264657713725,0.4279522275104779,0.3570437696383516
WDBC,spearman/product/global,42,0,0.9122807017543859,0.9074675324675325,0.9664264657713725,0.4279522275104779,0.3570437696383516
WDBC,pearson/min/global,42,0,0.9122807017543859,0.9074675324675325,0.944480838519489,0.42225410971794386,0.3590485077576677
WDBC,pearson/mean/global,42,0,0.9298245614035088,0.9253193580085162,0.9729773992793974,0.4664490948587276,0.39996760694348915
WDBC,pearson/product/node,42,0,0.9122807017543859,0.9074675324675325,0.9664264657713725,0.4279522275104779,0.3570437696383516
WDBC,CART,42,1,0.9035087719298246,0.8946837994457042,0.9297412381264331,0.7696611101148404,0.44471987452144274
WDBC,pearson/product/global,42,1,0.8859649122807017,0.8708496732026143,0.9154929577464788,0.6289605343319085,0.4375702552771511
WDBC,spearman/product/global,42,1,0.8859649122807017,0.8708496732026143,0.9154929577464788,0.6289605343319085,0.4375702552771511
WDBC,pearson/min/global,42,1,0.8947368421052632,0.8844594594594595,0.9168031444480839,0.7677452433738474,0.3678787758605402
WDBC,pearson/mean/global,42,1,0.9035087719298246,0.8946837994457042,0.9305601048149361,0.7664338720689504,0.36628773075916593
WDBC,pearson/product/node,42,1,0.8859649122807017,0.8708496732026143,0.9267933180478217,0.6313088150112791,0.5096292346413586
WDBC,CART,42,2,0.9298245614035088,0.9220512820512821,0.9327050264550265,0.5888463550855364,0.6673035405105253
WDBC,pearson/product/global,42,2,0.9649122807017544,0.9619111259605746,0.9766865079365079,0.380162308765716,0.45786393132685704
WDBC,spearman/product/global,42,2,0.9649122807017544,0.9619111259605746,0.9763558201058201,0.38069762109876015,0.4596224402742267
WDBC,pearson/min/global,42,2,0.9649122807017544,0.9619111259605746,0.9766865079365079,0.380162308765716,0.45786393132685704
WDBC,pearson/mean/global,42,2,0.9649122807017544,0.9619111259605746,0.9770171957671958,0.3777636385407183,0.4324993673969003
WDBC,pearson/product/node,42,2,0.9298245614035088,0.9220512820512821,0.9381613756613757,0.5438564580435125,0.5838252948154145
WDBC,CART,42,3,0.9298245614035088,0.9265700483091788,0.9606481481481481,0.7166163625754075,0.5410479375713085
WDBC,pearson/product/global,42,3,0.9298245614035088,0.9265700483091788,0.9756944444444445,0.7029059737063265,0.47090841976653924
WDBC,spearman/product/global,42,3,0.9298245614035088,0.9265700483091788,0.9672619047619048,0.7129325248507263,0.51294649884764
WDBC,pearson/min/global,42,3,0.9298245614035088,0.9265700483091788,0.9672619047619048,0.713506724406039,0.51266367279845
WDBC,pearson/mean/global,42,3,0.9298245614035088,0.9271099744245523,0.9674272486772486,0.7125437974889381,0.5128114654356972
WDBC,pearson/product/node,42,3,0.9298245614035088,0.9259740259740259,0.9733796296296297,0.6950870796730403,0.4927857562221953
WDBC,CART,42,4,0.9469026548672567,0.9425813008130082,0.9694835680751175,0.6293884879799336,0.49591673471786113
WDBC,pearson/product/global,42,4,0.9469026548672567,0.9425813008130082,0.9557344064386318,0.6321856126318535,0.49591673471786113
WDBC,spearman/product/global,42,4,0.9469026548672567,0.9425813008130082,0.9557344064386318,0.6321856126318535,0.49591673471786113
WDBC,pearson/min/global,42,4,0.9469026548672567,0.9425813008130082,0.9694835680751175,0.6293884879799336,0.49591673471786113
WDBC,pearson/mean/global,42,4,0.9469026548672567,0.9425813008130082,0.9557344064386318,0.6321856126318535,0.49591673471786113
WDBC,pearson/product/node,42,4,0.9469026548672567,0.9425813008130082,0.9557344064386318,0.6321856126318535,0.49591673471786113
WDBC,CART,43,0,0.9298245614035088,0.9246031746031746,0.9402227317392728,0.5952394387808934,0.38284154154564193
WDBC,pearson/product/global,43,0,0.9298245614035088,0.9246031746031746,0.9400589584015723,0.5791278079383553,0.3628356739887889
WDBC,spearman/product/global,43,0,0.9298245614035088,0.9246031746031746,0.9400589584015723,0.5791278079383553,0.3628356739887889
WDBC,pearson/min/global,43,0,0.9298245614035088,0.9246031746031746,0.9520144120537177,0.5784760137445801,0.3735812261601093
WDBC,pearson/mean/global,43,0,0.9298245614035088,0.9246031746031746,0.9520144120537177,0.5784760137445801,0.3735812261601093
WDBC,pearson/product/node,43,0,0.9298245614035088,0.9246031746031746,0.9520144120537177,0.5784760137445801,0.3735812261601093
WDBC,CART,43,1,0.9210526315789473,0.9155902920608803,0.9585653455617426,0.6518248208021722,0.5892222044579677
WDBC,pearson/product/global,43,1,0.9385964912280702,0.933693394266722,0.9649525057320668,0.5876298768276845,0.5953381241168163
WDBC,spearman/product/global,43,1,0.9385964912280702,0.933693394266722,0.9656075990828693,0.5883858402897638,0.5962735787596117
WDBC,pearson/min/global,43,1,0.9473684210526315,0.942866688940862,0.9695381591876843,0.6710261887716944,0.513902000271228
WDBC,pearson/mean/global,43,1,0.9385964912280702,0.933693394266722,0.9621683589911563,0.6648973907602307,0.5140764763816184
WDBC,pearson/product/node,43,1,0.9035087719298246,0.8986339018672702,0.9526695054045202,0.6467419898871964,0.5946296569994292
WDBC,CART,43,2,0.9122807017543859,0.9037162162162162,0.9161706349206349,0.6157359375824251,0.4790344052619772
WDBC,pearson/product/global,43,2,0.9035087719298246,0.8921475875118259,0.91385582010582,0.5821798056278223,0.47028670680690793
WDBC,spearman/product/global,43,2,0.9035087719298246,0.8921475875118259,0.9165013227513227,0.5925676844495937,0.4726595372933351
WDBC,pearson/min/global,43,2,0.9035087719298246,0.8921475875118259,0.9041005291005291,0.5842033079327422,0.47507753438975026
WDBC,pearson/mean/global,43,2,0.9035087719298246,0.8921475875118259,0.91385582010582,0.5821798056278223,0.47028670680690793
WDBC,pearson/product/node,43,2,0.9122807017543859,0.9037162162162162,0.9107142857142858,0.6167836130420709,0.5346553844252661
WDBC,CART,43,3,0.9298245614035088,0.922972972972973,0.9680886243386244,0.6372661531290542,0.6055704498415668
WDBC,pearson/product/global,43,3,0.9122807017543859,0.9066491975106452,0.9743716931216931,0.6087824100502781,0.44858314162521645
WDBC,spearman/product/global,43,3,0.9122807017543859,0.9066491975106452,0.9743716931216931,0.6087824100502781,0.44858314162521645
WDBC,pearson/min/global,43,3,0.9122807017543859,0.9066491975106452,0.9743716931216931,0.6087824100502781,0.44858314162521645
WDBC,pearson/mean/global,43,3,0.9298245614035088,0.922972972972973,0.9680886243386244,0.6290886835402307,0.5075962763426258
WDBC,pearson/product/node,43,3,0.9122807017543859,0.9066491975106452,0.9743716931216931,0.6087824100502781,0.44858314162521645
WDBC,CART,43,4,0.9646017699115044,0.9627799736495388,0.9750167672702884,0.6564743320408203,0.39874065813655224
WDBC,pearson/product/global,43,4,0.9734513274336283,0.9717146433041302,0.9788732394366197,0.6457708472568591,0.3670481436490948
WDBC,spearman/product/global,43,4,0.9734513274336283,0.9717146433041302,0.9793762575452717,0.6468076994878602,0.37525598308869
WDBC,pearson/min/global,43,4,0.9734513274336283,0.9717146433041302,0.9793762575452717,0.646028670280311,0.37569566847468766
WDBC,pearson/mean/global,43,4,0.9734513274336283,0.9717146433041302,0.9788732394366197,0.6457708472568591,0.3670481436490948
WDBC,pearson/product/node,43,4,0.9734513274336283,0.9717146433041302,0.9778672032193159,0.6474991349553552,0.4002322548088224
WDBC,CART,44,0,0.9473684210526315,0.9439895185063871,0.9572551588601376,0.5620138828238765,0.4592195934249628
WDBC,pearson/product/global,44,0,0.9385964912280702,0.9349474199070678,0.9569276121847363,0.5415155486561302,0.44843078653452767
WDBC,spearman/product/global,44,0,0.9385964912280702,0.9349474199070678,0.9569276121847363,0.5421147283254644,0.4486516741753804
WDBC,pearson/min/global,44,0,0.9385964912280702,0.9349474199070678,0.9569276121847363,0.5421147283254644,0.4486516741753804
WDBC,pearson/mean/global,44,0,0.9385964912280702,0.9349474199070678,0.9569276121847363,0.5415155486561302,0.44843078653452767
WDBC,pearson/product/node,44,0,0.9385964912280702,0.9349474199070678,0.9569276121847363,0.5415155486561302,0.44843078653452767
WDBC,CART,44,1,0.9473684210526315,0.9439895185063871,0.9814936128398296,0.5713968833451434,0.5220814910516642
WDBC,pearson/product/global,44,1,0.9385964912280702,0.9343480049362403,0.9489027186374057,0.47830286596413146,0.48098268771755054
WDBC,spearman/product/global,44,1,0.9473684210526315,0.9439895185063871,0.9744513593187029,0.5472669133069805,0.5209515633207674
WDBC,pearson/min/global,44,1,0.9210526315789473,0.9147486497714998,0.9454634785456928,0.5060509228436932,0.5488405996712012
WDBC,pearson/mean/global,44,1,0.9210526315789473,0.9147486497714998,0.9228627579430069,0.49390618032631184,0.5426523762174146
WDBC,pearson/product/node,44,1,0.9473684210526315,0.9439895185063871,0.9700294792007861,0.5464974344938236,0.5198878362880296
WDBC,CART,44,2,0.956140350877193,0.9531057178116001,0.9639550264550265,0.6838023132594118,0.4648471151130726
WDBC,pearson/product/global,44,2,0.956140350877193,0.9531057178116001,0.9654431216931217,0.6410428481040524,0.4265357575043307
WDBC,spearman/product/global,44,2,0.956140350877193,0.9531057178116001,0.9654431216931217,0.6410428481040524,0.4265357575043307
WDBC,pearson/min/global,44,2,0.956140350877193,0.9531057178116001,0.9654431216931217,0.643587813937859,0.4271258003102941
WDBC,pearson/mean/global,44,2,0.956140350877193,0.9531057178116001,0.9654431216931217,0.643587813937859,0.4271258003102941
WDBC,pearson/product/node,44,2,0.956140350877193,0.9531057178116001,0.9639550264550265,0.6479172170685407,0.4533214165651663
WDBC,CART,44,3,0.956140350877193,0.9526381387619444,0.9647817460317462,0.6181002020251355,0.36473330205431154
WDBC,pearson/product/global,44,3,0.956140350877193,0.9526381387619444,0.9647817460317462,0.5346086570901585,0.3533327373060542
WDBC,spearman/product/global,44,3,0.956140350877193,0.9526381387619444,0.9647817460317462,0.5379289547187308,0.35401361099861883
WDBC,pearson/min/global,44,3,0.956140350877193,0.9526381387619444,0.9647817460317462,0.5346086570901585,0.3533327373060542
WDBC,pearson/mean/global,44,3,0.956140350877193,0.9526381387619444,0.9647817460317462,0.5346086570901585,0.3533327373060542
WDBC,pearson/product/node,44,3,0.9473684210526315,0.942866688940862,0.9518849206349207,0.5206613054232561,0.3531471904969981
WDBC,CART,44,4,0.911504424778761,0.9052649228705567,0.9248826291079812,0.64042368014524,0.5078737794639236
WDBC,pearson/product/global,44,4,0.9292035398230089,0.9249169435215947,0.9595908786049632,0.6058861826832721,0.3494321539145366
WDBC,spearman/product/global,44,4,0.9203539823008849,0.9151439299123905,0.9468477531857813,0.6075086594703131,0.34967035300914884
WDBC,pearson/min/global,44,4,0.911504424778761,0.9043021680216803,0.9312541918175721,0.5847424057990922,0.3500351443625374
WDBC,pearson/mean/global,44,4,0.9203539823008849,0.914314601061589,0.9450033534540576,0.5844882445110169,0.3501040364673534
WDBC,pearson/product/node,44,4,0.9292035398230089,0.9249169435215947,0.9595908786049632,0.6084069017461211,0.3718888914917028
Wine,CART,42,0,0.7330769230769231,0.7085674452199182,0.7828583873999861,0.15867026951797755,0.21932615140935385
Wine,pearson/product/global,42,0,0.7315384615384616,0.7093751341185393,0.7892279358383578,0.10544446070280433,0.15308275879523336
Wine,spearman/product/global,42,0,0.7346153846153847,0.7018425928326549,0.7891260434418232,0.11279529344062904,0.16550874700791787
Wine,pearson/min/global,42,0,0.7376923076923076,0.7079277231473704,0.7900570852151586,0.13342821354505197,0.17623233013493397
Wine,pearson/mean/global,42,0,0.7369230769230769,0.7032351771110619,0.7913574869259318,0.1394820350817603,0.17902475885508898
Wine,pearson/product/node,42,0,0.7307692307692307,0.6926165827611273,0.7869595563605057,0.12261036114117178,0.1771587742080132
Wine,CART,42,1,0.7476923076923077,0.7254523211641234,0.7919331789663526,0.1718210242468791,0.22857104598666617
Wine,pearson/product/global,42,1,0.7384615384615385,0.7128855907541365,0.8032215828474338,0.11285770967345177,0.14707368021661235
Wine,spearman/product/global,42,1,0.7392307692307692,0.7177024941724494,0.8063076488074769,0.1151256774563578,0.15826743147384334
Wine,pearson/min/global,42,1,0.7361538461538462,0.7107878905806619,0.7964279073084868,0.13896948792075497,0.1676748589386234
Wine,pearson/mean/global,42,1,0.7469230769230769,0.7252653723241957,0.8045729307564746,0.16790688343343463,0.18815418776738602
Wine,pearson/product/node,42,1,0.7423076923076923,0.7180936006923699,0.7943416604894401,0.1578221978286791,0.18649220197917124
Wine,CART,42,2,0.7598152424942263,0.7408975834292291,0.8019403510382714,0.17827269051936787,0.2289568705519603
Wine,pearson/product/global,42,2,0.7513471901462664,0.7318827197375426,0.799352961279693,0.1230468549755798,0.15282662291662702
Wine,spearman/product/global,42,2,0.7513471901462664,0.7267135239278812,0.7956803725637219,0.12953432432507272,0.16722370960852148
Wine,pearson/min/global,42,2,0.7613548883756736,0.7367681357988538,0.8053005146725019,0.14839669212514287,0.18465839947139295
Wine,pearson/mean/global,42,2,0.76058506543495,0.7365982564155393,0.8038671849097409,0.16623420298251543,0.2120716688155773
Wine,pearson/product/node,42,2,0.7505773672055427,0.7174145413918311,0.7916366993629079,0.1335832271546695,0.18987040422662443
Wine,CART,42,3,0.7467282525019245,0.7266569747175722,0.8065553158171254,0.1646053483672142,0.23517830749574098
Wine,pearson/product/global,42,3,0.7390300230946882,0.722835086747587,0.8045710977469688,0.12194625932154944,0.16194158644235732
Wine,spearman/product/global,42,3,0.7351809083910701,0.7165540129095116,0.7974478058832831,0.12700634821487541,0.16892914087334893
Wine,pearson/min/global,42,3,0.7498075442648191,0.7314068383974817,0.8056193157763188,0.14183534343482088,0.19675142078571714
Wine,pearson/mean/global,42,3,0.7444187836797537,0.7227699095930142,0.8066190760378888,0.1496054653572735,0.19581368457185774
Wine,pearson/product/node,42,3,0.745958429561201,0.7239217575442194,0.8014544981560544,0.14509477980236762,0.18117791777185965
Wine,CART,42,4,0.7344110854503464,0.7163247388779839,0.788654951652593,0.17435524409250952,0.23261262197816493
Wine,pearson/product/global,42,4,0.7421093148575828,0.725448122745664,0.7912676006003859,0.11858884924631274,0.1521473460963701
Wine,spearman/product/global,42,4,0.745958429561201,0.729654902752201,0.7908476877992996,0.1233740714404773,0.1756153890634662
Wine,pearson/min/global,42,4,0.7474980754426482,0.7278538579458355,0.787693874633693,0.14575806787854023,0.19491720437638246
Wine,pearson/mean/global,42,4,0.7397998460354118,0.7219648420679349,0.787275238163309,0.14899545150894128,0.2044562594089272
Wine,pearson/product/node,42,4,0.7421093148575828,0.7279853230277818,0.7909676628853243,0.13366809390846038,0.19602327384896193
Wine,CART,43,0,0.7346153846153847,0.7180619509358646,0.8047932730639809,0.16913541295424964,0.21386082704870576
Wine,pearson/product/global,43,0,0.7461538461538462,0.7326663077291218,0.8123778883310279,0.10714046355018766,0.1437981650296128
Wine,spearman/product/global,43,0,0.7415384615384616,0.7302444844631197,0.8055179827343335,0.12018387170008062,0.15387529168904052
Wine,pearson/min/global,43,0,0.7369230769230769,0.7231458994956099,0.8080882184369198,0.1295314756247845,0.17552234887970075
Wine,pearson/mean/global,43,0,0.7407692307692307,0.727094739425622,0.806190472551462,0.13011091057959887,0.18203130540126902
Wine,pearson/product/node,43,0,0.7569230769230769,0.7376916868442291,0.8063369428714805,0.129199017541565,0.1785574437898116
Wine,CART,43,1,0.7384615384615385,0.7241610001098363,0.788905701134317,0.16947669123088216,0.23557264016671153
Wine,pearson/product/global,43,1,0.7430769230769231,0.728420636528988,0.7988682302054915,0.12357528308946257,0.15506862816960115
Wine,spearman/product/global,43,1,0.7407692307692307,0.7264936561636318,0.7988376624865311,0.11436552445354925,0.1598245250922238
Wine,pearson/min/global,43,1,0.74,0.7255801288536818,0.7958598571978064,0.13168964344206024,0.1788414368258799
Wine,pearson/mean/global,43,1,0.7384615384615385,0.724962913551239,0.7955720111775959,0.14001478136987114,0.17635627440682075
Wine,pearson/product/node,43,1,0.7546153846153846,0.7395151225070367,0.8036966561462766,0.14313010323150235,0.1804192110181837
Wine,CART,43,2,0.745958429561201,0.7164580908032596,0.794880819395349,0.15406380476846457,0.21488621750253417
Wine,pearson/product/global,43,2,0.7621247113163973,0.7418549686315241,0.7984756206419891,0.10683438679148763,0.14504294101853218
Wine,spearman/product/global,43,2,0.7644341801385681,0.7430177349532188,0.8012925471953155,0.11467789591980956,0.15079925049746243
Wine,pearson/min/global,43,2,0.7652040030792918,0.7422043820602697,0.7949611572735111,0.11070053582582949,0.1518936233818275
Wine,pearson/mean/global,43,2,0.7528868360277137,0.7310682160153396,0.7957874897346046,0.14084231149630433,0.19657810837489448
Wine,pearson/product/node,43,2,0.7536566589684373,0.7299334189202534,0.7933748029809178,0.12155383395568216,0.1640778116426859
Wine,CART,43,3,0.7405696689761355,0.7142846886595112,0.8027539314552123,0.17920938047565127,0.22172822446551566
Wine,pearson/product/global,43,3,0.7244033872209392,0.7047682290740844,0.8014340948854102,0.13049867124023692,0.16074264029527863
Wine,spearman/product/global,43,3,0.7244033872209392,0.7042620573870574,0.79717108652517,0.12884043928013988,0.170767556153895
Wine,pearson/min/global,43,3,0.7444187836797537,0.7174977073234639,0.79733813830357,0.15988667663542677,0.20281911462383334
Wine,pearson/mean/global,43,3,0.7421093148575828,0.705133009125214,0.8002966125469915,0.16602907668005593,0.20837101689975743
Wine,pearson/product/node,43,3,0.7474980754426482,0.725853442595948,0.7976939203354296,0.15590268813541472,0.19307704284504065
Wine,CART,43,4,0.7428791377983064,0.7133382490525347,0.7752011497186967,0.16696914970449533,0.21810798507985138
Wine,pearson/product/global,43,4,0.7451886066204773,0.7190819196581699,0.7861010139171101,0.12196331622148973,0.1450855431609031
Wine,spearman/product/global,43,4,0.745958429561201,0.7209325035154419,0.7808757160215241,0.11682299948713143,0.16887594222927446
Wine,pearson/min/global,43,4,0.7382602001539645,0.7121836144201443,0.7861418564995865,0.14632642321850278,0.1784578106553898
Wine,pearson/mean/global,43,4,0.737490377213241,0.7108934089996835,0.7836504589685206,0.15096438884092017,0.17848660716706055
Wine,pearson/product/node,43,4,0.7351809083910701,0.703435679888716,0.7686254939399818,0.13577433904365374,0.15939432296043135
Wine,CART,44,0,0.7546153846153846,0.7299340757812668,0.7979117153330225,0.14231797087159848,0.20242092636043046
Wine,pearson/product/global,44,0,0.7630769230769231,0.7396449704142012,0.8088562323757996,0.10748744373873625,0.1644346155799916
Wine,spearman/product/global,44,0,0.7615384615384615,0.7433585262283765,0.8012359547699652,0.11407144212106925,0.1696769478763674
Wine,pearson/min/global,44,0,0.7653846153846153,0.742311424280178,0.8086384373782068,0.1304649859770933,0.1893747945673853
Wine,pearson/mean/global,44,0,0.7669230769230769,0.7442591403497267,0.8073978974503975,0.13346666648119143,0.1904753401684136
Wine,pearson/product/node,44,0,0.7638461538461538,0.7379030536822617,0.8029337368272236,0.1293850209841874,0.17070127294537585
Wine,CART,44,1,0.7507692307692307,0.7168403361344537,0.8054784994306762,0.15457760023590453,0.2332565870068971
Wine,pearson/product/global,44,1,0.7607692307692308,0.7347723719799442,0.8099439337088068,0.12406825567915329,0.16032483055370145
Wine,spearman/product/global,44,1,0.7569230769230769,0.7288942740464444,0.8043245680399215,0.12535360028420714,0.16713081446647174
Wine,pearson/min/global,44,1,0.7584615384615384,0.7312004972988351,0.8067738065216228,0.1346420642215995,0.18349348408604496
Wine,pearson/mean/global,44,1,0.7484615384615385,0.7256313029447358,0.8065152545654163,0.13080850306533492,0.19310151665226816
Wine,pearson/product/node,44,1,0.7438461538461538,0.7260887639447015,0.8026891950755406,0.1517097298944731,0.19060125504733527
Wine,CART,44,2,0.7729022324865281,0.754235565215551,0.8242946844379153,0.16992270071691662,0.22953719655010316
Wine,pearson/product/global,44,2,0.7544264819091608,0.7374844868644366,0.8123970272434671,0.12011092016642504,0.15371482316451007
Wine,spearman/product/global,44,2,0.7544264819091608,0.7383490863582319,0.8128828801256842,0.12396217404870376,0.15343928179911534
Wine,pearson/min/global,44,2,0.7682832948421863,0.7516686196614174,0.823203109458446,0.14613086712853612,0.18404307232796288
Wine,pearson/mean/global,44,2,0.7675134719014627,0.7489761913293644,0.8245586517518758,0.15207181659480296,0.18900014188948372
Wine,pearson/product/node,44,2,0.7628945342571208,0.7432872212098658,0.8149487112784178,0.16169966092645735,0.1878158944592068
Wine,CART,44,3,0.7536566589684373,0.7315200429898623,0.7989053645299342,0.17188721527108797,0.21070066253392095
Wine,pearson/product/global,44,3,0.7505773672055427,0.7260064579969794,0.7972871301269594,0.12281456384714914,0.151516010192264
Wine,spearman/product/global,44,3,0.7513471901462664,0.7291333794270818,0.8011522747096359,0.13845763675072909,0.16321821608292486
Wine,pearson/min/global,44,3,0.7482678983833718,0.7221884673416625,0.8021431085402989,0.15487388245993491,0.18809397441626943
Wine,pearson/mean/global,44,3,0.7421093148575828,0.7190702232448063,0.7969453753436676,0.16378759436148832,0.20611486826711545
Wine,pearson/product/node,44,3,0.7428791377983064,0.7183990259049062,0.796695435278275,0.15556469762862185,0.16838541704221768
Wine,CART,44,4,0.75211701308699,0.7318648266100496,0.7962950672371014,0.16456467355867838,0.222784034765877
Wine,pearson/product/global,44,4,0.7405696689761355,0.7210039099718621,0.7901189029682346,0.1194521275819515,0.15850807399458597
Wine,spearman/product/global,44,4,0.74364896073903,0.7207474159418521,0.7927494205458612,0.12391605735512318,0.17005181375373574
Wine,pearson/min/global,44,4,0.74364896073903,0.7250325301289064,0.7897742936785892,0.14341701638061694,0.19833127981554557
Wine,pearson/mean/global,44,4,0.7482678983833718,0.7198076523494317,0.796379305063459,0.15387713703427255,0.21159060887155529
Wine,pearson/product/node,44,4,0.7336412625096228,0.7071045017334411,0.7868540490315203,0.14605587971678374,0.19753180995070127
Ionosphere,CART,42,0,0.9014084507042254,0.8961337513061651,0.9824786324786324,0.17383841136382772,0.10267146191040566
Ionosphere,pearson/product/global,42,0,0.8873239436619719,0.8786324786324786,0.9465811965811965,0.14218119954709382,0.09160592141984138
Ionosphere,spearman/product/global,42,0,0.8873239436619719,0.8786324786324786,0.9452991452991453,0.14244798149229565,0.09160592141984138
Ionosphere,pearson/min/global,42,0,0.8873239436619719,0.8786324786324786,0.9465811965811965,0.14218119954709382,0.09160592141984138
Ionosphere,pearson/mean/global,42,0,0.8873239436619719,0.8786324786324786,0.9465811965811965,0.14218119954709382,0.09160592141984138
Ionosphere,pearson/product/node,42,0,0.8873239436619719,0.8786324786324786,0.9465811965811965,0.14218119954709382,0.09160592141984138
Ionosphere,CART,42,1,0.9285714285714286,0.9215070643642072,0.9079999999999998,0.1612674781438672,0.13229180953881176
Ionosphere,pearson/product/global,42,1,0.9,0.8878975062914665,0.8973333333333333,0.12647909626069542,0.11462115854443117
Ionosphere,spearman/product/global,42,1,0.9,0.8878975062914665,0.8973333333333333,0.1264698263663985,0.11478294011107074
Ionosphere,pearson/min/global,42,1,0.9,0.8878975062914665,0.8973333333333333,0.12647909626069542,0.11462115854443117
Ionosphere,pearson/mean/global,42,1,0.9285714285714286,0.9215070643642072,0.9079999999999998,0.14236607216318883,0.11882872752942993
Ionosphere,pearson/product/node,42,1,0.9,0.8878975062914665,0.8973333333333333,0.1264698263663985,0.11478294011107074
Ionosphere,CART,42,2,0.8857142857142857,0.8731884057971014,0.8755555555555555,0.24704243710294674,0.23581358551315548
Ionosphere,pearson/product/global,42,2,0.8857142857142857,0.8731884057971014,0.8937777777777777,0.24594550791124262,0.2246899358792258
Ionosphere,spearman/product/global,42,2,0.8857142857142857,0.8731884057971014,0.8973333333333333,0.24515008201418015,0.22400402002672687
Ionosphere,pearson/min/global,42,2,0.8857142857142857,0.8731884057971014,0.8937777777777777,0.24703501818308182,0.2277890209257316
Ionosphere,pearson/mean/global,42,2,0.8857142857142857,0.8731884057971014,0.8937777777777777,0.24594550791124262,0.2246899358792258
Ionosphere,pearson/product/node,42,2,0.8857142857142857,0.8731884057971014,0.8937777777777777,0.24594550791124262,0.2246899358792258
Ionosphere,CART,42,3,0.9,0.8901098901098901,0.9106666666666667,0.15423496221191804,0.13424844772081335
Ionosphere,pearson/product/global,42,3,0.9,0.8901098901098901,0.9475555555555555,0.14533423758454975,0.1222605445128028
Ionosphere,spearman/product/global,42,3,0.9,0.8901098901098901,0.9475555555555555,0.14533423758454975,0.1222605445128028
Ionosphere,pearson/min/global,42,3,0.9,0.8901098901098901,0.9475555555555555,0.14533423758454975,0.1222605445128028
Ionosphere,pearson/mean/global,42,3,0.9142857142857143,0.9082167832167831,0.9457777777777778,0.14572675054866288,0.12529597073260945
Ionosphere,pearson/product/node,42,3,0.9142857142857143,0.9082167832167831,0.9324444444444444,0.1397577411562943,0.13735428562059257
Ionosphere,CART,42,4,0.8571428571428571,0.8470279720279721,0.891111111111111,0.17880549358034437,0.12395780405398917
Ionosphere,pearson/product/global,42,4,0.8571428571428571,0.8470279720279721,0.8648888888888888,0.1595082624141579,0.11312845151607248
Ionosphere,spearman/product/global,42,4,0.8571428571428571,0.8470279720279721,0.8648888888888888,0.1595082624141579,0.11312845151607248
Ionosphere,pearson/min/global,42,4,0.8571428571428571,0.8470279720279721,0.8728888888888888,0.17567218530819337,0.122718780320575
Ionosphere,pearson/mean/global,42,4,0.8571428571428571,0.8470279720279721,0.8875555555555554,0.17223796079003406,0.11864903438632746
Ionosphere,pearson/product/node,42,4,0.8571428571428571,0.8470279720279721,0.8648888888888888,0.1595082624141579,0.11312845151607248
Ionosphere,CART,43,0,0.8732394366197183,0.8623141564318035,0.8965811965811965,0.15543360662691919,0.09795934268524499
Ionosphere,pearson/product/global,43,0,0.8732394366197183,0.8623141564318035,0.8965811965811965,0.15543360662691919,0.09795934268524499
Ionosphere,spearman/product/global,43,0,0.8732394366197183,0.8623141564318035,0.8965811965811965,0.15690059113996074,0.09849434613764764
Ionosphere,pearson/min/global,43,0,0.8732394366197183,0.8623141564318035,0.8965811965811965,0.15543360662691919,0.09795934268524499
Ionosphere,pearson/mean/global,43,0,0.8732394366197183,0.8623141564318035,0.8965811965811965,0.15543360662691919,0.09795934268524499
Ionosphere,pearson/product/node,43,0,0.9014084507042254,0.8946364214543142,0.9427350427350428,0.16857919054733414,0.07319112268384266
Ionosphere,CART,43,1,0.9,0.8853801169590643,0.9084444444444443,0.1454765808892212,0.12490498169237886
Ionosphere,pearson/product/global,43,1,0.9428571428571428,0.9352451433857539,0.9497777777777777,0.1357375601266104,0.10722736537713738
Ionosphere,spearman/product/global,43,1,0.9285714285714286,0.9181286549707601,0.971111111111111,0.14208801268249371,0.10823037062866242
Ionosphere,pearson/min/global,43,1,0.9428571428571428,0.9352451433857539,0.9497777777777777,0.1357375601266104,0.10722736537713738
Ionosphere,pearson/mean/global,43,1,0.9428571428571428,0.9352451433857539,0.9542222222222222,0.14315152744931436,0.11286110476575616
Ionosphere,pearson/product/node,43,1,0.9428571428571428,0.9352451433857539,0.9497777777777777,0.13813233173273934,0.108728327044769
Ionosphere,CART,43,2,0.8714285714285714,0.858712715855573,0.9128888888888889,0.16504568691225674,0.11985698963425584
Ionosphere,pearson/product/global,43,2,0.8714285714285714,0.858712715855573,0.8826666666666666,0.15320933720010008,0.09380714047315426
Ionosphere,spearman/product/global,43,2,0.8714285714285714,0.858712715855573,0.8826666666666666,0.15320933720010008,0.09380714047315426
Ionosphere,pearson/min/global,43,2,0.8714285714285714,0.858712715855573,0.8826666666666666,0.15381390023243946,0.09455338850322471
Ionosphere,pearson/mean/global,43,2,0.8714285714285714,0.858712715855573,0.8826666666666666,0.15320933720010008,0.09380714047315426
Ionosphere,pearson/product/node,43,2,0.8714285714285714,0.858712715855573,0.8826666666666666,0.15320933720010008,0.09380714047315426
Ionosphere,CART,43,3,0.8857142857142857,0.8776223776223776,0.9311111111111111,0.1607513517041195,0.13892133172565024
Ionosphere,pearson/product/global,43,3,0.8714285714285714,0.863370201691607,0.9146666666666666,0.14286607719919886,0.13292234484797016
Ionosphere,spearman/product/global,43,3,0.8714285714285714,0.863370201691607,0.9146666666666666,0.14286607719919886,0.13292234484797016
Ionosphere,pearson/min/global,43,3,0.8857142857142857,0.8776223776223776,0.9133333333333332,0.15923635991946367,0.13689532381487132
Ionosphere,pearson/mean/global,43,3,0.8857142857142857,0.8776223776223776,0.9133333333333332,0.15923635991946367,0.13689532381487132
Ionosphere,pearson/product/node,43,3,0.8714285714285714,0.863370201691607,0.9146666666666666,0.14286607719919886,0.13292234484797016
Ionosphere,CART,43,4,0.8857142857142857,0.8794142980189492,0.9275555555555556,0.15228166450720743,0.13287463192673454
Ionosphere,pearson/product/global,43,4,0.8857142857142857,0.8776223776223776,0.8826666666666667,0.16707105651048254,0.10817384374261937
Ionosphere,spearman/product/global,43,4,0.8857142857142857,0.8776223776223776,0.8826666666666667,0.16707105651048254,0.10817384374261937
Ionosphere,pearson/min/global,43,4,0.8857142857142857,0.8776223776223776,0.8826666666666667,0.16707105651048254,0.10817384374261937
Ionosphere,pearson/mean/global,43,4,0.8857142857142857,0.8776223776223776,0.8826666666666667,0.16707105651048254,0.10817384374261937
Ionosphere,pearson/product/node,43,4,0.8857142857142857,0.8776223776223776,0.9662222222222222,0.1463510463441072,0.1321854522765782
Ionosphere,CART,44,0,0.8732394366197183,0.8623141564318035,0.9794871794871796,0.18137085637468006,0.12583549810324304
Ionosphere,pearson/product/global,44,0,0.9154929577464789,0.908974358974359,0.9363247863247863,0.16904296187756807,0.0720169246059635
Ionosphere,spearman/product/global,44,0,0.9154929577464789,0.908974358974359,0.9363247863247863,0.16904296187756807,0.0720169246059635
Ionosphere,pearson/min/global,44,0,0.9154929577464789,0.908974358974359,0.95,0.18099067757628673,0.07512011154498356
Ionosphere,pearson/mean/global,44,0,0.8873239436619719,0.8820598006644518,0.9504273504273504,0.1488743738820556,0.08881824853553384
Ionosphere,pearson/product/node,44,0,0.8732394366197183,0.8681114551083591,0.9333333333333333,0.13389309533521856,0.08732828340942195
Ionosphere,CART,44,1,0.8714285714285714,0.8612029081295439,0.88,0.1917778333182113,0.24910072303830944
Ionosphere,pearson/product/global,44,1,0.8571428571428571,0.8414855072463767,0.8644444444444443,0.16276302187205766,0.19853829104712492
Ionosphere,spearman/product/global,44,1,0.8571428571428571,0.8414855072463767,0.8644444444444443,0.16293093671738715,0.19863695324237207
Ionosphere,pearson/min/global,44,1,0.8714285714285714,0.858712715855573,0.8817777777777778,0.16858860209752963,0.19968833449298787
Ionosphere,pearson/mean/global,44,1,0.8714285714285714,0.858712715855573,0.8635555555555555,0.17349257489901387,0.2044714075797038
Ionosphere,pearson/product/node,44,1,0.8714285714285714,0.8558682223747426,0.8737777777777778,0.14459724248156378,0.19994964679199503
Ionosphere,CART,44,2,0.8714285714285714,0.8526315789473684,0.8604444444444446,0.1606044123976368,0.13847281918436066
Ionosphere,pearson/product/global,44,2,0.8285714285714286,0.8133333333333334,0.8333333333333334,0.14505917729694257,0.10321361764080303
Ionosphere,spearman/product/global,44,2,0.8428571428571429,0.8198830409356725,0.8417777777777777,0.15423572657237944,0.1144294453099477
Ionosphere,pearson/min/global,44,2,0.8285714285714286,0.8133333333333334,0.8257777777777778,0.1447281334645745,0.10414413481333808
Ionosphere,pearson/mean/global,44,2,0.8714285714285714,0.8526315789473684,0.8564444444444445,0.1603110799079603,0.12176547629133747
Ionosphere,pearson/product/node,44,2,0.8714285714285714,0.8526315789473684,0.8746666666666666,0.16238640565055645,0.11532208300200845
Ionosphere,CART,44,3,0.9,0.8878975062914665,0.8902222222222221,0.14424461146414053,0.1262945774401237
Ionosphere,pearson/product/global,44,3,0.9142857142857143,0.9082167832167831,0.9466666666666668,0.13773011438168,0.08407463821201817
Ionosphere,spearman/product/global,44,3,0.9,0.8937323790934721,0.9555555555555556,0.13162282919561685,0.0881940358784308
Ionosphere,pearson/min/global,44,3,0.8714285714285714,0.8612029081295439,0.8822222222222222,0.13018681123817827,0.10094185996637015
Ionosphere,pearson/mean/global,44,3,0.8714285714285714,0.8612029081295439,0.8822222222222222,0.13018681123817827,0.10094185996637015
Ionosphere,pearson/product/node,44,3,0.8857142857142857,0.8755555555555555,0.884,0.1328500496666354,0.12017495689360642
Ionosphere,CART,44,4,0.8714285714285714,0.858712715855573,0.8888888888888888,0.1593343325835564,0.10846276572446707
Ionosphere,pearson/product/global,44,4,0.9,0.8901098901098901,0.9097777777777778,0.15956481494554609,0.09155769424957348
Ionosphere,spearman/product/global,44,4,0.9,0.8901098901098901,0.9097777777777778,0.15956481494554609,0.09155769424957348
Ionosphere,pearson/min/global,44,4,0.9,0.8901098901098901,0.9097777777777778,0.15956481494554609,0.09155769424957348
Ionosphere,pearson/mean/global,44,4,0.8857142857142857,0.8755555555555555,0.9097777777777778,0.1608385466097648,0.09155769424957348
Ionosphere,pearson/product/node,44,4,0.9,0.8878975062914665,0.9226666666666667,0.15960075315859265,0.08909687440132792
Sonar,CART,42,0,0.7619047619047619,0.7619047619047619,0.7306818181818183,0.20714876579526642,0.21758271836106852
Sonar,pearson/product/global,42,0,0.7142857142857143,0.7136363636363636,0.6920454545454545,0.17055710367415808,0.15316764503449656
Sonar,spearman/product/global,42,0,0.7380952380952381,0.7367521367521368,0.7102272727272727,0.16780682652124973,0.1518304363920561
Sonar,pearson/min/global,42,0,0.7142857142857143,0.7142857142857143,0.6852272727272727,0.18048196016560508,0.159282731025179
Sonar,pearson/mean/global,42,0,0.7142857142857143,0.7136363636363636,0.6920454545454545,0.17068858900308995,0.1528456979352518
Sonar,pearson/product/node,42,0,0.7380952380952381,0.7379466817923993,0.7022727272727272,0.18326904671253016,0.1676660286146409
Sonar,CART,42,1,0.8095238095238095,0.8090909090909091,0.8181818181818182,0.1826271597589587,0.2513522557057168
Sonar,pearson/product/global,42,1,0.8095238095238095,0.8090909090909091,0.8295454545454546,0.17200428527127093,0.18711734928790952
Sonar,spearman/product/global,42,1,0.8095238095238095,0.8090909090909091,0.8102272727272727,0.17196593372334318,0.18464889262206413
Sonar,pearson/min/global,42,1,0.8095238095238095,0.8090909090909091,0.8318181818181818,0.1709919295005339,0.18711369399649821
Sonar,pearson/mean/global,42,1,0.8095238095238095,0.8090909090909091,0.8295454545454546,0.17200428527127093,0.18711734928790952
Sonar,pearson/product/node,42,1,0.8095238095238095,0.8090909090909091,0.8329545454545455,0.1725783781756484,0.19787357488388352
Sonar,CART,42,2,0.7142857142857143,0.7136363636363636,0.788329519450801,0.2602673514483867,0.2577821582411805
Sonar,pearson/product/global,42,2,0.7142857142857143,0.7136363636363636,0.7425629290617849,0.19854975625862892,0.1697088427493777
Sonar,spearman/product/global,42,2,0.7142857142857143,0.7136363636363636,0.7425629290617849,0.19854975625862892,0.1697088427493777
Sonar,pearson/min/global,42,2,0.7380952380952381,0.7367521367521368,0.7448512585812357,0.1978060742865235,0.14915554041925483
Sonar,pearson/mean/global,42,2,0.7142857142857143,0.7136363636363636,0.7425629290617849,0.19854975625862892,0.1697088427493777
Sonar,pearson/product/node,42,2,0.6904761904761905,0.6888888888888889,0.7151029748283753,0.2455765392385266,0.2354273260213054
Sonar,CART,42,3,0.7317073170731707,0.731067382230173,0.667464114832536,0.2308479614065562,0.22062409088403626
Sonar,pearson/product/global,42,3,0.6341463414634146,0.6341463414634146,0.7069377990430622,0.17641246694592538,0.14603493733583256
Sonar,spearman/product/global,42,3,0.7317073170731707,0.7317073170731707,0.7332535885167464,0.19215930349261434,0.1718055584491629
Sonar,pearson/min/global,42,3,0.7073170731707317,0.7057416267942584,0.7404306220095693,0.19927238899052233,0.17044963041282063
Sonar,pearson/mean/global,42,3,0.6341463414634146,0.6341463414634146,0.7021531100478469,0.17719926366037533,0.1462926933167875
Sonar,pearson/product/node,42,3,0.7317073170731707,0.7317073170731707,0.7595693779904307,0.19011040915723135,0.17424895570939697
Sonar,CART,42,4,0.7560975609756098,0.7547846889952152,0.7966507177033493,0.20874379844333876,0.25970426130727814
Sonar,pearson/product/global,42,4,0.7560975609756098,0.7547846889952152,0.819377990430622,0.20401228213808947,0.22480389344118684
Sonar,spearman/product/global,42,4,0.7560975609756098,0.7547846889952152,0.833732057416268,0.20378050023727737,0.22620197230656106
Sonar,pearson/min/global,42,4,0.7560975609756098,0.7547846889952152,0.819377990430622,0.20466862965398078,0.22876556416254762
Sonar,pearson/mean/global,42,4,0.7560975609756098,0.7547846889952152,0.819377990430622,0.20401228213808947,0.22480389344118684
Sonar,pearson/product/node,42,4,0.7317073170731707,0.731067382230173,0.7583732057416268,0.20383399455901108,0.23906564059381566
Sonar,CART,43,0,0.5952380952380952,0.5894192064404831,0.5920454545454545,0.1794322319198214,0.20039060872819286
Sonar,pearson/product/global,43,0,0.5952380952380952,0.5931623931623932,0.6431818181818182,0.1550843024357651,0.14440477265844875
Sonar,spearman/product/global,43,0,0.5714285714285714,0.5714285714285714,0.6204545454545455,0.15703024788222308,0.1477161172199773
Sonar,pearson/min/global,43,0,0.5714285714285714,0.5714285714285714,0.6272727272727273,0.15774958569775774,0.1466988059077294
Sonar,pearson/mean/global,43,0,0.5952380952380952,0.5931623931623932,0.6431818181818182,0.1550843024357651,0.14440477265844875
Sonar,pearson/product/node,43,0,0.5714285714285714,0.5675057208237986,0.6193181818181818,0.17395195512296902,0.1832283419211851
Sonar,CART,43,1,0.8333333333333334,0.8332387975042541,0.8738636363636365,0.22458832122731953,0.2498009992531194
Sonar,pearson/product/global,43,1,0.8571428571428571,0.8571428571428571,0.8795454545454546,0.1824047807022024,0.18989221434224407
Sonar,spearman/product/global,43,1,0.8571428571428571,0.8571428571428571,0.8738636363636363,0.18218545436563718,0.18392811388286442
Sonar,pearson/min/global,43,1,0.8333333333333334,0.8332387975042541,0.8988636363636364,0.22094674443308232,0.21236246254590205
Sonar,pearson/mean/global,43,1,0.8571428571428571,0.8571428571428571,0.8795454545454546,0.1824047807022024,0.18989221434224407
Sonar,pearson/product/node,43,1,0.8571428571428571,0.8571428571428571,0.8738636363636363,0.18344204378885065,0.2039155613049851
Sonar,CART,43,2,0.7619047619047619,0.7597254004576659,0.8215102974828374,0.2592606408814016,0.24704581254547864
Sonar,pearson/product/global,43,2,0.7380952380952381,0.7343300747556067,0.8226544622425629,0.23591424186913496,0.24044820129670522
Sonar,spearman/product/global,43,2,0.7380952380952381,0.7343300747556067,0.8226544622425629,0.23591424186913496,0.24044820129670522
Sonar,pearson/min/global,43,2,0.7380952380952381,0.7343300747556067,0.8226544622425629,0.23591424186913496,0.24044820129670522
Sonar,pearson/mean/global,43,2,0.7380952380952381,0.7343300747556067,0.8501144164759724,0.23534031417952925,0.22915733835199067
Sonar,pearson/product/node,43,2,0.7380952380952381,0.7343300747556067,0.8226544622425629,0.23620610217978136,0.24044820129670522
Sonar,CART,43,3,0.7804878048780488,0.7756838905775076,0.8301435406698565,0.2388012392947312,0.23608963875648295
Sonar,pearson/product/global,43,3,0.7804878048780488,0.7756838905775076,0.8133971291866029,0.23551913325274118,0.19759586017861902
Sonar,spearman/product/global,43,3,0.7804878048780488,0.7756838905775076,0.8133971291866029,0.23584058835430813,0.1981958264485802
Sonar,pearson/min/global,43,3,0.7804878048780488,0.7756838905775076,0.8133971291866029,0.23584058835430813,0.1981958264485802
Sonar,pearson/mean/global,43,3,0.7804878048780488,0.7756838905775076,0.8133971291866029,0.23551913325274118,0.19759586017861902
Sonar,pearson/product/node,43,3,0.7804878048780488,0.7756838905775076,0.8133971291866029,0.22226082207128353,0.20336972179159213
Sonar,CART,43,4,0.7317073170731707,0.731067382230173,0.7691387559808613,0.22508281227294086,0.17568841865047588
Sonar,pearson/product/global,43,4,0.7560975609756098,0.7547846889952152,0.8169856459330143,0.16441198878961183,0.15524361697007089
Sonar,spearman/product/global,43,4,0.7560975609756098,0.7547846889952152,0.8169856459330143,0.16441198878961183,0.15524361697007089
Sonar,pearson/min/global,43,4,0.7560975609756098,0.7547846889952152,0.8169856459330143,0.18392355369394633,0.16729767832410553
Sonar,pearson/mean/global,43,4,0.7560975609756098,0.7547846889952152,0.8169856459330143,0.18392355369394633,0.16729767832410553
Sonar,pearson/product/node,43,4,0.7317073170731707,0.731067382230173,0.8241626794258373,0.21944264977966368,0.17162632195427224
Sonar,CART,44,0,0.8095238095238095,0.8090909090909091,0.8295454545454546,0.24827897498366291,0.23398939296469726
Sonar,pearson/product/global,44,0,0.8333333333333334,0.8324786324786324,0.8681818181818182,0.20414702439088966,0.1898362526952797
Sonar,spearman/product/global,44,0,0.8333333333333334,0.8324786324786324,0.8681818181818182,0.20414702439088966,0.1898362526952797
Sonar,pearson/min/global,44,0,0.8333333333333334,0.8324786324786324,0.8465909090909091,0.2058034208478247,0.18700188490034214
Sonar,pearson/mean/global,44,0,0.8333333333333334,0.8324786324786324,0.8500000000000001,0.20452864804062335,0.18702507476308625
Sonar,pearson/product/node,44,0,0.7380952380952381,0.7379466817923993,0.7977272727272726,0.19442460703236034,0.2076822685913312
Sonar,CART,44,1,0.6428571428571429,0.6426545660805445,0.6681818181818182,0.21394902233491367,0.21547115152886456
Sonar,pearson/product/global,44,1,0.6428571428571429,0.6426545660805445,0.6636363636363636,0.2049477275655442,0.18518769318349282
Sonar,spearman/product/global,44,1,0.5476190476190477,0.5473624503686898,0.6375000000000001,0.19152553222959628,0.16651906448275297
Sonar,pearson/min/global,44,1,0.6190476190476191,0.6181818181818182,0.6465909090909091,0.20479598597606113,0.18722839472591715
Sonar,pearson/mean/global,44,1,0.6428571428571429,0.6426545660805445,0.6636363636363636,0.2049477275655442,0.18518769318349282
Sonar,pearson/product/node,44,1,0.5476190476190477,0.5473624503686898,0.6204545454545455,0.19321094634455882,0.19501407456535072
Sonar,CART,44,2,0.7380952380952381,0.7379466817923993,0.7276887871853548,0.2451431901306459,0.21078280928948756
Sonar,pearson/product/global,44,2,0.7619047619047619,0.7613636363636364,0.7814645308924486,0.1821081666290263,0.19003766672260655
Sonar,spearman/product/global,44,2,0.7619047619047619,0.7613636363636364,0.7814645308924486,0.1821081666290263,0.19003766672260655
Sonar,pearson/min/global,44,2,0.7619047619047619,0.7613636363636364,0.7814645308924486,0.1821081666290263,0.19003766672260655
Sonar,pearson/mean/global,44,2,0.7619047619047619,0.7613636363636364,0.7814645308924486,0.1821081666290263,0.19003766672260655
Sonar,pearson/product/node,44,2,0.7619047619047619,0.7613636363636364,0.7814645308924486,0.1821081666290263,0.19003766672260655
Sonar,CART,44,3,0.7317073170731707,0.731067382230173,0.6758373205741628,0.21853259777605025,0.2796858029589267
Sonar,pearson/product/global,44,3,0.6829268292682927,0.6821705426356589,0.6973684210526316,0.1978628146442565,0.15155057812365152
Sonar,spearman/product/global,44,3,0.6829268292682927,0.6821705426356589,0.687799043062201,0.19504367956458646,0.14756512597830845
Sonar,pearson/min/global,44,3,0.6829268292682927,0.6821705426356589,0.7212918660287082,0.19309857704652073,0.14832671412002815
Sonar,pearson/mean/global,44,3,0.6829268292682927,0.6821705426356589,0.687799043062201,0.19327077870600326,0.1483146226414138
Sonar,pearson/product/node,44,3,0.6829268292682927,0.6821705426356589,0.6973684210526316,0.19702798909793987,0.16609853539909195
Sonar,CART,44,4,0.6585365853658537,0.6533816425120773,0.69377990430622,0.2712151092523321,0.24481814585880587
Sonar,pearson/product/global,44,4,0.6829268292682927,0.6703772418058133,0.6854066985645934,0.21614680203920683,0.19429678692818012
Sonar,spearman/product/global,44,4,0.6585365853658537,0.6482843137254902,0.6889952153110048,0.22745889762069507,0.20062464476113878
Sonar,pearson/min/global,44,4,0.6585365853658537,0.6482843137254902,0.7081339712918661,0.22580136182719582,0.18884745645453316
Sonar,pearson/mean/global,44,4,0.6829268292682927,0.6703772418058133,0.7212918660287082,0.2260426098687674,0.1880123415644389
Sonar,pearson/product/node,44,4,0.6829268292682927,0.6703772418058133,0.7416267942583732,0.22717987551978225,0.19498693752557927
Pima,CART,42,0,0.7662337662337663,0.7210144927536233,0.7722222222222221,0.1831177846283969,0.16737928442130134
Pima,pearson/product/global,42,0,0.7597402597402597,0.7114498404820986,0.7669444444444444,0.1845955856252718,0.16399173673429507
Pima,spearman/product/global,42,0,0.7597402597402597,0.7114498404820986,0.768888888888889,0.1824318586089401,0.16437238220664943
Pima,pearson/min/global,42,0,0.7597402597402597,0.7114498404820986,0.7669444444444444,0.1845955856252718,0.16399173673429507
Pima,pearson/mean/global,42,0,0.7597402597402597,0.7114498404820986,0.770925925925926,0.18287532301056553,0.1636525654010858
Pima,pearson/product/node,42,0,0.7597402597402597,0.7114498404820986,0.7669444444444444,0.1845955856252718,0.16399173673429507
Pima,CART,42,1,0.7532467532467533,0.7186538461538461,0.7899074074074075,0.18614254162931693,0.1784234100150092
Pima,pearson/product/global,42,1,0.7532467532467533,0.7156462585034014,0.7858333333333334,0.18900330207862778,0.17762270388347884
Pima,spearman/product/global,42,1,0.7467532467532467,0.7127277945185824,0.7839814814814816,0.18497207323143056,0.17650867702752515
Pima,pearson/min/global,42,1,0.7467532467532467,0.7127277945185824,0.7839814814814816,0.18497207323143056,0.17650867702752515
Pima,pearson/mean/global,42,1,0.7467532467532467,0.7127277945185824,0.7847222222222223,0.1863817545432724,0.17582916595781936
Pima,pearson/product/node,42,1,0.7467532467532467,0.7182266009852216,0.7806481481481482,0.1923451529471967,0.18079171185333023
Pima,CART,42,2,0.7532467532467533,0.7156462585034014,0.7656481481481483,0.1736252473388351,0.16221547461299657
Pima,pearson/product/global,42,2,0.7532467532467533,0.7156462585034014,0.7780555555555555,0.17308673556280263,0.16075613230307023
Pima,spearman/product/global,42,2,0.7532467532467533,0.7156462585034014,0.7695370370370371,0.16953519915120188,0.1598164235194696
Pima,pearson/min/global,42,2,0.7532467532467533,0.7156462585034014,0.7758333333333334,0.1730937365489437,0.16075613230307023
Pima,pearson/mean/global,42,2,0.7532467532467533,0.7156462585034014,0.7780555555555555,0.17308673556280263,0.16075613230307023
Pima,pearson/product/node,42,2,0.7532467532467533,0.7156462585034014,0.7780555555555555,0.17308673556280263,0.16075613230307023
Pima,CART,42,3,0.7124183006535948,0.6621838619028503,0.7520754716981132,0.19022367285185668,0.16317466028141772
Pima,pearson/product/global,42,3,0.7189542483660131,0.6717884759291595,0.7631132075471698,0.1867846064725957,0.160647076638555
Pima,spearman/product/global,42,3,0.7189542483660131,0.6717884759291595,0.7631132075471698,0.1867846064725957,0.160647076638555
Pima,pearson/min/global,42,3,0.7124183006535948,0.6621838619028503,0.7500943396226415,0.1869455794466971,0.15998094845066926
Pima,pearson/mean/global,42,3,0.7124183006535948,0.6621838619028503,0.7500943396226415,0.1869455794466971,0.15998094845066926
Pima,pearson/product/node,42,3,0.7124183006535948,0.6621838619028503,0.7500943396226415,0.18710314824041666,0.16156013889966425
Pima,CART,42,4,0.7124183006535948,0.6732038834951457,0.6789622641509434,0.18467978983908417,0.168061588947313
Pima,pearson/product/global,42,4,0.6928104575163399,0.6276601253041992,0.6861320754716982,0.18439553593896296,0.15118415800913634
Pima,spearman/product/global,42,4,0.6862745098039216,0.6222222222222222,0.6817924528301887,0.1804450457600901,0.14846179450256947
Pima,pearson/min/global,42,4,0.6862745098039216,0.6222222222222222,0.6817924528301887,0.1804450457600901,0.14846179450256947
Pima,pearson/mean/global,42,4,0.6862745098039216,0.6222222222222222,0.6802830188679245,0.1807684592986327,0.1538568157956215
Pima,pearson/product/node,42,4,0.7058823529411765,0.6674716252113017,0.6774528301886793,0.180968563546854,0.1599442041476941
Pima,CART,43,0,0.7337662337662337,0.66190093708166,0.7828703703703703,0.18538471465471137,0.16820794663273983
Pima,pearson/product/global,43,0,0.7337662337662337,0.66190093708166,0.7811111111111111,0.18497234784614627,0.16465574022383844
Pima,spearman/product/global,43,0,0.7532467532467533,0.6977272727272728,0.784537037037037,0.17966572021100802,0.1588521956622565
Pima,pearson/min/global,43,0,0.7337662337662337,0.66190093708166,0.7828703703703703,0.18546365936457512,0.16668129866755055
Pima,pearson/mean/global,43,0,0.7337662337662337,0.66190093708166,0.7833333333333333,0.1850564643161608,0.16676554357503423
Pima,pearson/product/node,43,0,0.7337662337662337,0.66190093708166,0.7828703703703703,0.18577676658448167,0.1674112399097802
Pima,CART,43,1,0.7012987012987013,0.6594230769230769,0.7814814814814814,0.1791310262094014,0.15938104898841968
Pima,pearson/product/global,43,1,0.7012987012987013,0.6594230769230769,0.7888888888888889,0.17900227650311892,0.1581097345684386
Pima,spearman/product/global,43,1,0.6948051948051948,0.6380095023755938,0.7891666666666666,0.1791158961526335,0.1568045834801044
Pima,pearson/min/global,43,1,0.7012987012987013,0.6594230769230769,0.7888888888888889,0.17700049656894182,0.15709615782948655
Pima,pearson/mean/global,43,1,0.7012987012987013,0.6594230769230769,0.7888888888888889,0.17700049656894182,0.15709615782948655
Pima,pearson/product/node,43,1,0.6948051948051948,0.6380095023755938,0.7891666666666666,0.1791158961526335,0.1568045834801044
Pima,CART,43,2,0.7272727272727273,0.6979263964132263,0.7511111111111112,0.17799203747380643,0.1679064768578012
Pima,pearson/product/global,43,2,0.7142857142857143,0.6957614942528736,0.7379629629629629,0.17642965429022142,0.16635680901926722
Pima,spearman/product/global,43,2,0.7142857142857143,0.6957614942528736,0.7379629629629629,0.17642965429022142,0.16635680901926722
Pima,pearson/min/global,43,2,0.7142857142857143,0.6957614942528736,0.7379629629629629,0.17642965429022142,0.16635680901926722
Pima,pearson/mean/global,43,2,0.7272727272727273,0.6979263964132263,0.7563888888888888,0.17898696254352195,0.16810108381147212
Pima,pearson/product/node,43,2,0.7142857142857143,0.6957614942528736,0.7379629629629629,0.17642965429022142,0.16635680901926722
Pima,CART,43,3,0.7843137254901961,0.7536231884057971,0.830754716981132,0.19278330299977994,0.17592541729569028
Pima,pearson/product/global,43,3,0.7777777777777778,0.7474757281553398,0.8102830188679246,0.19511633398019815,0.17501691266520877
Pima,spearman/product/global,43,3,0.7712418300653595,0.7413668196087901,0.8074528301886792,0.19443522012604134,0.17371440414750552
Pima,pearson/min/global,43,3,0.7712418300653595,0.7413668196087901,0.8074528301886792,0.19443522012604134,0.17371440414750552
Pima,pearson/mean/global,43,3,0.7777777777777778,0.7474757281553398,0.8099056603773586,0.19470270782791327,0.17383240922904025
Pima,pearson/product/node,43,3,0.7843137254901961,0.7561458584882879,0.8272641509433962,0.19030685418496882,0.17554251867749382
Pima,CART,43,4,0.7450980392156863,0.7118087418497947,0.7764150943396226,0.18701946457119026,0.18102432727014822
Pima,pearson/product/global,43,4,0.7450980392156863,0.70566763675825,0.7747169811320755,0.18565257590562742,0.17140402423246714
Pima,spearman/product/global,43,4,0.738562091503268,0.6928944199116821,0.7654716981132075,0.18533090965057641,0.17131366984442412
Pima,pearson/min/global,43,4,0.7450980392156863,0.7118087418497947,0.7573584905660378,0.1856886779621643,0.17559805873020418
Pima,pearson/mean/global,43,4,0.7450980392156863,0.70566763675825,0.7667924528301887,0.18590028327803054,0.17377381828218452
Pima,pearson/product/node,43,4,0.7450980392156863,0.70566763675825,0.7643396226415095,0.18741017745786862,0.17920008682212857
Pima,CART,44,0,0.7142857142857143,0.6806184012066365,0.7264814814814815,0.18250837878399478,0.16183131182702215
Pima,pearson/product/global,44,0,0.7142857142857143,0.6806184012066365,0.7491666666666666,0.18082611498741277,0.15759029792431664
Pima,spearman/product/global,44,0,0.7142857142857143,0.6806184012066365,0.7491666666666666,0.18082611498741277,0.15759029792431664
Pima,pearson/min/global,44,0,0.7142857142857143,0.6806184012066365,0.7422222222222222,0.18235398813350934,0.1585008897534651
Pima,pearson/mean/global,44,0,0.7142857142857143,0.6806184012066365,0.7290740740740741,0.1811668431199497,0.16010760733542415
Pima,pearson/product/node,44,0,0.7142857142857143,0.6806184012066365,0.7491666666666666,0.18082611498741277,0.15759029792431664
Pima,CART,44,1,0.7272727272727273,0.6890384615384615,0.7948148148148148,0.1727667270307922,0.16438091266908983
Pima,pearson/product/global,44,1,0.7272727272727273,0.6890384615384615,0.7948148148148148,0.1727667270307922,0.16438091266908983
Pima,spearman/product/global,44,1,0.7272727272727273,0.6890384615384615,0.7948148148148148,0.1727667270307922,0.16438091266908983
Pima,pearson/min/global,44,1,0.7272727272727273,0.6890384615384615,0.7948148148148148,0.1727667270307922,0.16438091266908983
Pima,pearson/mean/global,44,1,0.7272727272727273,0.6890384615384615,0.7948148148148148,0.1727667270307922,0.16438091266908983
Pima,pearson/product/node,44,1,0.7272727272727273,0.6890384615384615,0.7948148148148148,0.1727667270307922,0.16438091266908983
Pima,CART,44,2,0.7857142857142857,0.7569235184388003,0.8314814814814815,0.18311912330490182,0.16659889441081
Pima,pearson/product/global,44,2,0.7597402597402597,0.7326765188834155,0.8072222222222223,0.17961038085683148,0.15822504465038717
Pima,spearman/product/global,44,2,0.7857142857142857,0.7593180203646697,0.8169444444444445,0.17818725913759997,0.1558983852983055
Pima,pearson/min/global,44,2,0.7792207792207793,0.7508090614886731,0.8132407407407407,0.1767061116125354,0.1572845380045764
Pima,pearson/mean/global,44,2,0.7792207792207793,0.7508090614886731,0.8132407407407407,0.1767061116125354,0.1572845380045764
Pima,pearson/product/node,44,2,0.7597402597402597,0.7326765188834155,0.8072222222222223,0.17961038085683148,0.15822504465038717
Pima,CART,44,3,0.6862745098039216,0.6357142857142857,0.7583018867924529,0.18632475953003474,0.17888584411070058
Pima,pearson/product/global,44,3,0.6862745098039216,0.6357142857142857,0.7523584905660378,0.18426359831167238,0.1777591945439129
Pima,spearman/product/global,44,3,0.6862745098039216,0.6357142857142857,0.7523584905660378,0.18426359831167238,0.1777591945439129
Pima,pearson/min/global,44,3,0.6862745098039216,0.6357142857142857,0.7523584905660378,0.18426359831167238,0.1777591945439129
Pima,pearson/mean/global,44,3,0.6862745098039216,0.6357142857142857,0.7523584905660378,0.18426359831167238,0.1777591945439129
Pima,pearson/product/node,44,3,0.6862745098039216,0.6357142857142857,0.7615094339622642,0.18420480862819896,0.17904536322586254
Pima,CART,44,4,0.7581699346405228,0.7341379796177148,0.8183962264150944,0.17669118108893142,0.16577697824622628
Pima,pearson/product/global,44,4,0.7581699346405228,0.7341379796177148,0.8270754716981132,0.17671136163345813,0.16432485231499283
Pima,spearman/product/global,44,4,0.7581699346405228,0.7341379796177148,0.8270754716981132,0.17671136163345813,0.16432485231499283
Pima,pearson/min/global,44,4,0.7581699346405228,0.7341379796177148,0.8270754716981132,0.17671136163345813,0.16432485231499283
Pima,pearson/mean/global,44,4,0.7581699346405228,0.7341379796177148,0.8270754716981132,0.17671136163345813,0.16432485231499283
Pima,pearson/product/node,44,4,0.7581699346405228,0.7341379796177148,0.8251886792452829,0.17670075932232648,0.16432485231499283
Diabetes,CART,42,0,0.6966292134831461,0.6927502876869965,0.7813131313131313,0.3247893301511559,0.3215550046570281
Diabetes,pearson/product/global,42,0,0.7078651685393258,0.7075328614762386,0.7873737373737374,0.3303326264472549,0.3069816128316732
Diabetes,spearman/product/global,42,0,0.7078651685393258,0.7075328614762386,0.7833333333333333,0.3299196648178432,0.31336821909505147
Diabetes,pearson/min/global,42,0,0.7078651685393258,0.7075328614762386,0.7866161616161615,0.3332237664137334,0.31818312825243056
Diabetes,pearson/mean/global,42,0,0.6966292134831461,0.6941580756013745,0.7618686868686868,0.3405997792326623,0.34890298467770336
Diabetes,pearson/product/node,42,0,0.6966292134831461,0.6941580756013745,0.7606060606060605,0.3204650048923444,0.32715335248386246
Diabetes,CART,42,1,0.7191011235955056,0.7189592017178223,0.7608585858585859,0.3221436036861644,0.3256711004668434
Diabetes,pearson/product/global,42,1,0.7191011235955056,0.7178186429930247,0.7909090909090909,0.32747799497131425,0.31230456488281194
Diabetes,spearman/product/global,42,1,0.7191011235955056,0.7178186429930247,0.7909090909090909,0.32747799497131425,0.31230456488281194
Diabetes,pearson/min/global,42,1,0.7078651685393258,0.7075328614762386,0.7515151515151515,0.3158503978432097,0.3190407153833695
Diabetes,pearson/mean/global,42,1,0.7078651685393258,0.7075328614762386,0.7515151515151515,0.31821744526693047,0.31902192826016956
Diabetes,pearson/product/node,42,1,0.7191011235955056,0.7189592017178223,0.7608585858585859,0.3246460706400381,0.3256523133436435
Diabetes,CART,42,2,0.6363636363636364,0.6356107660455487,0.7200413223140496,0.3482243803997849,0.33121710267179927
Diabetes,pearson/product/global,42,2,0.6477272727272727,0.6465863453815262,0.7156508264462811,0.34709251000335495,0.30505274763445217
Diabetes,spearman/product/global,42,2,0.6477272727272727,0.6465863453815262,0.7156508264462811,0.34709251000335495,0.30505274763445217
Diabetes,pearson/min/global,42,2,0.6363636363636364,0.634665282823041,0.7293388429752066,0.3326194777319775,0.30172635229023265
Diabetes,pearson/mean/global,42,2,0.625,0.6237854644383988,0.7474173553719008,0.34747303056114204,0.3141186357105505
Diabetes,pearson/product/node,42,2,0.6590909090909091,0.6574987026466009,0.7267561983471075,0.3514820712974798,0.34401472976846187
Diabetes,CART,42,3,0.6931818181818182,0.6928248222365869,0.7120351239669422,0.358509171875924,0.34251293790575066
Diabetes,pearson/product/global,42,3,0.7045454545454546,0.7043927648578812,0.7143595041322315,0.34960787297487106,0.32981699430185657
Diabetes,spearman/product/global,42,3,0.7045454545454546,0.7043927648578812,0.7143595041322315,0.34875511832596956,0.32995274101223415
Diabetes,pearson/min/global,42,3,0.7045454545454546,0.7043927648578812,0.7143595041322315,0.34960787297487106,0.32981699430185657
Diabetes,pearson/mean/global,42,3,0.7045454545454546,0.7043927648578812,0.7143595041322315,0.34960787297487106,0.32981699430185657
Diabetes,pearson/product/node,42,3,0.7045454545454546,0.7043927648578812,0.7143595041322315,0.3502991596759253,0.33675580979527064
Diabetes,CART,42,4,0.6931818181818182,0.6928248222365869,0.7590392561983471,0.35712211818274037,0.35183529426365034
Diabetes,pearson/product/global,42,4,0.7272727272727273,0.7271317829457364,0.7716942148760331,0.34022990715737356,0.33942886581857756
Diabetes,spearman/product/global,42,4,0.7045454545454546,0.7043927648578812,0.7869318181818181,0.339532535637256,0.34132052675086844
Diabetes,pearson/min/global,42,4,0.7272727272727273,0.7271317829457364,0.774793388429752,0.34010096482804525,0.3370786407455405
Diabetes,pearson/mean/global,42,4,0.7272727272727273,0.7271317829457364,0.774793388429752,0.34010096482804525,0.3370786407455405
Diabetes,pearson/product/node,42,4,0.6931818181818182,0.6928248222365869,0.7709194214876034,0.3691138512905087,0.3709361161028198
Diabetes,CART,43,0,0.6292134831460674,0.6292134831460674,0.6719696969696969,0.35191316868305855,0.3362504329343407
Diabetes,pearson/product/global,43,0,0.6067415730337079,0.6017133358905511,0.6497474747474747,0.330206798868037,0.30930320557207713
Diabetes,spearman/product/global,43,0,0.6067415730337079,0.6017133358905511,0.6575757575757576,0.32995074373143196,0.3087094391496371
Diabetes,pearson/min/global,43,0,0.6292134831460674,0.6244725738396624,0.6787878787878787,0.33509268990624375,0.31788783843211166
Diabetes,pearson/mean/global,43,0,0.6292134831460674,0.6292134831460674,0.6755050505050505,0.35178271881964,0.3332376251886486
Diabetes,pearson/product/node,43,0,0.5842696629213483,0.5823715916296766,0.6267676767676769,0.34064463909022275,0.3224183362968973
Diabetes,CART,43,1,0.6179775280898876,0.612051282051282,0.7373737373737373,0.3987988738562938,0.3587509696889199
Diabetes,pearson/product/global,43,1,0.651685393258427,0.6452359521666452,0.7093434343434343,0.3667312311621465,0.3266667243102505
Diabetes,spearman/product/global,43,1,0.651685393258427,0.6452359521666452,0.7093434343434343,0.3667312311621465,0.3266667243102505
Diabetes,pearson/min/global,43,1,0.6629213483146067,0.659438775510204,0.756060606060606,0.37374070405457654,0.3260227193222548
Diabetes,pearson/mean/global,43,1,0.6629213483146067,0.659438775510204,0.756060606060606,0.37374070405457654,0.3260227193222548
Diabetes,pearson/product/node,43,1,0.5955056179775281,0.5892307692307692,0.6835858585858586,0.3768314984523773,0.3466337661673969
Diabetes,CART,43,2,0.7386363636363636,0.7383322559793148,0.8029442148760328,0.3268101216960931,0.3242649208153518
Diabetes,pearson/product/global,43,2,0.7045454545454546,0.7039337474120082,0.7840909090909092,0.3429097280411834,0.29202541842521496
Diabetes,spearman/product/global,43,2,0.7045454545454546,0.7039337474120082,0.7776342975206612,0.33383338257611694,0.2889522620685585
Diabetes,pearson/min/global,43,2,0.75,0.7494824016563147,0.8016528925619835,0.3253702636205642,0.32184714706430245
Diabetes,pearson/mean/global,43,2,0.75,0.7494824016563147,0.8016528925619835,0.3251632961861561,0.3214174851743313
Diabetes,pearson/product/node,43,2,0.75,0.7494824016563147,0.796745867768595,0.3253918911148866,0.3273588345539929
Diabetes,CART,43,3,0.7045454545454546,0.7031655422937209,0.7910640495867768,0.3358232698903225,0.3355082168051451
Diabetes,pearson/product/global,43,3,0.7045454545454546,0.7039337474120082,0.828254132231405,0.3304596210159117,0.3244067139401985
Diabetes,spearman/product/global,43,3,0.7045454545454546,0.7039337474120082,0.828254132231405,0.3304596210159117,0.3244067139401985
Diabetes,pearson/min/global,43,3,0.75,0.7494824016563147,0.8117252066115701,0.3336190556953459,0.32328591107495724
Diabetes,pearson/mean/global,43,3,0.7045454545454546,0.7031655422937209,0.7897727272727272,0.3324232457081662,0.3265557591017111
Diabetes,pearson/product/node,43,3,0.7045454545454546,0.7039337474120082,0.8261880165289257,0.3311822594312563,0.33079042419413945
Diabetes,CART,43,4,0.6590909090909091,0.6574987026466009,0.7554235537190083,0.34096364622919784,0.33226149942387506
Diabetes,pearson/product/global,43,4,0.6022727272727273,0.6018099547511313,0.7081611570247934,0.3436322408168946,0.33237100493352084
Diabetes,spearman/product/global,43,4,0.6022727272727273,0.6018099547511313,0.7081611570247934,0.3435008851095803,0.3314588992206476
Diabetes,pearson/min/global,43,4,0.6590909090909091,0.6574987026466009,0.7505165289256198,0.3373854459516533,0.329430260144824
Diabetes,pearson/mean/global,43,4,0.6590909090909091,0.6574987026466009,0.7505165289256198,0.3373854459516533,0.329430260144824
Diabetes,pearson/product/node,43,4,0.6477272727272727,0.6465863453815262,0.7407024793388429,0.3347081564358769,0.3271924555887255
Diabetes,CART,44,0,0.6853932584269663,0.6834349593495935,0.797979797979798,0.33797083665587974,0.30556676282990347
Diabetes,pearson/product/global,44,0,0.6741573033707865,0.673992673992674,0.7373737373737373,0.3475674089683349,0.30840499224952067
Diabetes,spearman/product/global,44,0,0.6741573033707865,0.673992673992674,0.7373737373737373,0.3475674089683349,0.30840499224952067
Diabetes,pearson/min/global,44,0,0.6741573033707865,0.673992673992674,0.7227272727272727,0.3449533562139108,0.3068167187636259
Diabetes,pearson/mean/global,44,0,0.6741573033707865,0.6734977862112588,0.7267676767676767,0.3456369618368603,0.30754495592798786
Diabetes,pearson/product/node,44,0,0.6966292134831461,0.691011958338691,0.7883838383838383,0.34396617515795047,0.30542221609554393
Diabetes,CART,44,1,0.7078651685393258,0.7060467479674797,0.7679292929292929,0.37868821077674353,0.3627499060285691
Diabetes,pearson/product/global,44,1,0.6966292134831461,0.6966292134831461,0.7287878787878788,0.3624443413534771,0.3377606079440079
Diabetes,spearman/product/global,44,1,0.6966292134831461,0.6952441344324667,0.7487373737373737,0.3592340010250471,0.3260306879107809
Diabetes,pearson/min/global,44,1,0.6966292134831461,0.6960151802656547,0.7517676767676768,0.3710378887934295,0.358318525971073
Diabetes,pearson/mean/global,44,1,0.6966292134831461,0.6960151802656547,0.748989898989899,0.374729929272731,0.360131452729038
Diabetes,pearson/product/node,44,1,0.6966292134831461,0.6960151802656547,0.7522727272727272,0.370380609557797,0.36911132468540886
Diabetes,CART,44,2,0.6477272727272727,0.647317388493859,0.7704028925619835,0.35931632332217045,0.3496204127532524
Diabetes,pearson/product/global,44,2,0.6477272727272727,0.6465863453815262,0.7652376033057852,0.3464536417208086,0.3288090917986234
Diabetes,spearman/product/global,44,2,0.6477272727272727,0.6465863453815262,0.7652376033057852,0.3464536417208086,0.3288090917986234
Diabetes,pearson/min/global,44,2,0.6477272727272727,0.647317388493859,0.7567148760330578,0.35509893659885255,0.3348134594691342
Diabetes,pearson/mean/global,44,2,0.7045454545454546,0.7045454545454546,0.7577479338842976,0.35317389968698115,0.33022215015763257
Diabetes,pearson/product/node,44,2,0.625,0.6245636716224952,0.7484504132231405,0.3589756991034251,0.3366914918248941
Diabetes,CART,44,3,0.625,0.6249515691592407,0.672004132231405,0.37327413135304155,0.34431074475575585
Diabetes,pearson/product/global,44,3,0.6363636363636364,0.6363636363636364,0.6738119834710743,0.343463667002171,0.326468272571535
Diabetes,spearman/product/global,44,3,0.6363636363636364,0.6363636363636364,0.6727789256198347,0.34563024518453617,0.32759985740685493
Diabetes,pearson/min/global,44,3,0.6363636363636364,0.6356107660455487,0.6846590909090909,0.36774282228874583,0.3403397080638312
Diabetes,pearson/mean/global,44,3,0.6363636363636364,0.6356107660455487,0.6890495867768596,0.3694394499133455,0.3268423808734208
Diabetes,pearson/product/node,44,3,0.625,0.6237854644383988,0.6875,0.37452514905128415,0.3462669088264494
Diabetes,CART,44,4,0.6590909090909091,0.65625,0.7884814049586777,0.33156019206643267,0.32218543954782514
Diabetes,pearson/product/global,44,4,0.7159090909090909,0.7129061725172909,0.8068181818181817,0.33321991760904224,0.30685037617265654
Diabetes,spearman/product/global,44,4,0.7159090909090909,0.7129061725172909,0.7745351239669421,0.3340999434490963,0.3073421772038686
Diabetes,pearson/min/global,44,4,0.6590909090909091,0.65625,0.7851239669421488,0.3306178366467553,0.3289630045218238
Diabetes,pearson/mean/global,44,4,0.7159090909090909,0.7113997113997115,0.8050103305785125,0.3284356670834271,0.30916872462745
Diabetes,pearson/product/node,44,4,0.7159090909090909,0.7113997113997115,0.787706611570248,0.33378416743764255,0.3234280328711432
Cultivar,CART,42,0,1.0,1.0,1.0,0.4989213818673722,0.470153355852822
Cultivar,pearson/product/global,42,0,1.0,1.0,1.0,0.48641636937395544,0.44138607683851333
Cultivar,spearman/product/global,42,0,1.0,1.0,1.0,0.4603828479454616,0.42962598686648007
Cultivar,pearson/min/global,42,0,1.0,1.0,1.0,0.4727618679650167,0.4292023414930041
Cultivar,pearson/mean/global,42,0,1.0,1.0,1.0,0.4727618679650167,0.4292023414930041
Cultivar,pearson/product/node,42,0,1.0,1.0,1.0,0.48681285300753857,0.4721447918591285
Cultivar,CART,42,1,0.9722222222222222,0.9693617021276595,0.9791666666666666,0.5010939126293232,0.4911550627161994
Cultivar,pearson/product/global,42,1,0.9444444444444444,0.939799331103679,0.9583333333333333,0.3479424462703114,0.42775322092912155
Cultivar,spearman/product/global,42,1,0.9444444444444444,0.939799331103679,0.9583333333333334,0.3181327778700023,0.4168977532626293
Cultivar,pearson/min/global,42,1,0.9444444444444444,0.939799331103679,0.9583333333333334,0.3282853199269265,0.4136713408315588
Cultivar,pearson/mean/global,42,1,0.9444444444444444,0.939799331103679,0.9791666666666667,0.32862540262632006,0.3957283858725109
Cultivar,pearson/product/node,42,1,0.9444444444444444,0.939799331103679,0.9791666666666666,0.34795384506011884,0.40981026597007364
Cultivar,CART,42,2,0.9722222222222222,0.9680567879325643,0.9565972222222222,0.493839078983725,0.4480433838013204
Cultivar,pearson/product/global,42,2,0.9722222222222222,0.9680567879325643,0.953125,0.48744132155703385,0.44021258683038317
Cultivar,spearman/product/global,42,2,0.9722222222222222,0.9680567879325643,0.9565972222222222,0.4676223213855623,0.4293571191638909
Cultivar,pearson/min/global,42,2,0.9722222222222222,0.9680567879325643,0.9565972222222222,0.47580583140337185,0.4289660618960669
Cultivar,pearson/mean/global,42,2,0.9722222222222222,0.9680567879325643,0.9565972222222222,0.47580583140337185,0.4289660618960669
Cultivar,pearson/product/node,42,2,0.9722222222222222,0.9680567879325643,0.953125,0.4894578619700675,0.4510814482894947
Cultivar,CART,42,3,0.8857142857142857,0.8674242424242424,0.8659420289855073,0.4974826845772781,0.1745511065717005
Cultivar,pearson/product/global,42,3,0.8857142857142857,0.8674242424242424,0.8659420289855073,0.4860317401053351,0.13068476205329044
Cultivar,spearman/product/global,42,3,0.8857142857142857,0.8674242424242424,0.8659420289855073,0.4860317401053351,0.13068476205329044
Cultivar,pearson/min/global,42,3,0.8857142857142857,0.8674242424242424,0.8659420289855073,0.4860317401053351,0.13068476205329044
Cultivar,pearson/mean/global,42,3,0.8857142857142857,0.8674242424242424,0.8659420289855073,0.4860317401053351,0.13068476205329044
Cultivar,pearson/product/node,42,3,0.8857142857142857,0.8674242424242424,0.8695652173913044,0.48878725017134106,0.14194687207233947
Cultivar,CART,42,4,1.0,1.0,1.0,0.5060211298856859,0.4832683722863046
Cultivar,pearson/product/global,42,4,1.0,1.0,1.0,0.48694286444557044,0.4405900731267048
Cultivar,spearman/product/global,42,4,1.0,1.0,1.0,0.469068003671509,0.42988311805374874
Cultivar,pearson/min/global,42,4,1.0,1.0,1.0,0.47467504431384033,0.4294221952199012
Cultivar,pearson/mean/global,42,4,1.0,1.0,1.0,0.4647583675187747,0.4298105178215167
Cultivar,pearson/product/node,42,4,1.0,1.0,1.0,0.47118298641642903,0.4406759734886707
Cultivar,CART,43,0,1.0,1.0,1.0,0.4779658742813804,0.47201802920870095
Cultivar,pearson/product/global,43,0,1.0,1.0,1.0,0.486896953981294,0.4413860768385134
Cultivar,spearman/product/global,43,0,1.0,1.0,1.0,0.4689968173938916,0.4306037206734943
Cultivar,pearson/min/global,43,0,1.0,1.0,1.0,0.46461207458605935,0.4305306091720212
Cultivar,pearson/mean/global,43,0,1.0,1.0,1.0,0.46461207458605935,0.4305306091720212
Cultivar,pearson/product/node,43,0,1.0,1.0,1.0,0.4714751436154994,0.46871695545636566
Cultivar,CART,43,1,1.0,1.0,1.0,0.4984967447261249,0.4484742501311511
Cultivar,pearson/product/global,43,1,1.0,1.0,1.0,0.4857568805608216,0.4413860768385134
Cultivar,spearman/product/global,43,1,1.0,1.0,1.0,0.4550619081373743,0.4287213645609391
Cultivar,pearson/min/global,43,1,1.0,1.0,1.0,0.4550619081373743,0.4287213645609391
Cultivar,pearson/mean/global,43,1,1.0,1.0,1.0,0.4550619081373743,0.4287213645609391
Cultivar,pearson/product/node,43,1,1.0,1.0,1.0,0.4885712548429368,0.4520186587006878
Cultivar,CART,43,2,0.9166666666666666,0.9080851063829787,0.9427083333333333,0.4861464809836551,0.31536326524435687
Cultivar,pearson/product/global,43,2,0.8611111111111112,0.8468085106382979,0.8888888888888888,0.2446003623961226,0.08227616505877229
Cultivar,spearman/product/global,43,2,0.8611111111111112,0.8468085106382979,0.8888888888888888,0.2446003623961226,0.08227616505877229
Cultivar,pearson/min/global,43,2,0.8611111111111112,0.8468085106382979,0.8888888888888888,0.2446003623961226,0.08227616505877229
Cultivar,pearson/mean/global,43,2,0.8611111111111112,0.8468085106382979,0.8888888888888888,0.2446003623961226,0.08227616505877229
Cultivar,pearson/product/node,43,2,0.9166666666666666,0.9080851063829787,0.9270833333333333,0.3203137474816062,0.12224703683239817
Cultivar,CART,43,3,0.8285714285714286,0.8164335664335665,0.9311594202898551,0.3617503618325615,0.363731932994728
Cultivar,pearson/product/global,43,3,0.8285714285714286,0.8164335664335665,0.9311594202898551,0.33193319854077574,0.37270074351283944
Cultivar,spearman/product/global,43,3,0.8285714285714286,0.8164335664335665,0.9311594202898551,0.33193319854077574,0.37270074351283944
Cultivar,pearson/min/global,43,3,0.8285714285714286,0.8164335664335665,0.8967391304347826,0.3174922242881225,0.3639955613592379
Cultivar,pearson/mean/global,43,3,0.8285714285714286,0.8164335664335665,0.8967391304347826,0.3174922242881225,0.3639955613592379
Cultivar,pearson/product/node,43,3,0.8285714285714286,0.8164335664335665,0.9311594202898551,0.33193319854077574,0.37270074351283944
Cultivar,CART,43,4,0.9142857142857143,0.891640866873065,0.8693181818181819,0.48525050817158927,0.2677894450802971
Cultivar,pearson/product/global,43,4,0.9142857142857143,0.891640866873065,0.8693181818181819,0.4832816410598753,0.25652733506124803
Cultivar,spearman/product/global,43,4,0.9142857142857143,0.891640866873065,0.8693181818181819,0.4832816410598753,0.25652733506124803
Cultivar,pearson/min/global,43,4,0.9142857142857143,0.891640866873065,0.8693181818181819,0.4832816410598753,0.25652733506124803
Cultivar,pearson/mean/global,43,4,0.9142857142857143,0.891640866873065,0.8693181818181819,0.4832816410598753,0.25652733506124803
Cultivar,pearson/product/node,43,4,0.9142857142857143,0.891640866873065,0.8693181818181819,0.48525050817158927,0.2677894450802971
Cultivar,CART,44,0,0.9444444444444444,0.9345454545454546,0.9565972222222222,0.4896241519380292,0.4202939567457445
Cultivar,pearson/product/global,44,0,0.9444444444444444,0.9345454545454546,0.9565972222222222,0.4806637353895618,0.3919850085124927
Cultivar,spearman/product/global,44,0,0.9444444444444444,0.9345454545454546,0.9965277777777777,0.48157149341796535,0.42940261269045044
Cultivar,pearson/min/global,44,0,0.9444444444444444,0.9345454545454546,0.9565972222222222,0.4794028108555808,0.3960886387617973
Cultivar,pearson/mean/global,44,0,0.9444444444444444,0.9345454545454546,0.9565972222222222,0.4806637353895618,0.3919850085124927
Cultivar,pearson/product/node,44,0,0.9444444444444444,0.9345454545454546,0.9565972222222222,0.4830467326104598,0.4028538699716042
Cultivar,CART,44,1,0.9444444444444444,0.939799331103679,0.9583333333333333,0.4995601319003173,0.4911550627161994
Cultivar,pearson/product/global,44,1,0.9444444444444444,0.939799331103679,0.9583333333333333,0.49419312720437375,0.49419312720437375
Cultivar,spearman/product/global,44,1,0.9444444444444444,0.939799331103679,0.9583333333333333,0.4723571982818507,0.4833376595378815
Cultivar,pearson/min/global,44,1,0.9444444444444444,0.939799331103679,0.9583333333333333,0.4723571982818507,0.4833376595378815
Cultivar,pearson/mean/global,44,1,0.9444444444444444,0.939799331103679,0.9583333333333333,0.4723571982818507,0.4833376595378815
Cultivar,pearson/product/node,44,1,0.9444444444444444,0.939799331103679,0.9583333333333333,0.49419312720437375,0.49419312720437375
Cultivar,CART,44,2,0.9722222222222222,0.9680567879325643,0.9565972222222222,0.49677164575661775,0.47019862138256896
Cultivar,pearson/product/global,44,2,0.9722222222222222,0.9680567879325643,0.9513888888888888,0.4870816847454407,0.44021258683038317
Cultivar,spearman/product/global,44,2,0.9722222222222222,0.9680567879325643,0.953125,0.4667594656062295,0.4302617414694319
Cultivar,pearson/min/global,44,2,0.9722222222222222,0.9680567879325643,0.953125,0.4667594656062295,0.4302617414694319
Cultivar,pearson/mean/global,44,2,0.9722222222222222,0.9680567879325643,0.953125,0.4667594656062295,0.4302617414694319
Cultivar,pearson/product/node,44,2,0.9722222222222222,0.9680567879325643,0.9513888888888888,0.48928467528761155,0.4510814482894947
Cultivar,CART,44,3,0.9428571428571428,0.9388111888111889,0.9710144927536232,0.5165285191886158,0.5079848849748179
Cultivar,pearson/product/global,44,3,0.9714285714285714,0.9688888888888889,1.0,0.31840736257769314,0.3778863710281296
Cultivar,spearman/product/global,44,3,0.9714285714285714,0.9688888888888889,1.0,0.3155173141815916,0.3812821489733584
Cultivar,pearson/min/global,44,3,0.9714285714285714,0.9688888888888889,1.0,0.31724757183963564,0.3819727713955777
Cultivar,pearson/mean/global,44,3,0.9714285714285714,0.9688888888888889,1.0,0.31840736257769314,0.3778863710281296
Cultivar,pearson/product/node,44,3,0.9714285714285714,0.9688888888888889,0.9963768115942029,0.3608029966876171,0.4741104048038582
Cultivar,CART,44,4,0.9714285714285714,0.9659863945578231,0.9507575757575757,0.4851568696209493,0.3158745664422421
Cultivar,pearson/product/global,44,4,0.9714285714285714,0.9659863945578231,0.9488636363636364,0.4857965205444128,0.13530594183202377
Cultivar,spearman/product/global,44,4,0.9714285714285714,0.9659863945578231,0.9488636363636364,0.4857965205444128,0.13530594183202377
Cultivar,pearson/min/global,44,4,0.9714285714285714,0.9659863945578231,0.9488636363636364,0.4857965205444128,0.13530594183202377
Cultivar,pearson/mean/global,44,4,0.9714285714285714,0.9659863945578231,0.9488636363636364,0.4857965205444128,0.13530594183202377
Cultivar,pearson/product/node,44,4,0.9714285714285714,0.9659863945578231,0.9488636363636364,0.4886179285681945,0.14633342455900927
Digits38,CART,42,0,0.9722222222222222,0.9722007722007722,0.9702702702702702,0.3546570149386389,0.2641730359676622
Digits38,pearson/product/global,42,0,0.9583333333333334,0.9583252942311402,0.9694980694980695,0.33233729492058456,0.24912486694117758
Digits38,spearman/product/global,42,0,0.9583333333333334,0.9583252942311402,0.9698841698841699,0.33278213581238636,0.25036448094507097
Digits38,pearson/min/global,42,0,0.9583333333333334,0.9583252942311402,0.9694980694980695,0.33233729492058456,0.24912486694117758
Digits38,pearson/mean/global,42,0,0.9583333333333334,0.9583252942311402,0.9694980694980695,0.33233729492058456,0.24912486694117758
Digits38,pearson/product/node,42,0,0.9583333333333334,0.9583252942311402,0.9694980694980695,0.33233729492058456,0.24912486694117758
Digits38,CART,42,1,0.9027777777777778,0.9023066485753053,0.9528957528957528,0.38477360570919034,0.3972822496823533
Digits38,pearson/product/global,42,1,0.9027777777777778,0.9023066485753053,0.9393822393822393,0.37765922093491194,0.38674533976560727
Digits38,spearman/product/global,42,1,0.9027777777777778,0.9023066485753053,0.9393822393822393,0.37765922093491194,0.38674533976560727
Digits38,pearson/min/global,42,1,0.9027777777777778,0.9023066485753053,0.9393822393822393,0.37765922093491194,0.38674533976560727
Digits38,pearson/mean/global,42,1,0.9027777777777778,0.9023066485753053,0.9393822393822393,0.37765922093491194,0.38674533976560727
Digits38,pearson/product/node,42,1,0.9027777777777778,0.9023066485753053,0.9393822393822393,0.37765922093491194,0.38674533976560727
Digits38,CART,42,2,0.9295774647887324,0.9295215405995632,0.940779014308426,0.35024408837432414,0.2739256939830154
Digits38,pearson/product/global,42,2,0.9154929577464789,0.915341812400636,0.9395866454689984,0.3138718041338177,0.25484975296694734
Digits38,spearman/product/global,42,2,0.9154929577464789,0.915341812400636,0.9407790143084263,0.3153826120640686,0.2562995566793705
Digits38,pearson/min/global,42,2,0.9154929577464789,0.915341812400636,0.9407790143084263,0.3153826120640686,0.2562995566793705
Digits38,pearson/mean/global,42,2,0.9154929577464789,0.915341812400636,0.9395866454689984,0.3138718041338177,0.25484975296694734
Digits38,pearson/product/node,42,2,0.9154929577464789,0.915341812400636,0.9395866454689984,0.3138718041338177,0.25484975296694734
Digits38,CART,42,3,0.9436619718309859,0.9436507936507936,0.9674603174603175,0.37576598926232485,0.3534738360513276
Digits38,pearson/product/global,42,3,0.9154929577464789,0.9154761904761904,0.9642857142857143,0.3695925286462495,0.2722388510370772
Digits38,spearman/product/global,42,3,0.9154929577464789,0.9154761904761904,0.9642857142857143,0.3695925286462495,0.2722388510370772
Digits38,pearson/min/global,42,3,0.9154929577464789,0.9154761904761904,0.9642857142857143,0.3695925286462495,0.2722388510370772
Digits38,pearson/mean/global,42,3,0.9154929577464789,0.9154761904761904,0.9642857142857143,0.3695925286462495,0.2722388510370772
Digits38,pearson/product/node,42,3,0.9154929577464789,0.9154761904761904,0.9642857142857143,0.37264888717708666,0.345667229801924
Digits38,CART,42,4,0.9436619718309859,0.9436507936507936,0.9932539682539683,0.3525533803891086,0.28650579138059373
Digits38,pearson/product/global,42,4,0.9436619718309859,0.9436507936507936,0.953968253968254,0.33472432542138975,0.2417358184016783
Digits38,spearman/product/global,42,4,0.9436619718309859,0.9436507936507936,0.953968253968254,0.33472432542138975,0.2417358184016783
Digits38,pearson/min/global,42,4,0.9436619718309859,0.9436507936507936,0.9801587301587302,0.34690381020870253,0.2654173891160185
Digits38,pearson/mean/global,42,4,0.9436619718309859,0.9436507936507936,0.953968253968254,0.34484426302730403,0.26378309922919396
Digits38,pearson/product/node,42,4,0.9436619718309859,0.9436507936507936,0.9543650793650794,0.33600523546724176,0.2916072578875498
Digits38,CART,43,0,0.9027777777777778,0.9012345679012346,0.9521235521235522,0.33367360451425154,0.2943646389943768
Digits38,pearson/product/global,43,0,0.9305555555555556,0.9298928919182083,0.962934362934363,0.309010905726989,0.2788911205787324
Digits38,spearman/product/global,43,0,0.9305555555555556,0.9298928919182083,0.9606177606177606,0.3111982784171996,0.28224864437371205
Digits38,pearson/min/global,43,0,0.9305555555555556,0.9298928919182083,0.962934362934363,0.309010905726989,0.2788911205787324
Digits38,pearson/mean/global,43,0,0.9305555555555556,0.9298928919182083,0.962934362934363,0.309010905726989,0.2788911205787324
Digits38,pearson/product/node,43,0,0.9305555555555556,0.9298928919182083,0.962934362934363,0.309010905726989,0.2788911205787324
Digits38,CART,43,1,0.9305555555555556,0.9305421570519004,0.981081081081081,0.34216120792332066,0.2509502027915804
Digits38,pearson/product/global,43,1,0.9583333333333334,0.9583252942311402,0.9837837837837837,0.33555936790018076,0.22902007586241746
Digits38,spearman/product/global,43,1,0.9583333333333334,0.9583252942311402,0.9687258687258686,0.33383175154865136,0.22377026663831856
Digits38,pearson/min/global,43,1,0.9583333333333334,0.9583252942311402,0.9837837837837837,0.3323900300813034,0.22425899744605346
Digits38,pearson/mean/global,43,1,0.9583333333333334,0.9583252942311402,0.9687258687258686,0.33383175154865136,0.22377026663831856
Digits38,pearson/product/node,43,1,0.9583333333333334,0.9583252942311402,0.9845559845559845,0.3372555011057425,0.24954943478121994
Digits38,CART,43,2,0.8591549295774648,0.8584529505582137,0.9463434022257552,0.3907899801590177,0.2941749813163926
Digits38,pearson/product/global,43,2,0.9154929577464789,0.9150717703349283,0.9483306836248012,0.37164285014625303,0.273485757160844
Digits38,spearman/product/global,43,2,0.9154929577464789,0.9150717703349283,0.9483306836248012,0.37164285014625303,0.273485757160844
Digits38,pearson/min/global,43,2,0.9154929577464789,0.9150717703349283,0.9618441971383147,0.37327502077545915,0.27314154683455555
Digits38,pearson/mean/global,43,2,0.9154929577464789,0.9150717703349283,0.9483306836248012,0.37164285014625303,0.273485757160844
Digits38,pearson/product/node,43,2,0.9154929577464789,0.9150717703349283,0.9483306836248012,0.37164285014625303,0.273485757160844
Digits38,CART,43,3,0.9436619718309859,0.9436507936507936,0.9511904761904763,0.36581187373318164,0.2957819830618938
Digits38,pearson/product/global,43,3,0.9577464788732394,0.9577464788732394,0.9670634920634922,0.3495978646141323,0.24783066717796487
Digits38,spearman/product/global,43,3,0.9577464788732394,0.9577464788732394,0.9670634920634922,0.34984486405931825,0.2499776924449135
Digits38,pearson/min/global,43,3,0.9577464788732394,0.9577464788732394,0.9531746031746032,0.3516989341209101,0.27676359085252694
Digits38,pearson/mean/global,43,3,0.9577464788732394,0.9577464788732394,0.9531746031746032,0.3516989341209101,0.27676359085252694
Digits38,pearson/product/node,43,3,0.9577464788732394,0.9577464788732394,0.9531746031746032,0.3516989341209101,0.27676359085252694
Digits38,CART,43,4,0.9436619718309859,0.9435612082670906,0.9654761904761904,0.38669745051658405,0.39619047264911395
Digits38,pearson/product/global,43,4,0.9436619718309859,0.9435612082670906,0.9547619047619047,0.3661830153019152,0.31395396854581514
Digits38,spearman/product/global,43,4,0.9436619718309859,0.9435612082670906,0.9674603174603174,0.3682093615640018,0.31709748201664995
Digits38,pearson/min/global,43,4,0.9436619718309859,0.9435612082670906,0.9547619047619047,0.3661830153019152,0.31395396854581514
Digits38,pearson/mean/global,43,4,0.9436619718309859,0.9435612082670906,0.9547619047619047,0.3661830153019152,0.31395396854581514
Digits38,pearson/product/node,43,4,0.9436619718309859,0.9435612082670906,0.9674603174603174,0.3677934548715348,0.3157165078934998
Digits38,CART,44,0,0.9583333333333334,0.9583252942311402,0.9980694980694982,0.3581289594012175,0.3084238166738852
Digits38,pearson/product/global,44,0,0.9583333333333334,0.9583252942311402,0.9841698841698843,0.3405663216509742,0.2928703226801937
Digits38,spearman/product/global,44,0,0.9583333333333334,0.9583252942311402,0.9841698841698843,0.3405663216509742,0.2928703226801937
Digits38,pearson/min/global,44,0,0.9583333333333334,0.9583252942311402,0.9841698841698843,0.3405663216509742,0.2928703226801937
Digits38,pearson/mean/global,44,0,0.9583333333333334,0.9583252942311402,0.9841698841698843,0.3405663216509742,0.2928703226801937
Digits38,pearson/product/node,44,0,0.9583333333333334,0.9583252942311402,0.9841698841698843,0.3405663216509742,0.2928703226801937
Digits38,CART,44,1,0.9444444444444444,0.9442724458204335,0.9555984555984556,0.3787389212585662,0.33480048458378775
Digits38,pearson/product/global,44,1,0.9166666666666666,0.916083916083916,0.9548262548262547,0.36353930611384844,0.2800054856896469
Digits38,spearman/product/global,44,1,0.9166666666666666,0.916083916083916,0.9548262548262547,0.36353930611384844,0.2800054856896469
Digits38,pearson/min/global,44,1,0.9444444444444444,0.9442724458204335,0.9552123552123551,0.36382654638049083,0.31483428385635936
Digits38,pearson/mean/global,44,1,0.9444444444444444,0.9442724458204335,0.9552123552123551,0.36382654638049083,0.31483428385635936
Digits38,pearson/product/node,44,1,0.9166666666666666,0.916083916083916,0.9548262548262547,0.36353930611384844,0.2800054856896469
Digits38,CART,44,2,0.9295774647887324,0.9290709290709291,0.9578696343402225,0.3762424314310263,0.3132947034413962
Digits38,pearson/product/global,44,2,0.9295774647887324,0.9290709290709291,0.9852941176470588,0.35653648989494735,0.2280615546292639
Digits38,spearman/product/global,44,2,0.9295774647887324,0.9290709290709291,0.9872813990461049,0.35959459334942456,0.23117552724504747
Digits38,pearson/min/global,44,2,0.9295774647887324,0.9290709290709291,0.9852941176470588,0.35653648989494735,0.2280615546292639
Digits38,pearson/mean/global,44,2,0.9295774647887324,0.9290709290709291,0.9852941176470588,0.35653648989494735,0.2280615546292639
Digits38,pearson/product/node,44,2,0.9295774647887324,0.9290709290709291,0.9852941176470588,0.35653648989494735,0.2280615546292639
Digits38,CART,44,3,0.9577464788732394,0.957712924359738,0.9674603174603174,0.37943020445407954,0.25534329211703194
Digits38,pearson/product/global,44,3,0.971830985915493,0.9718253968253968,0.965079365079365,0.3639477178953955,0.2386519828392615
Digits38,spearman/product/global,44,3,0.971830985915493,0.9718253968253968,0.965079365079365,0.3650031681807491,0.24436395089949406
Digits38,pearson/min/global,44,3,0.971830985915493,0.9718253968253968,0.965079365079365,0.3639477178953955,0.2386519828392615
Digits38,pearson/mean/global,44,3,0.971830985915493,0.9718253968253968,0.965079365079365,0.3639477178953955,0.2386519828392615
Digits38,pearson/product/node,44,3,0.971830985915493,0.9718253968253968,0.9642857142857142,0.3662486191342198,0.26307655690259724
Digits38,CART,44,4,0.9295774647887324,0.9293532338308458,0.9686507936507937,0.3456657358924755,0.28345239785069853
Digits38,pearson/product/global,44,4,0.9295774647887324,0.9293532338308458,0.9698412698412698,0.34559362769711266,0.24022838907327101
Digits38,spearman/product/global,44,4,0.9295774647887324,0.9293532338308458,0.9722222222222222,0.3458002491529315,0.23881691066180805
Digits38,pearson/min/global,44,4,0.9295774647887324,0.9293532338308458,0.9535714285714286,0.3413479603612632,0.25521442797283816
Digits38,pearson/mean/global,44,4,0.9295774647887324,0.9293532338308458,0.9531746031746032,0.3411702396174125,0.2551913765730454
Digits38,pearson/product/node,44,4,0.9295774647887324,0.9293532338308458,0.9718253968253968,0.34618136825386436,0.2613385369405093
Parkinsons,CART,42,0,0.8974358974358975,0.8555555555555556,0.9074074074074073,0.32830996370567417,0.34714805999209136
Parkinsons,pearson/product/global,42,0,0.9230769230769231,0.8956289027653881,0.9166666666666666,0.31694342077153875,0.3176090521572005
Parkinsons,spearman/product/global,42,0,0.8974358974358975,0.8555555555555556,0.9111111111111111,0.32659581818052513,0.32601118972109655
Parkinsons,pearson/min/global,42,0,0.9230769230769231,0.8956289027653881,0.9166666666666666,0.31694342077153875,0.3176090521572005
Parkinsons,pearson/mean/global,42,0,0.9230769230769231,0.8956289027653881,0.9148148148148149,0.3158329473521852,0.3251477760796362
Parkinsons,pearson/product/node,42,0,0.9230769230769231,0.8956289027653881,0.9166666666666666,0.31694342077153875,0.3176090521572005
Parkinsons,CART,42,1,0.8461538461538461,0.7833333333333333,0.7944444444444445,0.3462281844958317,0.3273773676143459
Parkinsons,pearson/product/global,42,1,0.7948717948717948,0.7310344827586206,0.7777777777777779,0.3390032169470739,0.14898441702362222
Parkinsons,spearman/product/global,42,1,0.8461538461538461,0.7982758620689655,0.8777777777777778,0.4319027387433866,0.12930903793193657
Parkinsons,pearson/min/global,42,1,0.7948717948717948,0.7310344827586206,0.7777777777777779,0.33690257637074295,0.15989872408144348
Parkinsons,pearson/mean/global,42,1,0.7948717948717948,0.7310344827586206,0.7777777777777779,0.3390032169470739,0.14898441702362222
Parkinsons,pearson/product/node,42,1,0.7948717948717948,0.7310344827586206,0.7777777777777779,0.33690257637074295,0.15989872408144348
Parkinsons,CART,42,2,0.8461538461538461,0.7982758620689655,0.9293103448275861,0.47536031091977515,0.5387493038794207
Parkinsons,pearson/product/global,42,2,0.8461538461538461,0.8100649350649352,0.8517241379310343,0.40176332238894225,0.4409575635684075
Parkinsons,spearman/product/global,42,2,0.7948717948717948,0.7467532467532467,0.8206896551724137,0.4460305689243164,0.48766875585375147
Parkinsons,pearson/min/global,42,2,0.8461538461538461,0.8100649350649352,0.8482758620689654,0.3395792363052804,0.41291211662838806
Parkinsons,pearson/mean/global,42,2,0.8461538461538461,0.8100649350649352,0.8482758620689654,0.3395792363052804,0.41291211662838806
Parkinsons,pearson/product/node,42,2,0.7948717948717948,0.7467532467532467,0.8206896551724137,0.44666510820837835,0.4815636607079837
Parkinsons,CART,42,3,0.7948717948717948,0.7310344827586206,0.7534482758620689,0.37515652258044113,0.46543286084708385
Parkinsons,pearson/product/global,42,3,0.8461538461538461,0.7388392857142857,0.7586206896551724,0.27074667469851843,0.3675607817287968
Parkinsons,spearman/product/global,42,3,0.8461538461538461,0.7641129032258065,0.7448275862068965,0.416796382316177,0.44063753989236815
Parkinsons,pearson/min/global,42,3,0.8461538461538461,0.7388392857142857,0.7586206896551724,0.27074667469851843,0.3675607817287968
Parkinsons,pearson/mean/global,42,3,0.8461538461538461,0.7388392857142857,0.7586206896551724,0.27074667469851843,0.3675607817287968
Parkinsons,pearson/product/node,42,3,0.8461538461538461,0.7641129032258065,0.7706896551724138,0.3404922157936742,0.41961431380602005
Parkinsons,CART,42,4,0.8717948717948718,0.8260481712756467,0.8275862068965517,0.4514143302512306,0.5836552407072018
Parkinsons,pearson/product/global,42,4,0.8717948717948718,0.8260481712756467,0.7896551724137931,0.4503818875333181,0.47914691866598436
Parkinsons,spearman/product/global,42,4,0.8717948717948718,0.8260481712756467,0.7896551724137931,0.4503840580920456,0.4791479291319591
Parkinsons,pearson/min/global,42,4,0.8717948717948718,0.8260481712756467,0.7948275862068965,0.4457206740535153,0.4796615945839403
Parkinsons,pearson/mean/global,42,4,0.8717948717948718,0.8260481712756467,0.7896551724137931,0.4503818875333181,0.47914691866598436
Parkinsons,pearson/product/node,42,4,0.8461538461538461,0.7833333333333333,0.7793103448275862,0.4785137216789697,0.48569892696272604
Parkinsons,CART,43,0,0.8717948717948718,0.7936507936507936,0.9018518518518519,0.3436867778251766,0.3462464952197089
Parkinsons,pearson/product/global,43,0,0.8205128205128205,0.676923076923077,0.7611111111111111,0.35415690370054215,0.2771127137571601
Parkinsons,spearman/product/global,43,0,0.8461538461538461,0.7641129032258065,0.8888888888888888,0.3396549858164565,0.3296538122776657
Parkinsons,pearson/min/global,43,0,0.8205128205128205,0.676923076923077,0.7611111111111111,0.3554731572141481,0.3121180276593672
Parkinsons,pearson/mean/global,43,0,0.8205128205128205,0.676923076923077,0.7555555555555555,0.3177120345323036,0.31549097321626374
Parkinsons,pearson/product/node,43,0,0.8205128205128205,0.676923076923077,0.7611111111111111,0.35415690370054215,0.2771127137571601
Parkinsons,CART,43,1,0.9230769230769231,0.8871745419479267,0.8592592592592593,0.4226656676388217,0.43281397009205985
Parkinsons,pearson/product/global,43,1,0.9487179487179487,0.9277777777777778,0.914814814814815,0.2585077515423777,0.4351290340597794
Parkinsons,spearman/product/global,43,1,0.9487179487179487,0.9277777777777778,0.914814814814815,0.24988818043123595,0.44190857783411475
Parkinsons,pearson/min/global,43,1,0.9487179487179487,0.9277777777777778,0.914814814814815,0.24988780035875632,0.44190284072126357
Parkinsons,pearson/mean/global,43,1,0.9487179487179487,0.9277777777777778,0.9185185185185186,0.2465890692614729,0.4255194853478289
Parkinsons,pearson/product/node,43,1,0.9487179487179487,0.9277777777777778,0.914814814814815,0.2585077515423777,0.4351290340597794
Parkinsons,CART,43,2,0.9230769230769231,0.9022556390977443,0.9310344827586208,0.4504503466986788,0.3843544191015447
Parkinsons,pearson/product/global,43,2,0.8461538461538461,0.7833333333333333,0.906896551724138,0.2528561568206585,0.14940183810016952
Parkinsons,spearman/product/global,43,2,0.8461538461538461,0.7833333333333333,0.906896551724138,0.2528561568206585,0.14940183810016952
Parkinsons,pearson/min/global,43,2,0.8461538461538461,0.7833333333333333,0.906896551724138,0.2528561568206585,0.14940183810016952
Parkinsons,pearson/mean/global,43,2,0.8205128205128205,0.7564674397859055,0.8827586206896553,0.355282371771952,0.15603818661819344
Parkinsons,pearson/product/node,43,2,0.8461538461538461,0.7833333333333333,0.906896551724138,0.2528561568206585,0.14940183810016952
Parkinsons,CART,43,3,0.9230769230769231,0.8956289027653881,0.9172413793103449,0.3988696559463983,0.4077767051696958
Parkinsons,pearson/product/global,43,3,0.9230769230769231,0.8956289027653881,0.9310344827586207,0.27496514648627884,0.2993607649178359
Parkinsons,spearman/product/global,43,3,0.9230769230769231,0.8956289027653881,0.9310344827586207,0.27496658720401557,0.2993675726269814
Parkinsons,pearson/min/global,43,3,0.9230769230769231,0.8956289027653881,0.9310344827586207,0.27496514648627884,0.2993607649178359
Parkinsons,pearson/mean/global,43,3,0.9230769230769231,0.8956289027653881,0.9310344827586207,0.363152001647463,0.3148924862396831
Parkinsons,pearson/product/node,43,3,0.9230769230769231,0.8956289027653881,0.9172413793103449,0.3988696559463983,0.4077767051696958
Parkinsons,CART,43,4,0.8974358974358975,0.8733766233766234,0.9275862068965518,0.5261650320145784,0.6146418946567059
Parkinsons,pearson/product/global,43,4,0.9743589743589743,0.9674185463659147,0.9793103448275863,0.2896377552063763,0.43747603224054205
Parkinsons,spearman/product/global,43,4,0.8974358974358975,0.8655172413793104,0.8655172413793104,0.34805190241020184,0.47898298792869537
Parkinsons,pearson/min/global,43,4,0.9743589743589743,0.9674185463659147,0.9793103448275863,0.2896377552063763,0.43747603224054205
Parkinsons,pearson/mean/global,43,4,0.9743589743589743,0.9674185463659147,0.9793103448275863,0.2896377552063763,0.43747603224054205
Parkinsons,pearson/product/node,43,4,0.8717948717948718,0.8260481712756467,0.8172413793103449,0.28602133023384996,0.4212643559183503
Parkinsons,CART,44,0,0.8461538461538461,0.7045454545454546,0.6555555555555556,0.3769117488672218,0.5499984641221639
Parkinsons,pearson/product/global,44,0,0.9487179487179487,0.9277777777777778,0.9240740740740742,0.29696228209024184,0.49774804305279285
Parkinsons,spearman/product/global,44,0,0.8205128205128205,0.676923076923077,0.6555555555555556,0.3024443877144531,0.5194946409184331
Parkinsons,pearson/min/global,44,0,0.8205128205128205,0.676923076923077,0.6555555555555556,0.3024443877144531,0.5194946409184331
Parkinsons,pearson/mean/global,44,0,0.8205128205128205,0.676923076923077,0.6555555555555556,0.3197749276055634,0.5332908320266119
Parkinsons,pearson/product/node,44,0,0.8205128205128205,0.676923076923077,0.6555555555555556,0.3197749276055634,0.5332908320266119
Parkinsons,CART,44,1,0.8461538461538461,0.8100649350649352,0.9037037037037036,0.354916435563687,0.33985083760490753
Parkinsons,pearson/product/global,44,1,0.8461538461538461,0.8100649350649352,0.9018518518518519,0.2839979087159464,0.3117665982950984
Parkinsons,spearman/product/global,44,1,0.8461538461538461,0.8100649350649352,0.9481481481481482,0.2865585401661883,0.3117665982950984
Parkinsons,pearson/min/global,44,1,0.8461538461538461,0.8100649350649352,0.9018518518518519,0.2839979087159464,0.3117665982950984
Parkinsons,pearson/mean/global,44,1,0.8461538461538461,0.8100649350649352,0.9518518518518517,0.35098938875188085,0.3272983196169456
Parkinsons,pearson/product/node,44,1,0.8974358974358975,0.8655172413793104,0.9055555555555556,0.3076444011611803,0.30806607161941957
Parkinsons,CART,44,2,0.8717948717948718,0.8260481712756467,0.8586206896551724,0.44412824154956604,0.5045932828556545
Parkinsons,pearson/product/global,44,2,0.8205128205128205,0.7719298245614035,0.7913793103448277,0.3132133382228464,0.14093991100408934
Parkinsons,spearman/product/global,44,2,0.7692307692307693,0.706766917293233,0.7551724137931035,0.41819002885189865,0.2077196206114244
Parkinsons,pearson/min/global,44,2,0.8205128205128205,0.7719298245614035,0.7913793103448277,0.3132133382228464,0.14093991100408934
Parkinsons,pearson/mean/global,44,2,0.8205128205128205,0.7719298245614035,0.7913793103448277,0.3132133382228464,0.14093991100408934
Parkinsons,pearson/product/node,44,2,0.8205128205128205,0.7719298245614035,0.7913793103448277,0.3132133382228464,0.14093991100408934
Parkinsons,CART,44,3,0.8205128205128205,0.784189723320158,0.853448275862069,0.4527115772347157,0.5723795553328616
Parkinsons,pearson/product/global,44,3,0.8205128205128205,0.7939622641509434,0.8982758620689655,0.3255096029549183,0.43651553321433273
Parkinsons,spearman/product/global,44,3,0.8461538461538461,0.7982758620689655,0.8982758620689655,0.4215642873594255,0.4609584467620836
Parkinsons,pearson/min/global,44,3,0.8205128205128205,0.7939622641509434,0.8982758620689655,0.3255096029549183,0.43651553321433273
Parkinsons,pearson/mean/global,44,3,0.8205128205128205,0.7939622641509434,0.8982758620689655,0.3255096029549183,0.43651553321433273
Parkinsons,pearson/product/node,44,3,0.8205128205128205,0.7939622641509434,0.8982758620689655,0.3255096029549183,0.43651553321433273
Parkinsons,CART,44,4,0.8717948717948718,0.8370927318295739,0.8706896551724137,0.433294213438667,0.41229958660114857
Parkinsons,pearson/product/global,44,4,0.9230769230769231,0.8956289027653881,0.8741379310344828,0.19019889964184172,0.2779236114319568
Parkinsons,spearman/product/global,44,4,0.8461538461538461,0.7833333333333333,0.7379310344827587,0.2773116611336667,0.30002125530007173
Parkinsons,pearson/min/global,44,4,0.8974358974358975,0.8655172413793104,0.8672413793103448,0.24103530065726086,0.2961718986713214
Parkinsons,pearson/mean/global,44,4,0.8461538461538461,0.7833333333333333,0.7379310344827587,0.2714962218701921,0.29462996066197616
Parkinsons,pearson/product/node,44,4,0.7692307692307693,0.6285714285714286,0.7689655172413793,0.3043206836144104,0.3333720559540125
Musk1,CART,42,0,0.7291666666666666,0.7248677248677249,0.8183421516754851,0.19599434931668983,0.16930981363994127
Musk1,pearson/product/global,42,0,0.75,0.7386569872958257,0.7511022927689595,0.13794918692644872,0.1232523900288987
Musk1,spearman/product/global,42,0,0.75,0.7386569872958257,0.7802028218694885,0.15682886412269859,0.14010430967042095
Musk1,pearson/min/global,42,0,0.7395833333333334,0.734718691278877,0.8148148148148149,0.16812730865413097,0.14689792781169575
Musk1,pearson/mean/global,42,0,0.7395833333333334,0.734718691278877,0.8075396825396826,0.18215634152442406,0.15128145397438986
Musk1,pearson/product/node,42,0,0.71875,0.7096448975019602,0.7799823633156966,0.16044381805060423,0.15092383502073417
Musk1,CART,42,1,0.7789473684210526,0.775363134782119,0.793351302785265,0.17592766718585928,0.1586503834866297
Musk1,pearson/product/global,42,1,0.7894736842105263,0.7854561878952122,0.8115453728661276,0.17021858191140793,0.1387375406449983
Musk1,spearman/product/global,42,1,0.7473684210526316,0.7439353099730459,0.7711141060197664,0.18043628503815218,0.1397626703940447
Musk1,pearson/min/global,42,1,0.7578947368421053,0.7551820728291316,0.7749326145552561,0.17505863115985976,0.1412928923264881
Musk1,pearson/mean/global,42,1,0.7473684210526316,0.7439353099730459,0.7697663971248877,0.16597344624302957,0.13954084317985302
Musk1,pearson/product/node,42,1,0.7052631578947368,0.690121155638397,0.7780772686433064,0.1541760097439276,0.14032835270285912
Musk1,CART,42,2,0.7789473684210526,0.7638773819386909,0.820460704607046,0.18595388070311616,0.15988515560812666
Musk1,pearson/product/global,42,2,0.7684210526315789,0.7663237924865831,0.8093947606142728,0.1534858526277697,0.13470680338343394
Musk1,spearman/product/global,42,2,0.7789473684210526,0.775363134782119,0.830397470641373,0.16962383671436726,0.1423125650892765
Musk1,pearson/min/global,42,2,0.7263157894736842,0.722596585804133,0.7502258355916892,0.14190276130616064,0.15859421225408854
Musk1,pearson/mean/global,42,2,0.7894736842105263,0.7738095238095238,0.834010840108401,0.18149887945443277,0.15183408818750732
Musk1,pearson/product/node,42,2,0.7684210526315789,0.7540018832391714,0.8057813911472447,0.17216008972918645,0.158660888852769
Musk1,CART,42,3,0.7684210526315789,0.7677777777777778,0.8274616079494128,0.1387139006239516,0.16565371131851642
Musk1,pearson/product/global,42,3,0.6947368421052632,0.6947368421052632,0.7843270099367661,0.1285480204135551,0.10818060382649335
Musk1,spearman/product/global,42,3,0.7157894736842105,0.7152847152847153,0.7831978319783197,0.12803441214796363,0.1122017051084438
Musk1,pearson/min/global,42,3,0.7263157894736842,0.7262854609929078,0.7981029810298104,0.13288367223539552,0.10926471283417104
Musk1,pearson/mean/global,42,3,0.7473684210526316,0.7466666666666666,0.7971996386630533,0.13094047329237649,0.11813775255443978
Musk1,pearson/product/node,42,3,0.6842105263157895,0.6833333333333333,0.8227190605239385,0.1185154181653306,0.11201263181006511
Musk1,CART,42,4,0.7578947368421053,0.7382920110192837,0.824977416440831,0.18697897362697213,0.19686283261964335
Musk1,pearson/product/global,42,4,0.8105263157894737,0.8007921714818267,0.8299457994579945,0.1332118453089107,0.12139122063229367
Musk1,spearman/product/global,42,4,0.7578947368421053,0.7382920110192837,0.8430442637759711,0.14123099071140566,0.13525036779405822
Musk1,pearson/min/global,42,4,0.7473684210526316,0.736842105263158,0.8256549232158988,0.1346167123309788,0.11956014792577027
Musk1,pearson/mean/global,42,4,0.7684210526315789,0.7587719298245614,0.8145889792231256,0.1494107755217858,0.129618680397615
Musk1,pearson/product/node,42,4,0.7263157894736842,0.6937003968253967,0.8112014453477867,0.11087707533442666,0.11604160711024436
Musk1,CART,43,0,0.78125,0.7771637006742567,0.8154761904761904,0.19763099659454098,0.19879141733635208
Musk1,pearson/product/global,43,0,0.7916666666666666,0.7883597883597884,0.8414902998236331,0.13315602907368113,0.12432719742263047
Musk1,spearman/product/global,43,0,0.8020833333333334,0.7994502473886751,0.8392857142857143,0.13658465631204045,0.1392624901199821
Musk1,pearson/min/global,43,0,0.78125,0.7771637006742567,0.8251763668430335,0.19161356514716743,0.16779510864365915
Musk1,pearson/mean/global,43,0,0.78125,0.7771637006742567,0.8154761904761904,0.1917096222305986,0.19013877175130325
Musk1,pearson/product/node,43,0,0.7291666666666666,0.7192982456140351,0.7901234567901235,0.1652508549112649,0.1527145447287591
Musk1,CART,43,1,0.8526315789473684,0.8488636363636364,0.8459119496855347,0.2027482414837588,0.16860907966883482
Musk1,pearson/product/global,43,1,0.8421052631578947,0.8374957235716729,0.8548966756513926,0.17929821156680595,0.13372998874494263
Musk1,spearman/product/global,43,1,0.8421052631578947,0.8386000679578661,0.8265947888589398,0.17816341686095952,0.14863889840243724
Musk1,pearson/min/global,43,1,0.8526315789473684,0.8488636363636364,0.8353548966756513,0.18612640631510213,0.14631167370685827
Musk1,pearson/mean/global,43,1,0.8526315789473684,0.8488636363636364,0.8353548966756513,0.18567557231658202,0.14621569141159924
Musk1,pearson/product/node,43,1,0.8736842105263158,0.8712737127371273,0.8789308176100629,0.17394852584197468,0.15182624581812887
Musk1,CART,43,2,0.7263157894736842,0.7059523809523809,0.7515808491418249,0.1914134213531873,0.1825216455592144
Musk1,pearson/product/global,43,2,0.7263157894736842,0.7149122807017544,0.7786811201445347,0.13194709553739925,0.14623848174429688
Musk1,spearman/product/global,43,2,0.7263157894736842,0.7149122807017544,0.7809394760614272,0.13512217125695147,0.14940767471949054
Musk1,pearson/min/global,43,2,0.7263157894736842,0.7193181818181819,0.8064588979223126,0.14027725299886498,0.14763757858781013
Musk1,pearson/mean/global,43,2,0.7263157894736842,0.7193181818181819,0.7877145438121048,0.1808755002088752,0.17458774383893652
Musk1,pearson/product/node,43,2,0.7578947368421053,0.7441751551340592,0.8023938572719059,0.16275318000574746,0.1684577874411018
Musk1,CART,43,3,0.7473684210526316,0.736842105263158,0.7691960252935863,0.20578332694804416,0.2181825515696445
Musk1,pearson/product/global,43,3,0.6736842105263158,0.6585507246376812,0.7271906052393857,0.156409994278379,0.11086062403621907
Musk1,spearman/product/global,43,3,0.7052631578947368,0.7012578616352201,0.7737127371273713,0.15081596528337535,0.12645763358529033
Musk1,pearson/min/global,43,3,0.6526315789473685,0.6526315789473685,0.7170280036133694,0.15144293456486224,0.1066503522599928
Musk1,pearson/mean/global,43,3,0.6631578947368421,0.6601073345259392,0.7335140018066848,0.17432266946047156,0.1270446452085702
Musk1,pearson/product/node,43,3,0.6736842105263158,0.673104673104673,0.75,0.16139954371415638,0.13298723603140827
Musk1,CART,43,4,0.7789473684210526,0.775363134782119,0.8642728093947607,0.19160639643063468,0.15978949591325214
Musk1,pearson/product/global,43,4,0.7894736842105263,0.7786579683131407,0.8459801264679312,0.14108947435551208,0.12294595332075708
Musk1,spearman/product/global,43,4,0.8,0.7967571219457268,0.8721770551038843,0.17255869797118786,0.1381374813886326
Musk1,pearson/min/global,43,4,0.7789473684210526,0.7724940130003422,0.8577235772357723,0.1699071589328725,0.14344667992879628
Musk1,pearson/mean/global,43,4,0.7684210526315789,0.7640018066847335,0.8579494128274616,0.17309914309440777,0.15134929781599837
Musk1,pearson/product/node,43,4,0.7473684210526316,0.7459893048128342,0.827687443541102,0.13965605114060503,0.100196591466426
Musk1,CART,44,0,0.7708333333333334,0.7683194383501536,0.8256172839506173,0.20748003163897893,0.2184814004187895
Musk1,pearson/product/global,44,0,0.7291666666666666,0.7192982456140351,0.7916666666666666,0.16398820883418713,0.14147994837518016
Musk1,spearman/product/global,44,0,0.78125,0.7741682536126359,0.7965167548500881,0.1517830317117105,0.20743318311326017
Musk1,pearson/min/global,44,0,0.7291666666666666,0.7192982456140351,0.7982804232804233,0.1650978572400945,0.1411373847213656
Musk1,pearson/mean/global,44,0,0.7291666666666666,0.7192982456140351,0.7982804232804233,0.16463632681746665,0.14126608050662096
Musk1,pearson/product/node,44,0,0.7083333333333334,0.7062937062937062,0.7779982363315697,0.1739816484160931,0.16052796795721913
Musk1,CART,44,1,0.7789473684210526,0.7740400951410126,0.8185085354896676,0.23855045061462393,0.2174187823757719
Musk1,pearson/product/global,44,1,0.7473684210526316,0.7471162377994676,0.8245732255166218,0.12936875853614313,0.08968872554025656
Musk1,spearman/product/global,44,1,0.8105263157894737,0.8088103756708407,0.8654537286612759,0.15007817582695315,0.13808553837857301
Musk1,pearson/min/global,44,1,0.8,0.7967571219457268,0.8760107816711591,0.19967328711921645,0.1617920792875614
Musk1,pearson/mean/global,44,1,0.8,0.7967571219457268,0.8535489667565139,0.2084021815429749,0.1658744674390569
Musk1,pearson/product/node,44,1,0.8210526315789474,0.8181511091093345,0.8762353998203055,0.1623891036612642,0.13081770356998923
Musk1,CART,44,2,0.7578947368421053,0.7508267761432319,0.8288166214995483,0.16530617065265157,0.2168468723033756
Musk1,pearson/product/global,44,2,0.8105263157894737,0.8056818181818182,0.8453026196928637,0.14665948936752135,0.13164277548448247
Musk1,spearman/product/global,44,2,0.8105263157894737,0.8056818181818182,0.856368563685637,0.14936210995341176,0.13534623838445484
Musk1,pearson/min/global,44,2,0.7578947368421053,0.7466666666666667,0.8211382113821137,0.15730910727421432,0.13575999731838598
Musk1,pearson/mean/global,44,2,0.7368421052631579,0.7338935574229692,0.8184281842818428,0.16992267268963085,0.1657836268429742
Musk1,pearson/product/node,44,2,0.7789473684210526,0.775363134782119,0.8378500451671183,0.14584922006188897,0.1446704313244042
Musk1,CART,44,3,0.7578947368421053,0.7508267761432319,0.7798102981029811,0.19190549256095107,0.1969432612575662
Musk1,pearson/product/global,44,3,0.7894736842105263,0.7786579683131407,0.8622402890695574,0.17106270723874636,0.12823120759903614
Musk1,spearman/product/global,44,3,0.7684210526315789,0.7511904761904762,0.8378500451671184,0.16483003344133546,0.1284304609326663
Musk1,pearson/min/global,44,3,0.7894736842105263,0.7825091575091575,0.8640469738030714,0.1839152452551777,0.1378900275892195
Musk1,pearson/mean/global,44,3,0.7894736842105263,0.7825091575091575,0.8457542908762421,0.1850224415367688,0.15231709825839965
Musk1,pearson/product/node,44,3,0.7578947368421053,0.7508267761432319,0.859981933152665,0.15119212090958056,0.12495863198780893
Musk1,CART,44,4,0.7052631578947368,0.6793635486981677,0.7486449864498644,0.20971853647818967,0.2697625585748241
Musk1,pearson/product/global,44,4,0.7052631578947368,0.6869114877589454,0.763550135501355,0.13498514777051035,0.1494867644289747
Musk1,spearman/product/global,44,4,0.6421052631578947,0.6271929824561404,0.7113821138211383,0.14670281123603432,0.15794635191124862
Musk1,pearson/min/global,44,4,0.6842105263157895,0.6781842818428184,0.7378048780487805,0.1449947505260671,0.18894299296649902
Musk1,pearson/mean/global,44,4,0.6842105263157895,0.6781842818428184,0.7378048780487805,0.1449947505260671,0.18894299296649902
Musk1,pearson/product/node,44,4,0.6736842105263158,0.6615331571083783,0.693089430894309,0.12923305843436445,0.13392502264855036
Landsat,CART,42,0,0.9642579642579643,0.9511324990920197,0.9696021799817446,0.5840188474239725,0.5052277639386984
Landsat,pearson/product/global,42,0,0.965034965034965,0.95224737861484,0.9761114775505852,0.5507389710583847,0.456705080777598
Landsat,spearman/product/global,42,0,0.9658119658119658,0.9533597332771071,0.9761347964262156,0.5483697623287342,0.4520374310230623
Landsat,pearson/min/global,42,0,0.9634809634809635,0.9499043039614268,0.9721256154517532,0.5520486322759924,0.47424478081633986
Landsat,pearson/mean/global,42,0,0.9634809634809635,0.9500150808374204,0.967351908483407,0.5794910505654527,0.5038254608121104
Landsat,pearson/product/node,42,0,0.9595959595959596,0.9443894170045868,0.9683929297169089,0.5842444090711479,0.4996175012736217
Landsat,CART,42,1,0.9728049728049728,0.9631011272402887,0.9793111604138767,0.5432090166234771,0.4762996111668042
Landsat,pearson/product/global,42,1,0.9689199689199689,0.9578753739501574,0.9809384848060869,0.5332783049611987,0.46092869916152446
Landsat,spearman/product/global,42,1,0.9704739704739704,0.9599816052526495,0.9833786385774154,0.53338262553687,0.46081840499952664
Landsat,pearson/min/global,42,1,0.972027972027972,0.9619230769230769,0.9801356492308102,0.5275015643336212,0.4619380022470716
Landsat,pearson/mean/global,42,1,0.972027972027972,0.9619230769230769,0.9801356492308102,0.5274186556730053,0.46192502404380315
Landsat,pearson/product/node,42,1,0.972027972027972,0.9619230769230769,0.9801573024724671,0.5278217801947137,0.46191036757450954
Landsat,CART,42,2,0.9572649572649573,0.9423881274859541,0.9644967759090608,0.6144210504890311,0.5012760169635342
Landsat,pearson/product/global,42,2,0.9595959595959596,0.9442645559752953,0.9593698065545435,0.539239653350079,0.47535609990197353
Landsat,spearman/product/global,42,2,0.9595959595959596,0.9442645559752953,0.960099381772253,0.5391893565277867,0.47646404818786675
Landsat,pearson/min/global,42,2,0.9603729603729604,0.9451509795810928,0.9604035099381771,0.5490312871179278,0.4931955854004486
Landsat,pearson/mean/global,42,2,0.9603729603729604,0.9451509795810928,0.9604035099381771,0.5487924349533644,0.4931566950146064
Landsat,pearson/product/node,42,2,0.9603729603729604,0.9451509795810928,0.9603569766668882,0.5490875551483841,0.4940228612773391
Landsat,CART,42,3,0.9673659673659674,0.9550837598883202,0.9760187462607193,0.6509950115380456,0.5034619946990746
Landsat,pearson/product/global,42,3,0.9689199689199689,0.9572226284650668,0.9803014691218507,0.5745773671846567,0.4805264200785003
Landsat,spearman/product/global,42,3,0.9704739704739704,0.9592702524434851,0.9859801901216513,0.5714573566763049,0.481330550389531
Landsat,pearson/min/global,42,3,0.9696969696969697,0.9582453271086346,0.9802416406301934,0.5732464034904532,0.4813590062065913
Landsat,pearson/mean/global,42,3,0.9704739704739704,0.9593614970418134,0.9827394801568836,0.5834257323589269,0.48516506398652615
Landsat,pearson/product/node,42,3,0.972027972027972,0.9615861666423464,0.9860317091005784,0.5790419701773488,0.4846306920899153
Landsat,CART,42,4,0.9704739704739704,0.9588036497678463,0.9808166589111215,0.5676668460074634,0.450435626521354
Landsat,pearson/product/global,42,4,0.9696969696969697,0.957768236443354,0.9822508808083494,0.546830456573541,0.44544625600471344
Landsat,spearman/product/global,42,4,0.9712509712509713,0.9599339679077974,0.9834408030313102,0.544426800210378,0.44918003015303737
Landsat,pearson/min/global,42,4,0.9712509712509713,0.9599339679077974,0.9819550621551554,0.5580242191925003,0.4472245878896582
Landsat,pearson/mean/global,42,4,0.9704739704739704,0.9588036497678463,0.9799391743668151,0.5602867550702081,0.44799217846131306
Landsat,pearson/product/node,42,4,0.9704739704739704,0.9588036497678463,0.9812005583992556,0.5555266070587851,0.45050930891131336
Landsat,CART,43,0,0.9658119658119658,0.952298962889085,0.9854673435803135,0.5775034987817389,0.4695455315567806
Landsat,pearson/product/global,43,0,0.9665889665889665,0.9535435615679395,0.9862068850645933,0.5657269106656005,0.4622834446136958
Landsat,spearman/product/global,43,0,0.965034965034965,0.9512710420500239,0.9838067065086313,0.5740385833357355,0.468466473539168
Landsat,pearson/min/global,43,0,0.9658119658119658,0.952298962889085,0.9848510590100804,0.5766729910089577,0.4713311239930447
Landsat,pearson/mean/global,43,0,0.9658119658119658,0.952298962889085,0.9862368664761182,0.5746191365438398,0.46312998108347175
Landsat,pearson/product/node,43,0,0.9627039627039627,0.9477204717479317,0.9831337903832956,0.5762227305989417,0.46232604581363324
Landsat,CART,43,1,0.9673659673659674,0.9555769230769231,0.9823276235400717,0.5294576689523518,0.47820192664472927
Landsat,pearson/product/global,43,1,0.9658119658119658,0.953562595535029,0.9803238658698274,0.5186283380588145,0.4631279283460256
Landsat,spearman/product/global,43,1,0.9658119658119658,0.953562595535029,0.9802772281185665,0.518567146178052,0.4638173107861181
Landsat,pearson/min/global,43,1,0.9665889665889665,0.9544695768643153,0.9800007328789482,0.5236552412866414,0.47454153878308103
Landsat,pearson/mean/global,43,1,0.9673659673659674,0.955479745400875,0.9800690238718661,0.5206788737951716,0.47437434037172893
Landsat,pearson/product/node,43,1,0.9658119658119658,0.9534615384615385,0.9746290633140785,0.5301410126291816,0.4722091209509992
Landsat,CART,43,2,0.9696969696969697,0.9589727032340067,0.9835621219171709,0.6175416156044339,0.4707386644846159
Landsat,pearson/product/global,43,2,0.9704739704739704,0.9594520647891435,0.9798943029980722,0.5375107690712928,0.45238468655122327
Landsat,spearman/product/global,43,2,0.9704739704739704,0.9594520647891435,0.9806837067074387,0.5375287727035283,0.46327443905852056
Landsat,pearson/min/global,43,2,0.9712509712509713,0.9605629626930381,0.9801485740876155,0.5535221421609354,0.44594928636493614
Landsat,pearson/mean/global,43,2,0.9728049728049728,0.9625278576615952,0.9834757029847769,0.5626553238079903,0.4485845408073522
Landsat,pearson/product/node,43,2,0.9751359751359752,0.965930073262255,0.9875440404174699,0.5466282076437575,0.46187654611796003
Landsat,CART,43,3,0.9603729603729604,0.9452748181788622,0.9724805557402114,0.5434067126929911,0.4834611253800039
Landsat,pearson/product/global,43,3,0.9611499611499611,0.945794276010324,0.9757461942431696,0.5409094069868529,0.45775006906981264
Landsat,spearman/product/global,43,3,0.958041958041958,0.9417260323593335,0.9720351658578741,0.5335322459688753,0.45811750591205297
Landsat,pearson/min/global,43,3,0.9564879564879565,0.9397052524495368,0.9718939041414612,0.532934564006269,0.4686665124596322
Landsat,pearson/mean/global,43,3,0.9588189588189588,0.9427397386767625,0.9718972279465532,0.5339080816126954,0.46850086984881817
Landsat,pearson/product/node,43,3,0.9588189588189588,0.9427397386767625,0.9723625606594429,0.5345062233422313,0.46843655850378146
Landsat,CART,43,4,0.9634809634809635,0.9493378806317416,0.9721149371800837,0.6391834670477515,0.5542018477906037
Landsat,pearson/product/global,43,4,0.9642579642579643,0.9496632996632997,0.9771920494582198,0.557501698833757,0.4905710124846681
Landsat,spearman/product/global,43,4,0.9689199689199689,0.9565349544072949,0.9727447982450309,0.5759427713432986,0.5069520802847625
Landsat,pearson/min/global,43,4,0.9634809634809635,0.948629517496741,0.9772136541913182,0.5605024028206768,0.4949949974487516
Landsat,pearson/mean/global,43,4,0.9642579642579643,0.9495442086890119,0.9740111679851093,0.5604605830660997,0.495458970394795
Landsat,pearson/product/node,43,4,0.9712509712509713,0.9599339679077974,0.9756298610649472,0.5848821479510391,0.5008072235768536
Landsat,CART,44,0,0.9603729603729604,0.9464639206285639,0.9760048769762747,0.6339252341409619,0.5315613513555333
Landsat,pearson/product/global,44,0,0.9611499611499611,0.945794276010324,0.9795476804381283,0.5631999983930094,0.4675763357197199
Landsat,spearman/product/global,44,0,0.9611499611499611,0.945794276010324,0.9793078291459294,0.5642506699637461,0.46828753168568227
Landsat,pearson/min/global,44,0,0.9595959595959596,0.9436260470507369,0.9794910488830258,0.5665745111147962,0.5113334256150148
Landsat,pearson/mean/global,44,0,0.9595959595959596,0.9436260470507369,0.9820994316856881,0.5759079483487044,0.5149975940411937
Landsat,pearson/product/node,44,0,0.9634809634809635,0.9488692124004141,0.9779619968952582,0.5621799643410189,0.4870211790243925
Landsat,CART,44,1,0.9642579642579643,0.9514518044229848,0.9755251743918769,0.6213193534771748,0.4941481190015763
Landsat,pearson/product/global,44,1,0.9634809634809635,0.948629517496741,0.9726402963495966,0.5517742662682659,0.4676411775706463
Landsat,spearman/product/global,44,1,0.9673659673659674,0.9542554127794403,0.973414816147322,0.5512382426925997,0.4688181162378883
Landsat,pearson/min/global,44,1,0.9634809634809635,0.9488692124004141,0.9724737329522364,0.6019402172763263,0.4852097127292912
Landsat,pearson/mean/global,44,1,0.9673659673659674,0.9549829105954308,0.966945493793848,0.6106525848667712,0.4856279722926362
Landsat,pearson/product/node,44,1,0.9634809634809635,0.948629517496741,0.9684029235207505,0.5588315936302963,0.4696505580512729
Landsat,CART,44,2,0.9681429681429682,0.9565872709636496,0.9792029515389219,0.5755228594840924,0.4574313462295985
Landsat,pearson/product/global,44,2,0.9549339549339549,0.9401898003922926,0.9774729109884996,0.5058606959346638,0.4343478292866573
Landsat,spearman/product/global,44,2,0.9712509712509713,0.9609079527963058,0.9780595625872498,0.5327446846355289,0.4355163135015455
Landsat,pearson/min/global,44,2,0.972027972027972,0.961755868854624,0.9766170311772917,0.5327636826712421,0.44791774798808437
Landsat,pearson/mean/global,44,2,0.9704739704739704,0.9596311949021032,0.9726982649737418,0.5627721230271725,0.4435528841004342
Landsat,pearson/product/node,44,2,0.9735819735819736,0.9638007028411459,0.9739413680781759,0.533293532663056,0.4494986243721675
Landsat,CART,44,3,0.9642579642579643,0.9503592127505434,0.9761201223160274,0.5624121724596998,0.4778290858703228
Landsat,pearson/product/global,44,3,0.9658119658119658,0.9526255554960648,0.9731885262248222,0.5746686470090459,0.46567700727650996
Landsat,spearman/product/global,44,3,0.9658119658119658,0.9526255554960648,0.9731635976866317,0.5745561635588183,0.4728473506355287
Landsat,pearson/min/global,44,3,0.9658119658119658,0.9526255554960648,0.9764043076513993,0.5675343636003538,0.47552094829796887
Landsat,pearson/mean/global,44,3,0.9658119658119658,0.9525175078483459,0.9739546632985442,0.5724201178961537,0.46631863726962297
Landsat,pearson/product/node,44,3,0.9658119658119658,0.952732796901606,0.9722545369939507,0.5740461053480179,0.47321715908753065
Landsat,CART,44,4,0.9743589743589743,0.9644287246988825,0.9801053646214186,0.5741235942274805,0.5076440696854636
Landsat,pearson/product/global,44,4,0.9766899766899767,0.9681998181434821,0.9841620687362892,0.5474764797524588,0.47370452793952383
Landsat,spearman/product/global,44,4,0.9766899766899767,0.9681998181434821,0.9841620687362892,0.5468416793985111,0.4736928565496909
Landsat,pearson/min/global,44,4,0.9728049728049728,0.9625278576615952,0.9847969155088745,0.5627067366640884,0.49953486215869375
Landsat,pearson/mean/global,44,4,0.9766899766899767,0.9681998181434821,0.9841620687362892,0.5474764797524588,0.47370452793952383
Landsat,pearson/product/node,44,4,0.972027972027972,0.9614139233675121,0.9824436615036893,0.5608517874637741,0.49989547093798276
Ozone,CART,42,0,0.9329388560157791,0.6282349896480331,0.7260526315789473,0.3004302125951033,0.35941586732674774
Ozone,pearson/product/global,42,0,0.9250493096646942,0.6002904564315352,0.6823026315789474,0.22757581900489585,0.318486801227733
Ozone,spearman/product/global,42,0,0.9309664694280079,0.6247224278312361,0.7023684210526315,0.24355882537853238,0.32090939869457236
Ozone,pearson/min/global,42,0,0.9270216962524654,0.569797041623667,0.7108223684210526,0.2298604655904773,0.329288894718621
Ozone,pearson/mean/global,42,0,0.9309664694280079,0.6095623666087262,0.7035855263157895,0.2751242167091914,0.3484540737339984
Ozone,pearson/product/node,42,0,0.9191321499013807,0.5918756012801131,0.7080592105263157,0.24967074989116927,0.34410145097992473
Ozone,CART,42,1,0.9250493096646942,0.6148648648648649,0.7286513157894737,0.4082353031330796,0.36606230264681955
Ozone,pearson/product/global,42,1,0.9171597633136095,0.6279874213836478,0.7178289473684211,0.2411916578377917,0.25455458256714253
Ozone,spearman/product/global,42,1,0.9230769230769231,0.5973978376397288,0.6847368421052631,0.25591172207574425,0.26133753444569807
Ozone,pearson/min/global,42,1,0.9211045364891519,0.6219803161348046,0.7391447368421054,0.29792158862355633,0.26718652586587244
Ozone,pearson/mean/global,42,1,0.9230769230769231,0.625120864536923,0.7601315789473684,0.3714568693278294,0.3008121955598599
Ozone,pearson/product/node,42,1,0.9230769230769231,0.6117841085347417,0.665296052631579,0.2948530519500062,0.2677072945516792
Ozone,CART,42,2,0.9072978303747534,0.6022732962796054,0.6745723684210525,0.3745392885092222,0.4807325916081426
Ozone,pearson/product/global,42,2,0.9151873767258383,0.6465753424657534,0.6951315789473684,0.26392667808774306,0.2839351350366377
Ozone,spearman/product/global,42,2,0.9171597633136095,0.6392314990512334,0.6517434210526316,0.2596182061639174,0.2851024373488521
Ozone,pearson/min/global,42,2,0.9191321499013807,0.6530469180311451,0.6458223684210527,0.2812989287544815,0.30187384061512573
Ozone,pearson/mean/global,42,2,0.9191321499013807,0.6310764042949685,0.7009868421052632,0.31305248546159276,0.3472541374327294
Ozone,pearson/product/node,42,2,0.9112426035502958,0.619197836863452,0.6814473684210527,0.3156033364640501,0.3065392391494685
Ozone,CART,42,3,0.9329388560157791,0.6891141249458953,0.8238157894736842,0.36406061730702144,0.3299890091892125
Ozone,pearson/product/global,42,3,0.9270216962524654,0.6180441023761529,0.6804276315789473,0.21160813291271502,0.24120293264534143
Ozone,spearman/product/global,42,3,0.9270216962524654,0.6180441023761529,0.6804276315789473,0.21160813291271502,0.24120293264534143
Ozone,pearson/min/global,42,3,0.9250493096646942,0.6148648648648649,0.7294407894736843,0.21765419537648717,0.26011003347224665
Ozone,pearson/mean/global,42,3,0.9151873767258383,0.5866717224381458,0.7261513157894737,0.22903134993697558,0.26036934239707993
Ozone,pearson/product/node,42,3,0.9250493096646942,0.6148648648648649,0.6560855263157894,0.2778131258195296,0.3072529823856658
Ozone,CART,42,4,0.9446640316205533,0.7054469854469855,0.7184862869198313,0.39891267242939743,0.40204671330443076
Ozone,pearson/product/global,42,4,0.9347826086956522,0.6714738229681075,0.7168051160337553,0.23865923435089034,0.2504319353675648
Ozone,spearman/product/global,42,4,0.9229249011857708,0.6250783699059561,0.7119264240506329,0.24456208996292317,0.2500893265019854
Ozone,pearson/min/global,42,4,0.924901185770751,0.640839808726838,0.7049380274261603,0.26847807322634754,0.262507531619729
Ozone,pearson/mean/global,42,4,0.9407114624505929,0.6844074844074844,0.739814082278481,0.30463505078561076,0.2684845264547191
Ozone,pearson/product/node,42,4,0.9288537549407114,0.6063278008298756,0.7817444620253166,0.33436815976160295,0.2747936852077827
Ozone,CART,43,0,0.9191321499013807,0.6058962934875344,0.7348355263157895,0.342225114772797,0.3106811745546912
Ozone,pearson/product/global,43,0,0.9191321499013807,0.6630136986301369,0.7314144736842105,0.2506761679885604,0.25650209889707876
Ozone,spearman/product/global,43,0,0.9191321499013807,0.6310764042949685,0.7283881578947368,0.25038689290249494,0.23619230998682364
Ozone,pearson/min/global,43,0,0.9151873767258383,0.6564012041166921,0.7408552631578947,0.26179657996689293,0.2920866856709481
Ozone,pearson/mean/global,43,0,0.9171597633136095,0.6860403397027601,0.7633552631578947,0.27034543007100015,0.2605951371520171
Ozone,pearson/product/node,43,0,0.9250493096646942,0.683125,0.7293092105263157,0.3230254006845845,0.27091678550474435
Ozone,CART,43,1,0.9329388560157791,0.6674768518518519,0.7076973684210526,0.30315252554126015,0.41711158845201324
Ozone,pearson/product/global,43,1,0.9368836291913215,0.6356449874236436,0.6404605263157894,0.2518910253592567,0.25717729301810216
Ozone,spearman/product/global,43,1,0.9368836291913215,0.6356449874236436,0.6404605263157894,0.2518910253592567,0.25717729301810216
Ozone,pearson/min/global,43,1,0.9309664694280079,0.6247224278312361,0.625657894736842,0.2583230776315192,0.2707763305012363
Ozone,pearson/mean/global,43,1,0.9250493096646942,0.6002904564315352,0.5936513157894736,0.28916058331778205,0.29572803614110427
Ozone,pearson/product/node,43,1,0.9270216962524654,0.6180441023761529,0.6158223684210525,0.29151371554501604,0.36472618343172847
Ozone,CART,43,2,0.9112426035502958,0.5674471513887572,0.7185855263157895,0.35727529240283856,0.32004645068919363
Ozone,pearson/product/global,43,2,0.9211045364891519,0.6758726505561948,0.6887828947368421,0.25062394369813384,0.22649213681255867
Ozone,spearman/product/global,43,2,0.9191321499013807,0.6723825434601018,0.7464144736842104,0.24899410982562015,0.2400728528908557
Ozone,pearson/min/global,43,2,0.9270216962524654,0.6958904109589041,0.7200986842105264,0.25282942290222366,0.22674689239533063
Ozone,pearson/mean/global,43,2,0.9230769230769231,0.6883638828035115,0.7442105263157894,0.26690968614307253,0.26239240572301525
Ozone,pearson/product/node,43,2,0.9112426035502958,0.5520585867708558,0.6091118421052631,0.25617041672153973,0.24972353681210663
Ozone,CART,43,3,0.9132149901380671,0.610272536687631,0.7468421052631578,0.31396919120597794,0.34628480750077056
Ozone,pearson/product/global,43,3,0.9368836291913215,0.7074015293608427,0.8068421052631579,0.23976173868755948,0.20807479957261268
Ozone,spearman/product/global,43,3,0.9388560157790927,0.667611293221952,0.8366447368421053,0.25960189482737467,0.20421662869838939
Ozone,pearson/min/global,43,3,0.9368836291913215,0.650103519668737,0.8037171052631579,0.2602732972861082,0.2155356274493342
Ozone,pearson/mean/global,43,3,0.9270216962524654,0.6032779951358782,0.7959868421052632,0.32278384058483833,0.25624730313047284
Ozone,pearson/product/node,43,3,0.9289940828402367,0.6597822845213241,0.8217434210526315,0.26144462656586226,0.2723088486660371
Ozone,CART,43,4,0.9268774703557312,0.6180041215237395,0.792095200421941,0.30240235353587935,0.3529604847730625
Ozone,pearson/product/global,43,4,0.9268774703557312,0.6032381800072054,0.809104694092827,0.23708949285754458,0.2545478300639571
Ozone,spearman/product/global,43,4,0.9268774703557312,0.6032381800072054,0.809104694092827,0.23684426579223936,0.25462738031225934
Ozone,pearson/min/global,43,4,0.9288537549407114,0.6350961538461539,0.811115506329114,0.24616091466880352,0.2623836159337171
Ozone,pearson/mean/global,43,4,0.9229249011857708,0.6250783699059561,0.7922270569620253,0.2733403417445606,0.27047122375735594
Ozone,pearson/product/node,43,4,0.9229249011857708,0.5973556956601579,0.816587552742616,0.25342723628737285,0.27748073287963915
Ozone,CART,44,0,0.9506903353057199,0.7319445913080258,0.7970723684210527,0.32653802358109757,0.19094583004088114
Ozone,pearson/product/global,44,0,0.9270216962524654,0.6561073530220536,0.7293421052631579,0.24938476338841759,0.16405398049003733
Ozone,spearman/product/global,44,0,0.9329388560157791,0.6423651452282158,0.7273026315789475,0.23873251084661745,0.1633442558674723
Ozone,pearson/min/global,44,0,0.9329388560157791,0.6554054054054055,0.7988157894736841,0.24835310716218462,0.1725588590745929
Ozone,pearson/mean/global,44,0,0.9428007889546351,0.7212437197838658,0.7980921052631579,0.27801423402607905,0.17519742603344343
Ozone,pearson/product/node,44,0,0.9349112426035503,0.631873088516799,0.7519407894736843,0.2573593747076544,0.1833294775535423
Ozone,CART,44,1,0.9191321499013807,0.6530469180311451,0.7600986842105263,0.437508340810074,0.38067423623837743
Ozone,pearson/product/global,44,1,0.9151873767258383,0.6249806478248154,0.7362171052631579,0.2562050147916108,0.24460675388997946
Ozone,spearman/product/global,44,1,0.9151873767258383,0.6003409778364406,0.692171052631579,0.24798627308617194,0.23014132343192478
Ozone,pearson/min/global,44,1,0.9230769230769231,0.6490726772561896,0.7283881578947368,0.2678040927193438,0.25229845535602924
Ozone,pearson/mean/global,44,1,0.9250493096646942,0.6735904039034969,0.7572039473684211,0.32659729157081174,0.2692750073711517
Ozone,pearson/product/node,44,1,0.9289940828402367,0.6597822845213241,0.8118421052631578,0.2757277133316767,0.23293867241822597
Ozone,CART,44,2,0.9250493096646942,0.6525393161160006,0.8192763157894737,0.36828751040653623,0.37404667599446995
Ozone,pearson/product/global,44,2,0.9329388560157791,0.6674768518518519,0.8287828947368421,0.23360611065570644,0.24376824940618574
Ozone,spearman/product/global,44,2,0.9329388560157791,0.698846960167715,0.8613157894736843,0.2058210412825523,0.24925400461862357
Ozone,pearson/min/global,44,2,0.9250493096646942,0.6283564814814815,0.797203947368421,0.2541701252972831,0.2896290809342156
Ozone,pearson/mean/global,44,2,0.9151873767258383,0.6130801313337475,0.8232894736842105,0.2562626288352594,0.30911666892570694
Ozone,pearson/product/node,44,2,0.9368836291913215,0.5835728952772073,0.7970723684210527,0.25893670860012874,0.2589517487105041
Ozone,CART,44,3,0.9191321499013807,0.6310764042949685,0.7743421052631578,0.406874435914784,0.36741584390610416
Ozone,pearson/product/global,44,3,0.9270216962524654,0.6443454355863115,0.7433552631578947,0.2517160117586377,0.30890692517822327
Ozone,spearman/product/global,44,3,0.9270216962524654,0.6180441023761529,0.6991776315789474,0.2489517191272532,0.30998652484065536
Ozone,pearson/min/global,44,3,0.9191321499013807,0.6189297695649782,0.7252631578947368,0.2421491048505534,0.3058200242398985
Ozone,pearson/mean/global,44,3,0.9151873767258383,0.6003409778364406,0.716875,0.2990948607049809,0.32369391195526215
Ozone,pearson/product/node,44,3,0.9230769230769231,0.6117841085347417,0.7079605263157895,0.29799144707214653,0.33488646946858575
Ozone,CART,44,4,0.9347826086956522,0.6932488288784788,0.7616033755274262,0.4561733076922879,0.40671112638818546
Ozone,pearson/product/global,44,4,0.9367588932806324,0.6756410256410257,0.8827795358649789,0.22366075993681542,0.24292964728288352
Ozone,spearman/product/global,44,4,0.9347826086956522,0.6593009732509029,0.8901635021097046,0.2319997548210061,0.2414154887497559
Ozone,pearson/min/global,44,4,0.9367588932806324,0.6633679833679833,0.8771097046413501,0.2454580037291819,0.2511011195807899
Ozone,pearson/mean/global,44,4,0.9209486166007905,0.594551282051282,0.831816983122363,0.2912560832531327,0.276656437227691
Ozone,pearson/product/node,44,4,0.932806324110672,0.6674398824711977,0.7765690928270041,0.2361881967000456,0.2523814032141116
