dataset,alpha,seed,fold,accuracy,bootstrap_weighted_redundancy,importance_rank_corr,feature_set_jaccard,top5_jaccard
WDBC,0.0,42,0,0.9210526315789473,0.589560842266376,0.3418060292368653,0.3266240119529594,0.28375104427736003
WDBC,0.2,42,0,0.9122807017543859,0.47879882267750756,0.2697986548346231,0.28445499675762836,0.22708855472013365
WDBC,0.4,42,0,0.9035087719298246,0.4441540369011114,0.2561076180478945,0.2698002436160331,0.2252088554720134
WDBC,0.6,42,0,0.9035087719298246,0.3481956357307105,0.2342133499368627,0.2694163877058614,0.20250626566416036
WDBC,0.8,42,0,0.9210526315789473,0.28946452842409026,0.2589415871814589,0.2732034924140187,0.22128237259816202
WDBC,1.0,42,0,0.9210526315789473,0.2410882998307212,0.3209051405693926,0.31522157666894507,0.24678362573099413
WDBC,0.0,42,1,0.9035087719298246,0.6397111790687128,0.289609833681288,0.2770985593354014,0.2515350877192983
WDBC,0.2,42,1,0.8859649122807017,0.5790419653706823,0.26071807020705823,0.27315244696823643,0.22477025898078531
WDBC,0.4,42,1,0.8859649122807017,0.5220621052052861,0.2372172894314447,0.25590256234993075,0.2117794486215539
WDBC,0.6,42,1,0.9035087719298246,0.47130423901707597,0.23283603538574513,0.27150194834405356,0.20421888053467
WDBC,0.8,42,1,0.8947368421052632,0.3316410415433014,0.19443717622363602,0.2515984746247904,0.18101503759398493
WDBC,1.0,42,1,0.8947368421052632,0.27635514970986386,0.16922873354209975,0.2210234356286988,0.1840852130325814
WDBC,0.0,42,2,0.9298245614035088,0.6136275505384994,0.3341089713508714,0.33170916072231865,0.26194653299916454
WDBC,0.2,42,2,0.9649122807017544,0.5432787341481722,0.22368739117456074,0.24123250502507468,0.22286967418546366
WDBC,0.4,42,2,0.9649122807017544,0.43207605208774913,0.22515159190330544,0.24214824649035172,0.22796574770258982
WDBC,0.6,42,2,0.9649122807017544,0.3619292458345749,0.24700641025484188,0.260337459238388,0.21165413533834584
WDBC,0.8,42,2,0.9649122807017544,0.28761870389451505,0.28766018289518497,0.28517580372843526,0.2403801169590643
WDBC,1.0,42,2,0.9649122807017544,0.25718213426604225,0.293760179209766,0.2945334782176887,0.2365142021720969
WDBC,0.0,42,3,0.9298245614035088,0.6658142495179227,0.25491911593764555,0.2958443594589106,0.2193191311612364
WDBC,0.2,42,3,0.9298245614035088,0.575743142202035,0.21322709560003456,0.2597074489837648,0.20155597326649957
WDBC,0.4,42,3,0.9298245614035088,0.4917457166304267,0.20749503008313422,0.2657962505330927,0.1641812865497076
WDBC,0.6,42,3,0.9122807017543859,0.42266651676708583,0.16977578390917333,0.23287241997768313,0.15251670843776108
WDBC,0.8,42,3,0.9210526315789473,0.3530152981543181,0.21119654388799122,0.2619781388202441,0.17084377610693402
WDBC,1.0,42,3,0.9122807017543859,0.2688423933698275,0.23708157021925885,0.2690830660567503,0.20449039264828742
WDBC,0.0,42,4,0.9469026548672567,0.619662433755969,0.28884335150278495,0.31054544268940554,0.24074979114452796
WDBC,0.2,42,4,0.9469026548672567,0.5466199192011406,0.22838938625372737,0.2782536611135682,0.2139515455304929
WDBC,0.4,42,4,0.9469026548672567,0.5018128305417873,0.1921040618482441,0.2622029286502971,0.17307852965747705
WDBC,0.6,42,4,0.9469026548672567,0.41932523594369997,0.1619818353046606,0.24115963714647923,0.173015873015873
WDBC,0.8,42,4,0.9380530973451328,0.32694215999985937,0.17429082337116433,0.23572720408246722,0.17243107769423557
WDBC,1.0,42,4,0.8938053097345132,0.2723191217047773,0.15044333042809804,0.22316485415169623,0.17319340016708437
WDBC,0.0,43,0,0.9298245614035088,0.624601428301128,0.2814561758142321,0.2772110930005667,0.26900584795321636
WDBC,0.2,43,0,0.9298245614035088,0.5456297050721253,0.2528883078792847,0.2574376792797845,0.24024644945697574
WDBC,0.4,43,0,0.9385964912280702,0.5016644137043411,0.21543504209737488,0.2453411938938255,0.20835421888053468
WDBC,0.6,43,0,0.9385964912280702,0.44649848121719193,0.18679315172149297,0.2362254996465523,0.18609022556390975
WDBC,0.8,43,0,0.9122807017543859,0.3222485233689913,0.13832378509580087,0.20442794048057203,0.1622389306599833
WDBC,1.0,43,0,0.9122807017543859,0.2655463463502929,0.1518938164723062,0.210881209433841,0.16858813700918965
WDBC,0.0,43,1,0.9210526315789473,0.6398396357218301,0.3276724401017458,0.328399466031045,0.28755221386800334
WDBC,0.2,43,1,0.9385964912280702,0.6051426848005842,0.30677840725192707,0.31004012069801545,0.2740392648287384
WDBC,0.4,43,1,0.9122807017543859,0.4223069752108145,0.22074928076721909,0.27324942300561494,0.17951127819548873
WDBC,0.6,43,1,0.9122807017543859,0.34392152577889423,0.23314424842173795,0.2724493927125506,0.1906223893065998
WDBC,0.8,43,1,0.9122807017543859,0.3123577217123958,0.23121037654389356,0.2634442896285002,0.2030284043441938
WDBC,1.0,43,1,0.9122807017543859,0.2513202504394201,0.2241384809643082,0.2618651377861904,0.21038011695906428
WDBC,0.0,43,2,0.9122807017543859,0.5884065583585787,0.3245609475408097,0.3301126496482534,0.2548663324979114
WDBC,0.2,43,2,0.9035087719298246,0.49760686960113354,0.3047028715570489,0.3122249241986084,0.25898078529657476
WDBC,0.4,43,2,0.9035087719298246,0.45536537520280973,0.2503038455593403,0.28421752224383806,0.2152255639097744
WDBC,0.6,43,2,0.8947368421052632,0.36813430477357967,0.23015447390035335,0.2709384329121171,0.2133876357560568
WDBC,0.8,43,2,0.9210526315789473,0.3342338174829394,0.25321015926372187,0.28572690467427314,0.21526733500417708
WDBC,1.0,43,2,0.9210526315789473,0.28382911090719876,0.25101796791019626,0.2767348733138207,0.2077067669172932
WDBC,0.0,43,3,0.9298245614035088,0.6405147485670077,0.280853548726535,0.30355062034628594,0.22769423558897242
WDBC,0.2,43,3,0.9122807017543859,0.5568969525592331,0.276682577101498,0.2961619520830047,0.2456975772765246
WDBC,0.4,43,3,0.9122807017543859,0.47727013933817897,0.23896584460539247,0.2774463840253314,0.21238512949039265
WDBC,0.6,43,3,0.9385964912280702,0.4325732371495833,0.23485484864278705,0.2850270489744174,0.18920217209690893
WDBC,0.8,43,3,0.9473684210526315,0.3693491697609051,0.22766317451348342,0.27497295102558256,0.20342522974101918
WDBC,1.0,43,3,0.9122807017543859,0.2880007879299992,0.26285167092767453,0.2934357017251754,0.2210735171261487
WDBC,0.0,43,4,0.9646017699115044,0.6207966718947485,0.2338202317606065,0.28665669598719135,0.2104427736006683
WDBC,0.2,43,4,0.9734513274336283,0.5237840533992448,0.1939439717121617,0.26233389804210233,0.19216791979949874
WDBC,0.4,43,4,0.9734513274336283,0.4857162662097377,0.17501579445776444,0.24852346483925436,0.17318295739348372
WDBC,0.6,43,4,0.9734513274336283,0.41177725746453414,0.21147530908989873,0.26155998971788447,0.19928989139515457
WDBC,0.8,43,4,0.9734513274336283,0.30062242630773145,0.20931363635450326,0.2533798073271758,0.21478696741854636
WDBC,1.0,43,4,0.9734513274336283,0.25955738890730834,0.22160548698784593,0.26488109843373,0.2190058479532164
WDBC,0.0,44,0,0.9473684210526315,0.5883519793889299,0.2862989648990579,0.29859714846556956,0.26403508771929823
WDBC,0.2,44,0,0.9385964912280702,0.519649850003167,0.2210101620655157,0.2562625532362374,0.2117376775271512
WDBC,0.4,44,0,0.9385964912280702,0.4582205343027721,0.19198541337152136,0.2457127959759538,0.19175020885547203
WDBC,0.6,44,0,0.9298245614035088,0.38016443149090196,0.17841618669531908,0.23931190154874366,0.16731620718462825
WDBC,0.8,44,0,0.9210526315789473,0.3378625137815352,0.13893993616379616,0.20743461217145429,0.1586528822055138
WDBC,1.0,44,0,0.9210526315789473,0.2598404986079745,0.17360206510369858,0.23514139369402523,0.17048872180451125
WDBC,0.0,44,1,0.9473684210526315,0.601500387333723,0.30388620626687113,0.3207199860682832,0.23295739348370925
WDBC,0.2,44,1,0.9385964912280702,0.5211264592920235,0.3163540401316031,0.31219755390808024,0.2388471177944862
WDBC,0.4,44,1,0.9122807017543859,0.4487272444668773,0.22715706875314504,0.2672988488120067,0.18989139515455306
WDBC,0.6,44,1,0.9035087719298246,0.39612436491449726,0.23952971062716677,0.26362714770609513,0.20643274853801166
WDBC,0.8,44,1,0.9035087719298246,0.3046549971968527,0.2195073221442653,0.2594804610594084,0.20557644110275688
WDBC,1.0,44,1,0.8859649122807017,0.240127964458334,0.24740955785408122,0.27972375577638736,0.20438596491228067
WDBC,0.0,44,2,0.956140350877193,0.6298950723128458,0.3133001726694295,0.3082768547242231,0.2941938178780284
WDBC,0.2,44,2,0.956140350877193,0.5544445692932518,0.2202212779873386,0.2624948297316718,0.21234335839598995
WDBC,0.4,44,2,0.9649122807017544,0.48458942032456365,0.19395394753394923,0.25248288261446156,0.17491645781119466
WDBC,0.6,44,2,0.956140350877193,0.38438091827137005,0.18666237366212474,0.24871732069100483,0.1733500417710944
WDBC,0.8,44,2,0.9473684210526315,0.3279123352697571,0.14192025512101847,0.2098809815915079,0.1577798663324979
WDBC,1.0,44,2,0.8947368421052632,0.2661569130011237,0.16683268294225134,0.22012656933709565,0.1736675020885547
WDBC,0.0,44,3,0.956140350877193,0.5975007781197574,0.24997957699936588,0.2649015312173207,0.25628654970760234
WDBC,0.2,44,3,0.956140350877193,0.5455671273082303,0.18380534494054956,0.22721382418750843,0.21361737677527148
WDBC,0.4,44,3,0.956140350877193,0.4972924490054423,0.15230859102625793,0.21019975638396696,0.19456975772765248
WDBC,0.6,44,3,0.956140350877193,0.4278227077172426,0.12985064848603087,0.19767948425843168,0.16632205513784462
WDBC,0.8,44,3,0.9473684210526315,0.36682454855668994,0.12837549942525694,0.2122156060313955,0.16092314118629908
WDBC,1.0,44,3,0.9473684210526315,0.26891771188585367,0.18332818925818362,0.24065820144767514,0.17779866332497912
WDBC,0.0,44,4,0.911504424778761,0.6308839689704561,0.22416126266300446,0.2624737367036129,0.21743943191311613
WDBC,0.2,44,4,0.9292035398230089,0.5692238397853459,0.19971256298426648,0.250765946729569,0.20373851294903925
WDBC,0.4,44,4,0.9469026548672567,0.5241145087954633,0.21076420981864077,0.2556839140391772,0.20050125313283204
WDBC,0.6,44,4,0.9469026548672567,0.4266006008835487,0.21805194663918143,0.2604725610646663,0.20457393483709274
WDBC,0.8,44,4,0.9469026548672567,0.3339154710118396,0.21912634716811158,0.26400603782182724,0.19763993316624892
WDBC,1.0,44,4,0.9469026548672567,0.2466625172369259,0.2597519228660433,0.2853584427268638,0.2170551378446115
Wine,0.0,42,0,0.7330769230769231,0.18071320138203936,0.634354066985646,0.9827751196172249,0.6073934837092733
Wine,0.2,42,0,0.7376923076923076,0.16847620178007522,0.7025635187107625,0.9573205741626793,0.5988095238095239
Wine,0.4,42,0,0.7361538461538462,0.15884914995863794,0.7455980861244017,0.9526315789473683,0.6217418546365916
Wine,0.6,42,0,0.7315384615384616,0.14917843172173215,0.8205077219985972,0.913157894736842,0.692731829573935
Wine,0.8,42,0,0.7315384615384616,0.13817516467673957,0.8572159164612114,0.9383253588516748,0.699248120300752
Wine,1.0,42,0,0.7315384615384616,0.129919867121083,0.8804161806970943,0.9290111642743221,0.6912280701754387
Wine,0.0,42,1,0.7476923076923077,0.18338933253055179,0.5882775119617225,1.0,0.5040726817042607
Wine,0.2,42,1,0.7446153846153846,0.16925696788297495,0.6669856459330143,0.9827751196172249,0.6157894736842106
Wine,0.4,42,1,0.7415384615384616,0.15825720064490484,0.6896100884815122,0.9088516746411484,0.6581453634085213
Wine,0.6,42,1,0.7446153846153846,0.14522980173331515,0.7322422060306031,0.9054226475279106,0.6389097744360903
Wine,0.8,42,1,0.7438461538461538,0.1290863448513056,0.8449230474413268,0.8602286018075492,0.6478696741854637
Wine,1.0,42,1,0.7384615384615385,0.12139414571971086,0.8441828871346717,0.8635566188197769,0.6446115288220552
Wine,0.0,42,2,0.7598152424942263,0.1833088002010818,0.6950239234449762,0.9564593301435405,0.6163533834586467
Wine,0.2,42,2,0.7598152424942263,0.1716465838357805,0.7332080059816926,0.9573205741626793,0.667669172932331
Wine,0.4,42,2,0.76058506543495,0.16042250420526125,0.7406355127750526,0.9422966507177032,0.7145989974937346
Wine,0.6,42,2,0.7505773672055427,0.147723421561487,0.8275371564127436,0.9211961722488039,0.6711779448621555
Wine,0.8,42,2,0.7505773672055427,0.13912990231325834,0.8288869711923665,0.9010260499734185,0.6411027568922306
Wine,1.0,42,2,0.7513471901462664,0.12871848374876182,0.8367971066378925,0.9224720893141944,0.6298245614035088
Wine,0.0,42,3,0.7467282525019245,0.18374337199290636,0.6494258373205742,0.990909090909091,0.5817669172932332
Wine,0.2,42,3,0.745958429561201,0.17218178221164146,0.6687081339712919,0.9330143540669855,0.6108395989974937
Wine,0.4,42,3,0.7528868360277137,0.16315038895422804,0.6962200956937801,0.9267942583732056,0.599812030075188
Wine,0.6,42,3,0.7397998460354118,0.15374104297613794,0.7260977779639026,0.9079425837320574,0.5948621553884712
Wine,0.8,42,3,0.7359507313317937,0.14384009873809162,0.7759264109637632,0.9187559808612442,0.6038847117794487
Wine,1.0,42,3,0.7390300230946882,0.13439020603471574,0.7863297752596056,0.8893939393939395,0.6468671679197996
Wine,0.0,42,4,0.7344110854503464,0.18580644105430083,0.7188516746411485,1.0,0.6223057644110276
Wine,0.2,42,4,0.7428791377983064,0.17520803935483356,0.7456459330143541,0.9511961722488036,0.6639097744360902
Wine,0.4,42,4,0.7397998460354118,0.1661120308514111,0.7790909090909091,0.9564593301435407,0.68546365914787
Wine,0.6,42,4,0.7451886066204773,0.15208388730048655,0.7972257262419445,0.9430622009569377,0.6691729323308273
Wine,0.8,42,4,0.7482678983833718,0.14171171584547948,0.8491310018432989,0.9326315789473687,0.7343358395989975
Wine,1.0,42,4,0.7421093148575828,0.13135861465402515,0.8579342266684258,0.9173099415204679,0.7135338345864664
Wine,0.0,43,0,0.7346153846153847,0.1839344532910678,0.6069856459330144,1.0,0.5479949874686717
Wine,0.2,43,0,0.7430769230769231,0.1736394740137977,0.6698086124401914,0.9818181818181819,0.5985588972431078
Wine,0.4,43,0,0.7384615384615385,0.159969231794224,0.7364832810847656,0.9413875598086123,0.6526942355889724
Wine,0.6,43,0,0.7484615384615385,0.1495725512358331,0.7602645969806974,0.8954066985645933,0.6251253132832081
Wine,0.8,43,0,0.7446153846153846,0.13795811756720816,0.7629839652666373,0.8925837320574163,0.6179197994987469
Wine,1.0,43,0,0.7461538461538462,0.13158090971849548,0.7836300633124512,0.8935672514619886,0.6169799498746867
Wine,0.0,43,1,0.7384615384615385,0.17528067014200327,0.6871291866028708,0.9645933014354066,0.6053884711779448
Wine,0.2,43,1,0.7453846153846154,0.16485633305430228,0.7158959427933874,0.9510526315789473,0.6
Wine,0.4,43,1,0.7415384615384616,0.1558392264315421,0.7717725174779054,0.9274162679425836,0.624812030075188
Wine,0.6,43,1,0.7376923076923076,0.1444693653455175,0.7981897753061477,0.8809569377990428,0.67468671679198
Wine,0.8,43,1,0.7446153846153846,0.13254444978156793,0.8444752940169241,0.8703774587985114,0.6887218045112784
Wine,1.0,43,1,0.7430769230769231,0.12262496814754768,0.8842863960555097,0.9058479532163742,0.7210526315789475
Wine,0.0,43,2,0.745958429561201,0.17892248489325063,0.7249760765550239,1.0,0.6233082706766918
Wine,0.2,43,2,0.7505773672055427,0.16832149478807215,0.7359330143540671,0.9727272727272727,0.6240601503759399
Wine,0.4,43,2,0.7567359507313318,0.15794120219825547,0.7532057416267942,0.9492822966507176,0.6360902255639098
Wine,0.6,43,2,0.7644341801385681,0.14568274389909303,0.7837006414865341,0.9067942583732057,0.6325814536340852
Wine,0.8,43,2,0.7644341801385681,0.13427409337312346,0.839878149096924,0.9054279638490166,0.6619047619047621
Wine,1.0,43,2,0.7621247113163973,0.12646388739773523,0.8503724207189608,0.9196491228070176,0.6604010025062659
Wine,0.0,43,3,0.7405696689761355,0.19140225394066196,0.6930622009569378,0.9818181818181817,0.5947994987468672
Wine,0.2,43,3,0.7397998460354118,0.17579834154550758,0.68688995215311,0.9665071770334928,0.6162280701754386
Wine,0.4,43,3,0.7421093148575828,0.1652539638896823,0.7437924630505534,0.9411483253588516,0.6682957393483709
Wine,0.6,43,3,0.7382602001539645,0.1529076191034627,0.7807381042559184,0.902200956937799,0.7275689223057645
Wine,0.8,43,3,0.7397998460354118,0.14459918840788566,0.8309371128861459,0.9075598086124403,0.7145363408521305
Wine,1.0,43,3,0.7244033872209392,0.13284265759010275,0.8339199458346717,0.8756831472620946,0.6919799498746867
Wine,0.0,43,4,0.7428791377983064,0.18400595432870626,0.6764593301435406,0.9909090909090909,0.6535714285714287
Wine,0.2,43,4,0.7359507313317937,0.17229891577928727,0.6677511961722488,0.9645933014354066,0.5642857142857143
Wine,0.4,43,4,0.7336412625096228,0.16032005327406804,0.7261722488038279,0.9330143540669855,0.6238095238095238
Wine,0.6,43,4,0.7397998460354118,0.14930012763851377,0.7818599682807433,0.909090909090909,0.6649749373433584
Wine,0.8,43,4,0.7421093148575828,0.13940752491689443,0.8181979239731072,0.8863636363636364,0.6731829573934838
Wine,1.0,43,4,0.7451886066204773,0.13087330084276255,0.8449684768381378,0.9191812865497077,0.6731829573934839
Wine,0.0,44,0,0.7546153846153846,0.17340547053489286,0.7226794258373206,0.9727272727272727,0.6380952380952382
Wine,0.2,44,0,0.7615384615384615,0.16426145560951996,0.7585645933014354,0.9827751196172249,0.6819548872180453
Wine,0.4,44,0,0.76,0.15016489752118345,0.7790347483672299,0.9257416267942583,0.6656641604010027
Wine,0.6,44,0,0.7615384615384615,0.14035350414827086,0.8218983530780833,0.8961722488038276,0.6614035087719299
Wine,0.8,44,0,0.7569230769230769,0.1301574932638155,0.852653746542269,0.8918128654970761,0.6686716791979951
Wine,1.0,44,0,0.7630769230769231,0.12551137893902178,0.8491792016570655,0.9086549707602343,0.6600250626566418
Wine,0.0,44,1,0.7507692307692307,0.18074860147438054,0.6455502392344498,0.9736842105263156,0.5585213032581454
Wine,0.2,44,1,0.7423076923076923,0.17085937244422805,0.7107177033492824,0.9574162679425836,0.6025689223057645
Wine,0.4,44,1,0.7438461538461538,0.16002802447681802,0.7444976076555024,0.9449760765550238,0.5971804511278197
Wine,0.6,44,1,0.7484615384615385,0.14682151374691393,0.8143690416878497,0.8846358320042531,0.6525689223057646
Wine,0.8,44,1,0.7607692307692308,0.1366805270364258,0.8188756245233973,0.8784263689526851,0.6669799498746869
Wine,1.0,44,1,0.7607692307692308,0.12918537760075904,0.8640612499984498,0.8942371079213186,0.655639097744361
Wine,0.0,44,2,0.7729022324865281,0.18760106117512823,0.6523923444976077,0.9909090909090909,0.5881578947368421
Wine,0.2,44,2,0.7713625866050808,0.17957344682753984,0.6688038277511963,0.9818181818181817,0.5941729323308271
Wine,0.4,44,2,0.7675134719014627,0.16476464497470553,0.7169856459330145,0.9492822966507177,0.6409147869674187
Wine,0.6,44,2,0.7675134719014627,0.14958847812593512,0.7548348355746924,0.910956937799043,0.6659147869674187
Wine,0.8,44,2,0.7644341801385681,0.13834673294190042,0.8020452072457996,0.913088782562467,0.6503759398496242
Wine,1.0,44,2,0.7544264819091608,0.12703351730858264,0.8547197354041267,0.9019883040935673,0.6812030075187973
Wine,0.0,44,3,0.7536566589684373,0.17758697777844393,0.7066028708133972,0.9645933014354066,0.636591478696742
Wine,0.2,44,3,0.7474980754426482,0.16804074671551952,0.7408165344045337,0.9573205741626793,0.6817042606516294
Wine,0.4,44,3,0.7451886066204773,0.15843679805022792,0.7849680022894281,0.9264593301435405,0.6902882205513785
Wine,0.6,44,3,0.7505773672055427,0.14750255102145962,0.8000604373606279,0.8837799043062199,0.7065162907268172
Wine,0.8,44,3,0.7528868360277137,0.1390962180376498,0.857334808267725,0.904433811802233,0.7208020050125313
Wine,1.0,44,3,0.7505773672055427,0.12917390203847098,0.8752412179155274,0.8769643806485912,0.7368421052631579
Wine,0.0,44,4,0.75211701308699,0.18335276683274968,0.6563157894736843,0.9909090909090909,0.6296365914786968
Wine,0.2,44,4,0.7490377213240954,0.17389562825167237,0.6303349282296652,0.9401913875598086,0.5789473684210525
Wine,0.4,44,4,0.7490377213240954,0.16280443061400698,0.6887894856526657,0.9028229665071769,0.6451127819548873
Wine,0.6,44,4,0.7421093148575828,0.154368360848409,0.7126696399455442,0.9013397129186601,0.6441102756892231
Wine,0.8,44,4,0.7405696689761355,0.1393482147881886,0.7721327229495608,0.8661722488038277,0.6360902255639098
Wine,1.0,44,4,0.7405696689761355,0.12811404246251576,0.8369995944405003,0.8697182349813931,0.6533834586466166
Ionosphere,0.0,42,0,0.9014084507042254,0.16164438987401233,0.3755444423549787,0.3321849787639261,0.2876775271512113
Ionosphere,0.2,42,0,0.8873239436619719,0.14879106070774023,0.3395629723738239,0.3028244708507866,0.2596491228070176
Ionosphere,0.4,42,0,0.8873239436619719,0.13799417175074608,0.3859396174663714,0.3339784776626882,0.2831244778613199
Ionosphere,0.6,42,0,0.8873239436619719,0.12899631077949553,0.37647691215156875,0.3257381215275952,0.26616541353383455
Ionosphere,0.8,42,0,0.8873239436619719,0.12118682084318835,0.33012396967351915,0.2960679086994876,0.24018379281537175
Ionosphere,1.0,42,0,0.8873239436619719,0.1221958114973154,0.30168725338421887,0.2727576370997424,0.24477861319966582
Ionosphere,0.0,42,1,0.9285714285714286,0.152021606523785,0.4188668244752131,0.36078685933949095,0.3237259816207185
Ionosphere,0.2,42,1,0.9285714285714286,0.140159401609059,0.39856747794946057,0.3476199385409912,0.31219715956558053
Ionosphere,0.4,42,1,0.9,0.132710627440683,0.39663583748584363,0.34580003330003334,0.30722639933166246
Ionosphere,0.6,42,1,0.9,0.1298676635761496,0.40579222870091214,0.35676217788059894,0.3119883040935672
Ionosphere,0.8,42,1,0.9,0.12625303089856288,0.42046680159265226,0.3681929108902793,0.3096386800334169
Ionosphere,1.0,42,1,0.9,0.11888285553201287,0.4191346779906521,0.3632492069334175,0.2957289055973267
Ionosphere,0.0,42,2,0.8857142857142857,0.17186548992109146,0.3330311878029122,0.3078089935520276,0.2479323308270677
Ionosphere,0.2,42,2,0.8857142857142857,0.16064510851595298,0.2649930321684118,0.2590647282713846,0.233375104427736
Ionosphere,0.4,42,2,0.8857142857142857,0.1520757520408093,0.24700726280126212,0.257246593276005,0.21290726817042605
Ionosphere,0.6,42,2,0.8571428571428571,0.15308061101307022,0.24634334309009795,0.2612724955642912,0.2046157059314954
Ionosphere,0.8,42,2,0.8714285714285714,0.1358471109366102,0.24964895747273838,0.2588330821225558,0.20299707602339181
Ionosphere,1.0,42,2,0.8714285714285714,0.12707763054571067,0.26361590044167654,0.2683362982047192,0.2072890559732665
Ionosphere,0.0,42,3,0.9,0.16609582795974662,0.3840799951133988,0.34326925740238434,0.29022556390977444
Ionosphere,0.2,42,3,0.9142857142857143,0.15799371931231543,0.3685708478296988,0.32676516294163355,0.2777986633249791
Ionosphere,0.4,42,3,0.9,0.14529841731325926,0.36385635165716596,0.31936665372810885,0.28099415204678363
Ionosphere,0.6,42,3,0.9,0.13693472351467845,0.3751157510644339,0.3262620420515157,0.300375939849624
Ionosphere,0.8,42,3,0.9285714285714286,0.13666844473128387,0.3226103947668931,0.2847142477405636,0.2628863826232247
Ionosphere,1.0,42,3,0.9142857142857143,0.12750997430963223,0.3364717905382134,0.2873755922440133,0.25789473684210523
Ionosphere,0.0,42,4,0.8571428571428571,0.17751642083234198,0.4284864169503044,0.36348141023063635,0.3263993316624895
Ionosphere,0.2,42,4,0.8571428571428571,0.16183409158274312,0.43237048480215284,0.3657278475738228,0.3262322472848789
Ionosphere,0.4,42,4,0.8571428571428571,0.15318519718697626,0.4265780283371677,0.35697716026663395,0.31342940685045945
Ionosphere,0.6,42,4,0.8571428571428571,0.14263723402808764,0.4135698704902198,0.3413161546056282,0.3045739348370927
Ionosphere,0.8,42,4,0.8571428571428571,0.13252459927525803,0.41911831111960335,0.34306986872776346,0.30480367585630747
Ionosphere,1.0,42,4,0.8571428571428571,0.1152130117563253,0.37149238389220357,0.3071145229039966,0.27581871345029235
Ionosphere,0.0,43,0,0.8732394366197183,0.1752832350707747,0.3757659220335334,0.3233111917322444,0.2992481203007518
Ionosphere,0.2,43,0,0.8732394366197183,0.16121687212130636,0.4010280802073885,0.358990146420487,0.2910818713450292
Ionosphere,0.4,43,0,0.8732394366197183,0.1516854334850735,0.4430604244627553,0.3769139490540419,0.31902673350041766
Ionosphere,0.6,43,0,0.8591549295774648,0.14311410793362134,0.48155111859085825,0.40526330394751436,0.3381370091896408
Ionosphere,0.8,43,0,0.8591549295774648,0.13759227434789129,0.46922352081202984,0.3952596131079103,0.3411027568922306
Ionosphere,1.0,43,0,0.8591549295774648,0.13294411845392803,0.4596135281105735,0.38413818637502845,0.32926065162907264
Ionosphere,0.0,43,1,0.9,0.18295014153393457,0.42550972632726203,0.36217785869101654,0.32424812030075184
Ionosphere,0.2,43,1,0.9428571428571428,0.15846362990942006,0.35084465863233283,0.3069569140959886,0.3011487050960735
Ionosphere,0.4,43,1,0.9428571428571428,0.15462447675652477,0.36924169527811834,0.3176241629028007,0.2903926482873851
Ionosphere,0.6,43,1,0.9285714285714286,0.1512093476280586,0.3553208580827151,0.3067879948568803,0.30850041771094394
Ionosphere,0.8,43,1,0.9285714285714286,0.15020552116123623,0.3395497854733227,0.29564819683240734,0.30551378446115285
Ionosphere,1.0,43,1,0.9285714285714286,0.14027328865179792,0.31589833379164245,0.2826356332006486,0.27539682539682536
Ionosphere,0.0,43,2,0.8714285714285714,0.16861445765152575,0.38076893615874624,0.321834762244979,0.31495405179615704
Ionosphere,0.2,43,2,0.8714285714285714,0.15108644971022173,0.38718468542863516,0.32928594195622063,0.32497911445279865
Ionosphere,0.4,43,2,0.8714285714285714,0.14174715739687052,0.4051268364837468,0.34062782246992773,0.3241436925647452
Ionosphere,0.6,43,2,0.8714285714285714,0.1333555437281083,0.4435306821707454,0.3653955839482156,0.3233918128654971
Ionosphere,0.8,43,2,0.8571428571428571,0.12786741232201365,0.4343524365362881,0.3561995314626894,0.3196324143692565
Ionosphere,1.0,43,2,0.8571428571428571,0.12370584857689607,0.4319777902309682,0.34582197042723356,0.3235275689223058
Ionosphere,0.0,43,3,0.8857142857142857,0.15920962889131543,0.37613007199608867,0.32051404735615263,0.32512531328320804
Ionosphere,0.2,43,3,0.8857142857142857,0.13896042054940216,0.38221987887199094,0.32556817451554293,0.3065162907268171
Ionosphere,0.4,43,3,0.8714285714285714,0.13507871866002893,0.3583244779602383,0.3106545647335121,0.29897660818713445
Ionosphere,0.6,43,3,0.8714285714285714,0.13359227369748233,0.37168781940291,0.3234147942700574,0.27953216374269
Ionosphere,0.8,43,3,0.8714285714285714,0.13024065950825484,0.3598169812278712,0.3081275303643725,0.2764411027568922
Ionosphere,1.0,43,3,0.8714285714285714,0.12785691007239122,0.3561795548849665,0.31042163976374504,0.2666666666666666
Ionosphere,0.0,43,4,0.8857142857142857,0.1752230013572031,0.4075804509491263,0.3367150685571738,0.3058688387635756
Ionosphere,0.2,43,4,0.8857142857142857,0.14937406068313658,0.3799586326621358,0.31012366288682075,0.3007101086048455
Ionosphere,0.4,43,4,0.8857142857142857,0.140157028430509,0.3950540662104576,0.32814133235185866,0.2905806182121971
Ionosphere,0.6,43,4,0.8857142857142857,0.1262135098786758,0.4130581158685251,0.3388903348113874,0.30626566416040096
Ionosphere,0.8,43,4,0.8714285714285714,0.12339538088572774,0.41224704841947224,0.3457815284131074,0.30469924812030075
Ionosphere,1.0,43,4,0.8714285714285714,0.1200517602892995,0.4187464791582528,0.34600349942455194,0.324812030075188
Ionosphere,0.0,44,0,0.8732394366197183,0.15804599552976462,0.3307701199836306,0.30233384950103215,0.27349624060150374
Ionosphere,0.2,44,0,0.8873239436619719,0.1534180062957301,0.31164900600748185,0.28711122941386097,0.2736006683375104
Ionosphere,0.4,44,0,0.9154929577464789,0.15407143943241305,0.3530706382495069,0.316315430785245,0.2827903091060986
Ionosphere,0.6,44,0,0.9154929577464789,0.13689648223081183,0.33076472234274196,0.29323601836759733,0.26574770258980784
Ionosphere,0.8,44,0,0.9154929577464789,0.12660859566110924,0.36420227456512305,0.3097505126452495,0.28997493734335833
Ionosphere,1.0,44,0,0.9154929577464789,0.11094073725015581,0.3788764667719261,0.31155530142372245,0.29156223893065997
Ionosphere,0.0,44,1,0.8714285714285714,0.15673372893722237,0.36373456855235314,0.3166698214066635,0.28272765246449455
Ionosphere,0.2,44,1,0.8714285714285714,0.14462005468349265,0.3651563031923142,0.3199444999444999,0.2851921470342523
Ionosphere,0.4,44,1,0.8571428571428571,0.13195718723227215,0.3415423252770711,0.3070595048226627,0.26236424394319124
Ionosphere,0.6,44,1,0.8285714285714286,0.12469106983117946,0.3450598261334185,0.3059669424143108,0.25304928989139513
Ionosphere,0.8,44,1,0.8142857142857143,0.11552932455756963,0.3594901302525636,0.31589504063188273,0.2587719298245614
Ionosphere,1.0,44,1,0.8142857142857143,0.10701614213877815,0.3797254586055612,0.32294322636427897,0.27203425229741013
Ionosphere,0.0,44,2,0.8714285714285714,0.16480723519714627,0.3999058900144399,0.33386294991558146,0.3023182957393484
Ionosphere,0.2,44,2,0.8714285714285714,0.15140788460301005,0.3596888314925453,0.2972888661046555,0.3019632414369256
Ionosphere,0.4,44,2,0.8285714285714286,0.14802794558767984,0.38767410313888157,0.31741080556870027,0.3259189640768588
Ionosphere,0.6,44,2,0.8285714285714286,0.14083765856850522,0.4110837767368206,0.33279702753386964,0.33968253968253964
Ionosphere,0.8,44,2,0.8571428571428571,0.13502843465956607,0.40929973024985133,0.33484271576376834,0.3327485380116959
Ionosphere,1.0,44,2,0.8571428571428571,0.13100351527722293,0.40866767162296064,0.33260431089378456,0.3229949874686716
Ionosphere,0.0,44,3,0.9,0.1665848436878798,0.36670441382041974,0.3213612118875277,0.26729323308270675
Ionosphere,0.2,44,3,0.8714285714285714,0.15782151718983406,0.3114147372216214,0.2822739833266149,0.25960735171261484
Ionosphere,0.4,44,3,0.9142857142857143,0.13908299207407063,0.28904884118949853,0.27180009318167214,0.2436925647451963
Ionosphere,0.6,44,3,0.9,0.1384148676326503,0.2908546736544244,0.2713582178055862,0.2464703425229741
Ionosphere,0.8,44,3,0.8714285714285714,0.12736417448721118,0.2918086682987684,0.25980000993158886,0.2506474519632414
Ionosphere,1.0,44,3,0.8714285714285714,0.11484843778986893,0.29296836908369284,0.2639096721991459,0.2530910609857978
Ionosphere,0.0,44,4,0.8714285714285714,0.16823183865368363,0.3856811221318938,0.3271187876451034,0.30931495405179615
Ionosphere,0.2,44,4,0.8857142857142857,0.1556581963651961,0.38266541448131813,0.3308343557027767,0.3021512113617376
Ionosphere,0.4,44,4,0.9,0.1505438882801555,0.40074813203719445,0.34359396451501717,0.2891395154553049
Ionosphere,0.6,44,4,0.9,0.1435658872395738,0.4095476646366541,0.3501789146525989,0.3177109440267335
Ionosphere,0.8,44,4,0.9142857142857143,0.1366179447952484,0.4335154234009791,0.36758504653241497,0.327360066833751
Ionosphere,1.0,44,4,0.9285714285714286,0.12973983827130794,0.46521233984785915,0.3934858416437364,0.3347326649958229
Sonar,0.0,42,0,0.7619047619047619,0.22212247856606857,0.11958211639908861,0.1497360408045596,0.10265246449456976
Sonar,0.2,42,0,0.7142857142857143,0.20062976240750863,0.09156454706154202,0.12192178668470015,0.10265246449456976
Sonar,0.4,42,0,0.7142857142857143,0.19174984035806372,0.09023739502107343,0.12154110690243979,0.10344611528822055
Sonar,0.6,42,0,0.7380952380952381,0.1803385765654889,0.08875095152538248,0.11987352774504477,0.10536758563074354
Sonar,0.8,42,0,0.6904761904761905,0.17696851215718848,0.09294753898884543,0.12235042047735543,0.09872598162071845
Sonar,1.0,42,0,0.6904761904761905,0.17291673680182426,0.0831955879685492,0.11674839994886434,0.09895572263993316
Sonar,0.0,42,1,0.8095238095238095,0.23072708582697232,0.13032356067648315,0.1500576610713893,0.12383040935672515
Sonar,0.2,42,1,0.8095238095238095,0.2147976002400847,0.11139346506953439,0.13577235295257128,0.12274436090225563
Sonar,0.4,42,1,0.6904761904761905,0.18750652009616464,0.11520923401466784,0.138171611850934,0.11267752715121136
Sonar,0.6,42,1,0.6904761904761905,0.1786836284584334,0.11899733228244429,0.14044771565587924,0.10839598997493734
Sonar,0.8,42,1,0.6904761904761905,0.16156786812519958,0.11772518673197592,0.1382464473950542,0.10503341687552213
Sonar,1.0,42,1,0.6904761904761905,0.158493384605156,0.132929985365422,0.1462242934224358,0.11079782790309108
Sonar,0.0,42,2,0.7142857142857143,0.2205327492846192,0.17080747902397708,0.1668703913905152,0.1328111946532999
Sonar,0.2,42,2,0.7142857142857143,0.19508895982265737,0.10841212512615163,0.12641944914390732,0.12015455304928989
Sonar,0.4,42,2,0.7142857142857143,0.19053488930248305,0.10274663943959575,0.12253573653728453,0.12157477025898078
Sonar,0.6,42,2,0.7142857142857143,0.17618317155687874,0.09253929594535468,0.1197188750362125,0.1156015037593985
Sonar,0.8,42,2,0.7142857142857143,0.16572507498233519,0.0738911368010978,0.11071096902753248,0.10524227234753551
Sonar,1.0,42,2,0.7142857142857143,0.16148298563814842,0.08312513002062735,0.11530435938330674,0.10348788638262321
Sonar,0.0,42,3,0.7317073170731707,0.23805900762790105,0.1516579118752341,0.1602725593753376,0.13619465329991645
Sonar,0.2,42,3,0.6341463414634146,0.2135302640727655,0.07622272976092843,0.11708718813187609,0.12071846282372599
Sonar,0.4,42,3,0.6341463414634146,0.20607753658857306,0.08167589856385456,0.12183569734449642,0.12633667502088555
Sonar,0.6,42,3,0.6341463414634146,0.1907473973152663,0.07236664432017517,0.11705562802576816,0.11445279866332499
Sonar,0.8,42,3,0.6341463414634146,0.18938103169610848,0.0794627967302063,0.12178764168498564,0.11553884711779448
Sonar,1.0,42,3,0.6341463414634146,0.18371009450752085,0.07345369919155885,0.11506806778397131,0.10607769423558898
Sonar,0.0,42,4,0.7560975609756098,0.19662408668900416,0.10410980058269624,0.14078907999736578,0.09256474519632416
Sonar,0.2,42,4,0.7560975609756098,0.1773076349884837,0.05856350984565196,0.10678542086884923,0.0841687552213868
Sonar,0.4,42,4,0.6829268292682927,0.16869137023024383,0.05194439493867857,0.10106990489730427,0.08586048454469507
Sonar,0.6,42,4,0.7804878048780488,0.15733706995421853,0.05309898836272671,0.10089044727202622,0.08586048454469507
Sonar,0.8,42,4,0.7804878048780488,0.1567467183104404,0.06138285939270883,0.10583560273575753,0.09160401002506266
Sonar,1.0,42,4,0.7804878048780488,0.15645039573240715,0.07060641634604085,0.10855141848175902,0.09521720969089391
Sonar,0.0,43,0,0.5952380952380952,0.2133792778779156,0.2059850705975344,0.18286961275738364,0.14728487886382624
Sonar,0.2,43,0,0.5952380952380952,0.19494295722703453,0.13775029331612215,0.1376440857903706,0.13356307435254802
Sonar,0.4,43,0,0.5952380952380952,0.1858800801817353,0.14835336927185594,0.14481113142103855,0.12723475355054303
Sonar,0.6,43,0,0.5952380952380952,0.17448381400171278,0.15188762518268056,0.14879734083742557,0.13166248955722643
Sonar,0.8,43,0,0.5952380952380952,0.16255008234073862,0.11783753156714177,0.1294527087707795,0.12286967418546366
Sonar,1.0,43,0,0.5952380952380952,0.1590668447649097,0.11294132271722272,0.12510416773493194,0.11988304093567252
Sonar,0.0,43,1,0.8333333333333334,0.2032404501755824,0.06719483010227503,0.12069723631337612,0.0843358395989975
Sonar,0.2,43,1,0.8571428571428571,0.19529400908590105,0.045941939986007214,0.10213015163642504,0.07796574770258981
Sonar,0.4,43,1,0.8571428571428571,0.18838554457617201,0.042507346031189566,0.10257696000159744,0.07278613199665832
Sonar,0.6,43,1,0.8571428571428571,0.17527410463880305,0.05790403217781814,0.10595482625118438,0.08105680868838765
Sonar,0.8,43,1,0.8571428571428571,0.16861446666991764,0.05603881350936073,0.1038379137790495,0.08295739348370927
Sonar,1.0,43,1,0.8095238095238095,0.16045210697732923,0.05525505914717053,0.10086302758129381,0.08024227234753552
Sonar,0.0,43,2,0.7619047619047619,0.222325724847284,0.1536647356054542,0.16042740023451282,0.15465747702589808
Sonar,0.2,43,2,0.7380952380952381,0.20172940291396024,0.10685986677848502,0.1335742983502475,0.11967418546365914
Sonar,0.4,43,2,0.7380952380952381,0.19455709831448065,0.11682755906121658,0.13981863946076917,0.11996658312447785
Sonar,0.6,43,2,0.7380952380952381,0.19064426453558275,0.11122618111786917,0.13718122387362244,0.11675020885547202
Sonar,0.8,43,2,0.7380952380952381,0.17768557638824092,0.09239626633689284,0.12475776629088506,0.10528404344193817
Sonar,1.0,43,2,0.7857142857142857,0.17620709297466688,0.08847337215663006,0.12181676788711983,0.0975563909774436
Sonar,0.0,43,3,0.7804878048780488,0.21959631633013074,0.13256606463065254,0.1616124744165725,0.10697577276524645
Sonar,0.2,43,3,0.7804878048780488,0.1914618385201798,0.08403547537395402,0.1217976091992305,0.09862155388471179
Sonar,0.4,43,3,0.7804878048780488,0.1870472132200956,0.07501532798800067,0.11518759669892144,0.09889306599832914
Sonar,0.6,43,3,0.8048780487804879,0.17735484197657378,0.0701127956990363,0.11113211454053884,0.10050125313283208
Sonar,0.8,43,3,0.8048780487804879,0.1570914208714317,0.06434493290352443,0.10537972465135573,0.08132832080200501
Sonar,1.0,43,3,0.7560975609756098,0.15515594879421157,0.06624372148748357,0.10394670602874936,0.08360484544695071
Sonar,0.0,43,4,0.7317073170731707,0.20804180518327428,0.10466192696476269,0.13526271143897833,0.10816624895572263
Sonar,0.2,43,4,0.7560975609756098,0.18456842042173055,0.08460558919174824,0.11976127531060721,0.09586466165413535
Sonar,0.4,43,4,0.7560975609756098,0.18344827139651534,0.09081907379581866,0.1227180726683741,0.09791144527986632
Sonar,0.6,43,4,0.7560975609756098,0.1745106989545279,0.10363539711991651,0.128116100423213,0.10578529657477025
Sonar,0.8,43,4,0.7317073170731707,0.16534432515315134,0.09633545982070768,0.12367261714621988,0.10833333333333335
Sonar,1.0,43,4,0.7317073170731707,0.15689607080745788,0.10250767908070997,0.12725570138495834,0.11591478696741855
Sonar,0.0,44,0,0.8095238095238095,0.21771078783748585,0.12476486592639431,0.14790614580230843,0.13051378446115286
Sonar,0.2,44,0,0.8333333333333334,0.1946147716179609,0.09861513942878343,0.12908788005577967,0.11919381787802842
Sonar,0.4,44,0,0.8333333333333334,0.18938145962172281,0.09514220242734567,0.12790829653119862,0.11000417710944027
Sonar,0.6,44,0,0.8333333333333334,0.18051940672930897,0.094691222938259,0.12531731243337074,0.10607769423558898
Sonar,0.8,44,0,0.8333333333333334,0.16539191877632992,0.1254605978524419,0.13999165683681733,0.12792397660818713
Sonar,1.0,44,0,0.6666666666666666,0.15859913457817615,0.11568160916113826,0.13437599764673253,0.1289264828738513
Sonar,0.0,44,1,0.6428571428571429,0.22047531146179278,0.14252110505963464,0.16340480211223243,0.10204678362573098
Sonar,0.2,44,1,0.6428571428571429,0.1940042786274037,0.08425839436318576,0.12248741644537635,0.10162907268170426
Sonar,0.4,44,1,0.6428571428571429,0.19205285288603974,0.07557578442138553,0.1190357293567331,0.09899749373433585
Sonar,0.6,44,1,0.5238095238095238,0.1792629639980944,0.07626755397147411,0.12014324058339862,0.0994360902255639
Sonar,0.8,44,1,0.5238095238095238,0.16788824428394333,0.07817731295654037,0.1169551217390145,0.10622389306599833
Sonar,1.0,44,1,0.5238095238095238,0.16420427021499798,0.07681988266675722,0.11456149421523382,0.08989139515455305
Sonar,0.0,44,2,0.7380952380952381,0.22134819854047091,0.13380714300604474,0.1528760827823888,0.09822472848788638
Sonar,0.2,44,2,0.7619047619047619,0.19731692036947965,0.07707829982345434,0.11409336465410279,0.1013575605680869
Sonar,0.4,44,2,0.7619047619047619,0.1846853488608094,0.07734605733978818,0.11131145328880378,0.1029657477025898
Sonar,0.6,44,2,0.6904761904761905,0.1762242919779388,0.08756287970882595,0.11633585301053118,0.1016499582289056
Sonar,0.8,44,2,0.6904761904761905,0.16803666227771147,0.0929059594316639,0.11823841392706473,0.1058688387635756
Sonar,1.0,44,2,0.6904761904761905,0.16668771291245837,0.10422765441988754,0.12426200236856909,0.11601921470342522
Sonar,0.0,44,3,0.7317073170731707,0.2310098322359396,0.13036508521409074,0.142210337595705,0.12708855472013367
Sonar,0.2,44,3,0.6829268292682927,0.19928046596277443,0.08800428663660537,0.11747612208912515,0.1130952380952381
Sonar,0.4,44,3,0.7560975609756098,0.2023920136262225,0.10193472529805403,0.12510833968956828,0.11654135338345864
Sonar,0.6,44,3,0.6341463414634146,0.19010644217917508,0.10057448113549168,0.12236687461145662,0.12009189640768587
Sonar,0.8,44,3,0.6341463414634146,0.18012824510041164,0.10219439079592817,0.12252495354662535,0.11447368421052631
Sonar,1.0,44,3,0.6829268292682927,0.1710241824049213,0.13156916285765868,0.13925377597978217,0.1276733500417711
Sonar,0.0,44,4,0.6585365853658537,0.22112277406282085,0.09885988153812052,0.1352386642108819,0.09337928153717627
Sonar,0.2,44,4,0.6829268292682927,0.1973515175855368,0.06490747245657062,0.11232660419803976,0.09139515455304928
Sonar,0.4,44,4,0.6829268292682927,0.18787159714902998,0.08780881288202524,0.12379772260943842,0.11301169590643274
Sonar,0.6,44,4,0.7073170731707317,0.18380278164742683,0.09048809610873769,0.12357658455100202,0.11244778613199666
Sonar,0.8,44,4,0.7073170731707317,0.17131227432726673,0.09678519069123695,0.1276566165760805,0.1030284043441938
Sonar,1.0,44,4,0.7073170731707317,0.1714769971710145,0.08482024197026643,0.12175444779995048,0.10190058479532163
Pima,0.0,42,0,0.7662337662337663,0.18063410939879368,0.661528822055138,0.9453947368421053,0.6393483709273183
Pima,0.2,42,0,0.7597402597402597,0.17591690155210432,0.6091917137184697,0.9252819548872181,0.6316416040100252
Pima,0.4,42,0,0.7532467532467533,0.17387156829567896,0.6280142959290264,0.9270676691729323,0.6395989974937345
Pima,0.6,42,0,0.7467532467532467,0.17195803535459103,0.6107769423558899,0.9322368421052631,0.6001253132832081
Pima,0.8,42,0,0.7467532467532467,0.17039595095240861,0.5918546365914787,0.9118421052631579,0.5905388471177946
Pima,1.0,42,0,0.7467532467532467,0.16721159716065587,0.6512788965763628,0.8845864661654136,0.6538847117794486
Pima,0.0,42,1,0.7532467532467533,0.18337811123684583,0.6295739348370928,0.9190789473684211,0.6224937343358397
Pima,0.2,42,1,0.7532467532467533,0.1804844672330685,0.6320677853362717,0.9113721804511278,0.6469924812030076
Pima,0.4,42,1,0.7142857142857143,0.17831114531170666,0.6601432292485585,0.9113721804511278,0.6640350877192983
Pima,0.6,42,1,0.7142857142857143,0.17720514631726902,0.6694098463787274,0.9136278195488722,0.6491854636591479
Pima,0.8,42,1,0.7142857142857143,0.17221405858038827,0.6613613168713299,0.8521616541353383,0.6397243107769425
Pima,1.0,42,1,0.7142857142857143,0.17090822152483925,0.6517352580530822,0.8478383458646617,0.6472431077694236
Pima,0.0,42,2,0.7532467532467533,0.175716211663764,0.8325814536340854,0.975,0.7701754385964914
Pima,0.2,42,2,0.7532467532467533,0.171472400893113,0.8495155701858927,0.8981203007518797,0.792982456140351
Pima,0.4,42,2,0.7532467532467533,0.17132131818962865,0.8224094284107007,0.8944548872180452,0.7629072681704261
Pima,0.6,42,2,0.7467532467532467,0.1684014772985814,0.7931070212913216,0.9105263157894737,0.7338345864661655
Pima,0.8,42,2,0.7402597402597403,0.16785093719496086,0.7935204043727454,0.8898496240601504,0.729824561403509
Pima,1.0,42,2,0.7402597402597403,0.16683268258212033,0.7114757598449,0.8706766917293234,0.6686716791979951
Pima,0.0,42,3,0.7124183006535948,0.17857578657945247,0.7380079364666573,0.8792293233082707,0.6948621553884714
Pima,0.2,42,3,0.7189542483660131,0.17636337522563836,0.7543859649122809,0.8881578947368421,0.7075187969924813
Pima,0.4,42,3,0.7189542483660131,0.17512551718459396,0.7543174792611661,0.8734962406015038,0.7102756892230577
Pima,0.6,42,3,0.7058823529411765,0.17465158477666123,0.7741739898563974,0.8656015037593986,0.7180451127819549
Pima,0.8,42,3,0.7058823529411765,0.17334506470980712,0.7603370394500347,0.8476503759398497,0.7160401002506268
Pima,1.0,42,3,0.6862745098039216,0.17069859609663193,0.7653921412045658,0.8336466165413535,0.7220551378446116
Pima,0.0,42,4,0.7124183006535948,0.1812835625609174,0.7703007518796994,0.9144736842105263,0.6632205513784462
Pima,0.2,42,4,0.6928104575163399,0.17990934279874876,0.7678502571950123,0.831296992481203,0.680263157894737
Pima,0.4,42,4,0.7124183006535948,0.17890233474921474,0.7685451024439183,0.8549812030075189,0.698997493734336
Pima,0.6,42,4,0.7189542483660131,0.17785163892457195,0.7489789534739324,0.867669172932331,0.6819548872180453
Pima,0.8,42,4,0.7450980392156863,0.17707179449056182,0.7701904118941172,0.8856829573934838,0.7025062656641606
Pima,1.0,42,4,0.738562091503268,0.1744501222086526,0.7462340047024342,0.8389724310776944,0.7015037593984965
Pima,0.0,43,0,0.7337662337662337,0.17682556620850193,0.6822055137844613,0.9006578947368421,0.6791979949874689
Pima,0.2,43,0,0.7337662337662337,0.1769476853534167,0.7309230325343954,0.906766917293233,0.7213032581453637
Pima,0.4,43,0,0.7532467532467533,0.17562923260807659,0.7222560947373788,0.9080827067669173,0.6947368421052633
Pima,0.6,43,0,0.7792207792207793,0.17597597278434537,0.709197923554391,0.8831766917293234,0.655639097744361
Pima,0.8,43,0,0.7792207792207793,0.17408344430847686,0.6451665990305859,0.8652255639097746,0.6004385964912281
Pima,1.0,43,0,0.7727272727272727,0.1705863554700527,0.6937964028326372,0.8417606516290729,0.699248120300752
Pima,0.0,43,1,0.7012987012987013,0.18125682642915336,0.6815789473684211,0.9427631578947369,0.6493734335839599
Pima,0.2,43,1,0.7012987012987013,0.17990928487850413,0.7087719298245615,0.8967105263157895,0.6664786967418549
Pima,0.4,43,1,0.6948051948051948,0.17944544410553803,0.7332080200501255,0.9032894736842105,0.7072681704260653
Pima,0.6,43,1,0.6883116883116883,0.17828963451019544,0.7550125471158697,0.8671992481203007,0.7120300751879702
Pima,0.8,43,1,0.6818181818181818,0.17709708064291899,0.7287929643688735,0.8653195488721805,0.6766917293233085
Pima,1.0,43,1,0.6818181818181818,0.17523128757615805,0.7158492067565831,0.8525375939849625,0.6694235588972434
Pima,0.0,43,2,0.7272727272727273,0.1822454036189521,0.7317042606516292,0.9638157894736842,0.6639724310776942
Pima,0.2,43,2,0.7142857142857143,0.18026786223671631,0.7363790525080857,0.9140037593984962,0.6820175438596493
Pima,0.4,43,2,0.7207792207792207,0.17921602364858433,0.7568096335055845,0.9079887218045113,0.6980576441102758
Pima,0.6,43,2,0.7207792207792207,0.1766811558173969,0.7705295564191161,0.8982142857142856,0.7015664160401004
Pima,0.8,43,2,0.7207792207792207,0.1752832974538113,0.784238942385267,0.8928571428571428,0.6840225563909776
Pima,1.0,43,2,0.7207792207792207,0.17205378142861122,0.7801978658354355,0.8189849624060153,0.6909774436090227
Pima,0.0,43,3,0.7843137254901961,0.1854891989881465,0.7056697717311342,0.9213345864661655,0.6939849624060153
Pima,0.2,43,3,0.7777777777777778,0.18460700172607664,0.7271365390306038,0.9089285714285715,0.7007518796992482
Pima,0.4,43,3,0.7450980392156863,0.1842164998217483,0.7028978267185849,0.8964285714285715,0.6994987468671681
Pima,0.6,43,3,0.7450980392156863,0.18370093232917287,0.6521509148799535,0.8664473684210526,0.6320802005012531
Pima,0.8,43,3,0.7450980392156863,0.18347798688623082,0.6788916776346148,0.8767857142857143,0.6837092731829575
Pima,1.0,43,3,0.7581699346405228,0.17819519825547972,0.6478812722652574,0.8808270676691731,0.6589598997493734
Pima,0.0,43,4,0.7450980392156863,0.17550055270485027,0.7254385964912282,0.9243421052631579,0.7238095238095239
Pima,0.2,43,4,0.7450980392156863,0.1753112160625348,0.7452380952380951,0.9171052631578948,0.7411027568922308
Pima,0.4,43,4,0.7450980392156863,0.1741434850394949,0.7382205513784462,0.9243421052631579,0.742857142857143
Pima,0.6,43,4,0.7450980392156863,0.1713350205176785,0.7311893270655503,0.9135338345864662,0.7192982456140352
Pima,0.8,43,4,0.7516339869281046,0.16982318541430325,0.7324037960059873,0.9074248120300752,0.7203007518796994
Pima,1.0,43,4,0.7450980392156863,0.16647391080848628,0.750147904856803,0.8526315789473684,0.6984962406015038
Pima,0.0,44,0,0.7142857142857143,0.18094439269650694,0.6299856306774788,0.8905075187969925,0.6313283208020052
Pima,0.2,44,0,0.7142857142857143,0.17721353123846212,0.6322661068654782,0.8804511278195488,0.6161654135338348
Pima,0.4,44,0,0.7142857142857143,0.17614774965248164,0.6544113726787941,0.8989661654135339,0.6593984962406017
Pima,0.6,44,0,0.7012987012987013,0.17470793277159502,0.6351340743884444,0.8911654135338346,0.6357142857142858
Pima,0.8,44,0,0.6818181818181818,0.1744514504268344,0.6237898263413836,0.8712406015037594,0.6320802005012531
Pima,1.0,44,0,0.6818181818181818,0.1706163481359837,0.6594408048954272,0.8342418546365915,0.655137844611529
Pima,0.0,44,1,0.7272727272727273,0.17331817995290463,0.7280701754385965,0.9381578947368421,0.7526315789473688
Pima,0.2,44,1,0.7272727272727273,0.17237583339733972,0.7263157894736842,0.9414473684210526,0.7208020050125316
Pima,0.4,44,1,0.7272727272727273,0.1719449652342376,0.7174484677135895,0.9033834586466166,0.7120300751879702
Pima,0.6,44,1,0.7272727272727273,0.17082971180704803,0.6668427864691788,0.9042293233082708,0.673182957393484
Pima,0.8,44,1,0.7142857142857143,0.1694102226426482,0.6805010517282305,0.8505639097744363,0.6720551378446118
Pima,1.0,44,1,0.7402597402597403,0.16748945697403,0.7250401576752145,0.8278195488721805,0.7075187969924813
Pima,0.0,44,2,0.7857142857142857,0.18282375739416046,0.6632832080200501,0.9625,0.6218671679197995
Pima,0.2,44,2,0.7597402597402597,0.18064772014520813,0.6906015037593985,0.9302631578947368,0.6276315789473684
Pima,0.4,44,2,0.7662337662337663,0.18062046620858124,0.7173260096912661,0.9082706766917293,0.6790100250626567
Pima,0.6,44,2,0.7727272727272727,0.17856673148479196,0.7282401351160044,0.8877819548872181,0.7070175438596493
Pima,0.8,44,2,0.7727272727272727,0.17657768025786919,0.6577348066672213,0.8991541353383459,0.7120300751879702
Pima,1.0,44,2,0.7727272727272727,0.1771193068767048,0.6518796992481204,0.8993421052631579,0.6937343358395992
Pima,0.0,44,3,0.6862745098039216,0.18654411210787702,0.7115946813564148,0.9451127819548872,0.6674812030075189
Pima,0.2,44,3,0.6862745098039216,0.18554820405279007,0.7569244652061071,0.8713345864661655,0.6904761904761907
Pima,0.4,44,3,0.6862745098039216,0.18414477129276288,0.7604611265860896,0.8426691729323309,0.6844611528822057
Pima,0.6,44,3,0.7320261437908496,0.18185997013682234,0.7734271006062096,0.8390977443609023,0.7175438596491228
Pima,0.8,44,3,0.7320261437908496,0.18019812774028504,0.7763820578369264,0.8629699248120302,0.7080200501253135
Pima,1.0,44,3,0.7647058823529411,0.17927139882027326,0.7858104806310899,0.8381892230576441,0.7052631578947371
Pima,0.0,44,4,0.7581699346405228,0.17970184185476287,0.7422305764411029,0.9256578947368421,0.7120300751879702
Pima,0.2,44,4,0.7581699346405228,0.17867962271320542,0.7483709273182959,0.9144736842105263,0.7068295739348371
Pima,0.4,44,4,0.7581699346405228,0.17839329887290023,0.7635479505130693,0.9028195488721804,0.7085839598997495
Pima,0.6,44,4,0.7647058823529411,0.1774051478913054,0.7635557390734657,0.8654135338345865,0.6980576441102758
Pima,0.8,44,4,0.7777777777777778,0.1747175804565025,0.7690846440954568,0.8265977443609024,0.705075187969925
Pima,1.0,44,4,0.7516339869281046,0.17287155171050403,0.7336738199910288,0.8163533834586465,0.6736215538847119
Diabetes,0.0,42,0,0.6966292134831461,0.3511721250133484,0.5658520355738718,0.8239473684210527,0.531203007518797
Diabetes,0.2,42,0,0.6629213483146067,0.34646600495157925,0.5953230711134436,0.8278446115288219,0.556140350877193
Diabetes,0.4,42,0,0.7078651685393258,0.3371475864224794,0.6092885224413965,0.8155492898913951,0.5481829573934837
Diabetes,0.6,42,0,0.7078651685393258,0.3350611600613765,0.6295892905470396,0.8370196324143694,0.5788220551378447
Diabetes,0.8,42,0,0.6966292134831461,0.3317832580542513,0.6407823221417169,0.8069340016708437,0.569110275689223
Diabetes,1.0,42,0,0.6966292134831461,0.3222506858138022,0.6809061060725329,0.7571282372598162,0.6481829573934839
Diabetes,0.0,42,1,0.7191011235955056,0.3461554621652046,0.42763969654369427,0.8283040935672515,0.48157894736842105
Diabetes,0.2,42,1,0.7078651685393258,0.33542404195510045,0.4759991873984116,0.8483479532163742,0.4821846282372598
Diabetes,0.4,42,1,0.7191011235955056,0.32997967337592177,0.4713064036329319,0.8738888888888889,0.483625730994152
Diabetes,0.6,42,1,0.7191011235955056,0.318885943441499,0.49662111179542456,0.8268233082706767,0.5114035087719299
Diabetes,0.8,42,1,0.6067415730337079,0.31114908203773994,0.4743457994334802,0.7536967418546363,0.5275271512113617
Diabetes,1.0,42,1,0.6404494382022472,0.31045997226808597,0.48891790540357283,0.762297410192147,0.5317251461988305
Diabetes,0.0,42,2,0.6363636363636364,0.35606566907552323,0.5468572955003795,0.8386549707602339,0.5272765246449457
Diabetes,0.2,42,2,0.625,0.3556708508666143,0.5364961753340883,0.7890204678362573,0.5299707602339182
Diabetes,0.4,42,2,0.6477272727272727,0.3491442029511713,0.5302708343248236,0.8029678362573099,0.5159983291562239
Diabetes,0.6,42,2,0.6590909090909091,0.3390249879792308,0.49589530971661744,0.7885421888053468,0.5050960735171262
Diabetes,0.8,42,2,0.6704545454545454,0.32631925848487753,0.4363108266245869,0.7561904761904762,0.4781119465329992
Diabetes,1.0,42,2,0.6477272727272727,0.3205173304770429,0.4601125748891091,0.7206349206349207,0.4723893065998329
Diabetes,0.0,42,3,0.6931818181818182,0.354309376541666,0.6513592236916457,0.8564619883040935,0.5637844611528822
Diabetes,0.2,42,3,0.7045454545454546,0.3488267964344725,0.6182840100078991,0.8421345029239765,0.580827067669173
Diabetes,0.4,42,3,0.7045454545454546,0.34489393012803715,0.5952341694402654,0.8418713450292395,0.5515037593984962
Diabetes,0.6,42,3,0.7045454545454546,0.33501342158939923,0.6648386374482274,0.8103696741854636,0.6214285714285714
Diabetes,0.8,42,3,0.6704545454545454,0.3305627509485136,0.6321545690269875,0.7868379281537177,0.6103383458646617
Diabetes,1.0,42,3,0.6590909090909091,0.327104529180421,0.5516734716087346,0.7319674185463659,0.5885338345864661
Diabetes,0.0,42,4,0.6931818181818182,0.34924334228393017,0.6188342099329533,0.8047076023391813,0.5852756892230577
Diabetes,0.2,42,4,0.7272727272727273,0.3429382901123917,0.625241749104957,0.8231140350877192,0.5890350877192982
Diabetes,0.4,42,4,0.7272727272727273,0.33975910638715756,0.6431769299406468,0.8186111111111113,0.6135338345864663
Diabetes,0.6,42,4,0.6818181818181818,0.3313634234212853,0.6835662126582526,0.7856265664160401,0.631516290726817
Diabetes,0.8,42,4,0.6818181818181818,0.32725650557040764,0.7017362894647998,0.7757101086048455,0.6350250626566417
Diabetes,1.0,42,4,0.6363636363636364,0.32594139768979663,0.5704486391609503,0.7502422723475356,0.5316416040100251
Diabetes,0.0,43,0,0.6292134831460674,0.36552290721070735,0.6565147501533987,0.7826942355889723,0.5896616541353384
Diabetes,0.2,43,0,0.6292134831460674,0.35273249116940414,0.6742446240586084,0.7817209690893901,0.6096491228070176
Diabetes,0.4,43,0,0.6067415730337079,0.34760853746333503,0.667821958952602,0.8055430242272347,0.6167293233082708
Diabetes,0.6,43,0,0.651685393258427,0.33966716122162327,0.6913719242826696,0.767297410192147,0.6366541353383459
Diabetes,0.8,43,0,0.6629213483146067,0.3337749359358722,0.6999199807369642,0.8174749373433584,0.606453634085213
Diabetes,1.0,43,0,0.6179775280898876,0.327137201599834,0.7288921647037108,0.8342606516290728,0.6348370927318295
Diabetes,0.0,43,1,0.6179775280898876,0.3502180010171289,0.5907615598114015,0.7691228070175439,0.5507518796992482
Diabetes,0.2,43,1,0.651685393258427,0.344876650358379,0.6291305001199502,0.7942543859649123,0.5721804511278196
Diabetes,0.4,43,1,0.651685393258427,0.34544063377940326,0.5828158196859047,0.7954824561403508,0.55
Diabetes,0.6,43,1,0.6292134831460674,0.343382669255781,0.5824990008439292,0.7924561403508772,0.569110275689223
Diabetes,0.8,43,1,0.651685393258427,0.33837223896596175,0.6035343547412816,0.7763011695906432,0.5878446115288222
Diabetes,1.0,43,1,0.6629213483146067,0.33693681958799987,0.5451890352370797,0.7706766917293231,0.5167293233082708
Diabetes,0.0,43,2,0.7386363636363636,0.3506233933566743,0.5048498726510828,0.8322222222222221,0.537280701754386
Diabetes,0.2,43,2,0.75,0.3431186121982396,0.5680413799396998,0.8586988304093567,0.5395363408521303
Diabetes,0.4,43,2,0.7045454545454546,0.335422580670109,0.6221407194986744,0.8907894736842106,0.5680451127819548
Diabetes,0.6,43,2,0.7045454545454546,0.33107970290205185,0.6470452140106454,0.8127506265664162,0.6273182957393485
Diabetes,0.8,43,2,0.7045454545454546,0.3301291774843894,0.6318732557497563,0.7889369256474519,0.6061403508771931
Diabetes,1.0,43,2,0.6590909090909091,0.32639864943560093,0.6188950344012404,0.7787343358395991,0.5943609022556392
Diabetes,0.0,43,3,0.7045454545454546,0.34579119739936603,0.5671540424014548,0.8149853801169591,0.5002297410192147
Diabetes,0.2,43,3,0.6590909090909091,0.34128140680227526,0.6081006733715943,0.8019298245614036,0.5600250626566416
Diabetes,0.4,43,3,0.7045454545454546,0.34149780604715485,0.6268233628128521,0.8042982456140351,0.5583959899749373
Diabetes,0.6,43,3,0.7613636363636364,0.3322509773488521,0.5912374015405464,0.8167690058479533,0.5508771929824562
Diabetes,0.8,43,3,0.7386363636363636,0.32456336307249434,0.5418930400419533,0.7655576441102756,0.5548245614035088
Diabetes,1.0,43,3,0.7045454545454546,0.320355554297415,0.47262990208466127,0.7251524644945696,0.5117167919799499
Diabetes,0.0,43,4,0.6590909090909091,0.35290469045715867,0.534212551012958,0.8038157894736844,0.5484962406015038
Diabetes,0.2,43,4,0.6590909090909091,0.3451506545976666,0.5269060149499736,0.7878884711779447,0.5451127819548873
Diabetes,0.4,43,4,0.6022727272727273,0.34229380406541127,0.5324621553899354,0.7929678362573099,0.5880952380952381
Diabetes,0.6,43,4,0.5909090909090909,0.33745541166271714,0.5454074177696046,0.7882602339181287,0.594110275689223
Diabetes,0.8,43,4,0.6363636363636364,0.32643252158530334,0.588959305682558,0.7523120300751879,0.6194444444444445
Diabetes,1.0,43,4,0.6477272727272727,0.3190004659765765,0.6015756191701005,0.7647577276524645,0.6088554720133669
Diabetes,0.0,44,0,0.6853932584269663,0.3555513608142762,0.5338568377669265,0.8064327485380117,0.4835421888053467
Diabetes,0.2,44,0,0.6966292134831461,0.35157178772091113,0.5703590388014131,0.8194152046783625,0.4975981620718464
Diabetes,0.4,44,0,0.6741573033707865,0.34681454246883214,0.6023859397509423,0.8293421052631579,0.5138680033416877
Diabetes,0.6,44,0,0.6741573033707865,0.3422035899936753,0.5877881084295443,0.8415350877192982,0.5194862155388472
Diabetes,0.8,44,0,0.651685393258427,0.3381448799594618,0.5825714504586057,0.8049206349206348,0.5292188805346701
Diabetes,1.0,44,0,0.6853932584269663,0.33803085265864763,0.5753326041422056,0.7825187969924812,0.5424185463659149
Diabetes,0.0,44,1,0.7078651685393258,0.34210938074524194,0.5792835543165924,0.8305409356725146,0.5467627401837929
Diabetes,0.2,44,1,0.6966292134831461,0.3406215324547069,0.5828331108680714,0.78437343358396,0.572702589807853
Diabetes,0.4,44,1,0.6966292134831461,0.3394888684817511,0.6006190404293483,0.788483709273183,0.5629072681704261
Diabetes,0.6,44,1,0.6966292134831461,0.33337042248944443,0.6230733212244925,0.8091019214703423,0.5785087719298246
Diabetes,0.8,44,1,0.6966292134831461,0.32313981981562123,0.612702478548022,0.7947243107769423,0.5962406015037595
Diabetes,1.0,44,1,0.6966292134831461,0.32122938963152614,0.5607260301116405,0.7530179615705932,0.5736842105263158
Diabetes,0.0,44,2,0.6477272727272727,0.3499050473858171,0.5301771434423032,0.8538304093567252,0.5441102756892231
Diabetes,0.2,44,2,0.6363636363636364,0.3460434452546893,0.5349093740679096,0.7976315789473685,0.5599624060150376
Diabetes,0.4,44,2,0.6477272727272727,0.33439704384041913,0.5521167521705016,0.825,0.5593358395989976
Diabetes,0.6,44,2,0.6818181818181818,0.32566342594642067,0.5663893281370254,0.8784210526315789,0.5341478696741856
Diabetes,0.8,44,2,0.7045454545454546,0.31822541432284224,0.534400985719429,0.862312030075188,0.5155179615705933
Diabetes,1.0,44,2,0.7045454545454546,0.3174533913612748,0.5543902865407015,0.7883040935672514,0.5487050960735171
Diabetes,0.0,44,3,0.625,0.3580695953721137,0.6420101833082289,0.7773329156223895,0.568045112781955
Diabetes,0.2,44,3,0.6136363636363636,0.3508123314667334,0.6458383405802806,0.7996052631578946,0.5644110275689224
Diabetes,0.4,44,3,0.6363636363636364,0.3495561815049196,0.6978794089287027,0.818859649122807,0.5892230576441103
Diabetes,0.6,44,3,0.6363636363636364,0.34183146315600227,0.660792021376503,0.810204678362573,0.5603383458646617
Diabetes,0.8,44,3,0.625,0.33630602438821333,0.7129518888830267,0.8193567251461988,0.63734335839599
Diabetes,1.0,44,3,0.6136363636363636,0.32772784475065775,0.6933115916474688,0.8158939014202172,0.6203634085213032
Diabetes,0.0,44,4,0.6590909090909091,0.3463709945470333,0.5239717980649473,0.8573099415204678,0.5293859649122807
Diabetes,0.2,44,4,0.7159090909090909,0.3377826374767526,0.5060724783125219,0.8115350877192983,0.4938805346700084
Diabetes,0.4,44,4,0.7159090909090909,0.33655516737798546,0.5312685630046893,0.787314118629908,0.531704260651629
Diabetes,0.6,44,4,0.7159090909090909,0.32823463739161823,0.4694861118650165,0.7687134502923976,0.5340016708437761
Diabetes,0.8,44,4,0.7045454545454546,0.32143984747108106,0.4768367207685103,0.7748976608187135,0.5171052631578947
Diabetes,1.0,44,4,0.6704545454545454,0.31786054179860707,0.4120118408909292,0.7595008354218881,0.5047410192147035
Cultivar,0.0,42,0,1.0,0.40831224429818747,0.4099636001435823,0.36154135338345866,0.36154135338345866
Cultivar,0.2,42,0,1.0,0.37060947714341397,0.40134040954585454,0.3491228070175439,0.3491228070175439
Cultivar,0.4,42,0,1.0,0.36051897054929855,0.3709528881564383,0.32117794486215534,0.32117794486215534
Cultivar,0.6,42,0,1.0,0.3534754748265644,0.4084062797090258,0.35315789473684206,0.35315789473684206
Cultivar,0.8,42,0,1.0,0.338621750766879,0.381945176499594,0.33859649122807023,0.33859649122807023
Cultivar,1.0,42,0,0.9444444444444444,0.29200121937530765,0.3355832892417785,0.32224310776942355,0.32224310776942355
Cultivar,0.0,42,1,0.9722222222222222,0.4344302817475567,0.48241432669382267,0.3742857142857142,0.3742857142857142
Cultivar,0.2,42,1,0.9444444444444444,0.37866164969730953,0.5615455290949474,0.4431704260651629,0.4431704260651629
Cultivar,0.4,42,1,0.9444444444444444,0.34390241558886825,0.5260006063061506,0.41203007518796997,0.41203007518796997
Cultivar,0.6,42,1,0.9444444444444444,0.3317366400437667,0.512869181226506,0.39805764411027567,0.39805764411027567
Cultivar,0.8,42,1,0.9444444444444444,0.3123928304424242,0.5788755090393953,0.4672055137844612,0.4672055137844612
Cultivar,1.0,42,1,0.9444444444444444,0.3002506985016606,0.6048933869530204,0.49947368421052635,0.49947368421052635
Cultivar,0.0,42,2,0.9722222222222222,0.4536243490968236,0.5114228023163869,0.42837092731829574,0.42837092731829574
Cultivar,0.2,42,2,0.9722222222222222,0.43246667891183765,0.43892062586922354,0.36241854636591475,0.36241854636591475
Cultivar,0.4,42,2,0.9722222222222222,0.39863120839440447,0.4018307515929012,0.3399624060150376,0.3399624060150376
Cultivar,0.6,42,2,0.9722222222222222,0.3455746622899406,0.34794964651169397,0.31755639097744365,0.31755639097744365
Cultivar,0.8,42,2,0.9722222222222222,0.3498047541925874,0.3319064095875105,0.3011027568922306,0.3011027568922306
Cultivar,1.0,42,2,1.0,0.31808378084949285,0.29674502736218344,0.28293233082706765,0.28293233082706765
Cultivar,0.0,42,3,0.8857142857142857,0.471773605477106,0.5243100641455406,0.3916791979949875,0.3916791979949875
Cultivar,0.2,42,3,0.8857142857142857,0.4206463466367327,0.511659524999938,0.3716666666666667,0.3716666666666667
Cultivar,0.4,42,3,0.8857142857142857,0.39741054929189484,0.49334187436126853,0.35438596491228075,0.35438596491228075
Cultivar,0.6,42,3,0.8857142857142857,0.3643801983747116,0.4897246496478181,0.34078947368421053,0.34078947368421053
Cultivar,0.8,42,3,0.8571428571428571,0.32700306424692277,0.5140565037023811,0.36464912280701756,0.36464912280701756
Cultivar,1.0,42,3,0.8571428571428571,0.30850048307955985,0.5443506277658351,0.389561403508772,0.389561403508772
Cultivar,0.0,42,4,1.0,0.4920458201234988,0.5897782075242979,0.4513784461152882,0.4513784461152882
Cultivar,0.2,42,4,1.0,0.4356397475448405,0.5533630018919297,0.4181641604010025,0.4181641604010025
Cultivar,0.4,42,4,1.0,0.4361999460974267,0.5693054817482587,0.433734335839599,0.433734335839599
Cultivar,0.6,42,4,1.0,0.4164793883402971,0.5838987457515994,0.4489473684210527,0.4489473684210527
Cultivar,0.8,42,4,1.0,0.4065861110399377,0.541649568990167,0.4169799498746867,0.4169799498746867
Cultivar,1.0,42,4,1.0,0.35438948116189567,0.5236672837540552,0.39175438596491224,0.39175438596491224
Cultivar,0.0,43,0,1.0,0.4646631432650703,0.4512236756689571,0.3667794486215539,0.3667794486215539
Cultivar,0.2,43,0,1.0,0.4277007584722514,0.39199185073320325,0.3162719298245614,0.3162719298245614
Cultivar,0.4,43,0,1.0,0.39321513038561495,0.34902965603446184,0.2905263157894737,0.2905263157894737
Cultivar,0.6,43,0,1.0,0.3850098909681103,0.39333279093601725,0.3172681704260652,0.3172681704260652
Cultivar,0.8,43,0,0.9722222222222222,0.36267077965779726,0.3663417462957438,0.2986215538847118,0.2986215538847118
Cultivar,1.0,43,0,0.9722222222222222,0.3054192296379163,0.3586939272747384,0.2897243107769424,0.2897243107769424
Cultivar,0.0,43,1,1.0,0.4628693340639146,0.4683889520845984,0.3772096908939015,0.3772096908939015
Cultivar,0.2,43,1,1.0,0.371014177855312,0.46304705384776135,0.34871553884711787,0.34871553884711787
Cultivar,0.4,43,1,1.0,0.37071389285048645,0.4626568553832023,0.3478884711779449,0.3478884711779449
Cultivar,0.6,43,1,1.0,0.34782347558753257,0.4402242764965428,0.33391604010025067,0.33391604010025067
Cultivar,0.8,43,1,1.0,0.3139768848699843,0.48967734923505907,0.3639473684210527,0.3639473684210527
Cultivar,1.0,43,1,1.0,0.31207092206646,0.5220656664997164,0.3904385964912281,0.3904385964912281
Cultivar,0.0,43,2,0.9166666666666666,0.46528046790577615,0.49008267413694717,0.37894736842105264,0.37894736842105264
Cultivar,0.2,43,2,0.8611111111111112,0.34119814362035766,0.45075031740598115,0.34868421052631576,0.34868421052631576
Cultivar,0.4,43,2,0.8611111111111112,0.3443826854198749,0.4602420713325264,0.35543859649122805,0.35543859649122805
Cultivar,0.6,43,2,0.8611111111111112,0.32299873828731285,0.46976252388356865,0.366140350877193,0.366140350877193
Cultivar,0.8,43,2,0.8611111111111112,0.30277834829505285,0.4732368859741435,0.36964912280701745,0.36964912280701745
Cultivar,1.0,43,2,0.8611111111111112,0.30506521559744737,0.4814881849191867,0.3749122807017543,0.3749122807017543
Cultivar,0.0,43,3,0.8285714285714286,0.35952665596909245,0.4625837485380709,0.3475083542188806,0.34902255639097746
Cultivar,0.2,43,3,0.8285714285714286,0.35364390003307145,0.509551938274344,0.3864849624060151,0.3864849624060151
Cultivar,0.4,43,3,0.8285714285714286,0.33987423553362184,0.5237590787133269,0.39828320802005013,0.39828320802005013
Cultivar,0.6,43,3,0.8285714285714286,0.30768857255665233,0.6014971194097167,0.46180451127819544,0.46180451127819544
Cultivar,0.8,43,3,0.8285714285714286,0.3091748655454234,0.6590673558830745,0.5128947368421052,0.5128947368421052
Cultivar,1.0,43,3,0.8285714285714286,0.29336598251300317,0.6864259887680711,0.5266666666666666,0.5266666666666666
Cultivar,0.0,43,4,0.9142857142857143,0.48144702946960793,0.5238004088225635,0.41595864661654136,0.41595864661654136
Cultivar,0.2,43,4,0.9142857142857143,0.3919774819521239,0.42017127249151215,0.34737468671679206,0.34737468671679206
Cultivar,0.4,43,4,0.9142857142857143,0.37293842806174093,0.42268380894981966,0.351672932330827,0.351672932330827
Cultivar,0.6,43,4,0.9142857142857143,0.37296864860756906,0.42654277043488126,0.3504135338345865,0.3504135338345865
Cultivar,0.8,43,4,0.9142857142857143,0.3542885850288959,0.3866593691841795,0.32630325814536343,0.32630325814536343
Cultivar,1.0,43,4,0.9428571428571428,0.29148788391601965,0.3113975648831265,0.2974561403508772,0.2974561403508772
Cultivar,0.0,44,0,0.9444444444444444,0.4869454318500398,0.44789568305064875,0.3703007518796993,0.3703007518796993
Cultivar,0.2,44,0,0.9444444444444444,0.42575716018487214,0.4522090701911751,0.3599874686716792,0.3599874686716792
Cultivar,0.4,44,0,0.9444444444444444,0.4161560121578372,0.4558777561188831,0.3572744360902255,0.3572744360902255
Cultivar,0.6,44,0,0.9444444444444444,0.3815126076287775,0.4346881206023981,0.34287593984962406,0.34287593984962406
Cultivar,0.8,44,0,0.9444444444444444,0.33949500908704433,0.42796352691146317,0.3406516290726817,0.3406516290726817
Cultivar,1.0,44,0,0.9444444444444444,0.3141178221075275,0.44182570040783575,0.36392857142857143,0.36392857142857143
Cultivar,0.0,44,1,0.9444444444444444,0.44964589477324496,0.5428195594519176,0.4441854636591479,0.4441854636591479
Cultivar,0.2,44,1,0.9444444444444444,0.373200783678221,0.5179628982689268,0.41847117794486216,0.41847117794486216
Cultivar,0.4,44,1,0.9444444444444444,0.3647013086527418,0.4960132533889127,0.40593984962406016,0.40593984962406016
Cultivar,0.6,44,1,0.9444444444444444,0.3530541935272951,0.47506006014117175,0.3917293233082707,0.3917293233082707
Cultivar,0.8,44,1,0.9444444444444444,0.32366581895044344,0.40999755171649865,0.33769423558897244,0.33769423558897244
Cultivar,1.0,44,1,0.9444444444444444,0.3131198538492849,0.43135613153209734,0.3601378446115288,0.3601378446115288
Cultivar,0.0,44,2,0.9722222222222222,0.43410078793217044,0.4856989604653819,0.4019423558897243,0.4019423558897243
Cultivar,0.2,44,2,0.9722222222222222,0.3858330959466116,0.41250422432774636,0.3548370927318296,0.3548370927318296
Cultivar,0.4,44,2,0.9722222222222222,0.3829817782053578,0.39462403469332663,0.3405889724310777,0.3405889724310777
Cultivar,0.6,44,2,0.9722222222222222,0.35431693268355247,0.38446921043164267,0.3318922305764411,0.3318922305764411
Cultivar,0.8,44,2,0.9722222222222222,0.349663842301433,0.3055318255292921,0.27654135338345864,0.27654135338345864
Cultivar,1.0,44,2,1.0,0.3106701575770936,0.24714997022409096,0.24974937343358394,0.24974937343358394
Cultivar,0.0,44,3,0.9428571428571428,0.4176085540998087,0.41613109587441777,0.33478070175438596,0.33226817042606516
Cultivar,0.2,44,3,0.9714285714285714,0.37776751142789705,0.45492677378644575,0.3509273182957393,0.3509273182957393
Cultivar,0.4,44,3,0.9714285714285714,0.35506569940147825,0.43325949928991314,0.33954887218045116,0.33954887218045116
Cultivar,0.6,44,3,0.9714285714285714,0.35564734815503973,0.4307294440694829,0.33072681704260654,0.33072681704260654
Cultivar,0.8,44,3,0.9714285714285714,0.34999389609679205,0.4386607266435343,0.3282706766917294,0.3282706766917294
Cultivar,1.0,44,3,0.9714285714285714,0.3321484216123372,0.4650467716097021,0.3604887218045113,0.3604887218045113
Cultivar,0.0,44,4,0.9714285714285714,0.49634371357448825,0.5185728340672164,0.41527568922305763,0.41527568922305763
Cultivar,0.2,44,4,0.9714285714285714,0.4274021722129945,0.43114560468217816,0.3348245614035088,0.3348245614035088
Cultivar,0.4,44,4,0.9714285714285714,0.4463582719527047,0.44003859677491236,0.33999999999999997,0.33999999999999997
Cultivar,0.6,44,4,0.9714285714285714,0.4088023505594724,0.4296686412627898,0.3317543859649123,0.3317543859649123
Cultivar,0.8,44,4,0.9714285714285714,0.34433704286865974,0.45699608628869653,0.35894736842105257,0.35894736842105257
Cultivar,1.0,44,4,0.9428571428571428,0.336387909078158,0.4588559172312777,0.35999999999999993,0.35999999999999993
Digits38,0.0,42,0,0.9722222222222222,0.3837203520521199,0.4482343585333074,0.32737259816207187,0.3695697577276523
Digits38,0.2,42,0,0.9583333333333334,0.350541067680583,0.33618700949564506,0.24854791407422983,0.29010025062656636
Digits38,0.4,42,0,0.9583333333333334,0.33688054894260855,0.3052624399858009,0.23425146490935966,0.2623642439431913
Digits38,0.6,42,0,0.9583333333333334,0.32085217381034037,0.2700057379867874,0.21559728283412494,0.2307852965747702
Digits38,0.8,42,0,0.9583333333333334,0.28572767790521586,0.25557835812638824,0.20883865403602248,0.23128654970760232
Digits38,1.0,42,0,0.9583333333333334,0.2488582612369156,0.26972935932081776,0.22206388125118773,0.23253968253968255
Digits38,0.0,42,1,0.9027777777777778,0.3664758076932794,0.38374919259071155,0.29812996944575887,0.3116750208855472
Digits38,0.2,42,1,0.9027777777777778,0.338770914776,0.27954229539398673,0.21825355930619086,0.2333959899749373
Digits38,0.4,42,1,0.9305555555555556,0.32115443077593114,0.26204510106165896,0.2099754047122468,0.22385129490392644
Digits38,0.6,42,1,0.9305555555555556,0.29244466778400563,0.2894444614397266,0.2293674308147992,0.24958228905597324
Digits38,0.8,42,1,0.9166666666666666,0.28748988064830594,0.26986666600976766,0.21657503315398052,0.23312447786131996
Digits38,1.0,42,1,0.9166666666666666,0.22955048855575008,0.218876175105498,0.19251770159664897,0.19037176274018378
Digits38,0.0,42,2,0.9295774647887324,0.3762836323845712,0.4188183729267819,0.3158496036127615,0.32711361737677525
Digits38,0.2,42,2,0.9154929577464789,0.32168424643808835,0.31325900847078514,0.23602866431813802,0.24898705096073515
Digits38,0.4,42,2,0.9154929577464789,0.3163278726536659,0.31455189902173963,0.23691416770364138,0.24971804511278195
Digits38,0.6,42,2,0.9154929577464789,0.3021278905122698,0.27592481799034485,0.21719708653919179,0.23199665831244773
Digits38,0.8,42,2,0.9154929577464789,0.2825703791927804,0.2880161678807424,0.22702895058158215,0.22604427736006683
Digits38,1.0,42,2,0.9295774647887324,0.27305702383484715,0.22008815598780415,0.1834983291562239,0.19177109440267334
Digits38,0.0,42,3,0.9436619718309859,0.3931736003198966,0.3227238322096431,0.24947438526385898,0.28115288220551377
Digits38,0.2,42,3,0.9154929577464789,0.35432581201281993,0.22996038676682562,0.1872877999193789,0.21476608187134505
Digits38,0.4,42,3,0.9154929577464789,0.342389217207062,0.2115050994660463,0.1768790347079821,0.21328320802005013
Digits38,0.6,42,3,0.8873239436619719,0.30474188494554866,0.17628385949988495,0.16109087549877024,0.18717627401837927
Digits38,0.8,42,3,0.9436619718309859,0.2825901281265325,0.1624512987187221,0.15429429488640015,0.17289055973266504
Digits38,1.0,42,3,0.9859154929577465,0.26170058081845193,0.1380700925277463,0.14676291544712597,0.160421888053467
Digits38,0.0,42,4,0.9436619718309859,0.3958586081665979,0.4256207165976346,0.3209966787598367,0.337859231411863
Digits38,0.2,42,4,0.9436619718309859,0.36877043725721026,0.3684101409782211,0.27733966326071585,0.2963032581453634
Digits38,0.4,42,4,0.9436619718309859,0.3382029532048236,0.35986945012130517,0.26968648310753573,0.274469507101086
Digits38,0.6,42,4,0.9436619718309859,0.3206768470697884,0.30177671916200477,0.23355415052783474,0.22837301587301587
Digits38,0.8,42,4,0.9154929577464789,0.2814375751646609,0.29398436098516595,0.2331641165851692,0.23368838763575603
Digits38,1.0,42,4,0.9577464788732394,0.2514236062409431,0.24935361850692622,0.2059436250883619,0.20687134502923976
Digits38,0.0,43,0,0.9027777777777778,0.3807617247677972,0.38035473273656695,0.2806681768523874,0.2739557226399331
Digits38,0.2,43,0,0.9305555555555556,0.3621366057691827,0.30998081608348854,0.23013444802531488,0.24628237259816205
Digits38,0.4,43,0,0.9305555555555556,0.34146869196942053,0.349487244930814,0.25410694568589304,0.277172096908939
Digits38,0.6,43,0,0.9305555555555556,0.2985965188081247,0.33428558560586263,0.2488884799411115,0.2538220551378446
Digits38,0.8,43,0,0.9305555555555556,0.26670258932013885,0.23720468872954503,0.19220308415354848,0.2140768588137009
Digits38,1.0,43,0,0.875,0.22877640203395386,0.17926665213430126,0.1612405525331222,0.17161654135338344
Digits38,0.0,43,1,0.9305555555555556,0.34747573404015086,0.32074044474214825,0.2590683001209317,0.2636591478696742
Digits38,0.2,43,1,0.9583333333333334,0.3184324550164673,0.2518545090027992,0.21234531550321023,0.22959482038429407
Digits38,0.4,43,1,0.9583333333333334,0.2922097109313612,0.23144148247752366,0.2031649417833628,0.21294903926482872
Digits38,0.6,43,1,0.9583333333333334,0.2798794316497867,0.21550044207768382,0.19311616015563388,0.20304928989139515
Digits38,0.8,43,1,0.9583333333333334,0.26365371188101083,0.1997557528615668,0.18313161984214615,0.19431913116123645
Digits38,1.0,43,1,0.9583333333333334,0.250013940808173,0.18499713184728875,0.17381315322104796,0.18667502088554716
Digits38,0.0,43,2,0.8591549295774648,0.3881957056786246,0.47409791682557534,0.3529563126931548,0.3676900584795322
Digits38,0.2,43,2,0.9154929577464789,0.3644699102670846,0.36173222756607903,0.26179732548153606,0.304030910609858
Digits38,0.4,43,2,0.9154929577464789,0.34978234185588863,0.36839782709712315,0.2638159939475729,0.31453634085213034
Digits38,0.6,43,2,0.9154929577464789,0.3389240490593442,0.34312822107957713,0.25092503987240833,0.2918964076858813
Digits38,0.8,43,2,0.9154929577464789,0.30221545615089873,0.2904435680198686,0.22198008132218658,0.24638680033416877
Digits38,1.0,43,2,0.9154929577464789,0.2946351929075537,0.2928047632468163,0.2272551571235782,0.2550543024227234
Digits38,0.0,43,3,0.9436619718309859,0.3996395178037607,0.4074401871635827,0.3011078541341699,0.30997911445279863
Digits38,0.2,43,3,0.9577464788732394,0.3573038396559756,0.32070798355612673,0.2349369344106186,0.2515371762740184
Digits38,0.4,43,3,0.9577464788732394,0.3536844189744403,0.28215342567462287,0.21106809856809858,0.23929824561403507
Digits38,0.6,43,3,0.9577464788732394,0.3276998663461773,0.25550304865721973,0.1954514491356597,0.22438596491228066
Digits38,0.8,43,3,0.9295774647887324,0.30504483747537753,0.2787491581326835,0.21645408684882372,0.2426900584795321
Digits38,1.0,43,3,0.9295774647887324,0.2827720019070853,0.2831048922203852,0.22531472913051862,0.2532477025898079
Digits38,0.0,43,4,0.9436619718309859,0.36553452517074925,0.43342760811197417,0.330070981649929,0.3884001670843775
Digits38,0.2,43,4,0.9436619718309859,0.3420704990330852,0.34319294640621273,0.26709365196207296,0.32635756056808685
Digits38,0.4,43,4,0.9154929577464789,0.3341220581507517,0.3501439815311403,0.2723724521092942,0.3353174603174603
Digits38,0.6,43,4,0.9436619718309859,0.3248119126717528,0.36542735992671116,0.2819385293069504,0.3344820384294069
Digits38,0.8,43,4,0.9436619718309859,0.30031292158791445,0.3360835769555404,0.2591280211017053,0.287719298245614
Digits38,1.0,43,4,0.9436619718309859,0.2833894824540296,0.314768928315038,0.24275511038668932,0.2716791979949874
Digits38,0.0,44,0,0.9583333333333334,0.38019924223086987,0.3389896183058193,0.2591648994280573,0.26654135338345863
Digits38,0.2,44,0,0.9583333333333334,0.3381851824296408,0.27754375050175817,0.22126280152595945,0.2362155388471178
Digits38,0.4,44,0,0.9444444444444444,0.3212477640676773,0.2687908780475475,0.21349954139427826,0.2370927318295739
Digits38,0.6,44,0,0.9583333333333334,0.3047689914876898,0.23646041571935228,0.19269620730147047,0.21781537176274018
Digits38,0.8,44,0,0.9583333333333334,0.27768005955478714,0.2520981769678218,0.20566861501072028,0.22184628237259818
Digits38,1.0,44,0,0.9583333333333334,0.2599970870463756,0.20871391611791545,0.18089791787160203,0.1931077694235589
Digits38,0.0,44,1,0.9444444444444444,0.36745535616049263,0.4009636007402425,0.3016768903611009,0.3502923976608187
Digits38,0.2,44,1,0.9166666666666666,0.33713617770468995,0.3356426491634265,0.2526741971478813,0.30474101921470337
Digits38,0.4,44,1,0.9166666666666666,0.3306965265679455,0.34424019505411807,0.2602418049786471,0.30202589807852964
Digits38,0.6,44,1,0.9444444444444444,0.3078794704181705,0.2702235100856971,0.2159572737204316,0.25075396825396823
Digits38,0.8,44,1,0.9444444444444444,0.29184212686633265,0.2587874875139891,0.20989306015621803,0.23775271512113616
Digits38,1.0,44,1,0.9305555555555556,0.2795924129616365,0.24849689740913675,0.20477551688078002,0.22456349206349205
Digits38,0.0,44,2,0.9295774647887324,0.37188978338316164,0.37386069753144957,0.2880865041391357,0.33853383458646613
Digits38,0.2,44,2,0.9295774647887324,0.34325852755601827,0.29359630904701534,0.2298438038569617,0.27965747702589805
Digits38,0.4,44,2,0.9295774647887324,0.3302458336336719,0.2726211803309682,0.21690078196657142,0.25898078529657476
Digits38,0.6,44,2,0.9295774647887324,0.305901803172414,0.2658386029005162,0.2091637090979196,0.23928571428571424
Digits38,0.8,44,2,0.9295774647887324,0.28744335840699065,0.242294889485815,0.194388477020056,0.22508354218880533
Digits38,1.0,44,2,0.9436619718309859,0.26092949583873176,0.21036528827649373,0.18147133568186197,0.19461152882205512
Digits38,0.0,44,3,0.9577464788732394,0.3838795360792132,0.38008134558826207,0.27673011199326986,0.32228487886382623
Digits38,0.2,44,3,0.971830985915493,0.3703199995117729,0.3871171559328206,0.2801060927376717,0.3282205513784461
Digits38,0.4,44,3,0.971830985915493,0.34991954076042575,0.34929075207989324,0.2568363945995525,0.2916081871345029
Digits38,0.6,44,3,0.971830985915493,0.3103383399786498,0.2556262202608379,0.2040392502234607,0.23542188805346695
Digits38,0.8,44,3,0.971830985915493,0.2903732423246803,0.23630429600994374,0.19370585554796083,0.21541353383458647
Digits38,1.0,44,3,0.971830985915493,0.27333916230517347,0.24664094719135699,0.20507394652131491,0.20787385129490393
Digits38,0.0,44,4,0.9295774647887324,0.3751887696075786,0.4908902911095001,0.3638252975095081,0.3888471177944862
Digits38,0.2,44,4,0.9295774647887324,0.3530735227419903,0.3970636443594067,0.28669887130413446,0.3635756056808689
Digits38,0.4,44,4,0.9295774647887324,0.3365418851671368,0.35002741590157166,0.262463797812095,0.3098370927318295
Digits38,0.6,44,4,0.9295774647887324,0.3066635985791166,0.3139176394478936,0.24061441912061107,0.25858395989974936
Digits38,0.8,44,4,0.9295774647887324,0.27966157929301194,0.31945080345121596,0.24469546964903002,0.24857978279030912
Digits38,1.0,44,4,0.9577464788732394,0.23977902940475165,0.27021607609773557,0.2162326167124929,0.221219715956558
Parkinsons,0.0,42,0,0.8974358974358975,0.4167103104535707,0.20981914006966604,0.26840244550770864,0.23403299916457806
Parkinsons,0.2,42,0,0.8974358974358975,0.3758314581368552,0.2356122232651673,0.27887977519556467,0.24435463659147869
Parkinsons,0.4,42,0,0.8974358974358975,0.37484775370726525,0.23937521645608914,0.2775381635907952,0.2596825396825397
Parkinsons,0.6,42,0,0.9230769230769231,0.324510834844851,0.2796352620263898,0.28859649122807013,0.2754594820384294
Parkinsons,0.8,42,0,0.9230769230769231,0.25199692541336427,0.3317398125550979,0.2996198830409356,0.30334795321637426
Parkinsons,1.0,42,0,0.8974358974358975,0.22262028310099913,0.35827711415214153,0.3220363408521304,0.32607769423558897
Parkinsons,0.0,42,1,0.8461538461538461,0.42899783529076246,0.23494984718174894,0.2714348370927318,0.2482309941520468
Parkinsons,0.2,42,1,0.8461538461538461,0.414161763163611,0.2392702313975702,0.2656826360773729,0.2383395989974937
Parkinsons,0.4,42,1,0.8461538461538461,0.3760448166241591,0.24659995280228106,0.2567181210602263,0.24892021720969087
Parkinsons,0.6,42,1,0.7948717948717948,0.3657704627017242,0.27189991282470843,0.2796827295511506,0.27213450292397656
Parkinsons,0.8,42,1,0.7948717948717948,0.3161792462331138,0.3179848244524562,0.29480367585630746,0.2920655806182122
Parkinsons,1.0,42,1,0.7948717948717948,0.27333956584893065,0.3718895541614615,0.3253571428571429,0.3253571428571429
Parkinsons,0.0,42,2,0.8461538461538461,0.4555452556886925,0.23750011132564408,0.2864656542288121,0.24380743525480367
Parkinsons,0.2,42,2,0.8461538461538461,0.3934969856813769,0.27011886558713405,0.28840966051492367,0.26881996658312446
Parkinsons,0.4,42,2,0.7948717948717948,0.36573854559336866,0.27024562036709454,0.28301834130781495,0.28329782790309105
Parkinsons,0.6,42,2,0.8461538461538461,0.31753878684562026,0.30820572110894834,0.2908901040479988,0.2847159565580618
Parkinsons,0.8,42,2,0.8461538461538461,0.2835001723607474,0.3590923987046339,0.3195080504291031,0.32823099415204676
Parkinsons,1.0,42,2,0.8461538461538461,0.26820231766298813,0.33712009835978374,0.303485987696514,0.3091060985797828
Parkinsons,0.0,42,3,0.7948717948717948,0.4253736191403531,0.23023077723141236,0.26493164730006835,0.2549289891395154
Parkinsons,0.2,42,3,0.8205128205128205,0.38429925114440733,0.2317723748135619,0.25369750132908025,0.23487468671679196
Parkinsons,0.4,42,3,0.8461538461538461,0.3693599738714071,0.23136237086123454,0.2538805346700083,0.2407414369256474
Parkinsons,0.6,42,3,0.8461538461538461,0.3427019098741556,0.24002733044173824,0.2609126984126984,0.2436069340016708
Parkinsons,0.8,42,3,0.8461538461538461,0.3153353644417098,0.28253400240132254,0.2791081871345029,0.26870718462823723
Parkinsons,1.0,42,3,0.8461538461538461,0.2518531042890277,0.3112690714849326,0.29070593149540513,0.29070593149540513
Parkinsons,0.0,42,4,0.8717948717948718,0.508120656975122,0.1907675033351153,0.2353504974557606,0.22495196324143688
Parkinsons,0.2,42,4,0.8717948717948718,0.48255932036486576,0.14510240621830292,0.2000003797372218,0.20087510442773598
Parkinsons,0.4,42,4,0.8717948717948718,0.4056557848833638,0.20070653859989335,0.23510860484544696,0.22528404344193817
Parkinsons,0.6,42,4,0.8717948717948718,0.3593886495580051,0.23595661049395258,0.24757518796992484,0.24638888888888885
Parkinsons,0.8,42,4,0.7435897435897436,0.31269963391134226,0.3102646420272496,0.2930764411027569,0.29204260651629066
Parkinsons,1.0,42,4,0.7435897435897436,0.2817271164701756,0.38714974993646634,0.3489933166248956,0.3488721804511278
Parkinsons,0.0,43,0,0.8717948717948718,0.4120277414672026,0.3556627576861501,0.3435554796081113,0.33306599832915623
Parkinsons,0.2,43,0,0.8461538461538461,0.3768704178683008,0.26442215382962564,0.2874419002050581,0.26437761069340016
Parkinsons,0.4,43,0,0.8205128205128205,0.33424000015459415,0.2442094018560105,0.2565810359231412,0.24444862155388472
Parkinsons,0.6,43,0,0.8205128205128205,0.30334666684024797,0.26525024055914603,0.27096491228070174,0.25275898078529657
Parkinsons,0.8,43,0,0.7435897435897436,0.2374217732683201,0.27089062259280444,0.26534043441938177,0.262687969924812
Parkinsons,1.0,43,0,0.7435897435897436,0.2418116416000883,0.26070743098178933,0.25740392648287386,0.25740392648287386
Parkinsons,0.0,43,1,0.9230769230769231,0.4100960826258717,0.2577863776485204,0.27743309322256693,0.2550438596491228
Parkinsons,0.2,43,1,0.9230769230769231,0.3592141979227183,0.22626113261524253,0.26268227386648435,0.2404114452798663
Parkinsons,0.4,43,1,0.9487179487179487,0.3485307464374988,0.2446531474450578,0.27239158502316396,0.2529866332497911
Parkinsons,0.6,43,1,0.9487179487179487,0.31064204009734475,0.27630327996133924,0.28314536340852126,0.2761090225563909
Parkinsons,0.8,43,1,0.9487179487179487,0.2750822950682998,0.34628021642841894,0.3345405179615706,0.32456349206349205
Parkinsons,1.0,43,1,0.9487179487179487,0.2250768840925724,0.37640944298359247,0.34683583959899755,0.34683583959899755
Parkinsons,0.0,43,2,0.9230769230769231,0.4809234500020031,0.2703226924743718,0.2946868920553131,0.2441896407685881
Parkinsons,0.2,43,2,0.9230769230769231,0.41493861671414034,0.22037590569111207,0.27323725981620717,0.23317669172932323
Parkinsons,0.4,43,2,0.8461538461538461,0.3820342940635488,0.2303646427559271,0.2676217057796005,0.2331349206349206
Parkinsons,0.6,43,2,0.8461538461538461,0.31509384994534667,0.30801967159029947,0.3069970380496696,0.2831913116123642
Parkinsons,0.8,43,2,0.8461538461538461,0.26173414550143,0.3487430953529814,0.3153092959671907,0.3102297410192147
Parkinsons,1.0,43,2,0.8461538461538461,0.22170410989009315,0.4266919834537629,0.35802213868003335,0.35802213868003335
Parkinsons,0.0,43,3,0.9230769230769231,0.4270683064412307,0.3245232488243618,0.33134218121060227,0.306578947368421
Parkinsons,0.2,43,3,0.9230769230769231,0.3869842811280596,0.2812290725900725,0.29311707298549405,0.2805263157894737
Parkinsons,0.4,43,3,0.9230769230769231,0.35218702404688595,0.3026744806714699,0.3051395534290271,0.28321219715956564
Parkinsons,0.6,43,3,0.9230769230769231,0.31783211343591594,0.32864066316209967,0.30431096681096687,0.2997807017543859
Parkinsons,0.8,43,3,0.9230769230769231,0.3018652089868209,0.3368748702740675,0.3090873015873016,0.2998162071846282
Parkinsons,1.0,43,3,0.9230769230769231,0.2530925645425609,0.40484810287898926,0.35120927318295747,0.354467418546366
Parkinsons,0.0,43,4,0.8974358974358975,0.48022345865585203,0.19224880748672857,0.25931014891541204,0.2367794486215539
Parkinsons,0.2,43,4,0.8974358974358975,0.45193757480086844,0.189915656126337,0.245557191346665,0.22476399331662486
Parkinsons,0.4,43,4,0.8974358974358975,0.4047701244774403,0.19531043157179612,0.2503457507404876,0.23493525480367586
Parkinsons,0.6,43,4,0.9743589743589743,0.35756540423578853,0.23717666752433658,0.26615288220551375,0.274047619047619
Parkinsons,0.8,43,4,0.9743589743589743,0.34641333681103686,0.26786126144891426,0.27788429406850457,0.28404135338345865
Parkinsons,1.0,43,4,0.8717948717948718,0.29577996603432144,0.30196917327124706,0.3040726817042606,0.3040726817042606
Parkinsons,0.0,44,0,0.8461538461538461,0.49556511216179455,0.27216826842677855,0.2805853649274702,0.26544903926482866
Parkinsons,0.2,44,0,0.8205128205128205,0.41126433395819084,0.29968061831215914,0.29994190020505807,0.2698412698412698
Parkinsons,0.4,44,0,0.8205128205128205,0.37943709632793576,0.2677162677459667,0.2784351029087871,0.2567063492063492
Parkinsons,0.6,44,0,0.9487179487179487,0.34901589493043295,0.28578752801326673,0.279462292093871,0.25936925647451964
Parkinsons,0.8,44,0,0.9487179487179487,0.2993369162435754,0.28516260608564914,0.27037593984962405,0.25916040100250626
Parkinsons,1.0,44,0,0.7948717948717948,0.24348406584997026,0.4040578421339328,0.3560254803675857,0.3435254803675856
Parkinsons,0.0,44,1,0.8461538461538461,0.4269820348339966,0.23191876321573862,0.27702712492186177,0.2598934837092732
Parkinsons,0.2,44,1,0.8461538461538461,0.3951317716290552,0.2701090262275299,0.32329191276559704,0.27363199665831245
Parkinsons,0.4,44,1,0.8461538461538461,0.3656349423397311,0.23391647749751385,0.2848928410770516,0.25551587301587303
Parkinsons,0.6,44,1,0.8461538461538461,0.3151141202704605,0.20233326086671782,0.2508330120172225,0.22489348370927317
Parkinsons,0.8,44,1,0.9230769230769231,0.27503797706076544,0.25806793532181144,0.2732771322245006,0.2602443609022556
Parkinsons,1.0,44,1,0.9230769230769231,0.23593405549195118,0.28243112279388566,0.2729657477025898,0.26030910609857977
Parkinsons,0.0,44,2,0.8717948717948718,0.4126303486961895,0.2850240152170897,0.3164961646540594,0.2733500417710944
Parkinsons,0.2,44,2,0.8717948717948718,0.378935963721627,0.22850246058915483,0.2654486595276069,0.23513784461152878
Parkinsons,0.4,44,2,0.8205128205128205,0.33547312897525544,0.2666923593314743,0.28928989139515454,0.26656015037593983
Parkinsons,0.6,44,2,0.8205128205128205,0.28759952643866227,0.29853887887361513,0.3013241436925647,0.27000835421888053
Parkinsons,0.8,44,2,0.8205128205128205,0.26847596042822286,0.30967829718992024,0.300515873015873,0.2907560568086883
Parkinsons,1.0,44,2,0.7948717948717948,0.211727536385009,0.37120606849716337,0.3261591478696742,0.3261591478696742
Parkinsons,0.0,44,3,0.8205128205128205,0.43392977382923387,0.2235474940468013,0.2734622249095933,0.22977652464494566
Parkinsons,0.2,44,3,0.8205128205128205,0.3826899785983909,0.2658897775562962,0.2904786587681324,0.2562301587301587
Parkinsons,0.4,44,3,0.8205128205128205,0.3683296394570136,0.27572303495077904,0.29230462519936207,0.2658583959899749
Parkinsons,0.6,44,3,0.8205128205128205,0.35064749133863543,0.2850041190910395,0.2977255639097744,0.28742272347535497
Parkinsons,0.8,44,3,0.8205128205128205,0.33440331853467514,0.2987592587951592,0.3033040935672514,0.29760025062656636
Parkinsons,1.0,44,3,0.8461538461538461,0.28552065863525955,0.31826814672331705,0.30742690058479527,0.29661862990810356
Parkinsons,0.0,44,4,0.8717948717948718,0.5171921498907921,0.33106153776795244,0.32827681090838984,0.3077067669172932
Parkinsons,0.2,44,4,0.8717948717948718,0.4568939156779284,0.28582851157138806,0.30826143155090524,0.27678571428571425
Parkinsons,0.4,44,4,0.8461538461538461,0.4179357938782776,0.260358264827366,0.2847036150983519,0.27503132832080196
Parkinsons,0.6,44,4,0.9230769230769231,0.36490233078657164,0.2791454836039069,0.2894341915394547,0.2755054302422723
Parkinsons,0.8,44,4,0.9230769230769231,0.30329590596556094,0.3481871482671386,0.3331506797296271,0.3141436925647451
Parkinsons,1.0,44,4,0.8717948717948718,0.21959323576401873,0.390055094745093,0.33827067669172933,0.33305555555555555
Musk1,0.0,42,0,0.7291666666666666,0.21471681475311102,0.11236399317649826,0.10643091400364676,0.10933583959899751
Musk1,0.2,42,0,0.7395833333333334,0.1836405688944171,0.11676213113146992,0.10689165513053664,0.11808688387635756
Musk1,0.4,42,0,0.75,0.16302051739338422,0.1323292436711973,0.11747032345787532,0.10975355054302423
Musk1,0.6,42,0,0.7395833333333334,0.14779328268469577,0.14215764235260733,0.1233108857164635,0.10611946532999164
Musk1,0.8,42,0,0.6979166666666666,0.13540485036727687,0.15973115197017085,0.1346110475512761,0.10770676691729324
Musk1,1.0,42,0,0.6979166666666666,0.12543586782059912,0.18926572333120806,0.1509004264081425,0.11399331662489556
Musk1,0.0,42,1,0.7789473684210526,0.19022265492382673,0.1930222197583174,0.14671808205405032,0.18243525480367584
Musk1,0.2,42,1,0.7684210526315789,0.15538959767452015,0.17905569315453432,0.13797585144955407,0.19308688387635756
Musk1,0.4,42,1,0.7894736842105263,0.14533689424261106,0.1756134289074505,0.1350023495022987,0.18807435254803678
Musk1,0.6,42,1,0.7368421052631579,0.13218489282516055,0.19591550792250886,0.14859042581242465,0.18013784461152885
Musk1,0.8,42,1,0.7684210526315789,0.12503037472865275,0.20121727499320066,0.15263006304889354,0.17042606516290726
Musk1,1.0,42,1,0.7578947368421053,0.11682181535540836,0.2105273998140445,0.1573570825711282,0.1726190476190476
Musk1,0.0,42,2,0.7789473684210526,0.18743989532445854,0.15192036769040793,0.1262767613973979,0.17222222222222222
Musk1,0.2,42,2,0.7894736842105263,0.16157963884870727,0.1418478388708505,0.11647985211821156,0.17178362573099412
Musk1,0.4,42,2,0.7684210526315789,0.1511920776684081,0.15750312446297965,0.12640724532573308,0.17577276524644944
Musk1,0.6,42,2,0.7473684210526316,0.1355790130165077,0.17929884686759198,0.14131997963770535,0.17040517961570592
Musk1,0.8,42,2,0.7473684210526316,0.12601164360188666,0.19263670825064333,0.1476274817675084,0.17295321637426903
Musk1,1.0,42,2,0.7368421052631579,0.11475223493450956,0.19493432940962407,0.14860790564970894,0.17395572263993317
Musk1,0.0,42,3,0.7684210526315789,0.1983035264506989,0.12103151280933444,0.11091017665081096,0.11169590643274853
Musk1,0.2,42,3,0.7473684210526316,0.16296551319446556,0.10011088847150394,0.0952992637862535,0.11338763575605681
Musk1,0.4,42,3,0.6947368421052632,0.14961647152395252,0.11239726353560746,0.10145439584240085,0.11117376775271512
Musk1,0.6,42,3,0.7368421052631579,0.13155145199702373,0.12560174851472636,0.10753848038981004,0.1297201336675021
Musk1,0.8,42,3,0.7578947368421053,0.12331729006021139,0.12704544328868522,0.10975699098443878,0.11662489557226399
Musk1,1.0,42,3,0.7894736842105263,0.11627209903250621,0.14442326676311207,0.11754153334975496,0.12447786131996659
Musk1,0.0,42,4,0.7578947368421053,0.17279640724905745,0.16953745306670437,0.13723871018709155,0.15342522974101921
Musk1,0.2,42,4,0.7789473684210526,0.13829272620018654,0.15539377972750942,0.12548069781254978,0.15486633249791146
Musk1,0.4,42,4,0.8105263157894737,0.1310772072338923,0.18002058043172106,0.1378269939841775,0.1578529657477026
Musk1,0.6,42,4,0.8,0.12588823392360476,0.18750113947680386,0.1424157240630515,0.16472431077694236
Musk1,0.8,42,4,0.8,0.11540812725783633,0.20157624634846769,0.15208315509430634,0.17456140350877192
Musk1,1.0,42,4,0.7473684210526316,0.10958980081877523,0.21044242963273915,0.15686974272216614,0.1883876357560568
Musk1,0.0,43,0,0.78125,0.20472336681878475,0.1368771971042052,0.1164848114516638,0.13260233918128655
Musk1,0.2,43,0,0.78125,0.16558870367683726,0.13010771030472987,0.11321227417616381,0.12923976608187135
Musk1,0.4,43,0,0.7916666666666666,0.15838860678989528,0.13846708364650395,0.11574462431768828,0.13874269005847953
Musk1,0.6,43,0,0.7395833333333334,0.13279121166328114,0.1617045793979942,0.12986566576874087,0.14231411862990812
Musk1,0.8,43,0,0.7291666666666666,0.12091968622043112,0.17487209792841676,0.1360673143391692,0.1498955722639933
Musk1,1.0,43,0,0.7395833333333334,0.11688935580424938,0.2102982221151791,0.15702489360353947,0.1690685045948204
Musk1,0.0,43,1,0.8526315789473684,0.191123250007883,0.11041240391035215,0.10611654933245222,0.09741019214703427
Musk1,0.2,43,1,0.8526315789473684,0.15807457962977892,0.11124492881300396,0.10416338016154465,0.11382623224728487
Musk1,0.4,43,1,0.8421052631578947,0.1391661537489989,0.12065799885416897,0.10975519404908865,0.12009189640768587
Musk1,0.6,43,1,0.8315789473684211,0.1282417013913837,0.14812480514999526,0.12400243114379851,0.12508354218880535
Musk1,0.8,43,1,0.8210526315789474,0.11782696346924179,0.173039503017602,0.13784886669657528,0.13335421888053467
Musk1,1.0,43,1,0.7894736842105263,0.10638813204115324,0.17080233130419142,0.135627173978952,0.14492481203007518
Musk1,0.0,43,2,0.7263157894736842,0.19544085604579176,0.15196952137408526,0.12838960486896167,0.1484126984126984
Musk1,0.2,43,2,0.7157894736842105,0.16418340366042805,0.12218499857478296,0.10870801585686705,0.1427527151211362
Musk1,0.4,43,2,0.7263157894736842,0.14039614613625878,0.14924877665967792,0.12372610042483272,0.1567669172932331
Musk1,0.6,43,2,0.7368421052631579,0.12981119336569752,0.17841663678370567,0.1405394913022358,0.16418128654970762
Musk1,0.8,43,2,0.7368421052631579,0.1247320357468779,0.16643163019445856,0.13137829704229273,0.1574561403508772
Musk1,1.0,43,2,0.7578947368421053,0.11215979803292978,0.1612894296801724,0.1263665195583153,0.15925229741019215
Musk1,0.0,43,3,0.7473684210526316,0.1956186255634994,0.2058706861999877,0.15832523655459674,0.18652882205513785
Musk1,0.2,43,3,0.6842105263157895,0.16858391626157315,0.14175213110451446,0.11938919690758941,0.177172096908939
Musk1,0.4,43,3,0.6736842105263158,0.15056797208285383,0.15934069119585392,0.13106204167059488,0.16386800334168755
Musk1,0.6,43,3,0.6526315789473685,0.13395853428410354,0.16930548226664288,0.1347881221416037,0.15396825396825398
Musk1,0.8,43,3,0.6631578947368421,0.12535623288169137,0.16728679677229794,0.13047496660411173,0.1590434419381788
Musk1,1.0,43,3,0.6631578947368421,0.11947152420737825,0.17028913645309224,0.13379798613128563,0.15657894736842104
Musk1,0.0,43,4,0.7789473684210526,0.1847323547109174,0.12183942576791329,0.11419418534498497,0.09776524644945699
Musk1,0.2,43,4,0.8,0.15746839609570112,0.10830328566040096,0.10503520965729872,0.10192147034252297
Musk1,0.4,43,4,0.7894736842105263,0.14158061529833876,0.12286635414346189,0.11154400641195222,0.10653717627401837
Musk1,0.6,43,4,0.7157894736842105,0.12746369949125133,0.15208566678523813,0.1269675279640436,0.11217627401837928
Musk1,0.8,43,4,0.7368421052631579,0.119801350997883,0.1562952046751367,0.12848113308439135,0.10912698412698411
Musk1,1.0,43,4,0.7368421052631579,0.11267508981952772,0.15034532115151628,0.12690913398931988,0.10114870509607352
Musk1,0.0,44,0,0.7708333333333334,0.21509351348687505,0.12475683197640312,0.11373594232258837,0.1056390977443609
Musk1,0.2,44,0,0.7291666666666666,0.1773768390414851,0.07989286405602285,0.08624412768676332,0.10104427736006684
Musk1,0.4,44,0,0.7291666666666666,0.16733458224220094,0.08549284894130224,0.08960004173215917,0.10242272347535507
Musk1,0.6,44,0,0.7708333333333334,0.14764210690683327,0.10634372899348589,0.10231047477513568,0.09657477025898079
Musk1,0.8,44,0,0.78125,0.13732853140877185,0.11530293648074956,0.10627689008214598,0.1080827067669173
Musk1,1.0,44,0,0.8333333333333334,0.13408367123213377,0.13579804088630618,0.11901900871313248,0.10676691729323308
Musk1,0.0,44,1,0.7789473684210526,0.19147829790323972,0.15392364877586226,0.1286725346124874,0.124937343358396
Musk1,0.2,44,1,0.8105263157894737,0.16455947012295638,0.11587016019160715,0.10471753730721256,0.12142857142857146
Musk1,0.4,44,1,0.7473684210526316,0.15058717164773344,0.12092289574901363,0.10758253896988769,0.12639933166248957
Musk1,0.6,44,1,0.7473684210526316,0.13483951213820788,0.1445648913145195,0.12411156992913441,0.10820802005012532
Musk1,0.8,44,1,0.7368421052631579,0.12723505065926227,0.16647951271269332,0.13442137127333034,0.12456140350877194
Musk1,1.0,44,1,0.7368421052631579,0.11882409692298712,0.15477685024041557,0.12797790805934442,0.11610275689223058
Musk1,0.0,44,2,0.7578947368421053,0.18119892511606317,0.17694912342045324,0.14351360987789163,0.15396825396825398
Musk1,0.2,44,2,0.8210526315789474,0.15769549362999546,0.16112018767186645,0.1321382840295087,0.15810359231411864
Musk1,0.4,44,2,0.8105263157894737,0.14041627677181573,0.1776628662331284,0.14152515485329836,0.162406015037594
Musk1,0.6,44,2,0.8105263157894737,0.13240975893288437,0.19717101409904447,0.15528335864241846,0.15332080200501252
Musk1,0.8,44,2,0.8,0.11706056281966541,0.19669412667871533,0.15298731308254573,0.15355054302422724
Musk1,1.0,44,2,0.7789473684210526,0.10859681507017516,0.21213481089202843,0.16093355001205353,0.15545112781954887
Musk1,0.0,44,3,0.7578947368421053,0.18800967502048405,0.1427792727179685,0.12119203730060568,0.14438178780284044
Musk1,0.2,44,3,0.7894736842105263,0.1574786052333783,0.14437020860283548,0.11977872557371738,0.13876357560568087
Musk1,0.4,44,3,0.7894736842105263,0.1429793991885356,0.14995498030077017,0.1242173342294555,0.1420634920634921
Musk1,0.6,44,3,0.7894736842105263,0.12766786820228634,0.16979101957604906,0.1333691907069485,0.15749791144527986
Musk1,0.8,44,3,0.7578947368421053,0.11969126812865312,0.18075869214115858,0.1392281192247241,0.1518796992481203
Musk1,1.0,44,3,0.7578947368421053,0.11431122059849104,0.19103097631120378,0.14494019424787558,0.15288220551378445
Musk1,0.0,44,4,0.7052631578947368,0.18297860063259763,0.17949673097896113,0.13626535290575498,0.1671888053467001
Musk1,0.2,44,4,0.6736842105263158,0.15647925793855094,0.16097423437584213,0.12418238404878316,0.16739766081871343
Musk1,0.4,44,4,0.7052631578947368,0.13764488542422784,0.1550864380097403,0.1208517245041041,0.16666666666666669
Musk1,0.6,44,4,0.6947368421052632,0.11953224231648307,0.1676967826560958,0.12554591638736343,0.16228070175438597
Musk1,0.8,44,4,0.6947368421052632,0.11537508237648528,0.18522496406725805,0.13610568784388644,0.16238512949039266
Musk1,1.0,44,4,0.6842105263157895,0.1117490675582701,0.18575103519854005,0.13668448281053422,0.16060985797827904
Landsat,0.0,42,0,0.9642579642579643,0.5894841562540571,0.2587370756464864,0.4611743054197243,0.2513157894736842
Landsat,0.2,42,0,0.965034965034965,0.5416530960504415,0.1596033150883203,0.3999013038953231,0.18107769423558898
Landsat,0.4,42,0,0.9704739704739704,0.5156707526321355,0.15016251631974967,0.36294566890114827,0.17581453634085215
Landsat,0.6,42,0,0.9564879564879565,0.3235260061349512,0.15650091557027196,0.31686429631505364,0.1946950710108605
Landsat,0.8,42,0,0.951048951048951,0.29849764487546554,0.17127045767528493,0.28700224988278206,0.20910609857978277
Landsat,1.0,42,0,0.9494949494949495,0.2731892884457442,0.22229383809243922,0.27130076918898816,0.22579365079365077
Landsat,0.0,42,1,0.9728049728049728,0.562376734375186,0.19733882968141164,0.4345643626034669,0.16505847953216374
Landsat,0.2,42,1,0.9689199689199689,0.5328288916112209,0.18575946713199767,0.3987706869829995,0.16267752715121137
Landsat,0.4,42,1,0.972027972027972,0.5160120846807608,0.1194572339845066,0.3439350891347354,0.1508980785296575
Landsat,0.6,42,1,0.9627039627039627,0.3195435366222565,0.12997730732126028,0.2962729619438321,0.16159147869674187
Landsat,0.8,42,1,0.9634809634809635,0.3059913717154255,0.1733965665344641,0.3148535025367797,0.1496031746031746
Landsat,1.0,42,1,0.9564879564879565,0.2843014119937222,0.143782767621581,0.24356153107660353,0.17034252297410193
Landsat,0.0,42,2,0.9572649572649573,0.5865540513602755,0.24806699935873816,0.45583111879094573,0.18427318295739348
Landsat,0.2,42,2,0.9595959595959596,0.5474087525694917,0.15770639644115064,0.3789219435483128,0.18045112781954886
Landsat,0.4,42,2,0.9595959595959596,0.5016993200472305,0.1355871458243478,0.32771208952984315,0.18373015873015872
Landsat,0.6,42,2,0.9588189588189588,0.3152838838716452,0.15101318668139643,0.3285401891701422,0.1579782790309106
Landsat,0.8,42,2,0.9494949494949495,0.30100035674857833,0.17308203789012322,0.3136303019640332,0.20611946532999165
Landsat,1.0,42,2,0.9526029526029526,0.2721706066098974,0.14507086246551532,0.23135955382676088,0.17234753550543025
Landsat,0.0,42,3,0.9673659673659674,0.5944967970787507,0.19548413962800296,0.46003852060515654,0.17974101921470342
Landsat,0.2,42,3,0.9689199689199689,0.5484456124923106,0.12314518950896014,0.3800257582789257,0.16301169590643275
Landsat,0.4,42,3,0.9712509712509713,0.5043479688283552,0.0998634102635757,0.3177407732387611,0.17936507936507934
Landsat,0.6,42,3,0.9611499611499611,0.3150651222040963,0.08223994765176644,0.29131754909214863,0.1292606516290727
Landsat,0.8,42,3,0.9611499611499611,0.29034466212638294,0.08165901759242482,0.2390465143798241,0.15261069340016709
Landsat,1.0,42,3,0.9665889665889665,0.27155529818484736,0.15961499792315642,0.25115114646094766,0.18826232247284877
Landsat,0.0,42,4,0.9704739704739704,0.5750773314600405,0.23873662306256854,0.46858287948849514,0.1850250626566416
Landsat,0.2,42,4,0.9696969696969697,0.5450933309438433,0.1957960062353437,0.3985296942303099,0.2084795321637427
Landsat,0.4,42,4,0.9704739704739704,0.5250082447280495,0.17163095320855343,0.3599013116753983,0.20814536340852133
Landsat,0.6,42,4,0.9728049728049728,0.33731709664531123,0.14607140365144053,0.32028798450102675,0.19340016708437763
Landsat,0.8,42,4,0.9673659673659674,0.31216148428655244,0.14674662409882475,0.2962363019485973,0.2347117794486215
Landsat,1.0,42,4,0.9588189588189588,0.2858209710615384,0.19200781830767666,0.28159099875736665,0.21363826232247285
Landsat,0.0,43,0,0.9658119658119658,0.5948333100627218,0.271369928243827,0.46955496464981195,0.16735588972431079
Landsat,0.2,43,0,0.9665889665889665,0.5559134747828904,0.16441077788118835,0.4111460151957475,0.17115705931495404
Landsat,0.4,43,0,0.9634809634809635,0.5062342644278758,0.11267002916008319,0.3376835818825838,0.16165413533834586
Landsat,0.6,43,0,0.9642579642579643,0.3254112529768973,0.10603254723853581,0.31810071247204064,0.1474310776942356
Landsat,0.8,43,0,0.9533799533799534,0.29168926658531347,0.12304604365228108,0.27317871986274267,0.16622807017543859
Landsat,1.0,43,0,0.9603729603729604,0.27231252575709763,0.1770659524043268,0.256500081965904,0.19371345029239767
Landsat,0.0,43,1,0.9673659673659674,0.5702650696867607,0.19419029889457248,0.43373774723441877,0.17990810359231413
Landsat,0.2,43,1,0.9658119658119658,0.5416850017387793,0.16593191069945334,0.39956908504445565,0.15839598997493734
Landsat,0.4,43,1,0.9665889665889665,0.5295396038596598,0.1523062667314033,0.3752601779874328,0.1471386800334169
Landsat,0.6,43,1,0.9603729603729604,0.3207707069900415,0.12111594735742878,0.3103373763103981,0.18659147869674184
Landsat,0.8,43,1,0.9712509712509713,0.3074631511648823,0.14831963182285904,0.29003679555970363,0.19388053467000832
Landsat,1.0,43,1,0.9564879564879565,0.27750023517586586,0.15791087812388127,0.24701342218695976,0.18830409356725147
Landsat,0.0,43,2,0.9696969696969697,0.5808259212038698,0.21199100589135006,0.48920862122168557,0.18870091896407684
Landsat,0.2,43,2,0.9704739704739704,0.5394649517526438,0.17293161960670378,0.41228126687845085,0.1570593149540518
Landsat,0.4,43,2,0.9735819735819736,0.5076277163881773,0.12442875295343712,0.3513828016164085,0.15536758563074352
Landsat,0.6,43,2,0.9704739704739704,0.32619163826412473,0.10942305813614847,0.30698180499375655,0.1490183792815372
Landsat,0.8,43,2,0.9689199689199689,0.3011800945160436,0.10711054094290888,0.27683545727454373,0.14962406015037596
Landsat,1.0,43,2,0.9611499611499611,0.2749877252533841,0.1627583752306914,0.26765652066959705,0.16255221386800334
Landsat,0.0,43,3,0.9603729603729604,0.5567281882373697,0.1983182808378758,0.4477627807619122,0.1547410192147034
Landsat,0.2,43,3,0.9611499611499611,0.5246634960950431,0.14705225631099322,0.367623732002105,0.1748955722639933
Landsat,0.4,43,3,0.9572649572649573,0.48902288148394596,0.09748754636552755,0.32660289294465417,0.16652046783625732
Landsat,0.6,43,3,0.9642579642579643,0.3244548891636444,0.12548019320271295,0.28977027740000194,0.15989974937343357
Landsat,0.8,43,3,0.9673659673659674,0.3004136423539071,0.15674471561189654,0.276561320716959,0.1999582289055973
Landsat,1.0,43,3,0.9681429681429682,0.28091084808047484,0.1747831925447418,0.25619018311274294,0.18782372598162073
Landsat,0.0,43,4,0.9634809634809635,0.5888913113152626,0.2181339772756462,0.45038353828108657,0.2142648287385129
Landsat,0.2,43,4,0.9642579642579643,0.5414544593003858,0.1676253321675328,0.386636933255052,0.1927736006683375
Landsat,0.4,43,4,0.965034965034965,0.5347842734538225,0.15694362009036525,0.36259621233180206,0.21466165413533833
Landsat,0.6,43,4,0.9595959595959596,0.31805408100988897,0.13641994802788998,0.32376666130564435,0.1903299916457811
Landsat,0.8,43,4,0.958041958041958,0.2999212460762153,0.17471655371160819,0.2953506976422364,0.30300751879699245
Landsat,1.0,43,4,0.9549339549339549,0.2806522450063186,0.17388915021747522,0.26118829444822533,0.1760442773600668
Landsat,0.0,44,0,0.9603729603729604,0.5841492428151478,0.21566559257387719,0.4619753734293552,0.17414369256474516
Landsat,0.2,44,0,0.9611499611499611,0.5398889142143231,0.14733054782219537,0.39041934259284194,0.14736842105263157
Landsat,0.4,44,0,0.9611499611499611,0.5133522269779963,0.1276623024211606,0.3445542711553127,0.1565371762740184
Landsat,0.6,44,0,0.9712509712509713,0.32308111030134545,0.18005307384604402,0.331602155233426,0.18464912280701756
Landsat,0.8,44,0,0.9712509712509713,0.3037570708162814,0.1784978705769073,0.28754116955591613,0.2032581453634085
Landsat,1.0,44,0,0.9634809634809635,0.27581199777788956,0.18501372129668806,0.24372878214881635,0.19177109440267334
Landsat,0.0,44,1,0.9642579642579643,0.5914058382163678,0.2493707687317202,0.4504519758502292,0.21468253968253967
Landsat,0.2,44,1,0.9634809634809635,0.5441589306391308,0.18098571634090738,0.3772316582014141,0.21244778613199666
Landsat,0.4,44,1,0.9728049728049728,0.5307517578365168,0.1596092252629324,0.34964027820963933,0.20582706766917291
Landsat,0.6,44,1,0.9557109557109557,0.3152547844513639,0.1282300351944406,0.29259753316880227,0.15601503759398497
Landsat,0.8,44,1,0.9541569541569541,0.2987225818999441,0.14132601347377355,0.2793509120461019,0.1633249791144528
Landsat,1.0,44,1,0.9432789432789432,0.2735569831917611,0.19265384920988612,0.2693061765059484,0.19665831244778614
Landsat,0.0,44,2,0.9681429681429682,0.555283422030823,0.19573130868515418,0.45602037949932006,0.14091478696741855
Landsat,0.2,44,2,0.9549339549339549,0.525136349524481,0.1316244196500605,0.4021851439870991,0.127109440267335
Landsat,0.4,44,2,0.9526029526029526,0.4918571044528689,0.07520175101866798,0.3571110329304704,0.1332080200501253
Landsat,0.6,44,2,0.9564879564879565,0.3258970346095066,0.08446622271406531,0.2958809234890169,0.14634502923976608
Landsat,0.8,44,2,0.9595959595959596,0.29642632862556967,0.10084363990548427,0.2496513736560796,0.1597953216374269
Landsat,1.0,44,2,0.951048951048951,0.27355398436896927,0.14940225186971992,0.23999722140242755,0.17111528822055136
Landsat,0.0,44,3,0.9642579642579643,0.5877492868923117,0.1978934117234638,0.43646885991513096,0.18920217209690893
Landsat,0.2,44,3,0.9658119658119658,0.5566785468398326,0.19994976367554565,0.38669618858789767,0.19559314954051796
Landsat,0.4,44,3,0.9619269619269619,0.5144778602185492,0.19233443019837324,0.35526529202173446,0.1976608187134503
Landsat,0.6,44,3,0.9603729603729604,0.29594388992340315,0.17017147923417222,0.3198169245986071,0.1882205513784461
Landsat,0.8,44,3,0.9572649572649573,0.27835055150911614,0.20306387363627046,0.31005377574626286,0.22903091060985795
Landsat,1.0,44,3,0.958041958041958,0.2647434584162784,0.21508331285497154,0.2893192000049993,0.19291979949874682
Landsat,0.0,44,4,0.9743589743589743,0.5548641798652159,0.23665307343581538,0.47934561888424426,0.1805137844611529
Landsat,0.2,44,4,0.9766899766899767,0.5233917277178101,0.15885939556420425,0.3966964241022382,0.15979532163742688
Landsat,0.4,44,4,0.9759129759129759,0.49146131290088546,0.14529965149169466,0.3561880816376886,0.15597326649958226
Landsat,0.6,44,4,0.9751359751359752,0.3201213833682034,0.170268829461877,0.3200406684961989,0.1933792815371763
Landsat,0.8,44,4,0.9681429681429682,0.29881991790987206,0.15042053185212764,0.291153617309059,0.17662907268170427
Landsat,1.0,44,4,0.9689199689199689,0.2810728556218408,0.1806017649454137,0.2684341579518376,0.1819966583124478
Ozone,0.0,42,0,0.9329388560157791,0.36357718572271525,0.14125546370672284,0.26873238719464476,0.07871762740183792
Ozone,0.2,42,0,0.9349112426035503,0.2870211776289088,0.17611557752353799,0.267370087506873,0.09839181286549707
Ozone,0.4,42,0,0.9329388560157791,0.2681924524976163,0.205466926181908,0.26971400472347923,0.09108187134502924
Ozone,0.6,42,0,0.9250493096646942,0.23833404787623888,0.2604787399698259,0.29920046785683047,0.09956140350877192
Ozone,0.8,42,0,0.9289940828402367,0.2173366971561414,0.28900012882970966,0.29898726002941567,0.11048454469507102
Ozone,1.0,42,0,0.9270216962524654,0.2015782625890183,0.2969023295252735,0.2908588315853012,0.13381370091896408
Ozone,0.0,42,1,0.9250493096646942,0.337987164435113,0.19070015677524071,0.27950468947558116,0.11979949874686717
Ozone,0.2,42,1,0.9191321499013807,0.2849396101158727,0.21140362842368843,0.27565000507032766,0.11831662489557225
Ozone,0.4,42,1,0.9230769230769231,0.24942397749298945,0.24135430764484542,0.27160457561003515,0.13890977443609023
Ozone,0.6,42,1,0.9171597633136095,0.22238661118852726,0.2797905961898841,0.288485924013601,0.16409774436090227
Ozone,0.8,42,1,0.9270216962524654,0.21295574938635978,0.314284351931298,0.30647705308801476,0.1484962406015038
Ozone,1.0,42,1,0.9329388560157791,0.1957010166517131,0.28939614194136104,0.28310720098103137,0.1467000835421888
Ozone,0.0,42,2,0.9072978303747534,0.35700157040942765,0.15637948831933626,0.2536826327991206,0.09377610693400167
Ozone,0.2,42,2,0.9191321499013807,0.3038370579178973,0.15887061254314197,0.22871954868541114,0.10647451963241437
Ozone,0.4,42,2,0.9171597633136095,0.25860497684813655,0.19665695451337295,0.24042998681985997,0.12178362573099416
Ozone,0.6,42,2,0.9151873767258383,0.22972861222471547,0.2608936147512912,0.26896741569294375,0.1296157059314954
Ozone,0.8,42,2,0.9112426035502958,0.21600326192320685,0.2694951328559128,0.27557211585782054,0.14701336675020887
Ozone,1.0,42,2,0.9368836291913215,0.19760524252903292,0.33534758074647886,0.30727927578223996,0.15071010860484543
Ozone,0.0,42,3,0.9329388560157791,0.3520270945066532,0.19218896195605736,0.2735776590145291,0.13128654970760234
Ozone,0.2,42,3,0.9250493096646942,0.27819381034900287,0.2260011715791967,0.2730301497360173,0.16311612364243944
Ozone,0.4,42,3,0.9270216962524654,0.25555691878627973,0.2667943234406252,0.2964230962073192,0.16785714285714287
Ozone,0.6,42,3,0.9270216962524654,0.23122035775209557,0.32815567085827835,0.3236485305600611,0.18961988304093572
Ozone,0.8,42,3,0.9270216962524654,0.21419981767880653,0.36659816514701604,0.3381548551602905,0.21806599832915624
Ozone,1.0,42,3,0.9368836291913215,0.20499735829575744,0.3467055997409686,0.31005305718252135,0.19619883040935668
Ozone,0.0,42,4,0.9446640316205533,0.35569888940384936,0.16949625385481693,0.2594565395164653,0.10822890559732665
Ozone,0.2,42,4,0.9209486166007905,0.30394625086498045,0.1552748515019644,0.24218571006974,0.09335839598997493
Ozone,0.4,42,4,0.9308300395256917,0.27065350029622914,0.2251561825055694,0.2736179404453722,0.09465329991645781
Ozone,0.6,42,4,0.9347826086956522,0.23708532403820337,0.23011127289888908,0.26155034460116516,0.11802422723475356
Ozone,0.8,42,4,0.9288537549407114,0.21035455374776885,0.28914671685159554,0.28754616102086067,0.14210526315789473
Ozone,1.0,42,4,0.9308300395256917,0.1884129337806877,0.3277973699452089,0.30311605385349816,0.1571010860484545
Ozone,0.0,43,0,0.9191321499013807,0.34272558623046373,0.144688105027804,0.2592281070474564,0.08421052631578947
Ozone,0.2,43,0,0.9230769230769231,0.27657295814438243,0.19625800970568721,0.272503560859149,0.09880952380952382
Ozone,0.4,43,0,0.9151873767258383,0.24970202486685253,0.2562314182538938,0.29524621321891503,0.09097744360902255
Ozone,0.6,43,0,0.9191321499013807,0.23537973125892955,0.28955723096004266,0.30426213567248367,0.11271929824561402
Ozone,0.8,43,0,0.9191321499013807,0.21738574082181472,0.30714461872723897,0.309042607155998,0.13022138680033418
Ozone,1.0,43,0,0.9191321499013807,0.2042029638887739,0.34452771119028247,0.32340909020221204,0.1420217209690894
Ozone,0.0,43,1,0.9329388560157791,0.3483960487576712,0.15553337141437,0.2589833005881684,0.10338345864661654
Ozone,0.2,43,1,0.9211045364891519,0.2845443179281998,0.17920593496273846,0.25864597931545985,0.0994778613199666
Ozone,0.4,43,1,0.9309664694280079,0.24289698256482944,0.24378809599222168,0.28456751301040617,0.13932748538011697
Ozone,0.6,43,1,0.9368836291913215,0.2255747527328079,0.3100376869704103,0.3145484548593029,0.15494987468671684
Ozone,0.8,43,1,0.9289940828402367,0.21075335721176708,0.3625099543230409,0.3435956705152938,0.16604010025062657
Ozone,1.0,43,1,0.9349112426035503,0.19567892093426548,0.3690050406792459,0.33937178884728586,0.15651629072681705
Ozone,0.0,43,2,0.9112426035502958,0.34266880648178083,0.167592132880868,0.26344518983634146,0.13134920634920635
Ozone,0.2,43,2,0.9230769230769231,0.29795064810439553,0.16506959505421565,0.24861306529613877,0.11104845446950709
Ozone,0.4,43,2,0.9211045364891519,0.26510164290571475,0.1837588036678194,0.24612016123847508,0.10513784461152884
Ozone,0.6,43,2,0.9211045364891519,0.24314726339548914,0.26033209599749263,0.2777166779353201,0.11913116123642438
Ozone,0.8,43,2,0.9289940828402367,0.21582939940523702,0.3014657430546258,0.2913898217827409,0.15868838763575607
Ozone,1.0,43,2,0.9309664694280079,0.20062333732716495,0.3291914560187908,0.3003517197460554,0.15833333333333335
Ozone,0.0,43,3,0.9132149901380671,0.34966014152305186,0.13470580122197046,0.253140244452469,0.08909774436090227
Ozone,0.2,43,3,0.9211045364891519,0.30406622600881505,0.14660947391340307,0.23842614726410125,0.08462823725981622
Ozone,0.4,43,3,0.9289940828402367,0.2698362700970937,0.1859940048172724,0.25019688462117917,0.0969715956558062
Ozone,0.6,43,3,0.9368836291913215,0.25238415157183774,0.2095790846458442,0.2601127458828655,0.10096073517126149
Ozone,0.8,43,3,0.9329388560157791,0.225654189691197,0.27183063758430565,0.28482588714619284,0.10795739348370928
Ozone,1.0,43,3,0.9289940828402367,0.2103771821400499,0.29752768749346037,0.2870987125335823,0.13924394319131161
Ozone,0.0,43,4,0.9268774703557312,0.3159457065240615,0.18073421052714336,0.26297505320123066,0.11566416040100251
Ozone,0.2,43,4,0.9209486166007905,0.27874090562206233,0.1960563097309516,0.2566497513055695,0.11915204678362575
Ozone,0.4,43,4,0.9288537549407114,0.25029925164291206,0.25680788065756044,0.28147123787325473,0.13026315789473683
Ozone,0.6,43,4,0.9268774703557312,0.2278071332397403,0.30033956006375695,0.3015809334070123,0.1195279866332498
Ozone,0.8,43,4,0.9347826086956522,0.21555799014442747,0.30652517440114063,0.2890315004874835,0.15031328320802004
Ozone,1.0,43,4,0.9387351778656127,0.20483046109807984,0.309948603035103,0.2884344790260174,0.17773600668337508
Ozone,0.0,44,0,0.9506903353057199,0.34969380186795024,0.1648373468176915,0.2731439463276956,0.11434837092731828
Ozone,0.2,44,0,0.9388560157790927,0.2823098971770623,0.18978502547348963,0.27933395728292404,0.08999582289055973
Ozone,0.4,44,0,0.9289940828402367,0.24837047746887944,0.23456575145027989,0.27792078010229554,0.11416040100250627
Ozone,0.6,44,0,0.9270216962524654,0.22992912467505625,0.28138057363733987,0.2973678475128381,0.1413951545530493
Ozone,0.8,44,0,0.9289940828402367,0.2093472190748265,0.33750617789173865,0.31793256903407163,0.17318295739348372
Ozone,1.0,44,0,0.9289940828402367,0.20089477549119855,0.3341511245107389,0.3085224788044012,0.16050543024227232
Ozone,0.0,44,1,0.9191321499013807,0.35457097090473083,0.1950517777482776,0.2812375946985935,0.12481203007518797
Ozone,0.2,44,1,0.9191321499013807,0.2812347484505436,0.19436657610092972,0.26493794466270854,0.11359649122807018
Ozone,0.4,44,1,0.9230769230769231,0.25631169957479866,0.23291464587742175,0.2733271896909421,0.1385964912280702
Ozone,0.6,44,1,0.9151873767258383,0.24378471873208296,0.25698718270926585,0.28149515621693383,0.14260651629072682
Ozone,0.8,44,1,0.9171597633136095,0.21538537318851506,0.27334986510139975,0.2682806627989881,0.14567669172932332
Ozone,1.0,44,1,0.9250493096646942,0.1968497417429032,0.3393337096943987,0.3040289429265738,0.18494152046783624
Ozone,0.0,44,2,0.9250493096646942,0.36331819010901134,0.16547245158324733,0.2749722934145456,0.09870509607351712
Ozone,0.2,44,2,0.9191321499013807,0.3077576235730379,0.17584604843472293,0.26293086673291993,0.10442773600668338
Ozone,0.4,44,2,0.9270216962524654,0.27628882179794073,0.22014233577638975,0.28140343678307317,0.09565580618212198
Ozone,0.6,44,2,0.9329388560157791,0.2386236964110215,0.26232278655730484,0.30044020508769415,0.0872389306599833
Ozone,0.8,44,2,0.9388560157790927,0.21867503795986393,0.27611819638760066,0.2964739805714277,0.0945906432748538
Ozone,1.0,44,2,0.9388560157790927,0.19874894978329988,0.32234229196241443,0.3099841377723765,0.12036340852130327
Ozone,0.0,44,3,0.9191321499013807,0.3334038264296356,0.17340835889748746,0.257045649741317,0.12581453634085213
Ozone,0.2,44,3,0.9171597633136095,0.28677600194285724,0.1919380811464287,0.25442948290436607,0.0967627401837928
Ozone,0.4,44,3,0.9250493096646942,0.2574856661845488,0.20571796482802593,0.25285897114042266,0.12128237259816206
Ozone,0.6,44,3,0.9270216962524654,0.23826870316300974,0.2514681600358637,0.2722569797521072,0.1427109440267335
Ozone,0.8,44,3,0.9309664694280079,0.21475574771677386,0.2929889046591478,0.28732962698963693,0.15300751879699248
Ozone,1.0,44,3,0.9329388560157791,0.20196472845592983,0.2914659565295082,0.28199145306421236,0.1643483709273183
Ozone,0.0,44,4,0.9347826086956522,0.3540592512929743,0.15256078533942208,0.24730052299090377,0.09626148705096073
Ozone,0.2,44,4,0.932806324110672,0.2817620577027718,0.16501789789822113,0.23873713840135885,0.08711361737677528
Ozone,0.4,44,4,0.9308300395256917,0.2611202922465122,0.20395845835938411,0.26139330756422063,0.10277777777777779
Ozone,0.6,44,4,0.9367588932806324,0.23367828615988656,0.2589742936612935,0.2737570936392523,0.12449874686716793
Ozone,0.8,44,4,0.9308300395256917,0.20371627824810332,0.3256216687032311,0.3063802565370461,0.1440893901420217
Ozone,1.0,44,4,0.9367588932806324,0.1886519242711684,0.3643896156217407,0.3326359969603376,0.13715538847117795
