dataset,depth_cap,method,seed,fold,accuracy,macro_f1,auc,n_nodes,set_redundancy,weighted_redundancy,path_flagged
WDBC,3,CART,42,0,0.8947368421052632,0.8879790370127743,0.9651162790697675,15,0.6343916818299258,0.6052434063359927,1.0
WDBC,3,ACP-Gini,42,0,0.9122807017543859,0.9074675324675325,0.9649525057320669,15,0.26350545469211006,0.46560877473160095,0.621978021978022
WDBC,4,CART,42,0,0.9210526315789473,0.9147486497714998,0.9303963314772355,23,0.6216533959253623,0.5786638341551964,1.0
WDBC,4,ACP-Gini,42,0,0.9122807017543859,0.9074675324675325,0.9664264657713725,25,0.325019427526026,0.4300492488406163,0.967032967032967
WDBC,6,CART,42,0,0.9210526315789473,0.9147486497714998,0.9480838519489028,27,0.45982996069107684,0.5747660247667089,1.0
WDBC,6,ACP-Gini,42,0,0.9122807017543859,0.9074675324675325,0.9664264657713725,29,0.3064445952390178,0.4279522275104779,0.967032967032967
WDBC,8,CART,42,0,0.9210526315789473,0.9147486497714998,0.9490664919751065,29,0.45982996069107684,0.5734477813534575,1.0
WDBC,8,ACP-Gini,42,0,0.9122807017543859,0.9074675324675325,0.9664264657713725,31,0.3064445952390178,0.42633215119051004,0.967032967032967
WDBC,10,CART,42,0,0.9210526315789473,0.9147486497714998,0.9490664919751065,29,0.45982996069107684,0.5734477813534575,1.0
WDBC,10,ACP-Gini,42,0,0.9122807017543859,0.9074675324675325,0.9664264657713725,31,0.3064445952390178,0.42633215119051004,0.967032967032967
WDBC,3,CART,42,1,0.8771929824561403,0.8635897435897435,0.8892892237143792,11,0.5816572230589047,0.8383777845152488,0.6945054945054945
WDBC,3,ACP-Gini,42,1,0.8771929824561403,0.85995085995086,0.9292499181133311,11,0.2934290660708811,0.7560538826710199,0.6945054945054945
WDBC,4,CART,42,1,0.8771929824561403,0.8635897435897435,0.9272846380609236,13,0.5816572230589047,0.8369480532822818,0.6945054945054945
WDBC,4,ACP-Gini,42,1,0.868421052631579,0.8529285284252173,0.9502129053390108,15,0.2732231881299876,0.6727237564298142,0.6945054945054945
WDBC,6,CART,42,1,0.9035087719298246,0.8946837994457042,0.9297412381264331,21,0.35662934417792286,0.7696611101148404,0.6945054945054945
WDBC,6,ACP-Gini,42,1,0.8859649122807017,0.8708496732026143,0.9154929577464788,19,0.27209534897246035,0.6289605343319085,0.6945054945054945
WDBC,8,CART,42,1,0.9035087719298246,0.8946837994457042,0.9297412381264331,21,0.35662934417792286,0.7696611101148404,0.6945054945054945
WDBC,8,ACP-Gini,42,1,0.8859649122807017,0.8708496732026143,0.9154929577464788,19,0.27209534897246035,0.6289605343319085,0.6945054945054945
WDBC,10,CART,42,1,0.9035087719298246,0.8946837994457042,0.9297412381264331,21,0.35662934417792286,0.7696611101148404,0.6945054945054945
WDBC,10,ACP-Gini,42,1,0.8859649122807017,0.8708496732026143,0.9154929577464788,19,0.27209534897246035,0.6289605343319085,0.6945054945054945
WDBC,3,CART,42,2,0.9298245614035088,0.9220512820512821,0.9155092592592593,13,0.6496155867155785,0.663337786341394,1.0
WDBC,3,ACP-Gini,42,2,0.9210526315789473,0.9155902920608803,0.9568452380952381,13,0.39867291041619884,0.4420630323691308,0.3252747252747253
WDBC,4,CART,42,2,0.9210526315789473,0.9138321995464853,0.9112103174603174,19,0.5418551886153238,0.6097294956137129,1.0
WDBC,4,ACP-Gini,42,2,0.9649122807017544,0.9619111259605746,0.968584656084656,19,0.3886057427168154,0.3818349048110909,0.3252747252747253
WDBC,6,CART,42,2,0.9298245614035088,0.9220512820512821,0.9327050264550265,27,0.45519864245380376,0.5888463550855364,1.0
WDBC,6,ACP-Gini,42,2,0.9649122807017544,0.9619111259605746,0.9766865079365079,23,0.3433256876714797,0.380162308765716,0.3252747252747253
WDBC,8,CART,42,2,0.9298245614035088,0.9220512820512821,0.9327050264550265,27,0.45519864245380376,0.5888463550855364,1.0
WDBC,8,ACP-Gini,42,2,0.9649122807017544,0.9619111259605746,0.9766865079365079,23,0.3433256876714797,0.380162308765716,0.3252747252747253
WDBC,10,CART,42,2,0.9298245614035088,0.9220512820512821,0.9327050264550265,27,0.45519864245380376,0.5888463550855364,1.0
WDBC,10,ACP-Gini,42,2,0.9649122807017544,0.9619111259605746,0.9766865079365079,23,0.3433256876714797,0.380162308765716,0.3252747252747253
WDBC,3,CART,42,3,0.9298245614035088,0.9265700483091788,0.935681216931217,15,0.5313293408364957,0.7205779851128344,1.0
WDBC,3,ACP-Gini,42,3,0.9298245614035088,0.9265700483091788,0.935681216931217,15,0.5313293408364957,0.7205779851128344,1.0
WDBC,4,CART,42,3,0.9298245614035088,0.9265700483091788,0.955191798941799,19,0.5313293408364957,0.7149865680747437,1.0
WDBC,4,ACP-Gini,42,3,0.9298245614035088,0.9265700483091788,0.9624669312169312,19,0.5313293408364957,0.7069340319710792,1.0
WDBC,6,CART,42,3,0.9298245614035088,0.9265700483091788,0.9606481481481481,25,0.49932581405257337,0.7166163625754075,1.0
WDBC,6,ACP-Gini,42,3,0.9298245614035088,0.9265700483091788,0.9756944444444445,25,0.39270091996119905,0.7029059737063265,1.0
WDBC,8,CART,42,3,0.9298245614035088,0.9265700483091788,0.9606481481481481,25,0.49932581405257337,0.7166163625754075,1.0
WDBC,8,ACP-Gini,42,3,0.9298245614035088,0.9265700483091788,0.9756944444444445,25,0.39270091996119905,0.7029059737063265,1.0
WDBC,10,CART,42,3,0.9298245614035088,0.9265700483091788,0.9606481481481481,25,0.49932581405257337,0.7166163625754075,1.0
WDBC,10,ACP-Gini,42,3,0.9298245614035088,0.9265700483091788,0.9756944444444445,25,0.39270091996119905,0.7029059737063265,1.0
WDBC,3,CART,42,4,0.9469026548672567,0.9425813008130082,0.9605969148222671,15,0.5276244057433447,0.6761226226334379,0.6644736842105263
WDBC,3,ACP-Gini,42,4,0.9469026548672567,0.9425813008130082,0.9605969148222671,15,0.5276244057433447,0.6761226226334379,0.6644736842105263
WDBC,4,CART,42,4,0.9469026548672567,0.9425813008130082,0.9597585513078472,19,0.5068327268219341,0.6294121635145825,0.6644736842105263
WDBC,4,ACP-Gini,42,4,0.9469026548672567,0.9425813008130082,0.9597585513078472,19,0.5068327268219341,0.6294121635145825,0.6644736842105263
WDBC,6,CART,42,4,0.9469026548672567,0.9425813008130082,0.9694835680751175,25,0.5205283335367202,0.6293884879799336,0.6644736842105263
WDBC,6,ACP-Gini,42,4,0.9469026548672567,0.9425813008130082,0.9557344064386318,25,0.5205283335367202,0.6321856126318535,0.6644736842105263
WDBC,8,CART,42,4,0.9469026548672567,0.9425813008130082,0.9696512407780014,27,0.5205283335367202,0.6276051939227586,0.6644736842105263
WDBC,8,ACP-Gini,42,4,0.9469026548672567,0.9425813008130082,0.9569081153588197,27,0.43467666302563435,0.62960507807771,0.6644736842105263
WDBC,10,CART,42,4,0.9469026548672567,0.9425813008130082,0.9696512407780014,27,0.5205283335367202,0.6276051939227586,0.6644736842105263
WDBC,10,ACP-Gini,42,4,0.9469026548672567,0.9425813008130082,0.9569081153588197,27,0.43467666302563435,0.62960507807771,0.6644736842105263
WDBC,3,CART,43,0,0.9210526315789473,0.9147486497714998,0.9516868653783164,13,0.4014160214488114,0.6083374326394088,0.6659340659340659
WDBC,3,ACP-Gini,43,0,0.9210526315789473,0.9147486497714998,0.9516868653783164,13,0.4014160214488114,0.6083374326394088,0.6659340659340659
WDBC,4,CART,43,0,0.9298245614035088,0.9246031746031746,0.9416966917785785,17,0.380446108501875,0.5926434222004021,0.6659340659340659
WDBC,4,ACP-Gini,43,0,0.9298245614035088,0.9246031746031746,0.9372748116606616,17,0.3460169222041254,0.5866683057868796,0.6659340659340659
WDBC,6,CART,43,0,0.9298245614035088,0.9246031746031746,0.9402227317392728,21,0.3628791637572742,0.5952394387808934,0.6659340659340659
WDBC,6,ACP-Gini,43,0,0.9298245614035088,0.9246031746031746,0.9400589584015723,19,0.34936012096172037,0.5791278079383553,0.6659340659340659
WDBC,8,CART,43,0,0.9298245614035088,0.9246031746031746,0.9402227317392728,21,0.3628791637572742,0.5952394387808934,0.6659340659340659
WDBC,8,ACP-Gini,43,0,0.9298245614035088,0.9246031746031746,0.9400589584015723,19,0.34936012096172037,0.5791278079383553,0.6659340659340659
WDBC,10,CART,43,0,0.9298245614035088,0.9246031746031746,0.9402227317392728,21,0.3628791637572742,0.5952394387808934,0.6659340659340659
WDBC,10,ACP-Gini,43,0,0.9298245614035088,0.9246031746031746,0.9400589584015723,19,0.34936012096172037,0.5791278079383553,0.6659340659340659
WDBC,3,CART,43,1,0.9385964912280702,0.933693394266722,0.9464461185718965,13,0.6394494794093083,0.7615763945838087,1.0
WDBC,3,ACP-Gini,43,1,0.9385964912280702,0.933693394266722,0.9546347854569276,13,0.4802618359108637,0.6804320870811535,1.0
WDBC,4,CART,43,1,0.9385964912280702,0.933693394266722,0.9459547985587946,19,0.5850867102139892,0.6830287781741774,1.0
WDBC,4,ACP-Gini,43,1,0.9298245614035088,0.9246031746031746,0.9367834916475598,19,0.3736266992620045,0.6050519389501617,1.0
WDBC,6,CART,43,1,0.9210526315789473,0.9155902920608803,0.9585653455617426,27,0.4504836048290781,0.6518248208021722,1.0
WDBC,6,ACP-Gini,43,1,0.9385964912280702,0.933693394266722,0.9649525057320668,25,0.3576840363505165,0.5876298768276845,1.0
WDBC,8,CART,43,1,0.9210526315789473,0.9155902920608803,0.9624959056665575,29,0.4504836048290781,0.6500406019615607,1.0
WDBC,8,ACP-Gini,43,1,0.9385964912280702,0.933693394266722,0.9649525057320668,25,0.3576840363505165,0.5876298768276845,1.0
WDBC,10,CART,43,1,0.9210526315789473,0.9155902920608803,0.9624959056665575,29,0.4504836048290781,0.6500406019615607,1.0
WDBC,10,ACP-Gini,43,1,0.9385964912280702,0.933693394266722,0.9649525057320668,25,0.3576840363505165,0.5876298768276845,1.0
WDBC,3,CART,43,2,0.9035087719298246,0.8934669951575906,0.9259259259259258,13,0.5188804755945633,0.673252614200753,0.6703296703296703
WDBC,3,ACP-Gini,43,2,0.8947368421052632,0.881578947368421,0.9241071428571428,13,0.5188804755945633,0.6362128841002018,0.6703296703296703
WDBC,4,CART,43,2,0.9122807017543859,0.9037162162162162,0.9360119047619047,17,0.4336793862688648,0.6285163112035944,0.6703296703296703
WDBC,4,ACP-Gini,43,2,0.9035087719298246,0.8921475875118259,0.9350198412698412,17,0.4336793862688648,0.5955753936199176,0.6703296703296703
WDBC,6,CART,43,2,0.9122807017543859,0.9037162162162162,0.9161706349206349,21,0.3981857336566756,0.6157359375824251,0.6703296703296703
WDBC,6,ACP-Gini,43,2,0.9035087719298246,0.8921475875118259,0.91385582010582,21,0.3519493629574954,0.5821798056278223,0.6703296703296703
WDBC,8,CART,43,2,0.9122807017543859,0.9037162162162162,0.9161706349206349,21,0.3981857336566756,0.6157359375824251,0.6703296703296703
WDBC,8,ACP-Gini,43,2,0.9035087719298246,0.8921475875118259,0.91385582010582,21,0.3519493629574954,0.5821798056278223,0.6703296703296703
WDBC,10,CART,43,2,0.9122807017543859,0.9037162162162162,0.9161706349206349,21,0.3981857336566756,0.6157359375824251,0.6703296703296703
WDBC,10,ACP-Gini,43,2,0.9035087719298246,0.8921475875118259,0.91385582010582,21,0.3519493629574954,0.5821798056278223,0.6703296703296703
WDBC,3,CART,43,3,0.9298245614035088,0.922972972972973,0.9629629629629631,13,0.6063714715831252,0.6851264801170515,0.9846153846153847
WDBC,3,ACP-Gini,43,3,0.9298245614035088,0.922972972972973,0.9737103174603177,13,0.5452854753017758,0.6730857151069434,0.9846153846153847
WDBC,4,CART,43,3,0.9298245614035088,0.922972972972973,0.9656084656084656,19,0.5536189810252399,0.6569707616461732,0.9846153846153847
WDBC,4,ACP-Gini,43,3,0.9122807017543859,0.9066491975106452,0.9751984126984128,19,0.3901057840207428,0.6348393516316798,0.9846153846153847
WDBC,6,CART,43,3,0.9298245614035088,0.922972972972973,0.9680886243386244,25,0.5139252043716027,0.6372661531290542,0.9846153846153847
WDBC,6,ACP-Gini,43,3,0.9122807017543859,0.9066491975106452,0.9743716931216931,25,0.3362143367480026,0.6087824100502781,0.9846153846153847
WDBC,8,CART,43,3,0.9298245614035088,0.922972972972973,0.9680886243386244,25,0.5139252043716027,0.6372661531290542,0.9846153846153847
WDBC,8,ACP-Gini,43,3,0.9122807017543859,0.9066491975106452,0.9743716931216931,25,0.3362143367480026,0.6087824100502781,0.9846153846153847
WDBC,10,CART,43,3,0.9298245614035088,0.922972972972973,0.9680886243386244,25,0.5139252043716027,0.6372661531290542,0.9846153846153847
WDBC,10,ACP-Gini,43,3,0.9122807017543859,0.9066491975106452,0.9743716931216931,25,0.3362143367480026,0.6087824100502781,0.9846153846153847
WDBC,3,CART,43,4,0.9646017699115044,0.9627799736495388,0.9966465459423206,13,0.5299829310590584,0.71653747159658,1.0
WDBC,3,ACP-Gini,43,4,0.9646017699115044,0.9627799736495388,0.9966465459423206,13,0.5299829310590584,0.71653747159658,1.0
WDBC,4,CART,43,4,0.9646017699115044,0.9627799736495388,0.9750167672702884,23,0.46733318142523533,0.6596662730794489,1.0
WDBC,4,ACP-Gini,43,4,0.9734513274336283,0.9717146433041302,0.9684775318578136,23,0.41519972898507174,0.6489433787605319,1.0
WDBC,6,CART,43,4,0.9646017699115044,0.9627799736495388,0.9750167672702884,27,0.4062295182380819,0.6564743320408203,1.0
WDBC,6,ACP-Gini,43,4,0.9734513274336283,0.9717146433041302,0.9788732394366197,27,0.3603953038545684,0.6457708472568591,1.0
WDBC,8,CART,43,4,0.9646017699115044,0.9627799736495388,0.9750167672702884,29,0.4062295182380819,0.6546886682007452,1.0
WDBC,8,ACP-Gini,43,4,0.9734513274336283,0.9717146433041302,0.9790409121395037,29,0.3603953038545684,0.6440630714394366,1.0
WDBC,10,CART,43,4,0.9646017699115044,0.9627799736495388,0.9750167672702884,29,0.4062295182380819,0.6546886682007452,1.0
WDBC,10,ACP-Gini,43,4,0.9734513274336283,0.9717146433041302,0.9790409121395037,29,0.3603953038545684,0.6440630714394366,1.0
WDBC,3,CART,44,0,0.9385964912280702,0.933693394266722,0.9644611857189649,15,0.4340234160378477,0.6236162439556033,0.6615384615384615
WDBC,3,ACP-Gini,44,0,0.9298245614035088,0.9246031746031746,0.9615132656403537,15,0.38528702466587833,0.6053330101463927,0.6615384615384615
WDBC,4,CART,44,0,0.9473684210526315,0.9439895185063871,0.9697019325253848,19,0.4351514144715062,0.5733727660216944,0.6615384615384615
WDBC,4,ACP-Gini,44,0,0.9385964912280702,0.9349474199070678,0.9674091057975761,19,0.3946950516443451,0.5587416373047489,0.6615384615384615
WDBC,6,CART,44,0,0.9473684210526315,0.9439895185063871,0.9572551588601376,27,0.3861322174249918,0.5620138828238765,0.6615384615384615
WDBC,6,ACP-Gini,44,0,0.9385964912280702,0.9349474199070678,0.9569276121847363,27,0.30011663885366446,0.5415155486561302,0.6615384615384615
WDBC,8,CART,44,0,0.9473684210526315,0.9439895185063871,0.9572551588601376,27,0.3861322174249918,0.5620138828238765,0.6615384615384615
WDBC,8,ACP-Gini,44,0,0.9385964912280702,0.9349474199070678,0.9569276121847363,27,0.30011663885366446,0.5415155486561302,0.6615384615384615
WDBC,10,CART,44,0,0.9473684210526315,0.9439895185063871,0.9572551588601376,27,0.3861322174249918,0.5620138828238765,0.6615384615384615
WDBC,10,ACP-Gini,44,0,0.9385964912280702,0.9349474199070678,0.9569276121847363,27,0.30011663885366446,0.5415155486561302,0.6615384615384615
WDBC,3,CART,44,1,0.956140350877193,0.9531057178116001,0.9701932525384868,13,0.559342132360392,0.6063713218989487,0.6659340659340659
WDBC,3,ACP-Gini,44,1,0.9122807017543859,0.9047778149014367,0.9330167048804454,13,0.4764981189526022,0.4937112152289437,0.03736263736263736
WDBC,4,CART,44,1,0.9473684210526315,0.9439895185063871,0.9744513593187029,21,0.5035832121793846,0.5754312455796553,0.6879120879120879
WDBC,4,ACP-Gini,44,1,0.9298245614035088,0.9246031746031746,0.9362921716344579,19,0.3455375111716579,0.4596099563563138,0.6021978021978022
WDBC,6,CART,44,1,0.9473684210526315,0.9439895185063871,0.9814936128398296,25,0.43359986568536635,0.5713968833451434,0.6879120879120879
WDBC,6,ACP-Gini,44,1,0.9385964912280702,0.9343480049362403,0.9489027186374057,25,0.36112585821959287,0.47830286596413146,0.6527472527472528
WDBC,8,CART,44,1,0.9473684210526315,0.9439895185063871,0.982640026203734,27,0.43359986568536635,0.5700096052567396,0.6879120879120879
WDBC,8,ACP-Gini,44,1,0.9385964912280702,0.9343480049362403,0.9489027186374057,25,0.36112585821959287,0.47830286596413146,0.6527472527472528
WDBC,10,CART,44,1,0.9473684210526315,0.9439895185063871,0.982640026203734,27,0.43359986568536635,0.5700096052567396,0.6879120879120879
WDBC,10,ACP-Gini,44,1,0.9385964912280702,0.9343480049362403,0.9489027186374057,25,0.36112585821959287,0.47830286596413146,0.6527472527472528
WDBC,3,CART,44,2,0.9210526315789473,0.9170641015277665,0.9695767195767196,15,0.5613840550344946,0.6911768185315876,1.0
WDBC,3,ACP-Gini,44,2,0.9210526315789473,0.9170641015277665,0.9695767195767196,15,0.5613840550344946,0.6911768185315876,1.0
WDBC,4,CART,44,2,0.956140350877193,0.9531057178116001,0.962962962962963,21,0.4473417080269901,0.673280221378559,1.0
WDBC,4,ACP-Gini,44,2,0.956140350877193,0.9531057178116001,0.9644510582010583,21,0.39783765736757626,0.6658100347016098,1.0
WDBC,6,CART,44,2,0.956140350877193,0.9531057178116001,0.9639550264550265,25,0.48963441843023064,0.6838023132594118,1.0
WDBC,6,ACP-Gini,44,2,0.956140350877193,0.9531057178116001,0.9654431216931217,25,0.33104493248958516,0.6410428481040524,1.0
WDBC,8,CART,44,2,0.956140350877193,0.9531057178116001,0.9639550264550265,27,0.48963441843023064,0.6845493191161337,1.0
WDBC,8,ACP-Gini,44,2,0.956140350877193,0.9531057178116001,0.9654431216931217,27,0.33104493248958516,0.6376317903060666,1.0
WDBC,10,CART,44,2,0.956140350877193,0.9531057178116001,0.9639550264550265,27,0.48963441843023064,0.6845493191161337,1.0
WDBC,10,ACP-Gini,44,2,0.956140350877193,0.9531057178116001,0.9654431216931217,27,0.33104493248958516,0.6376317903060666,1.0
WDBC,3,CART,44,3,0.956140350877193,0.9521289997480473,0.962962962962963,15,0.4761731779089532,0.611282947394078,0.6945054945054945
WDBC,3,ACP-Gini,44,3,0.956140350877193,0.9521289997480473,0.962962962962963,15,0.35958445773019976,0.5288423390701636,0.6637362637362637
WDBC,4,CART,44,3,0.956140350877193,0.9526381387619444,0.962962962962963,19,0.3743522688396112,0.6179491875372973,0.6945054945054945
WDBC,4,ACP-Gini,44,3,0.956140350877193,0.9526381387619444,0.962962962962963,19,0.3025522997350314,0.5412070171057904,0.6637362637362637
WDBC,6,CART,44,3,0.956140350877193,0.9526381387619444,0.9647817460317462,21,0.3743522688396112,0.6181002020251355,0.6945054945054945
WDBC,6,ACP-Gini,44,3,0.956140350877193,0.9526381387619444,0.9647817460317462,21,0.2945321194122507,0.5346086570901585,0.6637362637362637
WDBC,8,CART,44,3,0.956140350877193,0.9526381387619444,0.9647817460317462,21,0.3743522688396112,0.6181002020251355,0.6945054945054945
WDBC,8,ACP-Gini,44,3,0.956140350877193,0.9526381387619444,0.9647817460317462,21,0.2945321194122507,0.5346086570901585,0.6637362637362637
WDBC,10,CART,44,3,0.956140350877193,0.9526381387619444,0.9647817460317462,21,0.3743522688396112,0.6181002020251355,0.6945054945054945
WDBC,10,ACP-Gini,44,3,0.956140350877193,0.9526381387619444,0.9647817460317462,21,0.2945321194122507,0.5346086570901585,0.6637362637362637
WDBC,3,CART,44,4,0.9292035398230089,0.9234417344173442,0.9802146210596915,13,0.4862295549499988,0.6365576863603101,1.0
WDBC,3,ACP-Gini,44,4,0.9203539823008849,0.9134099616858238,0.97719651240778,13,0.5392059089249458,0.6363315832811046,0.9824561403508771
WDBC,4,CART,44,4,0.911504424778761,0.9061461794019934,0.8943661971830987,21,0.3498357544122621,0.6238196018236335,1.0
WDBC,4,ACP-Gini,44,4,0.9292035398230089,0.9249169435215947,0.9616029510395707,21,0.30124841441543565,0.6096445663259863,0.9824561403508771
WDBC,6,CART,44,4,0.911504424778761,0.9052649228705567,0.9248826291079812,27,0.3812343908786143,0.64042368014524,1.0
WDBC,6,ACP-Gini,44,4,0.9292035398230089,0.9249169435215947,0.9595908786049632,27,0.2913389791930062,0.6058861826832721,0.9824561403508771
WDBC,8,CART,44,4,0.911504424778761,0.9052649228705567,0.9248826291079812,27,0.3812343908786143,0.64042368014524,1.0
WDBC,8,ACP-Gini,44,4,0.9292035398230089,0.9249169435215947,0.9595908786049632,27,0.2913389791930062,0.6058861826832721,0.9824561403508771
WDBC,10,CART,44,4,0.911504424778761,0.9052649228705567,0.9248826291079812,27,0.3812343908786143,0.64042368014524,1.0
WDBC,10,ACP-Gini,44,4,0.9292035398230089,0.9249169435215947,0.9595908786049632,27,0.2913389791930062,0.6058861826832721,0.9824561403508771
Wine,3,CART,42,0,0.7084615384615385,0.679137977182132,0.7549500599891484,15,0.25472211872629047,0.10575039508723655,0.0
Wine,3,ACP-Gini,42,0,0.7084615384615385,0.679137977182132,0.7549500599891484,15,0.25472211872629047,0.10575039508723655,0.0
Wine,4,CART,42,0,0.7246153846153847,0.6948524879947336,0.7825425209707288,31,0.2131730241134469,0.10890166670698709,0.0
Wine,4,ACP-Gini,42,0,0.7292307692307692,0.6959670453790445,0.78314878073011,31,0.2079820167213001,0.09594621555313614,0.0
Wine,6,CART,42,0,0.7330769230769231,0.7085674452199182,0.7828583873999861,109,0.24478904535766594,0.15867026951797755,0.03078699249567058
Wine,6,ACP-Gini,42,0,0.7315384615384616,0.7093751341185393,0.7892279358383578,107,0.20808853407600383,0.10544446070280433,0.0
Wine,8,CART,42,0,0.7392307692307692,0.712111126281112,0.7811058381795906,281,0.24478904535766594,0.1928751000693411,0.13084471810659995
Wine,8,ACP-Gini,42,0,0.7407692307692307,0.7146952462015264,0.7933329257637473,291,0.20808853407600383,0.1320258856168658,0.0
Wine,10,CART,42,0,0.7553846153846154,0.7353115179826819,0.7896189479100595,501,0.24478904535766594,0.21773791514180343,0.17664036944390996
Wine,10,ACP-Gini,42,0,0.7269230769230769,0.7089560192498948,0.7787075458961563,559,0.22702900516982558,0.1524039917144579,0.0
Wine,3,CART,42,1,0.7223076923076923,0.6843129855462031,0.7743949502128278,15,0.19001204237914246,0.0793289619976558,0.0
Wine,3,ACP-Gini,42,1,0.7223076923076923,0.6843129855462031,0.772899679293682,15,0.19001204237914246,0.07417716148248961,0.0
Wine,4,CART,42,1,0.7269230769230769,0.6972482059578142,0.7858960544716751,31,0.2765208074861554,0.13377785940940037,0.0
Wine,4,ACP-Gini,42,1,0.7253846153846154,0.7016030877425801,0.7864704728571391,31,0.1645843751039949,0.07366949319189592,0.0
Wine,6,CART,42,1,0.7476923076923077,0.7254523211641234,0.7919331789663526,117,0.24478904535766594,0.1718210242468791,0.01847219549740235
Wine,6,ACP-Gini,42,1,0.7384615384615385,0.7128855907541365,0.8032215828474338,117,0.20555957190457047,0.11285770967345177,0.0
Wine,8,CART,42,1,0.7507692307692307,0.7274844720496895,0.7946664425033942,313,0.24478904535766594,0.20584183978847592,0.13911872233981143
Wine,8,ACP-Gini,42,1,0.7438461538461538,0.7269925476344083,0.7923789582011918,315,0.20808853407600383,0.13362279815484615,0.0
Wine,10,CART,42,1,0.7676923076923077,0.7425850597050547,0.8163618810355324,561,0.24478904535766594,0.22366460849504277,0.23359630556090052
Wine,10,ACP-Gini,42,1,0.7476923076923077,0.7259717591533401,0.7861113021593548,615,0.23790855503152927,0.1504233295286579,0.0
Wine,3,CART,42,2,0.74364896073903,0.7134021547494662,0.7762564589103633,15,0.19001204237914246,0.08157971941262361,0.0
Wine,3,ACP-Gini,42,2,0.74364896073903,0.7134021547494662,0.7762564589103633,15,0.19001204237914246,0.08157971941262361,0.0
Wine,4,CART,42,2,0.7559661277906081,0.7373305223944862,0.7904762633450142,31,0.1645843751039949,0.08708937855926063,0.0
Wine,4,ACP-Gini,42,2,0.74364896073903,0.7173845294446242,0.7875687972782037,31,0.1645843751039949,0.07883145839957505,0.0
Wine,6,CART,42,2,0.7598152424942263,0.7408975834292291,0.8019403510382714,119,0.24478904535766594,0.17827269051936787,0.028857252789534438
Wine,6,ACP-Gini,42,2,0.7513471901462664,0.7318827197375426,0.799352961279693,121,0.23790855503152927,0.1230468549755798,0.0
Wine,8,CART,42,2,0.7659738260200154,0.7418629460737146,0.8090559916754655,315,0.24478904535766594,0.2134326803085773,0.17275875336667948
Wine,8,ACP-Gini,42,2,0.7559661277906081,0.738468280507207,0.8028546726040184,333,0.24478904535766594,0.15003372694211178,0.0
Wine,10,CART,42,2,0.7713625866050808,0.754119172883214,0.8088723622396672,577,0.24478904535766594,0.21790608928613994,0.2885725278953444
Wine,10,ACP-Gini,42,2,0.7451886066204773,0.7218874209666726,0.7897659744857101,613,0.24478904535766594,0.15984321995500766,0.0
Wine,3,CART,42,3,0.7305619707467282,0.6954625833936179,0.7790835870990119,15,0.1645843751039949,0.07497186126381827,0.0
Wine,3,ACP-Gini,42,3,0.7305619707467282,0.6954625833936179,0.7790835870990119,15,0.1645843751039949,0.07497186126381827,0.0
Wine,4,CART,42,3,0.74364896073903,0.7124304538507409,0.7984513917580989,31,0.2131730241134469,0.0941322309005497,0.0
Wine,4,ACP-Gini,42,3,0.74364896073903,0.7124304538507409,0.7946461817829398,31,0.2131730241134469,0.09432546164894794,0.0
Wine,6,CART,42,3,0.7467282525019245,0.7266569747175722,0.8065553158171254,113,0.24478904535766594,0.1646053483672142,0.13120430934974991
Wine,6,ACP-Gini,42,3,0.7390300230946882,0.722835086747587,0.8045710977469688,117,0.20808853407600383,0.12194625932154944,0.0
Wine,8,CART,42,3,0.7636643571978445,0.7481917539560414,0.8069582804123501,307,0.24478904535766594,0.20800498945867538,0.2943439784532513
Wine,8,ACP-Gini,42,3,0.7344110854503464,0.7125805762690341,0.789780001734278,327,0.23790855503152927,0.15299021945416275,0.0
Wine,10,CART,42,3,0.7559661277906081,0.7451170696289933,0.7985113263656163,559,0.24478904535766594,0.21067446911874785,0.34301654482493266
Wine,10,ACP-Gini,42,3,0.7444187836797537,0.7219849926510404,0.7805985299443501,599,0.23790855503152927,0.15733586900190621,0.0
Wine,3,CART,42,4,0.7282525019245574,0.7095047770004581,0.7700677476336828,15,0.19001204237914246,0.0907753454724978,0.0
Wine,3,ACP-Gini,42,4,0.7282525019245574,0.7095047770004581,0.7696440058404892,15,0.19001204237914246,0.08407497976789172,0.0
Wine,4,CART,42,4,0.7421093148575828,0.7261054692048426,0.7771437250477349,31,0.2093649649252725,0.09685948672752422,0.0
Wine,4,ACP-Gini,42,4,0.7421093148575828,0.7233810738534043,0.7795291871305023,31,0.2131730241134469,0.09343216151950082,0.0
Wine,6,CART,42,4,0.7344110854503464,0.7163247388779839,0.788654951652593,119,0.24478904535766594,0.17435524409250952,0.15390534821085033
Wine,6,ACP-Gini,42,4,0.7421093148575828,0.725448122745664,0.7912676006003859,121,0.20808853407600383,0.11858884924631274,0.0
Wine,8,CART,42,4,0.7428791377983064,0.7270307883570986,0.803769259830299,305,0.24478904535766594,0.1995670727957491,0.2808772604848018
Wine,8,ACP-Gini,42,4,0.7405696689761355,0.7238090070605634,0.7846204703023371,331,0.20808853407600383,0.14410788839082375,0.0
Wine,10,CART,42,4,0.7575057736720554,0.7392173045731056,0.7997398838028529,553,0.24478904535766594,0.21824708491207237,0.31877645248172376
Wine,10,ACP-Gini,42,4,0.7305619707467282,0.7150587368199389,0.7711756026833577,609,0.23790855503152927,0.15274575510473445,0.0
Wine,3,CART,43,0,0.7392307692307692,0.7135854846917389,0.7735734427657672,15,0.25472211872629047,0.1008246261826384,0.0
Wine,3,ACP-Gini,43,0,0.7392307692307692,0.7135854846917389,0.7789788344019298,15,0.25472211872629047,0.09627259765051535,0.0
Wine,4,CART,43,0,0.7315384615384616,0.6824783624085734,0.7931176780760678,31,0.1992933021045233,0.10168608323769888,0.0
Wine,4,ACP-Gini,43,0,0.7430769230769231,0.7140795098656397,0.7953172801862592,31,0.2131730241134469,0.09083049017664281,0.0
Wine,6,CART,43,0,0.7346153846153847,0.7180619509358646,0.8047932730639809,113,0.24478904535766594,0.16913541295424964,0.08678083509717144
Wine,6,ACP-Gini,43,0,0.7461538461538462,0.7326663077291218,0.8123778883310279,113,0.2414093143213143,0.10714046355018766,0.0
Wine,8,CART,43,0,0.7438461538461538,0.7232052942022731,0.8004895929653489,301,0.24478904535766594,0.2078738901751708,0.22532230132768905
Wine,8,ACP-Gini,43,0,0.7553846153846154,0.7398160712352632,0.8096968446472101,297,0.23790855503152927,0.14333859410755562,0.0
Wine,10,CART,43,0,0.7461538461538462,0.7265593130456066,0.7977830761823977,575,0.24478904535766594,0.21861020502286574,0.3022897825668655
Wine,10,ACP-Gini,43,0,0.7546153846153846,0.7380408080244032,0.8099337444691534,577,0.24478904535766594,0.15745856829801474,0.0
Wine,3,CART,43,1,0.7153846153846154,0.6991486093285197,0.7619971928644754,15,0.19001204237914246,0.08555610448150727,0.0
Wine,3,ACP-Gini,43,1,0.7153846153846154,0.6991486093285197,0.7619971928644754,15,0.19001204237914246,0.08555610448150727,0.0
Wine,4,CART,43,1,0.7230769230769231,0.704736332068158,0.778503761103087,31,0.2131730241134469,0.09243684955136185,0.0
Wine,4,ACP-Gini,43,1,0.7230769230769231,0.704736332068158,0.7770479734875984,31,0.1645843751039949,0.0882514494459778,0.0
Wine,6,CART,43,1,0.7384615384615385,0.7241610001098363,0.788905701134317,113,0.24478904535766594,0.16947669123088216,0.17741004425630172
Wine,6,ACP-Gini,43,1,0.7430769230769231,0.728420636528988,0.7988682302054915,117,0.20808853407600383,0.12357528308946257,0.0
Wine,8,CART,43,1,0.7438461538461538,0.7241956662595542,0.797656984341686,317,0.24478904535766594,0.19971393785679598,0.26688474119684436
Wine,8,ACP-Gini,43,1,0.7569230769230769,0.7422673944413075,0.8080054308647354,301,0.24478904535766594,0.14195757625824562,0.0
Wine,10,CART,43,1,0.7576923076923077,0.7419593070772466,0.7914873997315135,551,0.24478904535766594,0.21294547147676807,0.3523186453723302
Wine,10,ACP-Gini,43,1,0.7630769230769231,0.7461169333157484,0.8069610338002552,563,0.24478904535766594,0.15416052076753262,0.0
Wine,3,CART,43,2,0.7382602001539645,0.6986407925980512,0.7887432605446653,15,0.1645843751039949,0.0770418986160548,0.0
Wine,3,ACP-Gini,43,2,0.7382602001539645,0.6986407925980512,0.7889383668202014,15,0.19001204237914246,0.07636466910198376,0.0
Wine,4,CART,43,2,0.7490377213240954,0.7223106744166528,0.788898835483328,31,0.18842692022903518,0.09099735219618987,0.0
Wine,4,ACP-Gini,43,2,0.7482678983833718,0.7139385049912419,0.7896996638561161,31,0.1645843751039949,0.08056332232321539,0.0
Wine,6,CART,43,2,0.745958429561201,0.7164580908032596,0.794880819395349,111,0.24478904535766594,0.15406380476846457,0.21431319738360907
Wine,6,ACP-Gini,43,2,0.7621247113163973,0.7418549686315241,0.7984756206419891,111,0.19474722280360318,0.10683438679148763,0.0
Wine,8,CART,43,2,0.7551963048498845,0.7337085170573219,0.7972884053313747,315,0.24478904535766594,0.19937152665453545,0.31531358214697963
Wine,8,ACP-Gini,43,2,0.7613548883756736,0.739910041646429,0.7913548791871339,303,0.22702900516982558,0.13909312372180377,0.0
Wine,10,CART,43,2,0.7590454195535027,0.7375193429123115,0.7873889934556509,601,0.24478904535766594,0.21874329655875355,0.37591381300500193
Wine,10,ACP-Gini,43,2,0.7528868360277137,0.7330625414109988,0.7862642631613848,575,0.24478904535766594,0.16236896869248363,0.0
Wine,3,CART,43,3,0.7351809083910701,0.7150836279055532,0.7861456691507649,15,0.19001204237914246,0.07611233096557035,0.0
Wine,3,ACP-Gini,43,3,0.7351809083910701,0.7150836279055532,0.7861456691507649,15,0.19001204237914246,0.07611233096557035,0.0
Wine,4,CART,43,3,0.7444187836797537,0.7288782156059044,0.7980930593174086,31,0.1901319590668715,0.10565401839615801,0.0
Wine,4,ACP-Gini,43,3,0.74364896073903,0.7277406604334704,0.7990265089493847,31,0.1901319590668715,0.08988475468987059,0.0
Wine,6,CART,43,3,0.7405696689761355,0.7142846886595112,0.8027539314552123,113,0.24478904535766594,0.17920938047565127,0.06810311658330127
Wine,6,ACP-Gini,43,3,0.7244033872209392,0.7047682290740844,0.8014340948854102,111,0.20808853407600383,0.13049867124023692,0.0
Wine,8,CART,43,3,0.7659738260200154,0.7404991089218217,0.8111396756900131,293,0.24478904535766594,0.20783067023762294,0.21604463255098114
Wine,8,ACP-Gini,43,3,0.7551963048498845,0.7413063627254509,0.8100123949869166,301,0.23790855503152927,0.14987813767021463,0.0
Wine,10,CART,43,3,0.766743648960739,0.7468674935124654,0.819811065713834,563,0.24478904535766594,0.2184259661075678,0.30723355136590996
Wine,10,ACP-Gini,43,3,0.7467282525019245,0.731011042890726,0.795732655944748,585,0.24478904535766594,0.163417796272914,0.0
Wine,3,CART,43,4,0.7197844495765974,0.6918671636733311,0.7513133442927596,15,0.1645843751039949,0.04944514538498707,0.0
Wine,3,ACP-Gini,43,4,0.7197844495765974,0.6918671636733311,0.7522501710283142,15,0.11855422831393679,0.04424078813286872,0.0
Wine,4,CART,43,4,0.729022324865281,0.6891955823096625,0.7676261270000102,31,0.282730355176292,0.11797586286089316,0.0
Wine,4,ACP-Gini,43,4,0.7297921478060047,0.694772596885395,0.7653925482708273,31,0.18576685644129967,0.06818366856287401,0.0
Wine,6,CART,43,4,0.7428791377983064,0.7133382490525347,0.7752011497186967,119,0.24478904535766594,0.16696914970449533,0.020007695267410544
Wine,6,ACP-Gini,43,4,0.7451886066204773,0.7190819196581699,0.7861010139171101,121,0.20808853407600383,0.12196331622148973,0.0
Wine,8,CART,43,4,0.7428791377983064,0.7200431034482759,0.780806794163595,327,0.24478904535766594,0.19907973717866584,0.16217776067718354
Wine,8,ACP-Gini,43,4,0.737490377213241,0.7186677717758915,0.785564955022106,321,0.23790855503152927,0.13944288635255148,0.0
Wine,10,CART,43,4,0.7490377213240954,0.7267486578567004,0.7868221407639605,603,0.24478904535766594,0.21773483106631236,0.2972297037322047
Wine,10,ACP-Gini,43,4,0.7351809083910701,0.7167925771941388,0.7837921316764859,643,0.24478904535766594,0.15753747567483595,0.0
Wine,3,CART,44,0,0.7361538461538462,0.7007766118571378,0.7704287886777168,15,0.1645843751039949,0.06766747090716786,0.0
Wine,3,ACP-Gini,44,0,0.7361538461538462,0.7007766118571378,0.7681489463052542,15,0.0888844201733359,0.041965967390457735,0.0
Wine,4,CART,44,0,0.7469230769230769,0.7143484948362997,0.7869429988460686,31,0.2093649649252725,0.10091917195059713,0.0
Wine,4,ACP-Gini,44,0,0.7376923076923076,0.7046192800386467,0.7869302622965018,31,0.1734015415348902,0.06652295709907267,0.0
Wine,6,CART,44,0,0.7546153846153846,0.7299340757812668,0.7979117153330225,111,0.23790855503152927,0.14231797087159848,0.02559168751202617
Wine,6,ACP-Gini,44,0,0.7630769230769231,0.7396449704142012,0.8088562323757996,115,0.20808853407600383,0.10748744373873625,0.0
Wine,8,CART,44,0,0.7546153846153846,0.7343572142802695,0.7976977413002999,305,0.24478904535766594,0.18871091395616568,0.15181835674427555
Wine,8,ACP-Gini,44,0,0.7684615384615384,0.7481721079210909,0.8064668556770622,315,0.20808853407600383,0.13164723399782657,0.0
Wine,10,CART,44,0,0.7615384615384615,0.7431314758913274,0.8039615763772667,547,0.24478904535766594,0.20681483427348749,0.2699634404464114
Wine,10,ACP-Gini,44,0,0.7430769230769231,0.7137666255313314,0.796801088210795,587,0.23790855503152927,0.14846253587926694,0.0
Wine,3,CART,44,1,0.7261538461538461,0.6730308374027854,0.7707306449024507,15,0.19453855573688603,0.08907619769847178,0.0
Wine,3,ACP-Gini,44,1,0.73,0.6815662224318906,0.7773803974312925,15,0.19001204237914246,0.04378696963484352,0.0
Wine,4,CART,44,1,0.7323076923076923,0.6845109082236374,0.7884127966660809,31,0.2385945139797635,0.10831879338095694,0.0
Wine,4,ACP-Gini,44,1,0.7307692307692307,0.7084081004870546,0.7914288116035061,31,0.2294510747738529,0.07286213287504383,0.0
Wine,6,CART,44,1,0.7507692307692307,0.7168403361344537,0.8054784994306762,109,0.24478904535766594,0.15457760023590453,0.08678083509717144
Wine,6,ACP-Gini,44,1,0.7607692307692308,0.7347723719799442,0.8099439337088068,115,0.23790855503152927,0.12406825567915329,0.0
Wine,8,CART,44,1,0.7515384615384615,0.7221176238575157,0.8095580162569318,259,0.24478904535766594,0.18622528837269003,0.222243602078122
Wine,8,ACP-Gini,44,1,0.7607692307692308,0.7377697783399004,0.8065534642141167,305,0.23790855503152927,0.1441231695778342,0.0
Wine,10,CART,44,1,0.7684615384615384,0.7481721079210909,0.8126364402872346,503,0.24478904535766594,0.20968807897799002,0.2965172214739273
Wine,10,ACP-Gini,44,1,0.7676923076923077,0.744974848258086,0.8051397072121985,617,0.23790855503152927,0.1552192639390721,0.0
Wine,3,CART,44,2,0.7444187836797537,0.7150547864833579,0.7933084923513241,15,0.19001204237914246,0.07324791116574302,0.0
Wine,3,ACP-Gini,44,2,0.7444187836797537,0.7150547864833579,0.7822626717062746,15,0.037640385834681,0.037640385834681,0.0
Wine,4,CART,44,2,0.7505773672055427,0.7197224368024293,0.8064915555963621,31,0.2869392375462482,0.10779573274780647,0.0
Wine,4,ACP-Gini,44,2,0.7428791377983064,0.7195030178901147,0.8006434681479442,31,0.1645843751039949,0.06073185901265227,0.0
Wine,6,CART,44,2,0.7729022324865281,0.754235565215551,0.8242946844379153,121,0.24478904535766594,0.16992270071691662,0.03501346671796845
Wine,6,ACP-Gini,44,2,0.7544264819091608,0.7374844868644366,0.8123970272434671,117,0.23376351541823873,0.12011092016642504,0.0
Wine,8,CART,44,2,0.7798306389530408,0.7583856215271274,0.8226050385876856,321,0.24478904535766594,0.2167866050174714,0.13293574451712198
Wine,8,ACP-Gini,44,2,0.7528868360277137,0.7330625414109988,0.8003068141823135,319,0.23790855503152927,0.15665023858260815,0.0
Wine,10,CART,44,2,0.7806004618937644,0.7614558720908879,0.8033252230332522,565,0.24478904535766594,0.22793129696527373,0.34628703347441325
Wine,10,ACP-Gini,44,2,0.7598152424942263,0.734793875147232,0.801584569006412,577,0.23790855503152927,0.1689931539041766,0.0
Wine,3,CART,44,3,0.7297921478060047,0.7094135679528891,0.7691204150025249,15,0.19001204237914246,0.09892184302200299,0.0
Wine,3,ACP-Gini,44,3,0.7297921478060047,0.7094135679528891,0.7674078154728203,15,0.19001204237914246,0.09367800757227569,0.0
Wine,4,CART,44,3,0.7259430331023865,0.7099529847413659,0.7772039357909073,31,0.2093649649252725,0.10738575796008203,0.0
Wine,4,ACP-Gini,44,3,0.7251732101616628,0.7096890511524658,0.7825393910643876,31,0.18842692022903518,0.09115213786433603,0.0
Wine,6,CART,44,3,0.7536566589684373,0.7315200429898623,0.7989053645299342,119,0.24478904535766594,0.17188721527108797,0.10773374374759523
Wine,6,ACP-Gini,44,3,0.7505773672055427,0.7260064579969794,0.7972871301269594,117,0.20808853407600383,0.12281456384714914,0.0
Wine,8,CART,44,3,0.7513471901462664,0.729649988369673,0.7934309119751896,313,0.24478904535766594,0.2045089785158816,0.32339361292804925
Wine,8,ACP-Gini,44,3,0.737490377213241,0.7156511004935804,0.7857108244451585,301,0.20808853407600383,0.13731409331448144,0.0
Wine,10,CART,44,3,0.7482678983833718,0.7270722591282077,0.7963218003846018,527,0.24478904535766594,0.2163944553836292,0.3551365909965371
Wine,10,ACP-Gini,44,3,0.7344110854503464,0.715123792475894,0.7759172545359022,585,0.23790855503152927,0.14888802249273617,0.0
Wine,3,CART,44,4,0.7182448036951501,0.6926290555322814,0.753116799575237,15,0.19001204237914246,0.08175418904531344,0.0
Wine,3,ACP-Gini,44,4,0.7182448036951501,0.6926290555322814,0.753116799575237,15,0.19001204237914246,0.08175418904531344,0.0
Wine,4,CART,44,4,0.7305619707467282,0.7161191144589748,0.7743409028252856,31,0.18842692022903518,0.09115854176492887,0.0
Wine,4,ACP-Gini,44,4,0.7305619707467282,0.7161191144589748,0.7724276831024025,31,0.18842692022903518,0.08888101578516724,0.0
Wine,6,CART,44,4,0.75211701308699,0.7318648266100496,0.7962950672371014,115,0.24478904535766594,0.16456467355867838,0.15736821854559446
Wine,6,ACP-Gini,44,4,0.7405696689761355,0.7210039099718621,0.7901189029682346,117,0.23790855503152927,0.1194521275819515,0.0
Wine,8,CART,44,4,0.76058506543495,0.7413783500897839,0.8074246709619449,297,0.24478904535766594,0.2085279627096996,0.24240092343208927
Wine,8,ACP-Gini,44,4,0.7382602001539645,0.7133403257714614,0.780536212054688,307,0.23790855503152927,0.14608574929072102,0.0
Wine,10,CART,44,4,0.7474980754426482,0.7299650154641789,0.7977934794817076,531,0.24478904535766594,0.21835302592652964,0.367064255482878
Wine,10,ACP-Gini,44,4,0.74364896073903,0.7235818751473735,0.7838610535344149,575,0.23790855503152927,0.15486515801747036,0.0
Ionosphere,3,CART,42,0,0.9014084507042254,0.8946364214543142,0.9264957264957264,11,0.11556454723526238,0.1393328130915421,0.0
Ionosphere,3,ACP-Gini,42,0,0.9014084507042254,0.8946364214543142,0.9264957264957264,11,0.11556454723526238,0.1393328130915421,0.0
Ionosphere,4,CART,42,0,0.8873239436619719,0.874113475177305,0.9512820512820513,15,0.1188711021193755,0.13675391352296032,0.0
Ionosphere,4,ACP-Gini,42,0,0.8873239436619719,0.874113475177305,0.9512820512820513,15,0.1188711021193755,0.13675391352296032,0.0
Ionosphere,6,CART,42,0,0.9014084507042254,0.8961337513061651,0.9824786324786324,27,0.17465905955465055,0.17383841136382772,0.0
Ionosphere,6,ACP-Gini,42,0,0.8873239436619719,0.8786324786324786,0.9465811965811965,27,0.13299424003209362,0.14218119954709382,0.0
Ionosphere,8,CART,42,0,0.9014084507042254,0.8961337513061651,0.9824786324786325,29,0.17465905955465055,0.17310340421341722,0.0
Ionosphere,8,ACP-Gini,42,0,0.8873239436619719,0.8786324786324786,0.9465811965811965,27,0.13299424003209362,0.14218119954709382,0.0
Ionosphere,10,CART,42,0,0.9014084507042254,0.8961337513061651,0.9824786324786325,29,0.17465905955465055,0.17310340421341722,0.0
Ionosphere,10,ACP-Gini,42,0,0.8873239436619719,0.8786324786324786,0.9465811965811965,27,0.13299424003209362,0.14218119954709382,0.0
Ionosphere,3,CART,42,1,0.9,0.8878975062914665,0.9253333333333333,13,0.15330536041297405,0.1545120602595915,0.0
Ionosphere,3,ACP-Gini,42,1,0.9,0.8878975062914665,0.9253333333333333,13,0.14155102028402902,0.1285954803478564,0.0
Ionosphere,4,CART,42,1,0.9285714285714286,0.9215070643642072,0.9119999999999999,19,0.1640686961911135,0.16954762867595502,0.0
Ionosphere,4,ACP-Gini,42,1,0.9,0.8878975062914665,0.9057777777777777,19,0.17431886664685914,0.12885861555140207,0.0
Ionosphere,6,CART,42,1,0.9285714285714286,0.9215070643642072,0.9079999999999998,25,0.15914593900827465,0.1612674781438672,0.0
Ionosphere,6,ACP-Gini,42,1,0.9,0.8878975062914665,0.8973333333333333,23,0.16032367601012473,0.12647909626069542,0.0
Ionosphere,8,CART,42,1,0.9285714285714286,0.9215070643642072,0.9235555555555556,29,0.15914593900827465,0.1589398637984549,0.0
Ionosphere,8,ACP-Gini,42,1,0.9,0.8878975062914665,0.9088888888888889,27,0.16032367601012473,0.12378977944646713,0.0
Ionosphere,10,CART,42,1,0.9285714285714286,0.9215070643642072,0.9235555555555556,29,0.15914593900827465,0.1589398637984549,0.0
Ionosphere,10,ACP-Gini,42,1,0.9,0.8878975062914665,0.9088888888888889,27,0.16032367601012473,0.12378977944646713,0.0
Ionosphere,3,CART,42,2,0.8,0.7619047619047619,0.8653333333333333,11,0.2788876640947555,0.26438042900188874,0.0
Ionosphere,3,ACP-Gini,42,2,0.8,0.7619047619047619,0.8653333333333333,11,0.2788876640947555,0.26438042900188874,0.0
Ionosphere,4,CART,42,2,0.8142857142857143,0.781826900023975,0.8613333333333333,17,0.22069047316025242,0.24329292758382862,0.0
Ionosphere,4,ACP-Gini,42,2,0.8142857142857143,0.781826900023975,0.8879999999999999,17,0.219832838716598,0.24443323139629983,0.0
Ionosphere,6,CART,42,2,0.8857142857142857,0.8731884057971014,0.8755555555555555,23,0.21881490447256632,0.24704243710294674,0.0
Ionosphere,6,ACP-Gini,42,2,0.8857142857142857,0.8731884057971014,0.8937777777777777,23,0.2004779743877375,0.24594550791124262,0.0
Ionosphere,8,CART,42,2,0.8857142857142857,0.8731884057971014,0.8906666666666666,31,0.22001580192224507,0.2513985121026252,0.0
Ionosphere,8,ACP-Gini,42,2,0.9,0.8920467063229787,0.9266666666666666,29,0.17445974891519275,0.23654775952013787,0.0
Ionosphere,10,CART,42,2,0.8857142857142857,0.8731884057971014,0.8728888888888888,33,0.22001580192224507,0.2518968892915515,0.0
Ionosphere,10,ACP-Gini,42,2,0.9,0.8920467063229787,0.9266666666666666,29,0.17445974891519275,0.23654775952013787,0.0
Ionosphere,3,CART,42,3,0.9,0.8920467063229787,0.9533333333333334,9,0.2261139644670055,0.16855647380654054,0.0
Ionosphere,3,ACP-Gini,42,3,0.9142857142857143,0.9082167832167831,0.9457777777777777,9,0.13519241693009468,0.1404716862192381,0.0
Ionosphere,4,CART,42,3,0.9,0.8878975062914665,0.9444444444444444,15,0.15437142717358385,0.1673730517151582,0.0
Ionosphere,4,ACP-Gini,42,3,0.9,0.8853801169590643,0.9542222222222221,13,0.1250447821207724,0.13405042167055833,0.0
Ionosphere,6,CART,42,3,0.9,0.8901098901098901,0.9106666666666667,25,0.17053276398572556,0.15423496221191804,0.0
Ionosphere,6,ACP-Gini,42,3,0.9,0.8901098901098901,0.9475555555555555,23,0.128949421075814,0.14533423758454975,0.0
Ionosphere,8,CART,42,3,0.9,0.8901098901098901,0.915111111111111,27,0.1914994001231122,0.15794977067828772,0.0
Ionosphere,8,ACP-Gini,42,3,0.8857142857142857,0.8755555555555555,0.9462222222222222,27,0.128949421075814,0.13961474960294523,0.0
Ionosphere,10,CART,42,3,0.9,0.8901098901098901,0.915111111111111,27,0.1914994001231122,0.15794977067828772,0.0
Ionosphere,10,ACP-Gini,42,3,0.8857142857142857,0.8755555555555555,0.9462222222222222,27,0.128949421075814,0.13961474960294523,0.0
Ionosphere,3,CART,42,4,0.8714285714285714,0.863370201691607,0.9071111111111111,11,0.13519241693009468,0.14036260280024446,0.0
Ionosphere,3,ACP-Gini,42,4,0.8714285714285714,0.863370201691607,0.8955555555555555,11,0.1233276969559342,0.136838085786417,0.0
Ionosphere,4,CART,42,4,0.8428571428571429,0.8273155416012559,0.896,15,0.21972914378140593,0.18047894154726846,0.0
Ionosphere,4,ACP-Gini,42,4,0.8428571428571429,0.8303591099361093,0.8835555555555555,15,0.14265258776147577,0.14628693945495017,0.0
Ionosphere,6,CART,42,4,0.8571428571428571,0.8470279720279721,0.891111111111111,23,0.1659994583769335,0.17880549358034437,0.0
Ionosphere,6,ACP-Gini,42,4,0.8571428571428571,0.8470279720279721,0.8648888888888888,23,0.17354778560632825,0.1595082624141579,0.0
Ionosphere,8,CART,42,4,0.8571428571428571,0.8470279720279721,0.891111111111111,23,0.1659994583769335,0.17880549358034437,0.0
Ionosphere,8,ACP-Gini,42,4,0.8571428571428571,0.8470279720279721,0.8737777777777778,25,0.17354778560632825,0.15859320221456302,0.0
Ionosphere,10,CART,42,4,0.8571428571428571,0.8470279720279721,0.891111111111111,23,0.1659994583769335,0.17880549358034437,0.0
Ionosphere,10,ACP-Gini,42,4,0.8571428571428571,0.8470279720279721,0.8737777777777778,25,0.17354778560632825,0.15859320221456302,0.0
Ionosphere,3,CART,43,0,0.8591549295774648,0.8426418439716312,0.9487179487179488,9,0.1714009728149225,0.16220342820807343,0.0
Ionosphere,3,ACP-Gini,43,0,0.8591549295774648,0.8426418439716312,0.9487179487179488,9,0.1714009728149225,0.16220342820807343,0.0
Ionosphere,4,CART,43,0,0.8732394366197183,0.8623141564318035,0.8658119658119658,17,0.12389042583007694,0.16422078890877484,0.0
Ionosphere,4,ACP-Gini,43,0,0.8732394366197183,0.8623141564318035,0.8658119658119658,17,0.12389042583007694,0.16422078890877484,0.0
Ionosphere,6,CART,43,0,0.8732394366197183,0.8623141564318035,0.8965811965811965,23,0.1241421770863946,0.15543360662691919,0.0
Ionosphere,6,ACP-Gini,43,0,0.8732394366197183,0.8623141564318035,0.8965811965811965,23,0.1241421770863946,0.15543360662691919,0.0
Ionosphere,8,CART,43,0,0.8591549295774648,0.8505892255892256,0.9115384615384615,25,0.13641157132122514,0.17028921196495622,0.0
Ionosphere,8,ACP-Gini,43,0,0.8591549295774648,0.8505892255892256,0.9115384615384615,25,0.13641157132122514,0.17028921196495622,0.0
Ionosphere,10,CART,43,0,0.8591549295774648,0.8505892255892256,0.9115384615384615,25,0.13641157132122514,0.17028921196495622,0.0
Ionosphere,10,ACP-Gini,43,0,0.8591549295774648,0.8505892255892256,0.9115384615384615,25,0.13641157132122514,0.17028921196495622,0.0
Ionosphere,3,CART,43,1,0.9571428571428572,0.9519560741249142,0.94,11,0.13519241693009468,0.1393298932921384,0.0
Ionosphere,3,ACP-Gini,43,1,0.9571428571428572,0.9519560741249142,0.94,11,0.13519241693009468,0.1393298932921384,0.0
Ionosphere,4,CART,43,1,0.9142857142857143,0.9005681818181819,0.932,15,0.16764033453384325,0.14494536422416773,0.0
Ionosphere,4,ACP-Gini,43,1,0.9,0.8825221769359866,0.9386666666666665,15,0.11207477076390189,0.12554742070972214,0.0
Ionosphere,6,CART,43,1,0.9,0.8853801169590643,0.9084444444444443,29,0.17287483662404907,0.1454765808892212,0.0
Ionosphere,6,ACP-Gini,43,1,0.9428571428571428,0.9352451433857539,0.9497777777777777,27,0.14565909290605467,0.1357375601266104,0.0
Ionosphere,8,CART,43,1,0.9,0.8853801169590643,0.8893333333333333,31,0.17287483662404907,0.14618603903881594,0.0
Ionosphere,8,ACP-Gini,43,1,0.9428571428571428,0.9352451433857539,0.9582222222222222,29,0.16530229346639677,0.13707213341067961,0.0
Ionosphere,10,CART,43,1,0.9,0.8853801169590643,0.8893333333333333,31,0.17287483662404907,0.14618603903881594,0.0
Ionosphere,10,ACP-Gini,43,1,0.9428571428571428,0.9352451433857539,0.9582222222222222,29,0.16530229346639677,0.13707213341067961,0.0
Ionosphere,3,CART,43,2,0.8428571428571429,0.833008024289742,0.8711111111111111,13,0.10934789167613676,0.1452207671202646,0.0
Ionosphere,3,ACP-Gini,43,2,0.8428571428571429,0.833008024289742,0.8711111111111111,13,0.12143814680851148,0.11939706237255904,0.0
Ionosphere,4,CART,43,2,0.8285714285714286,0.8057354301572618,0.8728888888888888,17,0.15451223253276153,0.16271955546058478,0.0
Ionosphere,4,ACP-Gini,43,2,0.8285714285714286,0.8057354301572618,0.8862222222222222,17,0.14314612269284185,0.13896335814380847,0.0
Ionosphere,6,CART,43,2,0.8714285714285714,0.858712715855573,0.9128888888888889,25,0.15167737088042457,0.16504568691225674,0.0
Ionosphere,6,ACP-Gini,43,2,0.8714285714285714,0.858712715855573,0.8826666666666666,25,0.16668109300249725,0.15320933720010008,0.0
Ionosphere,8,CART,43,2,0.8714285714285714,0.858712715855573,0.9217777777777777,27,0.15167737088042457,0.17266904294990598,0.0
Ionosphere,8,ACP-Gini,43,2,0.8714285714285714,0.858712715855573,0.8826666666666666,25,0.16668109300249725,0.15320933720010008,0.0
Ionosphere,10,CART,43,2,0.8714285714285714,0.858712715855573,0.9217777777777777,27,0.15167737088042457,0.17266904294990598,0.0
Ionosphere,10,ACP-Gini,43,2,0.8714285714285714,0.858712715855573,0.8826666666666666,25,0.16668109300249725,0.15320933720010008,0.0
Ionosphere,3,CART,43,3,0.8428571428571429,0.8303591099361093,0.8648888888888889,11,0.24641262708921788,0.16967883759789767,0.0
Ionosphere,3,ACP-Gini,43,3,0.8428571428571429,0.8303591099361093,0.8648888888888889,11,0.24641262708921788,0.16967883759789767,0.0
Ionosphere,4,CART,43,3,0.8714285714285714,0.858712715855573,0.9128888888888889,15,0.1936951759314314,0.15752298300399795,0.0
Ionosphere,4,ACP-Gini,43,3,0.8714285714285714,0.858712715855573,0.9128888888888889,15,0.1936951759314314,0.15752298300399795,0.0
Ionosphere,6,CART,43,3,0.8857142857142857,0.8776223776223776,0.9311111111111111,23,0.17902294059426183,0.1607513517041195,0.0
Ionosphere,6,ACP-Gini,43,3,0.8714285714285714,0.863370201691607,0.9146666666666666,23,0.16244145375650829,0.14286607719919886,0.0
Ionosphere,8,CART,43,3,0.8857142857142857,0.8776223776223776,0.9311111111111111,23,0.17902294059426183,0.1607513517041195,0.0
Ionosphere,8,ACP-Gini,43,3,0.8714285714285714,0.863370201691607,0.9146666666666666,23,0.16244145375650829,0.14286607719919886,0.0
Ionosphere,10,CART,43,3,0.8857142857142857,0.8776223776223776,0.9311111111111111,23,0.17902294059426183,0.1607513517041195,0.0
Ionosphere,10,ACP-Gini,43,3,0.8714285714285714,0.863370201691607,0.9146666666666666,23,0.16244145375650829,0.14286607719919886,0.0
Ionosphere,3,CART,43,4,0.9142857142857143,0.9095607235142118,0.943111111111111,11,0.24641262708921788,0.17249973100076677,0.0
Ionosphere,3,ACP-Gini,43,4,0.9142857142857143,0.9095607235142118,0.9466666666666665,11,0.13862893462216394,0.13148488768903044,0.0
Ionosphere,4,CART,43,4,0.8857142857142857,0.8755555555555555,0.968,15,0.1936951759314314,0.153379367053203,0.0
Ionosphere,4,ACP-Gini,43,4,0.8857142857142857,0.8755555555555555,0.9475555555555555,15,0.15330536041297405,0.17497982262891454,0.0
Ionosphere,6,CART,43,4,0.8857142857142857,0.8794142980189492,0.9275555555555556,27,0.17122760375815613,0.15228166450720743,0.0
Ionosphere,6,ACP-Gini,43,4,0.8857142857142857,0.8776223776223776,0.8826666666666667,23,0.16180003427545187,0.16707105651048254,0.0
Ionosphere,8,CART,43,4,0.8857142857142857,0.8794142980189492,0.9275555555555556,27,0.17122760375815613,0.15228166450720743,0.0
Ionosphere,8,ACP-Gini,43,4,0.8857142857142857,0.8776223776223776,0.9146666666666666,27,0.17053307565342737,0.17608939377023142,0.0
Ionosphere,10,CART,43,4,0.8857142857142857,0.8794142980189492,0.9275555555555556,27,0.17122760375815613,0.15228166450720743,0.0
Ionosphere,10,ACP-Gini,43,4,0.8857142857142857,0.8776223776223776,0.9146666666666666,27,0.17053307565342737,0.17608939377023142,0.0
Ionosphere,3,CART,44,0,0.9295774647887324,0.9247403010387958,0.9487179487179488,11,0.13519241693009468,0.13977223609054254,0.0
Ionosphere,3,ACP-Gini,44,0,0.9154929577464789,0.9103535353535352,0.9376068376068376,11,0.10852297230794174,0.13285203068481738,0.0
Ionosphere,4,CART,44,0,0.8732394366197183,0.8536082474226805,0.9760683760683762,15,0.16764033453384325,0.1438927622629755,0.0
Ionosphere,4,ACP-Gini,44,0,0.9154929577464789,0.9073913043478261,0.9645299145299145,15,0.10704800513314904,0.16067078000946058,0.0
Ionosphere,6,CART,44,0,0.8732394366197183,0.8623141564318035,0.9794871794871796,27,0.17915275010485665,0.18137085637468006,0.0
Ionosphere,6,ACP-Gini,44,0,0.9154929577464789,0.908974358974359,0.9363247863247863,25,0.16006230630654364,0.16904296187756807,0.0
Ionosphere,8,CART,44,0,0.8732394366197183,0.8623141564318035,0.9794871794871794,29,0.17915275010485665,0.180702301451569,0.0
Ionosphere,8,ACP-Gini,44,0,0.9154929577464789,0.908974358974359,0.9363247863247863,25,0.16006230630654364,0.16904296187756807,0.0
Ionosphere,10,CART,44,0,0.8732394366197183,0.8623141564318035,0.9794871794871794,29,0.17915275010485665,0.180702301451569,0.0
Ionosphere,10,ACP-Gini,44,0,0.9154929577464789,0.908974358974359,0.9363247863247863,25,0.16006230630654364,0.16904296187756807,0.0
Ionosphere,3,CART,44,1,0.9,0.8920467063229787,0.9079999999999999,11,0.2165605744675499,0.14485438930558284,0.0
Ionosphere,3,ACP-Gini,44,1,0.8428571428571429,0.8198830409356725,0.8706666666666667,11,0.19349687773107555,0.13608993097100375,0.0
Ionosphere,4,CART,44,1,0.8571428571428571,0.8414855072463767,0.8897777777777777,15,0.16881481913056576,0.16894079596763462,0.0
Ionosphere,4,ACP-Gini,44,1,0.8714285714285714,0.8558682223747426,0.9013333333333333,17,0.1919298422682341,0.17578006089873216,0.0
Ionosphere,6,CART,44,1,0.8714285714285714,0.8612029081295439,0.88,27,0.18482620665288627,0.1917778333182113,0.0
Ionosphere,6,ACP-Gini,44,1,0.8571428571428571,0.8414855072463767,0.8644444444444443,29,0.174628980413429,0.16276302187205766,0.0
Ionosphere,8,CART,44,1,0.8714285714285714,0.8612029081295439,0.88,27,0.18482620665288627,0.1917778333182113,0.0
Ionosphere,8,ACP-Gini,44,1,0.8571428571428571,0.8414855072463767,0.8644444444444443,29,0.174628980413429,0.16276302187205766,0.0
Ionosphere,10,CART,44,1,0.8714285714285714,0.8612029081295439,0.88,27,0.18482620665288627,0.1917778333182113,0.0
Ionosphere,10,ACP-Gini,44,1,0.8571428571428571,0.8414855072463767,0.8644444444444443,29,0.174628980413429,0.16276302187205766,0.0
Ionosphere,3,CART,44,2,0.8,0.7822222222222222,0.8164444444444444,9,0.1646729863249681,0.1460165003864748,0.0
Ionosphere,3,ACP-Gini,44,2,0.8,0.7822222222222222,0.8115555555555556,9,0.12131455858150754,0.13106513386026683,0.0
Ionosphere,4,CART,44,2,0.8714285714285714,0.8447893569844789,0.8702222222222221,13,0.15330536041297405,0.1427818655716113,0.0
Ionosphere,4,ACP-Gini,44,2,0.8285714285714286,0.8057354301572618,0.8493333333333333,15,0.11702386559230689,0.11937976356217825,0.0
Ionosphere,6,CART,44,2,0.8714285714285714,0.8526315789473684,0.8604444444444446,23,0.1662344489636363,0.1606044123976368,0.0
Ionosphere,6,ACP-Gini,44,2,0.8285714285714286,0.8133333333333334,0.8333333333333334,25,0.15764681424809468,0.14505917729694257,0.0
Ionosphere,8,CART,44,2,0.8714285714285714,0.8526315789473684,0.8604444444444446,23,0.1662344489636363,0.1606044123976368,0.0
Ionosphere,8,ACP-Gini,44,2,0.8285714285714286,0.8133333333333334,0.8333333333333334,25,0.15764681424809468,0.14505917729694257,0.0
Ionosphere,10,CART,44,2,0.8714285714285714,0.8526315789473684,0.8604444444444446,23,0.1662344489636363,0.1606044123976368,0.0
Ionosphere,10,ACP-Gini,44,2,0.8285714285714286,0.8133333333333334,0.8333333333333334,25,0.15764681424809468,0.14505917729694257,0.0
Ionosphere,3,CART,44,3,0.9428571428571428,0.9377777777777778,0.94,9,0.2534116462138721,0.1658255325007923,0.0
Ionosphere,3,ACP-Gini,44,3,0.9428571428571428,0.9377777777777778,0.9488888888888889,9,0.12131455858150754,0.11994986112281388,0.0
Ionosphere,4,CART,44,3,0.8857142857142857,0.8704902867715079,0.9484444444444444,13,0.1973714647960767,0.15755654356792326,0.0
Ionosphere,4,ACP-Gini,44,3,0.9,0.8853801169590643,0.9595555555555555,13,0.140669893573813,0.1153836576800826,0.0
Ionosphere,6,CART,44,3,0.9,0.8878975062914665,0.8902222222222221,25,0.1605378895103491,0.14424461146414053,0.0
Ionosphere,6,ACP-Gini,44,3,0.9142857142857143,0.9082167832167831,0.9466666666666668,23,0.12961828991673408,0.13773011438168,0.0
Ionosphere,8,CART,44,3,0.8714285714285714,0.858712715855573,0.8973333333333333,27,0.18732738346546926,0.15988976426873786,0.0
Ionosphere,8,ACP-Gini,44,3,0.9142857142857143,0.9082167832167831,0.952,25,0.14447210910521505,0.14253253513085568,0.0
Ionosphere,10,CART,44,3,0.8714285714285714,0.858712715855573,0.8973333333333333,27,0.18732738346546926,0.15988976426873786,0.0
Ionosphere,10,ACP-Gini,44,3,0.9142857142857143,0.9082167832167831,0.952,25,0.14447210910521505,0.14253253513085568,0.0
Ionosphere,3,CART,44,4,0.8857142857142857,0.8755555555555555,0.8928888888888888,11,0.11103346276097013,0.1363190118984055,0.0
Ionosphere,3,ACP-Gini,44,4,0.8857142857142857,0.8755555555555555,0.8928888888888888,11,0.11103346276097013,0.1363190118984055,0.0
Ionosphere,4,CART,44,4,0.8857142857142857,0.8704902867715079,0.9115555555555555,15,0.11681917983014797,0.15110549527335407,0.0
Ionosphere,4,ACP-Gini,44,4,0.8857142857142857,0.8704902867715079,0.9106666666666666,15,0.09053128188384954,0.12906028083423735,0.0
Ionosphere,6,CART,44,4,0.8714285714285714,0.858712715855573,0.8888888888888888,25,0.16215497116928498,0.1593343325835564,0.0
Ionosphere,6,ACP-Gini,44,4,0.9,0.8901098901098901,0.9097777777777778,25,0.14154583061593154,0.15956481494554609,0.0
Ionosphere,8,CART,44,4,0.8714285714285714,0.858712715855573,0.8888888888888888,25,0.16215497116928498,0.1593343325835564,0.0
Ionosphere,8,ACP-Gini,44,4,0.9,0.8901098901098901,0.9097777777777778,25,0.14154583061593154,0.15956481494554609,0.0
Ionosphere,10,CART,44,4,0.8714285714285714,0.858712715855573,0.8888888888888888,25,0.16215497116928498,0.1593343325835564,0.0
Ionosphere,10,ACP-Gini,44,4,0.9,0.8901098901098901,0.9097777777777778,25,0.14154583061593154,0.15956481494554609,0.0
Sonar,3,CART,42,0,0.6904761904761905,0.690300623936472,0.6795454545454545,15,0.19637867106867532,0.17946567006390285,0.07228915662650602
Sonar,3,ACP-Gini,42,0,0.6904761904761905,0.690300623936472,0.6795454545454545,15,0.224998478555057,0.17446198578496908,0.0
Sonar,4,CART,42,0,0.7619047619047619,0.7613636363636364,0.7386363636363635,21,0.24679918202427736,0.2023081084391527,0.07228915662650602
Sonar,4,ACP-Gini,42,0,0.6904761904761905,0.690300623936472,0.7204545454545455,21,0.21440251874438732,0.1804661902801066,0.0
Sonar,6,CART,42,0,0.7619047619047619,0.7619047619047619,0.7306818181818183,27,0.2454301999133616,0.20714876579526642,0.1746987951807229
Sonar,6,ACP-Gini,42,0,0.7142857142857143,0.7136363636363636,0.6920454545454545,29,0.20659925828304643,0.17055710367415808,0.0
Sonar,8,CART,42,0,0.7619047619047619,0.7619047619047619,0.7306818181818183,27,0.2454301999133616,0.20714876579526642,0.1746987951807229
Sonar,8,ACP-Gini,42,0,0.7142857142857143,0.7136363636363636,0.6920454545454545,29,0.20659925828304643,0.17055710367415808,0.0
Sonar,10,CART,42,0,0.7619047619047619,0.7619047619047619,0.7306818181818183,27,0.2454301999133616,0.20714876579526642,0.1746987951807229
Sonar,10,ACP-Gini,42,0,0.7142857142857143,0.7136363636363636,0.6920454545454545,29,0.20659925828304643,0.17055710367415808,0.0
Sonar,3,CART,42,1,0.7857142857142857,0.7826336975273145,0.8022727272727272,13,0.1873473919900046,0.18028465164951357,0.0
Sonar,3,ACP-Gini,42,1,0.7857142857142857,0.7826336975273145,0.8318181818181818,13,0.19313568659391725,0.18000383180653298,0.0
Sonar,4,CART,42,1,0.8095238095238095,0.8095238095238095,0.8693181818181819,19,0.2333810253796003,0.1877276793534748,0.0
Sonar,4,ACP-Gini,42,1,0.8095238095238095,0.8095238095238095,0.8556818181818182,19,0.17934165578947078,0.17642313656841216,0.0
Sonar,6,CART,42,1,0.8095238095238095,0.8090909090909091,0.8181818181818182,25,0.21075693357046787,0.1826271597589587,0.0
Sonar,6,ACP-Gini,42,1,0.8095238095238095,0.8090909090909091,0.8295454545454546,25,0.21054050606924374,0.17200428527127093,0.0
Sonar,8,CART,42,1,0.8095238095238095,0.8090909090909091,0.8181818181818182,25,0.21075693357046787,0.1826271597589587,0.0
Sonar,8,ACP-Gini,42,1,0.8095238095238095,0.8090909090909091,0.8295454545454546,25,0.21054050606924374,0.17200428527127093,0.0
Sonar,10,CART,42,1,0.8095238095238095,0.8090909090909091,0.8181818181818182,25,0.21075693357046787,0.1826271597589587,0.0
Sonar,10,ACP-Gini,42,1,0.8095238095238095,0.8090909090909091,0.8295454545454546,25,0.21054050606924374,0.17200428527127093,0.0
Sonar,3,CART,42,2,0.6904761904761905,0.690300623936472,0.7574370709382151,13,0.23387217753080428,0.23312820601148415,0.0
Sonar,3,ACP-Gini,42,2,0.6666666666666666,0.6666666666666666,0.7414187643020594,13,0.21125190920351403,0.18176544510707407,0.0
Sonar,4,CART,42,2,0.7142857142857143,0.7136363636363636,0.776887871853547,21,0.25431960243667384,0.2602192064929825,0.13855421686746988
Sonar,4,ACP-Gini,42,2,0.6904761904761905,0.690300623936472,0.7379862700228833,19,0.2029551882043666,0.17794319982366935,0.0
Sonar,6,CART,42,2,0.7142857142857143,0.7136363636363636,0.788329519450801,23,0.25298824407591636,0.2602673514483867,0.13855421686746988
Sonar,6,ACP-Gini,42,2,0.7142857142857143,0.7136363636363636,0.7425629290617849,21,0.21321491450923782,0.19854975625862892,0.0
Sonar,8,CART,42,2,0.7142857142857143,0.7136363636363636,0.788329519450801,23,0.25298824407591636,0.2602673514483867,0.13855421686746988
Sonar,8,ACP-Gini,42,2,0.7142857142857143,0.7136363636363636,0.7425629290617849,21,0.21321491450923782,0.19854975625862892,0.0
Sonar,10,CART,42,2,0.7142857142857143,0.7136363636363636,0.788329519450801,23,0.25298824407591636,0.2602673514483867,0.13855421686746988
Sonar,10,ACP-Gini,42,2,0.7142857142857143,0.7136363636363636,0.7425629290617849,21,0.21321491450923782,0.19854975625862892,0.0
Sonar,3,CART,42,3,0.7317073170731707,0.7291291291291291,0.7248803827751196,15,0.2122379491788559,0.22074009936673758,0.0
Sonar,3,ACP-Gini,42,3,0.6585365853658537,0.6566985645933014,0.6937799043062202,15,0.20403118496252567,0.20186430710118733,0.0
Sonar,4,CART,42,3,0.7073170731707317,0.7057416267942584,0.6866028708133972,21,0.2286126081186155,0.21415778750120898,0.0
Sonar,4,ACP-Gini,42,3,0.6829268292682927,0.6821705426356589,0.7212918660287082,21,0.1827817190710816,0.19332627226934362,0.0
Sonar,6,CART,42,3,0.7317073170731707,0.731067382230173,0.667464114832536,27,0.23525327480993155,0.2308479614065562,0.1317365269461078
Sonar,6,ACP-Gini,42,3,0.6341463414634146,0.6341463414634146,0.7069377990430622,27,0.1953645507188214,0.17641246694592538,0.0
Sonar,8,CART,42,3,0.7317073170731707,0.731067382230173,0.667464114832536,27,0.23525327480993155,0.2308479614065562,0.1317365269461078
Sonar,8,ACP-Gini,42,3,0.6341463414634146,0.6341463414634146,0.7069377990430622,27,0.1953645507188214,0.17641246694592538,0.0
Sonar,10,CART,42,3,0.7317073170731707,0.731067382230173,0.667464114832536,27,0.23525327480993155,0.2308479614065562,0.1317365269461078
Sonar,10,ACP-Gini,42,3,0.6341463414634146,0.6341463414634146,0.7069377990430622,27,0.1953645507188214,0.17641246694592538,0.0
Sonar,3,CART,42,4,0.7317073170731707,0.7210884353741496,0.771531100478469,13,0.2723361524844234,0.2409017681493917,0.0
Sonar,3,ACP-Gini,42,4,0.7317073170731707,0.7210884353741496,0.771531100478469,13,0.2723361524844234,0.2409017681493917,0.0
Sonar,4,CART,42,4,0.7804878048780488,0.7717996289424861,0.8098086124401914,19,0.2284696282412968,0.21154039027801486,0.0
Sonar,4,ACP-Gini,42,4,0.7804878048780488,0.7717996289424861,0.7930622009569378,19,0.23180572976726654,0.21128057902957087,0.0
Sonar,6,CART,42,4,0.7560975609756098,0.7547846889952152,0.7966507177033493,27,0.2311882922566558,0.20874379844333876,0.0
Sonar,6,ACP-Gini,42,4,0.7560975609756098,0.7547846889952152,0.819377990430622,27,0.2147141202914935,0.20401228213808947,0.0
Sonar,8,CART,42,4,0.7560975609756098,0.7547846889952152,0.7966507177033493,27,0.2311882922566558,0.20874379844333876,0.0
Sonar,8,ACP-Gini,42,4,0.7560975609756098,0.7547846889952152,0.819377990430622,27,0.2147141202914935,0.20401228213808947,0.0
Sonar,10,CART,42,4,0.7560975609756098,0.7547846889952152,0.7966507177033493,27,0.2311882922566558,0.20874379844333876,0.0
Sonar,10,ACP-Gini,42,4,0.7560975609756098,0.7547846889952152,0.819377990430622,27,0.2147141202914935,0.20401228213808947,0.0
Sonar,3,CART,43,0,0.6190476190476191,0.6181818181818182,0.6113636363636363,13,0.24769130320779975,0.1760075733751808,0.0
Sonar,3,ACP-Gini,43,0,0.6190476190476191,0.6181818181818182,0.6113636363636363,13,0.2450012245526004,0.17075259284846123,0.0
Sonar,4,CART,43,0,0.5952380952380952,0.5894192064404831,0.6022727272727273,19,0.20999095052921932,0.17803829352651196,0.0
Sonar,4,ACP-Gini,43,0,0.5952380952380952,0.5931623931623932,0.6193181818181819,19,0.20733785114528852,0.1558478687834758,0.0
Sonar,6,CART,43,0,0.5952380952380952,0.5894192064404831,0.5920454545454545,23,0.23415977886966252,0.1794322319198214,0.0
Sonar,6,ACP-Gini,43,0,0.5952380952380952,0.5931623931623932,0.6431818181818182,23,0.2075551526136729,0.1550843024357651,0.0
Sonar,8,CART,43,0,0.5952380952380952,0.5894192064404831,0.5920454545454545,23,0.23415977886966252,0.1794322319198214,0.0
Sonar,8,ACP-Gini,43,0,0.5952380952380952,0.5931623931623932,0.6431818181818182,23,0.2075551526136729,0.1550843024357651,0.0
Sonar,10,CART,43,0,0.5952380952380952,0.5894192064404831,0.5920454545454545,23,0.23415977886966252,0.1794322319198214,0.0
Sonar,10,ACP-Gini,43,0,0.5952380952380952,0.5931623931623932,0.6431818181818182,23,0.2075551526136729,0.1550843024357651,0.0
Sonar,3,CART,43,1,0.8571428571428571,0.8558352402745995,0.8886363636363637,13,0.2268791937571181,0.21020691669670677,0.0
Sonar,3,ACP-Gini,43,1,0.8333333333333334,0.8324786324786324,0.8818181818181818,13,0.1627481673736702,0.17456222682620234,0.0
Sonar,4,CART,43,1,0.8809523809523809,0.8803418803418803,0.9363636363636364,17,0.24881631430441598,0.2141895212452341,0.0
Sonar,4,ACP-Gini,43,1,0.8333333333333334,0.8324786324786324,0.9034090909090909,17,0.16988442684742486,0.17162663213398877,0.0
Sonar,6,CART,43,1,0.8333333333333334,0.8332387975042541,0.8738636363636365,23,0.24026132088844873,0.22458832122731953,0.0
Sonar,6,ACP-Gini,43,1,0.8571428571428571,0.8571428571428571,0.8795454545454546,23,0.18820254878245318,0.1824047807022024,0.0
Sonar,8,CART,43,1,0.8333333333333334,0.8332387975042541,0.8738636363636365,23,0.24026132088844873,0.22458832122731953,0.0
Sonar,8,ACP-Gini,43,1,0.8571428571428571,0.8571428571428571,0.8795454545454546,23,0.18820254878245318,0.1824047807022024,0.0
Sonar,10,CART,43,1,0.8333333333333334,0.8332387975042541,0.8738636363636365,23,0.24026132088844873,0.22458832122731953,0.0
Sonar,10,ACP-Gini,43,1,0.8571428571428571,0.8571428571428571,0.8795454545454546,23,0.18820254878245318,0.1824047807022024,0.0
Sonar,3,CART,43,2,0.8095238095238095,0.8077803203661327,0.8398169336384439,15,0.2362066610142167,0.25837706454473264,0.3132530120481928
Sonar,3,ACP-Gini,43,2,0.8095238095238095,0.8077803203661327,0.8398169336384439,15,0.2362066610142167,0.25837706454473264,0.3132530120481928
Sonar,4,CART,43,2,0.7619047619047619,0.7597254004576659,0.8478260869565216,25,0.22339373684344813,0.25922436732825005,0.3795180722891566
Sonar,4,ACP-Gini,43,2,0.7380952380952381,0.7343300747556067,0.8398169336384438,25,0.21097439541561966,0.2358052688693287,0.3132530120481928
Sonar,6,CART,43,2,0.7619047619047619,0.7597254004576659,0.8215102974828374,27,0.21802641768439687,0.2592606408814016,0.3795180722891566
Sonar,6,ACP-Gini,43,2,0.7380952380952381,0.7343300747556067,0.8226544622425629,27,0.21097439541561966,0.23591424186913496,0.3132530120481928
Sonar,8,CART,43,2,0.7619047619047619,0.7597254004576659,0.8215102974828374,27,0.21802641768439687,0.2592606408814016,0.3795180722891566
Sonar,8,ACP-Gini,43,2,0.7380952380952381,0.7343300747556067,0.8226544622425629,27,0.21097439541561966,0.23591424186913496,0.3132530120481928
Sonar,10,CART,43,2,0.7619047619047619,0.7597254004576659,0.8215102974828374,27,0.21802641768439687,0.2592606408814016,0.3795180722891566
Sonar,10,ACP-Gini,43,2,0.7380952380952381,0.7343300747556067,0.8226544622425629,27,0.21097439541561966,0.23591424186913496,0.3132530120481928
Sonar,3,CART,43,3,0.7804878048780488,0.7756838905775076,0.8038277511961722,13,0.23598342548926932,0.24315319772337826,0.0
Sonar,3,ACP-Gini,43,3,0.7804878048780488,0.7756838905775076,0.8038277511961722,13,0.23598342548926932,0.24315319772337826,0.0
Sonar,4,CART,43,3,0.7804878048780488,0.7756838905775076,0.8205741626794258,21,0.219542079059845,0.24236849583776524,0.0
Sonar,4,ACP-Gini,43,3,0.7804878048780488,0.7756838905775076,0.8038277511961722,21,0.2063117594707165,0.23866216562450407,0.0
Sonar,6,CART,43,3,0.7804878048780488,0.7756838905775076,0.8301435406698565,23,0.21427583274624062,0.2388012392947312,0.0
Sonar,6,ACP-Gini,43,3,0.7804878048780488,0.7756838905775076,0.8133971291866029,23,0.20854971124074997,0.23551913325274118,0.0
Sonar,8,CART,43,3,0.7804878048780488,0.7756838905775076,0.8301435406698565,23,0.21427583274624062,0.2388012392947312,0.0
Sonar,8,ACP-Gini,43,3,0.7804878048780488,0.7756838905775076,0.8133971291866029,23,0.20854971124074997,0.23551913325274118,0.0
Sonar,10,CART,43,3,0.7804878048780488,0.7756838905775076,0.8301435406698565,23,0.21427583274624062,0.2388012392947312,0.0
Sonar,10,ACP-Gini,43,3,0.7804878048780488,0.7756838905775076,0.8133971291866029,23,0.20854971124074997,0.23551913325274118,0.0
Sonar,3,CART,43,4,0.7317073170731707,0.7291291291291291,0.8157894736842106,13,0.26066612886510915,0.2155904281164249,0.0
Sonar,3,ACP-Gini,43,4,0.7317073170731707,0.7291291291291291,0.8014354066985646,13,0.22138534340786234,0.15687810571935754,0.0
Sonar,4,CART,43,4,0.7317073170731707,0.731067382230173,0.7691387559808613,25,0.22429747270590836,0.22508281227294086,0.0
Sonar,4,ACP-Gini,43,4,0.7317073170731707,0.7291291291291291,0.8086124401913876,19,0.19731716916470501,0.17332551236589422,0.0
Sonar,6,CART,43,4,0.7317073170731707,0.731067382230173,0.7691387559808613,25,0.22429747270590836,0.22508281227294086,0.0
Sonar,6,ACP-Gini,43,4,0.7560975609756098,0.7547846889952152,0.8169856459330143,21,0.2013729296400195,0.16441198878961183,0.0
Sonar,8,CART,43,4,0.7317073170731707,0.731067382230173,0.7691387559808613,25,0.22429747270590836,0.22508281227294086,0.0
Sonar,8,ACP-Gini,43,4,0.7560975609756098,0.7547846889952152,0.8169856459330143,21,0.2013729296400195,0.16441198878961183,0.0
Sonar,10,CART,43,4,0.7317073170731707,0.731067382230173,0.7691387559808613,25,0.22429747270590836,0.22508281227294086,0.0
Sonar,10,ACP-Gini,43,4,0.7560975609756098,0.7547846889952152,0.8169856459330143,21,0.2013729296400195,0.16441198878961183,0.0
Sonar,3,CART,44,0,0.7619047619047619,0.7597254004576659,0.8386363636363636,15,0.21594685390373827,0.2461555659151824,0.0
Sonar,3,ACP-Gini,44,0,0.7857142857142857,0.7826336975273145,0.8522727272727273,15,0.20184861168620666,0.2270444824119666,0.0
Sonar,4,CART,44,0,0.8095238095238095,0.8090909090909091,0.8465909090909092,23,0.2560716511301275,0.24787540424149945,0.3253012048192771
Sonar,4,ACP-Gini,44,0,0.8333333333333334,0.8324786324786324,0.8375,23,0.20153057092440116,0.2116886914188227,0.0
Sonar,6,CART,44,0,0.8095238095238095,0.8090909090909091,0.8295454545454546,29,0.26388480358286104,0.24827897498366291,0.3253012048192771
Sonar,6,ACP-Gini,44,0,0.8333333333333334,0.8324786324786324,0.8681818181818182,29,0.2034264458907247,0.20414702439088966,0.0
Sonar,8,CART,44,0,0.8095238095238095,0.8090909090909091,0.8295454545454546,29,0.26388480358286104,0.24827897498366291,0.3253012048192771
Sonar,8,ACP-Gini,44,0,0.8333333333333334,0.8324786324786324,0.8681818181818182,29,0.2034264458907247,0.20414702439088966,0.0
Sonar,10,CART,44,0,0.8095238095238095,0.8090909090909091,0.8295454545454546,29,0.26388480358286104,0.24827897498366291,0.3253012048192771
Sonar,10,ACP-Gini,44,0,0.8333333333333334,0.8324786324786324,0.8681818181818182,29,0.2034264458907247,0.20414702439088966,0.0
Sonar,3,CART,44,1,0.6190476190476191,0.6190476190476191,0.6431818181818183,15,0.22073419766021066,0.20034532839568747,0.0
Sonar,3,ACP-Gini,44,1,0.6190476190476191,0.6190476190476191,0.6431818181818183,15,0.22073419766021066,0.20034532839568747,0.0
Sonar,4,CART,44,1,0.6428571428571429,0.6426545660805445,0.6136363636363636,21,0.23188438961302002,0.2118638257332816,0.0
Sonar,4,ACP-Gini,44,1,0.6428571428571429,0.6426545660805445,0.6272727272727274,21,0.21918859457626827,0.20535463451415614,0.0
Sonar,6,CART,44,1,0.6428571428571429,0.6426545660805445,0.6681818181818182,25,0.22683925814034098,0.21394902233491367,0.0
Sonar,6,ACP-Gini,44,1,0.6428571428571429,0.6426545660805445,0.6636363636363636,25,0.2022395764441964,0.2049477275655442,0.0
Sonar,8,CART,44,1,0.6428571428571429,0.6426545660805445,0.6681818181818182,25,0.22683925814034098,0.21394902233491367,0.0
Sonar,8,ACP-Gini,44,1,0.6428571428571429,0.6426545660805445,0.6636363636363636,25,0.2022395764441964,0.2049477275655442,0.0
Sonar,10,CART,44,1,0.6428571428571429,0.6426545660805445,0.6681818181818182,25,0.22683925814034098,0.21394902233491367,0.0
Sonar,10,ACP-Gini,44,1,0.6428571428571429,0.6426545660805445,0.6636363636363636,25,0.2022395764441964,0.2049477275655442,0.0
Sonar,3,CART,44,2,0.7142857142857143,0.7116704805491991,0.742562929061785,15,0.21207414551863546,0.18438247810574354,0.0
Sonar,3,ACP-Gini,44,2,0.7142857142857143,0.7116704805491991,0.742562929061785,15,0.21207414551863546,0.18438247810574354,0.0
Sonar,4,CART,44,2,0.6904761904761905,0.690300623936472,0.7231121281464531,21,0.21377345015553312,0.18464243679561337,0.0
Sonar,4,ACP-Gini,44,2,0.7142857142857143,0.7136363636363636,0.7597254004576659,21,0.2093783805651678,0.17049079002458828,0.0
Sonar,6,CART,44,2,0.7380952380952381,0.7379466817923993,0.7276887871853548,25,0.23404100670599218,0.2451431901306459,0.0963855421686747
Sonar,6,ACP-Gini,44,2,0.7619047619047619,0.7613636363636364,0.7814645308924486,25,0.21142952807176654,0.1821081666290263,0.0
Sonar,8,CART,44,2,0.7380952380952381,0.7379466817923993,0.7276887871853548,25,0.23404100670599218,0.2451431901306459,0.0963855421686747
Sonar,8,ACP-Gini,44,2,0.7619047619047619,0.7613636363636364,0.7814645308924486,25,0.21142952807176654,0.1821081666290263,0.0
Sonar,10,CART,44,2,0.7380952380952381,0.7379466817923993,0.7276887871853548,25,0.23404100670599218,0.2451431901306459,0.0963855421686747
Sonar,10,ACP-Gini,44,2,0.7619047619047619,0.7613636363636364,0.7814645308924486,25,0.21142952807176654,0.1821081666290263,0.0
Sonar,3,CART,44,3,0.7317073170731707,0.7291291291291291,0.7105263157894737,15,0.2720536698586855,0.23578619600104947,0.0
Sonar,3,ACP-Gini,44,3,0.7317073170731707,0.7291291291291291,0.7296650717703349,15,0.33252728816237703,0.23386220526877274,0.0
Sonar,4,CART,44,3,0.6585365853658537,0.6583333333333333,0.6519138755980861,25,0.26326290204100017,0.21769976678236996,0.562874251497006
Sonar,4,ACP-Gini,44,3,0.6585365853658537,0.6583333333333333,0.729665071770335,25,0.24021604132781127,0.20278475320245093,0.0
Sonar,6,CART,44,3,0.7317073170731707,0.731067382230173,0.6758373205741628,29,0.26020277376940676,0.21853259777605025,0.562874251497006
Sonar,6,ACP-Gini,44,3,0.6829268292682927,0.6821705426356589,0.6973684210526316,29,0.22448412712737997,0.1978628146442565,0.0
Sonar,8,CART,44,3,0.7317073170731707,0.731067382230173,0.6758373205741628,29,0.26020277376940676,0.21853259777605025,0.562874251497006
Sonar,8,ACP-Gini,44,3,0.6829268292682927,0.6821705426356589,0.6973684210526316,29,0.22448412712737997,0.1978628146442565,0.0
Sonar,10,CART,44,3,0.7317073170731707,0.731067382230173,0.6758373205741628,29,0.26020277376940676,0.21853259777605025,0.562874251497006
Sonar,10,ACP-Gini,44,3,0.6829268292682927,0.6821705426356589,0.6973684210526316,29,0.22448412712737997,0.1978628146442565,0.0
Sonar,3,CART,44,4,0.7317073170731707,0.7258358662613982,0.6961722488038278,15,0.2102856144709939,0.23760639399686348,0.46706586826347307
Sonar,3,ACP-Gini,44,4,0.7317073170731707,0.7258358662613982,0.6961722488038278,15,0.2003725796901816,0.23161789690736115,0.46706586826347307
Sonar,4,CART,44,4,0.6097560975609756,0.6076555023923444,0.6830143540669857,23,0.23791181836468653,0.26003398761219904,0.46706586826347307
Sonar,4,ACP-Gini,44,4,0.5853658536585366,0.5813813813813814,0.6578947368421053,23,0.1970873621427344,0.23001342871027028,0.46706586826347307
Sonar,6,CART,44,4,0.6585365853658537,0.6533816425120773,0.69377990430622,29,0.2717107753012573,0.2712151092523321,0.46706586826347307
Sonar,6,ACP-Gini,44,4,0.6829268292682927,0.6703772418058133,0.6854066985645934,29,0.2146144322694812,0.21614680203920683,0.46706586826347307
Sonar,8,CART,44,4,0.6585365853658537,0.6533816425120773,0.69377990430622,29,0.2717107753012573,0.2712151092523321,0.46706586826347307
Sonar,8,ACP-Gini,44,4,0.6829268292682927,0.6703772418058133,0.6854066985645934,29,0.2146144322694812,0.21614680203920683,0.46706586826347307
Sonar,10,CART,44,4,0.6585365853658537,0.6533816425120773,0.69377990430622,29,0.2717107753012573,0.2712151092523321,0.46706586826347307
Sonar,10,ACP-Gini,44,4,0.6829268292682927,0.6703772418058133,0.6854066985645934,29,0.2146144322694812,0.21614680203920683,0.46706586826347307
Pima,3,CART,42,0,0.7467532467532467,0.695852534562212,0.8007407407407406,15,0.1736090864585369,0.22889338655584893,0.0
Pima,3,ACP-Gini,42,0,0.7467532467532467,0.695852534562212,0.8007407407407406,15,0.1736090864585369,0.22889338655584893,0.0
Pima,4,CART,42,0,0.7792207792207793,0.7664585191793042,0.8304629629629628,31,0.15475605939539294,0.20668428157242363,0.0
Pima,4,ACP-Gini,42,0,0.7792207792207793,0.7664585191793042,0.8304629629629628,31,0.15475605939539294,0.20668428157242363,0.0
Pima,6,CART,42,0,0.7662337662337663,0.7210144927536233,0.7722222222222221,73,0.15870315609498722,0.1831177846283969,0.0
Pima,6,ACP-Gini,42,0,0.7597402597402597,0.7114498404820986,0.7669444444444444,73,0.15870315609498722,0.1845955856252718,0.0
Pima,8,CART,42,0,0.7402597402597403,0.6973270440251573,0.7602777777777778,101,0.17165678897092665,0.17966766044628574,0.0
Pima,8,ACP-Gini,42,0,0.7272727272727273,0.6821933962264151,0.7488888888888888,103,0.15870315609498722,0.17319434419047014,0.0
Pima,10,CART,42,0,0.7077922077922078,0.6717973004972768,0.7244444444444444,119,0.17165678897092665,0.1742012746009059,0.0
Pima,10,ACP-Gini,42,0,0.7077922077922078,0.6685320705983642,0.7162037037037038,119,0.15870315609498722,0.1673857133934448,0.0
Pima,3,CART,42,1,0.7922077922077922,0.7630769230769231,0.8744444444444444,15,0.1736090864585369,0.2133230793334686,0.0
Pima,3,ACP-Gini,42,1,0.7922077922077922,0.7630769230769231,0.8744444444444444,15,0.1736090864585369,0.2133230793334686,0.0
Pima,4,CART,42,1,0.7402597402597403,0.7123108537268821,0.8345370370370371,31,0.18409081087504262,0.21222306777516317,0.0
Pima,4,ACP-Gini,42,1,0.7402597402597403,0.7123108537268821,0.8345370370370371,31,0.18409081087504262,0.21222306777516317,0.0
Pima,6,CART,42,1,0.7532467532467533,0.7186538461538461,0.7899074074074075,73,0.15870315609498722,0.18614254162931693,0.0
Pima,6,ACP-Gini,42,1,0.7532467532467533,0.7156462585034014,0.7858333333333334,73,0.15870315609498722,0.18900330207862778,0.0
Pima,8,CART,42,1,0.7727272727272727,0.7447312337201042,0.7751851851851852,113,0.17165678897092665,0.179180538557207,0.0
Pima,8,ACP-Gini,42,1,0.7662337662337663,0.7386877828054299,0.7865740740740741,117,0.17165678897092665,0.18481788095044754,0.0
Pima,10,CART,42,1,0.7597402597402597,0.7326765188834155,0.7609259259259258,123,0.17165678897092665,0.1779196332664178,0.0
Pima,10,ACP-Gini,42,1,0.7532467532467533,0.7266953110405381,0.7672222222222221,125,0.17165678897092665,0.18410522919000244,0.0
Pima,3,CART,42,2,0.7662337662337663,0.7210144927536233,0.7987037037037038,15,0.1736090864585369,0.2090601897997451,0.0
Pima,3,ACP-Gini,42,2,0.7662337662337663,0.7210144927536233,0.7987037037037038,15,0.1736090864585369,0.2090601897997451,0.0
Pima,4,CART,42,2,0.7467532467532467,0.7065520105535741,0.7849999999999999,31,0.16092321566354162,0.1784139553103133,0.0
Pima,4,ACP-Gini,42,2,0.7467532467532467,0.7065520105535741,0.7922222222222223,31,0.16092321566354162,0.1784041889085041,0.0
Pima,6,CART,42,2,0.7532467532467533,0.7156462585034014,0.7656481481481483,77,0.17165678897092665,0.1736252473388351,0.0
Pima,6,ACP-Gini,42,2,0.7532467532467533,0.7156462585034014,0.7780555555555555,77,0.17165678897092665,0.17308673556280263,0.0
Pima,8,CART,42,2,0.7272727272727273,0.7053571428571428,0.7555555555555555,105,0.17165678897092665,0.17056933129643026,0.0
Pima,8,ACP-Gini,42,2,0.7272727272727273,0.7053571428571428,0.7677777777777779,105,0.17165678897092665,0.16926173466689234,0.0
Pima,10,CART,42,2,0.7727272727272727,0.7493839215139257,0.7768518518518518,115,0.17165678897092665,0.1696783826247402,0.0
Pima,10,ACP-Gini,42,2,0.7662337662337663,0.7410797683541939,0.7862962962962965,115,0.17165678897092665,0.16833647248294828,0.0
Pima,3,CART,42,3,0.7320261437908496,0.697029702970297,0.7662264150943396,15,0.1736090864585369,0.2106892280391988,0.0
Pima,3,ACP-Gini,42,3,0.7320261437908496,0.697029702970297,0.7662264150943396,15,0.1736090864585369,0.2106892280391988,0.0
Pima,4,CART,42,3,0.7320261437908496,0.697029702970297,0.7702830188679245,29,0.15573784877759472,0.19946842027867984,0.0
Pima,4,ACP-Gini,42,3,0.7254901960784313,0.6994949494949495,0.7607547169811322,29,0.15573784877759472,0.18704310776292818,0.0
Pima,6,CART,42,3,0.7124183006535948,0.6621838619028503,0.7520754716981132,69,0.17165678897092665,0.19022367285185668,0.0
Pima,6,ACP-Gini,42,3,0.7189542483660131,0.6717884759291595,0.7631132075471698,69,0.17165678897092665,0.1867846064725957,0.0
Pima,8,CART,42,3,0.7320261437908496,0.6999856521115309,0.7278301886792453,101,0.17165678897092665,0.18735840227064415,0.0
Pima,8,ACP-Gini,42,3,0.7320261437908496,0.7144092875028454,0.7519811320754718,101,0.17165678897092665,0.18430621939220615,0.0
Pima,10,CART,42,3,0.7189542483660131,0.6853508058730691,0.7222641509433964,115,0.17165678897092665,0.18413103947923928,0.0
Pima,10,ACP-Gini,42,3,0.7254901960784313,0.6941165270373191,0.7208490566037735,119,0.17165678897092665,0.18097023784447558,0.0
Pima,3,CART,42,4,0.6993464052287581,0.6547291993720565,0.7243396226415094,15,0.18203439675404964,0.21331193860130027,0.0
Pima,3,ACP-Gini,42,4,0.6928104575163399,0.6490996925779535,0.7393396226415094,15,0.1736090864585369,0.21327131814824601,0.0
Pima,4,CART,42,4,0.6535947712418301,0.6448561292865589,0.7005660377358491,29,0.18489362498932088,0.20289721719660664,0.0
Pima,4,ACP-Gini,42,4,0.6535947712418301,0.6448561292865589,0.7275471698113207,27,0.15475605939539294,0.20315807774165362,0.0
Pima,6,CART,42,4,0.7124183006535948,0.6732038834951457,0.6789622641509434,65,0.1739817346301192,0.18467978983908417,0.0
Pima,6,ACP-Gini,42,4,0.6928104575163399,0.6276601253041992,0.6861320754716982,61,0.17165678897092665,0.18439553593896296,0.0
Pima,8,CART,42,4,0.6666666666666666,0.6395010395010395,0.7080188679245283,101,0.17165678897092665,0.18612838103779486,0.0
Pima,8,ACP-Gini,42,4,0.6209150326797386,0.5814150943396226,0.6254716981132076,95,0.17165678897092665,0.18161149229526824,0.0
Pima,10,CART,42,4,0.6666666666666666,0.6395010395010395,0.6874528301886791,113,0.17165678897092665,0.18413042330029938,0.0
Pima,10,ACP-Gini,42,4,0.6209150326797386,0.5814150943396226,0.6141509433962264,109,0.17165678897092665,0.17919444886577426,0.0
Pima,3,CART,43,0,0.7532467532467533,0.6977272727272728,0.7607407407407407,15,0.1736090864585369,0.21983109335851767,0.0
Pima,3,ACP-Gini,43,0,0.7532467532467533,0.6977272727272728,0.7607407407407407,15,0.1736090864585369,0.21983109335851767,0.0
Pima,4,CART,43,0,0.7597402597402597,0.7150287571892973,0.7524074074074074,29,0.15888228745006788,0.2056106308506347,0.0
Pima,4,ACP-Gini,43,0,0.7597402597402597,0.7150287571892973,0.7561111111111111,29,0.1387288040306487,0.20436329096470868,0.0
Pima,6,CART,43,0,0.7337662337662337,0.66190093708166,0.7828703703703703,69,0.17165678897092665,0.18538471465471137,0.0
Pima,6,ACP-Gini,43,0,0.7337662337662337,0.66190093708166,0.7811111111111111,71,0.16431854657258682,0.18497234784614627,0.0
Pima,8,CART,43,0,0.7597402597402597,0.7114498404820986,0.7612962962962962,101,0.17165678897092665,0.1793594076126223,0.0
Pima,8,ACP-Gini,43,0,0.7532467532467533,0.7017329255861366,0.7541666666666667,103,0.17165678897092665,0.17929063515791155,0.0
Pima,10,CART,43,0,0.7467532467532467,0.7031875463306152,0.7402777777777777,115,0.17165678897092665,0.17969444436588786,0.0
Pima,10,ACP-Gini,43,0,0.7402597402597403,0.6937760986279579,0.7359259259259259,117,0.17165678897092665,0.1794084135109907,0.0
Pima,3,CART,43,1,0.7792207792207793,0.745578231292517,0.8357407407407408,15,0.1736090864585369,0.21165016238407725,0.0
Pima,3,ACP-Gini,43,1,0.7792207792207793,0.745578231292517,0.8357407407407408,15,0.1736090864585369,0.21165016238407725,0.0
Pima,4,CART,43,1,0.7402597402597403,0.7252453166815344,0.7958333333333333,31,0.15870315609498722,0.20501513360170587,0.0
Pima,4,ACP-Gini,43,1,0.7402597402597403,0.7252453166815344,0.8075925925925926,31,0.15915754349629074,0.2051072503458133,0.0
Pima,6,CART,43,1,0.7012987012987013,0.6594230769230769,0.7814814814814814,73,0.17165678897092665,0.1791310262094014,0.0
Pima,6,ACP-Gini,43,1,0.7012987012987013,0.6594230769230769,0.7888888888888889,73,0.17165678897092665,0.17900227650311892,0.0
Pima,8,CART,43,1,0.6948051948051948,0.671522577717268,0.7512037037037038,111,0.17165678897092665,0.17854053658140348,0.0
Pima,8,ACP-Gini,43,1,0.6948051948051948,0.671522577717268,0.7533333333333334,111,0.17165678897092665,0.17840925960526027,0.0
Pima,10,CART,43,1,0.7142857142857143,0.6913265306122449,0.7547222222222222,123,0.17165678897092665,0.17653349723274378,0.0
Pima,10,ACP-Gini,43,1,0.7272727272727273,0.703030303030303,0.767962962962963,123,0.17165678897092665,0.17528075534865814,0.0
Pima,3,CART,43,2,0.7467532467532467,0.6918577805140834,0.7718518518518519,15,0.15475605939539294,0.19245146611606667,0.0
Pima,3,ACP-Gini,43,2,0.7467532467532467,0.6918577805140834,0.76,15,0.16245252419685544,0.19440895937958924,0.0
Pima,4,CART,43,2,0.7077922077922078,0.6877675152061276,0.7533333333333333,29,0.1595296015095939,0.1967118844816207,0.0
Pima,4,ACP-Gini,43,2,0.7337662337662337,0.7064211652020272,0.7428703703703703,29,0.1595296015095939,0.19682135719617494,0.0
Pima,6,CART,43,2,0.7272727272727273,0.6979263964132263,0.7511111111111112,65,0.17165678897092665,0.17799203747380643,0.0
Pima,6,ACP-Gini,43,2,0.7142857142857143,0.6957614942528736,0.7379629629629629,65,0.17165678897092665,0.17642965429022142,0.0
Pima,8,CART,43,2,0.7272727272727273,0.6890384615384615,0.738425925925926,95,0.17165678897092665,0.17671844878035137,0.0
Pima,8,ACP-Gini,43,2,0.7077922077922078,0.685500340367597,0.7272222222222222,95,0.17165678897092665,0.17409609347557395,0.0
Pima,10,CART,43,2,0.7207792207792207,0.6832639785717702,0.7257407407407407,115,0.17165678897092665,0.17473129165976903,0.0
Pima,10,ACP-Gini,43,2,0.6753246753246753,0.6518357750045216,0.7062037037037037,115,0.17165678897092665,0.16994128727149452,0.0
Pima,3,CART,43,3,0.7843137254901961,0.7561458584882879,0.8229245283018868,15,0.18203439675404964,0.2208154030739426,0.0
Pima,3,ACP-Gini,43,3,0.7843137254901961,0.7561458584882879,0.8229245283018868,15,0.18203439675404964,0.2208154030739426,0.0
Pima,4,CART,43,3,0.738562091503268,0.7313904494382022,0.8035849056603774,29,0.18409081087504262,0.21476421814292257,0.0
Pima,4,ACP-Gini,43,3,0.7320261437908496,0.7252660622782814,0.7987735849056604,29,0.15870315609498722,0.2110162054650723,0.0
Pima,6,CART,43,3,0.7843137254901961,0.7536231884057971,0.830754716981132,71,0.17165678897092665,0.19278330299977994,0.0
Pima,6,ACP-Gini,43,3,0.7777777777777778,0.7474757281553398,0.8102830188679246,69,0.17165678897092665,0.19511633398019815,0.0
Pima,8,CART,43,3,0.7581699346405228,0.7341379796177148,0.8170754716981132,111,0.17165678897092665,0.19136068494073477,0.0
Pima,8,ACP-Gini,43,3,0.7581699346405228,0.7317697228144989,0.7952830188679245,103,0.17165678897092665,0.19133196657017734,0.0
Pima,10,CART,43,3,0.7712418300653595,0.7462686567164178,0.820377358490566,121,0.17165678897092665,0.18860885262211857,0.0
Pima,10,ACP-Gini,43,3,0.7320261437908496,0.7053961395763866,0.7913207547169812,119,0.17165678897092665,0.18895642130705784,0.0
Pima,3,CART,43,4,0.7450980392156863,0.70566763675825,0.8070754716981132,15,0.1736090864585369,0.21709520263002288,0.0
Pima,3,ACP-Gini,43,4,0.7450980392156863,0.70566763675825,0.8070754716981132,15,0.1736090864585369,0.21709520263002288,0.0
Pima,4,CART,43,4,0.7320261437908496,0.6707605101558809,0.8022641509433962,31,0.19596997915595646,0.20867101274565814,0.0
Pima,4,ACP-Gini,43,4,0.7320261437908496,0.6707605101558809,0.8022641509433962,31,0.19596997915595646,0.20867101274565814,0.0
Pima,6,CART,43,4,0.7450980392156863,0.7118087418497947,0.7764150943396226,73,0.17165678897092665,0.18701946457119026,0.0
Pima,6,ACP-Gini,43,4,0.7450980392156863,0.70566763675825,0.7747169811320755,73,0.17165678897092665,0.18565257590562742,0.0
Pima,8,CART,43,4,0.7516339869281046,0.7205882352941176,0.7628301886792452,105,0.17165678897092665,0.17769851227001898,0.0
Pima,8,ACP-Gini,43,4,0.7320261437908496,0.7053961395763866,0.7529245283018868,105,0.17165678897092665,0.1730682356415494,0.0
Pima,10,CART,43,4,0.7450980392156863,0.7197670595970507,0.7533018867924528,115,0.17165678897092665,0.17810189297350154,0.0
Pima,10,ACP-Gini,43,4,0.7450980392156863,0.71727078891258,0.7561320754716983,113,0.17165678897092665,0.16960841791483475,0.0
Pima,3,CART,44,0,0.7207792207792207,0.6893267651888342,0.7410185185185185,15,0.1736090864585369,0.23943766257297316,0.0
Pima,3,ACP-Gini,44,0,0.7207792207792207,0.6893267651888342,0.7410185185185185,15,0.1736090864585369,0.23943766257297316,0.0
Pima,4,CART,44,0,0.7077922077922078,0.6970491803278689,0.7739814814814815,31,0.16684867083840807,0.20632636920451,0.0
Pima,4,ACP-Gini,44,0,0.7077922077922078,0.6970491803278689,0.7775,31,0.15801717544030128,0.20643688563732718,0.0
Pima,6,CART,44,0,0.7142857142857143,0.6806184012066365,0.7264814814814815,73,0.17165678897092665,0.18250837878399478,0.0
Pima,6,ACP-Gini,44,0,0.7142857142857143,0.6806184012066365,0.7491666666666666,73,0.17165678897092665,0.18082611498741277,0.0
Pima,8,CART,44,0,0.6818181818181818,0.6549137970457768,0.6865740740740741,113,0.17165678897092665,0.16948511043735381,0.0
Pima,8,ACP-Gini,44,0,0.7012987012987013,0.6747474747474747,0.7200925925925927,111,0.17165678897092665,0.17304946092651693,0.0
Pima,10,CART,44,0,0.6883116883116883,0.6681034482758621,0.680462962962963,127,0.17165678897092665,0.16903476483479776,0.0
Pima,10,ACP-Gini,44,0,0.7012987012987013,0.6796889130041599,0.7282407407407407,127,0.17165678897092665,0.17101631857290842,0.0
Pima,3,CART,44,1,0.7012987012987013,0.6235119047619048,0.7651851851851852,15,0.15888228745006788,0.20777107481857204,0.0
Pima,3,ACP-Gini,44,1,0.7012987012987013,0.6235119047619048,0.7651851851851852,15,0.15888228745006788,0.20777107481857204,0.0
Pima,4,CART,44,1,0.7142857142857143,0.667059748427673,0.7427777777777778,29,0.15915754349629074,0.1776194824401477,0.0
Pima,4,ACP-Gini,44,1,0.7142857142857143,0.667059748427673,0.7427777777777778,29,0.15915754349629074,0.1776194824401477,0.0
Pima,6,CART,44,1,0.7272727272727273,0.6890384615384615,0.7948148148148148,67,0.15870315609498722,0.1727667270307922,0.0
Pima,6,ACP-Gini,44,1,0.7272727272727273,0.6890384615384615,0.7948148148148148,67,0.15870315609498722,0.1727667270307922,0.0
Pima,8,CART,44,1,0.6753246753246753,0.6370663650075414,0.7333333333333334,113,0.17165678897092665,0.1640907064267299,0.0
Pima,8,ACP-Gini,44,1,0.6883116883116883,0.6482010279840091,0.7405555555555555,113,0.17165678897092665,0.16328897418362684,0.0
Pima,10,CART,44,1,0.6753246753246753,0.6370663650075414,0.7231481481481482,125,0.17165678897092665,0.16705999558884307,0.0
Pima,10,ACP-Gini,44,1,0.6883116883116883,0.6482010279840091,0.7347222222222223,123,0.17165678897092665,0.16429013609080229,0.0
Pima,3,CART,44,2,0.7597402597402597,0.7414113909689131,0.8299074074074074,15,0.1736090864585369,0.21755081265445086,0.0
Pima,3,ACP-Gini,44,2,0.7597402597402597,0.7414113909689131,0.8299074074074074,15,0.1736090864585369,0.21755081265445086,0.0
Pima,4,CART,44,2,0.7597402597402597,0.739424703891709,0.8357407407407407,31,0.17165678897092665,0.19720639605144274,0.0
Pima,4,ACP-Gini,44,2,0.7467532467532467,0.727433628318584,0.8292592592592593,31,0.1739817346301192,0.19745950775056056,0.0
Pima,6,CART,44,2,0.7857142857142857,0.7569235184388003,0.8314814814814815,79,0.17165678897092665,0.18311912330490182,0.0
Pima,6,ACP-Gini,44,2,0.7597402597402597,0.7326765188834155,0.8072222222222223,79,0.17165678897092665,0.17961038085683148,0.0
Pima,8,CART,44,2,0.7922077922077922,0.7718518518518518,0.8201851851851851,113,0.17165678897092665,0.1789854237338922,0.0
Pima,8,ACP-Gini,44,2,0.7597402597402597,0.739424703891709,0.7813888888888889,113,0.17165678897092665,0.1779255023122613,0.0
Pima,10,CART,44,2,0.7922077922077922,0.7698486829815057,0.8210185185185186,119,0.17165678897092665,0.1765357784119456,0.0
Pima,10,ACP-Gini,44,2,0.7662337662337663,0.7433333333333333,0.7885185185185186,121,0.17165678897092665,0.17735137166548542,0.0
Pima,3,CART,44,3,0.7516339869281046,0.700925925925926,0.7964150943396227,15,0.1736090864585369,0.21291250179036608,0.0
Pima,3,ACP-Gini,44,3,0.7516339869281046,0.700925925925926,0.7964150943396227,15,0.1736090864585369,0.21291250179036608,0.0
Pima,4,CART,44,3,0.7450980392156863,0.7023197804938888,0.7899056603773584,31,0.20205170833417543,0.21061698465681336,0.0
Pima,4,ACP-Gini,44,3,0.7450980392156863,0.7023197804938888,0.7848113207547169,31,0.20205170833417543,0.21033627690945644,0.0
Pima,6,CART,44,3,0.6862745098039216,0.6357142857142857,0.7583018867924529,73,0.17165678897092665,0.18632475953003474,0.0
Pima,6,ACP-Gini,44,3,0.6862745098039216,0.6357142857142857,0.7523584905660378,73,0.17165678897092665,0.18426359831167238,0.0
Pima,8,CART,44,3,0.7254901960784313,0.7042525773195876,0.7433018867924528,101,0.17165678897092665,0.18619306853076817,0.0
Pima,8,ACP-Gini,44,3,0.7254901960784313,0.7042525773195876,0.7362264150943396,101,0.17165678897092665,0.18404818291683198,0.0
Pima,10,CART,44,3,0.6993464052287581,0.66498476770754,0.7339622641509433,115,0.17165678897092665,0.18537801363833753,0.0
Pima,10,ACP-Gini,44,3,0.7124183006535948,0.6795506473724295,0.7311320754716981,115,0.17165678897092665,0.18309786854767887,0.0
Pima,3,CART,44,4,0.7581699346405228,0.7237593324549847,0.7980188679245284,15,0.1736090864585369,0.21215375222344343,0.0
Pima,3,ACP-Gini,44,4,0.7581699346405228,0.7237593324549847,0.7980188679245284,15,0.1736090864585369,0.21215375222344343,0.0
Pima,4,CART,44,4,0.7581699346405228,0.7292553445884548,0.7958490566037736,29,0.16092321566354162,0.19473994480919346,0.0
Pima,4,ACP-Gini,44,4,0.7581699346405228,0.7292553445884548,0.8065094339622642,29,0.16092321566354162,0.19477938674775538,0.0
Pima,6,CART,44,4,0.7581699346405228,0.7341379796177148,0.8183962264150944,69,0.16431854657258682,0.17669118108893142,0.0
Pima,6,ACP-Gini,44,4,0.7581699346405228,0.7341379796177148,0.8270754716981132,69,0.16431854657258682,0.17671136163345813,0.0
Pima,8,CART,44,4,0.7189542483660131,0.6754797020667884,0.7848113207547169,105,0.17165678897092665,0.17626660065774818,0.0
Pima,8,ACP-Gini,44,4,0.7254901960784313,0.6847527472527473,0.8038679245283019,105,0.17165678897092665,0.1735780771366535,0.0
Pima,10,CART,44,4,0.7320261437908496,0.697029702970297,0.7787735849056605,117,0.17165678897092665,0.175629936256083,0.0
Pima,10,ACP-Gini,44,4,0.7450980392156863,0.7088274044795784,0.8008490566037736,115,0.17165678897092665,0.171071485424168,0.0
Diabetes,3,CART,42,0,0.7415730337078652,0.7403931515535828,0.7883838383838384,15,0.31407276120582484,0.38788097744308214,0.0
Diabetes,3,ACP-Gini,42,0,0.7078651685393258,0.7033333333333334,0.7679292929292929,15,0.31407276120582484,0.3772204721839114,0.0
Diabetes,4,CART,42,0,0.7303370786516854,0.729483282674772,0.8247474747474748,25,0.27610283469911523,0.36400574328454466,0.0
Diabetes,4,ACP-Gini,42,0,0.7191011235955056,0.7189592017178223,0.7969696969696971,25,0.257190010971659,0.35050449623649477,0.0
Diabetes,6,CART,42,0,0.6966292134831461,0.6927502876869965,0.7813131313131313,61,0.28599755772912794,0.3247893301511559,0.0
Diabetes,6,ACP-Gini,42,0,0.7078651685393258,0.7075328614762386,0.7873737373737374,61,0.2756761069613713,0.3303326264472549,0.0
Diabetes,8,CART,42,0,0.6741573033707865,0.6726696258719087,0.7593434343434344,69,0.28599755772912794,0.32387761526738423,0.036827195467422094
Diabetes,8,ACP-Gini,42,0,0.6741573033707865,0.6726696258719087,0.7613636363636365,73,0.2756761069613713,0.33064814859582625,0.0
Diabetes,10,CART,42,0,0.6741573033707865,0.6726696258719087,0.7593434343434344,69,0.28599755772912794,0.32387761526738423,0.036827195467422094
Diabetes,10,ACP-Gini,42,0,0.6741573033707865,0.6726696258719087,0.7633838383838385,75,0.2756761069613713,0.33036169204310173,0.0
Diabetes,3,CART,42,1,0.7640449438202247,0.7640449438202247,0.8638888888888889,15,0.3696673614578466,0.40694042223897325,0.0
Diabetes,3,ACP-Gini,42,1,0.7752808988764045,0.7738821138211383,0.7924242424242425,15,0.31407276120582484,0.37866721589491575,0.0
Diabetes,4,CART,42,1,0.7528089887640449,0.7502551020408164,0.8007575757575758,29,0.30266687644812124,0.36976600843898383,0.0
Diabetes,4,ACP-Gini,42,1,0.7528089887640449,0.7525278058645096,0.8022727272727272,29,0.29322629892225943,0.34940658261795415,0.0
Diabetes,6,CART,42,1,0.7191011235955056,0.7189592017178223,0.7608585858585859,65,0.28599755772912794,0.3221436036861644,0.0
Diabetes,6,ACP-Gini,42,1,0.7191011235955056,0.7178186429930247,0.7909090909090909,67,0.2756761069613713,0.32747799497131425,0.0
Diabetes,8,CART,42,1,0.7078651685393258,0.7075328614762386,0.7659090909090909,75,0.28599755772912794,0.32402483297599594,0.0
Diabetes,8,ACP-Gini,42,1,0.7303370786516854,0.7300303336703741,0.782070707070707,75,0.28599755772912794,0.32673011393247847,0.0
Diabetes,10,CART,42,1,0.7078651685393258,0.7075328614762386,0.7659090909090909,75,0.28599755772912794,0.32402483297599594,0.0
Diabetes,10,ACP-Gini,42,1,0.6966292134831461,0.6964759378552483,0.7611111111111111,77,0.28599755772912794,0.3275256466425549,0.0
Diabetes,3,CART,42,2,0.7045454545454546,0.7045454545454546,0.7585227272727273,15,0.36319957489919674,0.4238921264122171,0.0
Diabetes,3,ACP-Gini,42,2,0.7045454545454546,0.7045454545454546,0.7368285123966942,15,0.29043078214114343,0.40127161587993065,0.0
Diabetes,4,CART,42,2,0.7272727272727273,0.7267080745341614,0.7430268595041322,31,0.27804422090703557,0.3638519150146946,0.0
Diabetes,4,ACP-Gini,42,2,0.7386363636363636,0.7369720597790773,0.7383780991735537,31,0.2718386447240509,0.35675310824926854,0.0
Diabetes,6,CART,42,2,0.6363636363636364,0.6356107660455487,0.7200413223140496,63,0.28599755772912794,0.3482243803997849,0.0
Diabetes,6,ACP-Gini,42,2,0.6477272727272727,0.6465863453815262,0.7156508264462811,61,0.257190010971659,0.34709251000335495,0.0
Diabetes,8,CART,42,2,0.6363636363636364,0.6356107660455487,0.7017045454545454,77,0.28599755772912794,0.34277460398370735,0.03389830508474576
Diabetes,8,ACP-Gini,42,2,0.6363636363636364,0.6356107660455487,0.7179752066115702,75,0.2732948057383693,0.34282656516806603,0.0
Diabetes,10,CART,42,2,0.6363636363636364,0.6356107660455487,0.7017045454545454,77,0.28599755772912794,0.34277460398370735,0.03389830508474576
Diabetes,10,ACP-Gini,42,2,0.6363636363636364,0.6356107660455487,0.7179752066115702,75,0.2732948057383693,0.34282656516806603,0.0
Diabetes,3,CART,42,3,0.7272727272727273,0.7267080745341614,0.7825413223140496,15,0.36319957489919674,0.4115229994967784,0.0
Diabetes,3,ACP-Gini,42,3,0.7272727272727273,0.7267080745341614,0.7825413223140496,15,0.36319957489919674,0.4115229994967784,0.0
Diabetes,4,CART,42,3,0.7159090909090909,0.7149889882109082,0.7988119834710744,31,0.28599755772912794,0.3729400512143266,0.0
Diabetes,4,ACP-Gini,42,3,0.7159090909090909,0.7149889882109082,0.7988119834710744,31,0.29322629892225943,0.3722588379541256,0.0
Diabetes,6,CART,42,3,0.6931818181818182,0.6928248222365869,0.7120351239669422,61,0.28599755772912794,0.358509171875924,0.0423728813559322
Diabetes,6,ACP-Gini,42,3,0.7045454545454546,0.7043927648578812,0.7143595041322315,61,0.28599755772912794,0.34960787297487106,0.0
Diabetes,8,CART,42,3,0.6818181818181818,0.6816537467700259,0.6975723140495869,69,0.28599755772912794,0.3511455769395281,0.0423728813559322
Diabetes,8,ACP-Gini,42,3,0.6931818181818182,0.6931421929484696,0.7045454545454546,69,0.28599755772912794,0.34161061853590025,0.0
Diabetes,10,CART,42,3,0.6818181818181818,0.6816537467700259,0.6957644628099173,71,0.28599755772912794,0.3506983782316203,0.0423728813559322
Diabetes,10,ACP-Gini,42,3,0.6931818181818182,0.6931421929484696,0.7045454545454546,69,0.28599755772912794,0.34161061853590025,0.0
Diabetes,3,CART,42,4,0.7159090909090909,0.714100064977258,0.7580061983471074,15,0.3696673614578466,0.41662288551926374,0.0
Diabetes,3,ACP-Gini,42,4,0.7159090909090909,0.714100064977258,0.7580061983471074,15,0.3696673614578466,0.41662288551926374,0.0
Diabetes,4,CART,42,4,0.6818181818181818,0.681159420289855,0.7644628099173554,27,0.30172598903456505,0.3925940032070298,0.0
Diabetes,4,ACP-Gini,42,4,0.6818181818181818,0.681159420289855,0.7804752066115702,27,0.2756761069613713,0.37524892797711423,0.0
Diabetes,6,CART,42,4,0.6931818181818182,0.6928248222365869,0.7590392561983471,51,0.3217536158295439,0.35712211818274037,0.03954802259887006
Diabetes,6,ACP-Gini,42,4,0.7272727272727273,0.7271317829457364,0.7716942148760331,53,0.3155478985687785,0.34022990715737356,0.0
Diabetes,8,CART,42,4,0.6818181818181818,0.6816537467700259,0.7453512396694215,69,0.3217536158295439,0.34545606130311973,0.03954802259887006
Diabetes,8,ACP-Gini,42,4,0.7272727272727273,0.7271317829457364,0.7688533057851239,69,0.3217536158295439,0.3304281361871387,0.0
Diabetes,10,CART,42,4,0.6704545454545454,0.6700711053652231,0.7376033057851239,73,0.3217536158295439,0.34438014918083854,0.096045197740113
Diabetes,10,ACP-Gini,42,4,0.7159090909090909,0.7155785391079509,0.7698863636363635,73,0.3217536158295439,0.32988384301613244,0.02824858757062147
Diabetes,3,CART,43,0,0.6067415730337079,0.5994599459945995,0.6833333333333333,15,0.31407276120582484,0.3927326984183992,0.0
Diabetes,3,ACP-Gini,43,0,0.6067415730337079,0.5994599459945995,0.6833333333333333,15,0.31407276120582484,0.3927326984183992,0.0
Diabetes,4,CART,43,0,0.6179775280898876,0.6175429726996966,0.6838383838383839,29,0.2732948057383693,0.3506309475802097,0.0
Diabetes,4,ACP-Gini,43,0,0.6179775280898876,0.614030612244898,0.6762626262626263,29,0.2732948057383693,0.3365622546451364,0.0
Diabetes,6,CART,43,0,0.6292134831460674,0.6292134831460674,0.6719696969696969,65,0.3217536158295439,0.35191316868305855,0.11614730878186968
Diabetes,6,ACP-Gini,43,0,0.6067415730337079,0.6017133358905511,0.6497474747474747,65,0.28599755772912794,0.330206798868037,0.0
Diabetes,8,CART,43,0,0.6179775280898876,0.6175429726996966,0.6712121212121211,71,0.3217536158295439,0.34866622016661264,0.11614730878186968
Diabetes,8,ACP-Gini,43,0,0.6067415730337079,0.6049461001902345,0.6616161616161617,71,0.28599755772912794,0.33230398282154694,0.0
Diabetes,10,CART,43,0,0.6179775280898876,0.6175429726996966,0.6712121212121211,71,0.3217536158295439,0.34866622016661264,0.11614730878186968
Diabetes,10,ACP-Gini,43,0,0.6067415730337079,0.6049461001902345,0.6616161616161617,71,0.28599755772912794,0.33230398282154694,0.0
Diabetes,3,CART,43,1,0.7191011235955056,0.7191011235955056,0.7684343434343432,15,0.37379865252569955,0.4343663715816917,0.0
Diabetes,3,ACP-Gini,43,1,0.7191011235955056,0.7191011235955056,0.7684343434343432,15,0.37379865252569955,0.4343663715816917,0.0
Diabetes,4,CART,43,1,0.7528089887640449,0.7525278058645096,0.7724747474747475,29,0.30231903929772785,0.4102059234446018,0.0
Diabetes,4,ACP-Gini,43,1,0.7078651685393258,0.7078282828282829,0.7540404040404041,29,0.315702915177421,0.3902490119741146,0.0
Diabetes,6,CART,43,1,0.6179775280898876,0.612051282051282,0.7373737373737373,61,0.3459397854138753,0.3987988738562938,0.0764872521246459
Diabetes,6,ACP-Gini,43,1,0.651685393258427,0.6452359521666452,0.7093434343434343,65,0.28599755772912794,0.3667312311621465,0.12464589235127478
Diabetes,8,CART,43,1,0.5955056179775281,0.5954545454545455,0.718939393939394,75,0.3217536158295439,0.3890164039904013,0.0764872521246459
Diabetes,8,ACP-Gini,43,1,0.651685393258427,0.6472318117887739,0.7300505050505051,77,0.28599755772912794,0.3654130420654607,0.12464589235127478
Diabetes,10,CART,43,1,0.5955056179775281,0.5954545454545455,0.718939393939394,75,0.3217536158295439,0.3890164039904013,0.0764872521246459
Diabetes,10,ACP-Gini,43,1,0.651685393258427,0.6472318117887739,0.7300505050505051,77,0.28599755772912794,0.3654130420654607,0.12464589235127478
Diabetes,3,CART,43,2,0.6931818181818182,0.6931421929484696,0.8119834710743801,15,0.36319957489919674,0.41856365056496125,0.0
Diabetes,3,ACP-Gini,43,2,0.6931818181818182,0.6931421929484696,0.784349173553719,15,0.2856892614172411,0.39785096467317543,0.0
Diabetes,4,CART,43,2,0.75,0.7479166666666667,0.8194731404958677,31,0.2920355252669509,0.35108749818550805,0.0
Diabetes,4,ACP-Gini,43,2,0.7272727272727273,0.7271317829457364,0.7716942148760332,31,0.2732948057383693,0.3589818976211229,0.0
Diabetes,6,CART,43,2,0.7386363636363636,0.7383322559793148,0.8029442148760328,67,0.2732948057383693,0.3268101216960931,0.0
Diabetes,6,ACP-Gini,43,2,0.7045454545454546,0.7039337474120082,0.7840909090909092,59,0.2732948057383693,0.3429097280411834,0.0
Diabetes,8,CART,43,2,0.7386363636363636,0.7383322559793148,0.7830578512396694,77,0.2732948057383693,0.3282243162720467,0.0
Diabetes,8,ACP-Gini,43,2,0.6818181818181818,0.6816537467700259,0.7802169421487604,67,0.2732948057383693,0.33967147981226825,0.0
Diabetes,10,CART,43,2,0.7386363636363636,0.7383322559793148,0.7830578512396694,77,0.2732948057383693,0.3282243162720467,0.0
Diabetes,10,ACP-Gini,43,2,0.6818181818181818,0.6816537467700259,0.7735020661157024,71,0.28599755772912794,0.3404965650641911,0.0
Diabetes,3,CART,43,3,0.7727272727272727,0.772609819121447,0.8388429752066116,15,0.3045664918902122,0.3930141714059271,0.0
Diabetes,3,ACP-Gini,43,3,0.7727272727272727,0.772609819121447,0.8388429752066116,15,0.3045664918902122,0.3930141714059271,0.0
Diabetes,4,CART,43,3,0.7613636363636364,0.7605907500971628,0.8491735537190083,29,0.27804422090703557,0.3664155526412009,0.0
Diabetes,4,ACP-Gini,43,3,0.7613636363636364,0.7605907500971628,0.8269628099173554,29,0.2756761069613713,0.36341132593920666,0.0
Diabetes,6,CART,43,3,0.7045454545454546,0.7031655422937209,0.7910640495867768,65,0.3217536158295439,0.3358232698903225,0.06779661016949153
Diabetes,6,ACP-Gini,43,3,0.7045454545454546,0.7039337474120082,0.828254132231405,63,0.2756761069613713,0.3304596210159117,0.0
Diabetes,8,CART,43,3,0.6818181818181818,0.6791666666666667,0.7582644628099173,79,0.3217536158295439,0.3248537023853206,0.06779661016949153
Diabetes,8,ACP-Gini,43,3,0.7272727272727273,0.7271317829457364,0.8109504132231404,73,0.28599755772912794,0.3248509445524248,0.0
Diabetes,10,CART,43,3,0.6818181818181818,0.6791666666666667,0.7582644628099173,79,0.3217536158295439,0.3248537023853206,0.06779661016949153
Diabetes,10,ACP-Gini,43,3,0.7272727272727273,0.7271317829457364,0.8109504132231404,73,0.28599755772912794,0.3248509445524248,0.0
Diabetes,3,CART,43,4,0.7613636363636364,0.7610859728506787,0.7768595041322313,15,0.36319957489919674,0.4054985930439781,0.0
Diabetes,3,ACP-Gini,43,4,0.7613636363636364,0.7610859728506787,0.7768595041322313,15,0.36319957489919674,0.4054985930439781,0.0
Diabetes,4,CART,43,4,0.7613636363636364,0.7613328167376985,0.7895144628099173,31,0.2756761069613713,0.3470603044205948,0.0
Diabetes,4,ACP-Gini,43,4,0.7613636363636364,0.7613328167376985,0.74974173553719,31,0.2756761069613713,0.35388334614697825,0.0
Diabetes,6,CART,43,4,0.6590909090909091,0.6574987026466009,0.7554235537190083,63,0.28599755772912794,0.34096364622919784,0.0
Diabetes,6,ACP-Gini,43,4,0.6022727272727273,0.6018099547511313,0.7081611570247934,59,0.2756761069613713,0.3436322408168946,0.0
Diabetes,8,CART,43,4,0.6704545454545454,0.6700711053652231,0.7458677685950413,73,0.28599755772912794,0.32881153890150644,0.0
Diabetes,8,ACP-Gini,43,4,0.625,0.6249515691592407,0.6931818181818181,71,0.2756761069613713,0.3374448502856858,0.0
Diabetes,10,CART,43,4,0.6704545454545454,0.6700711053652231,0.7370867768595042,75,0.28599755772912794,0.32732515760824676,0.0
Diabetes,10,ACP-Gini,43,4,0.6477272727272727,0.6476817770889836,0.690857438016529,75,0.2756761069613713,0.33115624612969913,0.0
Diabetes,3,CART,44,0,0.6404494382022472,0.6400404448938322,0.7063131313131313,15,0.2747330932236591,0.37969257457903116,0.0
Diabetes,3,ACP-Gini,44,0,0.6853932584269663,0.6821428571428572,0.7474747474747474,15,0.2757156756497376,0.4001556674986219,0.0
Diabetes,4,CART,44,0,0.6853932584269663,0.6843971631205674,0.7654040404040404,27,0.257190010971659,0.3741681508749246,0.0
Diabetes,4,ACP-Gini,44,0,0.6741573033707865,0.6734977862112588,0.7606060606060606,31,0.27804422090703557,0.36264747632423,0.0
Diabetes,6,CART,44,0,0.6853932584269663,0.6834349593495935,0.797979797979798,59,0.257190010971659,0.33797083665587974,0.0
Diabetes,6,ACP-Gini,44,0,0.6741573033707865,0.673992673992674,0.7373737373737373,65,0.28599755772912794,0.3475674089683349,0.05099150141643059
Diabetes,8,CART,44,0,0.6741573033707865,0.6726696258719087,0.7651515151515151,67,0.2756761069613713,0.3360566949272791,0.0
Diabetes,8,ACP-Gini,44,0,0.6741573033707865,0.673992673992674,0.7371212121212121,67,0.28599755772912794,0.34607818547140773,0.05099150141643059
Diabetes,10,CART,44,0,0.6741573033707865,0.6726696258719087,0.7651515151515151,67,0.2756761069613713,0.3360566949272791,0.0
Diabetes,10,ACP-Gini,44,0,0.6741573033707865,0.673992673992674,0.7371212121212121,67,0.28599755772912794,0.34607818547140773,0.05099150141643059
Diabetes,3,CART,44,1,0.7191011235955056,0.7185325743200506,0.7404040404040404,15,0.36319957489919674,0.4019231161748053,0.0
Diabetes,3,ACP-Gini,44,1,0.7191011235955056,0.7185325743200506,0.7404040404040404,15,0.36319957489919674,0.4019231161748053,0.0
Diabetes,4,CART,44,1,0.7191011235955056,0.7191011235955056,0.7494949494949494,29,0.3170696440671623,0.3988280430683809,0.0
Diabetes,4,ACP-Gini,44,1,0.7078651685393258,0.7075328614762386,0.7204545454545455,29,0.3067821777384128,0.3963775152152593,0.0
Diabetes,6,CART,44,1,0.7078651685393258,0.7060467479674797,0.7679292929292929,51,0.3170696440671623,0.37868821077674353,0.036827195467422094
Diabetes,6,ACP-Gini,44,1,0.6966292134831461,0.6966292134831461,0.7287878787878788,47,0.3067821777384128,0.3624443413534771,0.0
Diabetes,8,CART,44,1,0.6629213483146067,0.6608231707317074,0.7032828282828283,73,0.28599755772912794,0.35596295370123204,0.036827195467422094
Diabetes,8,ACP-Gini,44,1,0.6853932584269663,0.6843971631205674,0.7164141414141415,59,0.3067821777384128,0.3460300037916425,0.0
Diabetes,10,CART,44,1,0.6629213483146067,0.6608231707317074,0.702020202020202,75,0.28599755772912794,0.35554024261531025,0.036827195467422094
Diabetes,10,ACP-Gini,44,1,0.6741573033707865,0.6715031182385134,0.706060606060606,71,0.2732948057383693,0.3398850843717521,0.0
Diabetes,3,CART,44,2,0.8181818181818182,0.8181818181818182,0.8855888429752066,15,0.3045664918902122,0.3972158438313329,0.0
Diabetes,3,ACP-Gini,44,2,0.8181818181818182,0.8181818181818182,0.8669938016528925,15,0.3377223401612654,0.4051781278496652,0.0
Diabetes,4,CART,44,2,0.7727272727272727,0.7708333333333333,0.8478822314049587,31,0.27804422090703557,0.36503208513434104,0.0
Diabetes,4,ACP-Gini,44,2,0.7954545454545454,0.7953488372093023,0.8520144628099173,31,0.3067821777384128,0.36592681687706147,0.0
Diabetes,6,CART,44,2,0.6477272727272727,0.647317388493859,0.7704028925619835,67,0.28599755772912794,0.35931632332217045,0.1694915254237288
Diabetes,6,ACP-Gini,44,2,0.6477272727272727,0.6465863453815262,0.7652376033057852,65,0.3217536158295439,0.3464536417208086,0.0
Diabetes,8,CART,44,2,0.6477272727272727,0.647317388493859,0.7716942148760331,77,0.28599755772912794,0.3570220438612179,0.1694915254237288
Diabetes,8,ACP-Gini,44,2,0.6477272727272727,0.6465863453815262,0.7673037190082646,81,0.3217536158295439,0.33746962332841485,0.0
Diabetes,10,CART,44,2,0.6477272727272727,0.647317388493859,0.7716942148760331,77,0.28599755772912794,0.3570220438612179,0.1694915254237288
Diabetes,10,ACP-Gini,44,2,0.6477272727272727,0.6465863453815262,0.7673037190082646,81,0.3217536158295439,0.33746962332841485,0.0
Diabetes,3,CART,44,3,0.6477272727272727,0.6421356421356421,0.7112603305785123,15,0.3045664918902122,0.40538658823546986,0.0
Diabetes,3,ACP-Gini,44,3,0.6022727272727273,0.6009845834952714,0.7076446280991736,15,0.3045664918902122,0.4105965545681017,0.0
Diabetes,4,CART,44,3,0.6931818181818182,0.6912280701754385,0.7244318181818182,29,0.3045664918902122,0.3927754546289908,0.0
Diabetes,4,ACP-Gini,44,3,0.6477272727272727,0.6440036539214407,0.7094524793388429,31,0.257190010971659,0.3681214368133513,0.0
Diabetes,6,CART,44,3,0.625,0.6249515691592407,0.672004132231405,57,0.3099958760982113,0.37327413135304155,0.0
Diabetes,6,ACP-Gini,44,3,0.6363636363636364,0.6363636363636364,0.6738119834710743,63,0.2756761069613713,0.343463667002171,0.0
Diabetes,8,CART,44,3,0.625,0.6249515691592407,0.640237603305785,73,0.3535787659688459,0.3768871576931277,0.05084745762711865
Diabetes,8,ACP-Gini,44,3,0.6363636363636364,0.6361757105943153,0.6459194214876032,73,0.2756761069613713,0.34407429830274067,0.0
Diabetes,10,CART,44,3,0.6363636363636364,0.6361757105943153,0.6459194214876034,75,0.3535787659688459,0.3725249855051422,0.05084745762711865
Diabetes,10,ACP-Gini,44,3,0.6363636363636364,0.6361757105943153,0.6459194214876032,73,0.2756761069613713,0.34407429830274067,0.0
Diabetes,3,CART,44,4,0.75,0.7494824016563147,0.8372933884297522,15,0.3696673614578466,0.4117424056297635,0.0
Diabetes,3,ACP-Gini,44,4,0.75,0.7494824016563147,0.8233471074380166,15,0.3696673614578466,0.4105429470427628,0.0
Diabetes,4,CART,44,4,0.7272727272727273,0.7272727272727273,0.7851239669421487,29,0.28599755772912794,0.35485005245873663,0.0
Diabetes,4,ACP-Gini,44,4,0.7272727272727273,0.725,0.7797004132231405,29,0.28599755772912794,0.3422144602437332,0.0
Diabetes,6,CART,44,4,0.6590909090909091,0.65625,0.7884814049586777,63,0.28599755772912794,0.33156019206643267,0.0
Diabetes,6,ACP-Gini,44,4,0.7159090909090909,0.7129061725172909,0.8068181818181817,65,0.28599755772912794,0.33321991760904224,0.0
Diabetes,8,CART,44,4,0.6477272727272727,0.6440036539214407,0.7711776859504131,75,0.28599755772912794,0.33167203094205977,0.0
Diabetes,8,ACP-Gini,44,4,0.7159090909090909,0.7129061725172909,0.8349690082644627,73,0.28599755772912794,0.33192465189365755,0.0
Diabetes,10,CART,44,4,0.6477272727272727,0.6440036539214407,0.7711776859504131,75,0.28599755772912794,0.33167203094205977,0.0
Diabetes,10,ACP-Gini,44,4,0.7159090909090909,0.7129061725172909,0.8349690082644627,73,0.28599755772912794,0.33192465189365755,0.0
Cultivar,3,CART,42,0,1.0,1.0,1.0,11,0.4128216700990958,0.4989213818673722,0.0
Cultivar,3,ACP-Gini,42,0,1.0,1.0,1.0,11,0.327557546049881,0.48641636937395544,0.0
Cultivar,4,CART,42,0,1.0,1.0,1.0,11,0.4128216700990958,0.4989213818673722,0.0
Cultivar,4,ACP-Gini,42,0,1.0,1.0,1.0,11,0.327557546049881,0.48641636937395544,0.0
Cultivar,6,CART,42,0,1.0,1.0,1.0,11,0.4128216700990958,0.4989213818673722,0.0
Cultivar,6,ACP-Gini,42,0,1.0,1.0,1.0,11,0.327557546049881,0.48641636937395544,0.0
Cultivar,8,CART,42,0,1.0,1.0,1.0,11,0.4128216700990958,0.4989213818673722,0.0
Cultivar,8,ACP-Gini,42,0,1.0,1.0,1.0,11,0.327557546049881,0.48641636937395544,0.0
Cultivar,10,CART,42,0,1.0,1.0,1.0,11,0.4128216700990958,0.4989213818673722,0.0
Cultivar,10,ACP-Gini,42,0,1.0,1.0,1.0,11,0.327557546049881,0.48641636937395544,0.0
Cultivar,3,CART,42,1,0.9722222222222222,0.9693617021276595,0.9791666666666666,9,0.45824269742764434,0.5010939126293232,0.0
Cultivar,3,ACP-Gini,42,1,0.9444444444444444,0.939799331103679,0.9583333333333333,11,0.531382701508016,0.3479424462703114,0.0
Cultivar,4,CART,42,1,0.9722222222222222,0.9693617021276595,0.9791666666666666,9,0.45824269742764434,0.5010939126293232,0.0
Cultivar,4,ACP-Gini,42,1,0.9444444444444444,0.939799331103679,0.9583333333333333,11,0.531382701508016,0.3479424462703114,0.0
Cultivar,6,CART,42,1,0.9722222222222222,0.9693617021276595,0.9791666666666666,9,0.45824269742764434,0.5010939126293232,0.0
Cultivar,6,ACP-Gini,42,1,0.9444444444444444,0.939799331103679,0.9583333333333333,11,0.531382701508016,0.3479424462703114,0.0
Cultivar,8,CART,42,1,0.9722222222222222,0.9693617021276595,0.9791666666666666,9,0.45824269742764434,0.5010939126293232,0.0
Cultivar,8,ACP-Gini,42,1,0.9444444444444444,0.939799331103679,0.9583333333333333,11,0.531382701508016,0.3479424462703114,0.0
Cultivar,10,CART,42,1,0.9722222222222222,0.9693617021276595,0.9791666666666666,9,0.45824269742764434,0.5010939126293232,0.0
Cultivar,10,ACP-Gini,42,1,0.9444444444444444,0.939799331103679,0.9583333333333333,11,0.531382701508016,0.3479424462703114,0.0
Cultivar,3,CART,42,2,0.9722222222222222,0.9680567879325643,0.9565972222222222,11,0.3724434895724889,0.493839078983725,0.0
Cultivar,3,ACP-Gini,42,2,0.9722222222222222,0.9680567879325643,0.953125,11,0.327557546049881,0.48744132155703385,0.0
Cultivar,4,CART,42,2,0.9722222222222222,0.9680567879325643,0.9565972222222222,11,0.3724434895724889,0.493839078983725,0.0
Cultivar,4,ACP-Gini,42,2,0.9722222222222222,0.9680567879325643,0.953125,11,0.327557546049881,0.48744132155703385,0.0
Cultivar,6,CART,42,2,0.9722222222222222,0.9680567879325643,0.9565972222222222,11,0.3724434895724889,0.493839078983725,0.0
Cultivar,6,ACP-Gini,42,2,0.9722222222222222,0.9680567879325643,0.953125,11,0.327557546049881,0.48744132155703385,0.0
Cultivar,8,CART,42,2,0.9722222222222222,0.9680567879325643,0.9565972222222222,11,0.3724434895724889,0.493839078983725,0.0
Cultivar,8,ACP-Gini,42,2,0.9722222222222222,0.9680567879325643,0.953125,11,0.327557546049881,0.48744132155703385,0.0
Cultivar,10,CART,42,2,0.9722222222222222,0.9680567879325643,0.9565972222222222,11,0.3724434895724889,0.493839078983725,0.0
Cultivar,10,ACP-Gini,42,2,0.9722222222222222,0.9680567879325643,0.953125,11,0.327557546049881,0.48744132155703385,0.0
Cultivar,3,CART,42,3,0.8857142857142857,0.8674242424242424,0.8659420289855073,7,0.45824269742764434,0.4974826845772781,0.0
Cultivar,3,ACP-Gini,42,3,0.8857142857142857,0.8674242424242424,0.8659420289855073,7,0.327557546049881,0.4860317401053351,0.0
Cultivar,4,CART,42,3,0.8857142857142857,0.8674242424242424,0.8659420289855073,7,0.45824269742764434,0.4974826845772781,0.0
Cultivar,4,ACP-Gini,42,3,0.8857142857142857,0.8674242424242424,0.8659420289855073,7,0.327557546049881,0.4860317401053351,0.0
Cultivar,6,CART,42,3,0.8857142857142857,0.8674242424242424,0.8659420289855073,7,0.45824269742764434,0.4974826845772781,0.0
Cultivar,6,ACP-Gini,42,3,0.8857142857142857,0.8674242424242424,0.8659420289855073,7,0.327557546049881,0.4860317401053351,0.0
Cultivar,8,CART,42,3,0.8857142857142857,0.8674242424242424,0.8659420289855073,7,0.45824269742764434,0.4974826845772781,0.0
Cultivar,8,ACP-Gini,42,3,0.8857142857142857,0.8674242424242424,0.8659420289855073,7,0.327557546049881,0.4860317401053351,0.0
Cultivar,10,CART,42,3,0.8857142857142857,0.8674242424242424,0.8659420289855073,7,0.45824269742764434,0.4974826845772781,0.0
Cultivar,10,ACP-Gini,42,3,0.8857142857142857,0.8674242424242424,0.8659420289855073,7,0.327557546049881,0.4860317401053351,0.0
Cultivar,3,CART,42,4,1.0,1.0,1.0,11,0.5044179324346004,0.5060211298856859,0.0
Cultivar,3,ACP-Gini,42,4,1.0,1.0,1.0,11,0.327557546049881,0.48694286444557044,0.0
Cultivar,4,CART,42,4,1.0,1.0,1.0,11,0.5044179324346004,0.5060211298856859,0.0
Cultivar,4,ACP-Gini,42,4,1.0,1.0,1.0,11,0.327557546049881,0.48694286444557044,0.0
Cultivar,6,CART,42,4,1.0,1.0,1.0,11,0.5044179324346004,0.5060211298856859,0.0
Cultivar,6,ACP-Gini,42,4,1.0,1.0,1.0,11,0.327557546049881,0.48694286444557044,0.0
Cultivar,8,CART,42,4,1.0,1.0,1.0,11,0.5044179324346004,0.5060211298856859,0.0
Cultivar,8,ACP-Gini,42,4,1.0,1.0,1.0,11,0.327557546049881,0.48694286444557044,0.0
Cultivar,10,CART,42,4,1.0,1.0,1.0,11,0.5044179324346004,0.5060211298856859,0.0
Cultivar,10,ACP-Gini,42,4,1.0,1.0,1.0,11,0.327557546049881,0.48694286444557044,0.0
Cultivar,3,CART,43,0,1.0,1.0,1.0,11,0.4059088684928355,0.4779658742813804,0.0
Cultivar,3,ACP-Gini,43,0,1.0,1.0,1.0,11,0.327557546049881,0.486896953981294,0.0
Cultivar,4,CART,43,0,1.0,1.0,1.0,11,0.4059088684928355,0.4779658742813804,0.0
Cultivar,4,ACP-Gini,43,0,1.0,1.0,1.0,11,0.327557546049881,0.486896953981294,0.0
Cultivar,6,CART,43,0,1.0,1.0,1.0,11,0.4059088684928355,0.4779658742813804,0.0
Cultivar,6,ACP-Gini,43,0,1.0,1.0,1.0,11,0.327557546049881,0.486896953981294,0.0
Cultivar,8,CART,43,0,1.0,1.0,1.0,11,0.4059088684928355,0.4779658742813804,0.0
Cultivar,8,ACP-Gini,43,0,1.0,1.0,1.0,11,0.327557546049881,0.486896953981294,0.0
Cultivar,10,CART,43,0,1.0,1.0,1.0,11,0.4059088684928355,0.4779658742813804,0.0
Cultivar,10,ACP-Gini,43,0,1.0,1.0,1.0,11,0.327557546049881,0.486896953981294,0.0
Cultivar,3,CART,43,1,1.0,1.0,1.0,11,0.3724434895724889,0.4984967447261249,0.0
Cultivar,3,ACP-Gini,43,1,1.0,1.0,1.0,11,0.327557546049881,0.4857568805608216,0.0
Cultivar,4,CART,43,1,1.0,1.0,1.0,11,0.3724434895724889,0.4984967447261249,0.0
Cultivar,4,ACP-Gini,43,1,1.0,1.0,1.0,11,0.327557546049881,0.4857568805608216,0.0
Cultivar,6,CART,43,1,1.0,1.0,1.0,11,0.3724434895724889,0.4984967447261249,0.0
Cultivar,6,ACP-Gini,43,1,1.0,1.0,1.0,11,0.327557546049881,0.4857568805608216,0.0
Cultivar,8,CART,43,1,1.0,1.0,1.0,11,0.3724434895724889,0.4984967447261249,0.0
Cultivar,8,ACP-Gini,43,1,1.0,1.0,1.0,11,0.327557546049881,0.4857568805608216,0.0
Cultivar,10,CART,43,1,1.0,1.0,1.0,11,0.3724434895724889,0.4984967447261249,0.0
Cultivar,10,ACP-Gini,43,1,1.0,1.0,1.0,11,0.327557546049881,0.4857568805608216,0.0
Cultivar,3,CART,43,2,0.9166666666666666,0.9080851063829787,0.9427083333333333,9,0.3325144061968592,0.4861464809836551,0.0
Cultivar,3,ACP-Gini,43,2,0.8611111111111112,0.8468085106382979,0.8888888888888888,9,0.22831083054551046,0.2446003623961226,0.0
Cultivar,4,CART,43,2,0.9166666666666666,0.9080851063829787,0.9427083333333333,9,0.3325144061968592,0.4861464809836551,0.0
Cultivar,4,ACP-Gini,43,2,0.8611111111111112,0.8468085106382979,0.8888888888888888,9,0.22831083054551046,0.2446003623961226,0.0
Cultivar,6,CART,43,2,0.9166666666666666,0.9080851063829787,0.9427083333333333,9,0.3325144061968592,0.4861464809836551,0.0
Cultivar,6,ACP-Gini,43,2,0.8611111111111112,0.8468085106382979,0.8888888888888888,9,0.22831083054551046,0.2446003623961226,0.0
Cultivar,8,CART,43,2,0.9166666666666666,0.9080851063829787,0.9427083333333333,9,0.3325144061968592,0.4861464809836551,0.0
Cultivar,8,ACP-Gini,43,2,0.8611111111111112,0.8468085106382979,0.8888888888888888,9,0.22831083054551046,0.2446003623961226,0.0
Cultivar,10,CART,43,2,0.9166666666666666,0.9080851063829787,0.9427083333333333,9,0.3325144061968592,0.4861464809836551,0.0
Cultivar,10,ACP-Gini,43,2,0.8611111111111112,0.8468085106382979,0.8888888888888888,9,0.22831083054551046,0.2446003623961226,0.0
Cultivar,3,CART,43,3,0.8285714285714286,0.8164335664335665,0.9311594202898551,7,0.531382701508016,0.3320279306538229,0.6643356643356644
Cultivar,3,ACP-Gini,43,3,0.8285714285714286,0.8164335664335665,0.9311594202898551,7,0.531382701508016,0.3320279306538229,0.6643356643356644
Cultivar,4,CART,43,3,0.8285714285714286,0.8164335664335665,0.9311594202898551,9,0.42450437616718834,0.3617503618325615,0.6643356643356644
Cultivar,4,ACP-Gini,43,3,0.8285714285714286,0.8164335664335665,0.9311594202898551,9,0.531382701508016,0.33193319854077574,0.6643356643356644
Cultivar,6,CART,43,3,0.8285714285714286,0.8164335664335665,0.9311594202898551,9,0.42450437616718834,0.3617503618325615,0.6643356643356644
Cultivar,6,ACP-Gini,43,3,0.8285714285714286,0.8164335664335665,0.9311594202898551,9,0.531382701508016,0.33193319854077574,0.6643356643356644
Cultivar,8,CART,43,3,0.8285714285714286,0.8164335664335665,0.9311594202898551,9,0.42450437616718834,0.3617503618325615,0.6643356643356644
Cultivar,8,ACP-Gini,43,3,0.8285714285714286,0.8164335664335665,0.9311594202898551,9,0.531382701508016,0.33193319854077574,0.6643356643356644
Cultivar,10,CART,43,3,0.8285714285714286,0.8164335664335665,0.9311594202898551,9,0.42450437616718834,0.3617503618325615,0.6643356643356644
Cultivar,10,ACP-Gini,43,3,0.8285714285714286,0.8164335664335665,0.9311594202898551,9,0.531382701508016,0.33193319854077574,0.6643356643356644
Cultivar,3,CART,43,4,0.9142857142857143,0.891640866873065,0.8693181818181819,9,0.2901533324628613,0.48525050817158927,0.0
Cultivar,3,ACP-Gini,43,4,0.9142857142857143,0.891640866873065,0.8693181818181819,9,0.3057791890821926,0.4832816410598753,0.0
Cultivar,4,CART,43,4,0.9142857142857143,0.891640866873065,0.8693181818181819,9,0.2901533324628613,0.48525050817158927,0.0
Cultivar,4,ACP-Gini,43,4,0.9142857142857143,0.891640866873065,0.8693181818181819,9,0.3057791890821926,0.4832816410598753,0.0
Cultivar,6,CART,43,4,0.9142857142857143,0.891640866873065,0.8693181818181819,9,0.2901533324628613,0.48525050817158927,0.0
Cultivar,6,ACP-Gini,43,4,0.9142857142857143,0.891640866873065,0.8693181818181819,9,0.3057791890821926,0.4832816410598753,0.0
Cultivar,8,CART,43,4,0.9142857142857143,0.891640866873065,0.8693181818181819,9,0.2901533324628613,0.48525050817158927,0.0
Cultivar,8,ACP-Gini,43,4,0.9142857142857143,0.891640866873065,0.8693181818181819,9,0.3057791890821926,0.4832816410598753,0.0
Cultivar,10,CART,43,4,0.9142857142857143,0.891640866873065,0.8693181818181819,9,0.2901533324628613,0.48525050817158927,0.0
Cultivar,10,ACP-Gini,43,4,0.9142857142857143,0.891640866873065,0.8693181818181819,9,0.3057791890821926,0.4832816410598753,0.0
Cultivar,3,CART,44,0,0.9444444444444444,0.9345454545454546,0.9565972222222222,11,0.34201959543145277,0.4896241519380292,0.0
Cultivar,3,ACP-Gini,44,0,0.9444444444444444,0.9345454545454546,0.9565972222222222,11,0.2988952350835717,0.4806637353895618,0.0
Cultivar,4,CART,44,0,0.9444444444444444,0.9345454545454546,0.9565972222222222,11,0.34201959543145277,0.4896241519380292,0.0
Cultivar,4,ACP-Gini,44,0,0.9444444444444444,0.9345454545454546,0.9565972222222222,11,0.2988952350835717,0.4806637353895618,0.0
Cultivar,6,CART,44,0,0.9444444444444444,0.9345454545454546,0.9565972222222222,11,0.34201959543145277,0.4896241519380292,0.0
Cultivar,6,ACP-Gini,44,0,0.9444444444444444,0.9345454545454546,0.9565972222222222,11,0.2988952350835717,0.4806637353895618,0.0
Cultivar,8,CART,44,0,0.9444444444444444,0.9345454545454546,0.9565972222222222,11,0.34201959543145277,0.4896241519380292,0.0
Cultivar,8,ACP-Gini,44,0,0.9444444444444444,0.9345454545454546,0.9565972222222222,11,0.2988952350835717,0.4806637353895618,0.0
Cultivar,10,CART,44,0,0.9444444444444444,0.9345454545454546,0.9565972222222222,11,0.34201959543145277,0.4896241519380292,0.0
Cultivar,10,ACP-Gini,44,0,0.9444444444444444,0.9345454545454546,0.9565972222222222,11,0.2988952350835717,0.4806637353895618,0.0
Cultivar,3,CART,44,1,0.9444444444444444,0.939799331103679,0.9583333333333333,9,0.45824269742764434,0.4995601319003173,0.0
Cultivar,3,ACP-Gini,44,1,0.9444444444444444,0.939799331103679,0.9583333333333333,9,0.49419312720437375,0.49419312720437375,0.0
Cultivar,4,CART,44,1,0.9444444444444444,0.939799331103679,0.9583333333333333,9,0.45824269742764434,0.4995601319003173,0.0
Cultivar,4,ACP-Gini,44,1,0.9444444444444444,0.939799331103679,0.9583333333333333,9,0.49419312720437375,0.49419312720437375,0.0
Cultivar,6,CART,44,1,0.9444444444444444,0.939799331103679,0.9583333333333333,9,0.45824269742764434,0.4995601319003173,0.0
Cultivar,6,ACP-Gini,44,1,0.9444444444444444,0.939799331103679,0.9583333333333333,9,0.49419312720437375,0.49419312720437375,0.0
Cultivar,8,CART,44,1,0.9444444444444444,0.939799331103679,0.9583333333333333,9,0.45824269742764434,0.4995601319003173,0.0
Cultivar,8,ACP-Gini,44,1,0.9444444444444444,0.939799331103679,0.9583333333333333,9,0.49419312720437375,0.49419312720437375,0.0
Cultivar,10,CART,44,1,0.9444444444444444,0.939799331103679,0.9583333333333333,9,0.45824269742764434,0.4995601319003173,0.0
Cultivar,10,ACP-Gini,44,1,0.9444444444444444,0.939799331103679,0.9583333333333333,9,0.49419312720437375,0.49419312720437375,0.0
Cultivar,3,CART,44,2,0.9722222222222222,0.9680567879325643,0.9565972222222222,11,0.4128216700990958,0.49677164575661775,0.0
Cultivar,3,ACP-Gini,44,2,0.9722222222222222,0.9680567879325643,0.9513888888888888,11,0.327557546049881,0.4870816847454407,0.0
Cultivar,4,CART,44,2,0.9722222222222222,0.9680567879325643,0.9565972222222222,11,0.4128216700990958,0.49677164575661775,0.0
Cultivar,4,ACP-Gini,44,2,0.9722222222222222,0.9680567879325643,0.9513888888888888,11,0.327557546049881,0.4870816847454407,0.0
Cultivar,6,CART,44,2,0.9722222222222222,0.9680567879325643,0.9565972222222222,11,0.4128216700990958,0.49677164575661775,0.0
Cultivar,6,ACP-Gini,44,2,0.9722222222222222,0.9680567879325643,0.9513888888888888,11,0.327557546049881,0.4870816847454407,0.0
Cultivar,8,CART,44,2,0.9722222222222222,0.9680567879325643,0.9565972222222222,11,0.4128216700990958,0.49677164575661775,0.0
Cultivar,8,ACP-Gini,44,2,0.9722222222222222,0.9680567879325643,0.9513888888888888,11,0.327557546049881,0.4870816847454407,0.0
Cultivar,10,CART,44,2,0.9722222222222222,0.9680567879325643,0.9565972222222222,11,0.4128216700990958,0.49677164575661775,0.0
Cultivar,10,ACP-Gini,44,2,0.9722222222222222,0.9680567879325643,0.9513888888888888,11,0.327557546049881,0.4870816847454407,0.0
Cultivar,3,CART,44,3,0.9428571428571428,0.9388111888111889,0.9710144927536232,11,0.41714690415084776,0.5144486713781523,0.0
Cultivar,3,ACP-Gini,44,3,0.9714285714285714,0.9688888888888889,1.0,11,0.29896226517354546,0.31813024021383096,0.0
Cultivar,4,CART,44,3,0.9428571428571428,0.9388111888111889,0.9710144927536232,13,0.41714690415084776,0.5165285191886158,0.0
Cultivar,4,ACP-Gini,44,3,0.9714285714285714,0.9688888888888889,1.0,13,0.29896226517354546,0.31840736257769314,0.0
Cultivar,6,CART,44,3,0.9428571428571428,0.9388111888111889,0.9710144927536232,13,0.41714690415084776,0.5165285191886158,0.0
Cultivar,6,ACP-Gini,44,3,0.9714285714285714,0.9688888888888889,1.0,13,0.29896226517354546,0.31840736257769314,0.0
Cultivar,8,CART,44,3,0.9428571428571428,0.9388111888111889,0.9710144927536232,13,0.41714690415084776,0.5165285191886158,0.0
Cultivar,8,ACP-Gini,44,3,0.9714285714285714,0.9688888888888889,1.0,13,0.29896226517354546,0.31840736257769314,0.0
Cultivar,10,CART,44,3,0.9428571428571428,0.9388111888111889,0.9710144927536232,13,0.41714690415084776,0.5165285191886158,0.0
Cultivar,10,ACP-Gini,44,3,0.9714285714285714,0.9688888888888889,1.0,13,0.29896226517354546,0.31840736257769314,0.0
Cultivar,3,CART,44,4,0.9714285714285714,0.9659863945578231,0.9507575757575757,9,0.3208293719027037,0.4851568696209493,0.0
Cultivar,3,ACP-Gini,44,4,0.9714285714285714,0.9659863945578231,0.9488636363636364,9,0.327557546049881,0.4857965205444128,0.0
Cultivar,4,CART,44,4,0.9714285714285714,0.9659863945578231,0.9507575757575757,9,0.3208293719027037,0.4851568696209493,0.0
Cultivar,4,ACP-Gini,44,4,0.9714285714285714,0.9659863945578231,0.9488636363636364,9,0.327557546049881,0.4857965205444128,0.0
Cultivar,6,CART,44,4,0.9714285714285714,0.9659863945578231,0.9507575757575757,9,0.3208293719027037,0.4851568696209493,0.0
Cultivar,6,ACP-Gini,44,4,0.9714285714285714,0.9659863945578231,0.9488636363636364,9,0.327557546049881,0.4857965205444128,0.0
Cultivar,8,CART,44,4,0.9714285714285714,0.9659863945578231,0.9507575757575757,9,0.3208293719027037,0.4851568696209493,0.0
Cultivar,8,ACP-Gini,44,4,0.9714285714285714,0.9659863945578231,0.9488636363636364,9,0.327557546049881,0.4857965205444128,0.0
Cultivar,10,CART,44,4,0.9714285714285714,0.9659863945578231,0.9507575757575757,9,0.3208293719027037,0.4851568696209493,0.0
Cultivar,10,ACP-Gini,44,4,0.9714285714285714,0.9659863945578231,0.9488636363636364,9,0.327557546049881,0.4857965205444128,0.0
Digits38,3,CART,42,0,0.9722222222222222,0.9722007722007722,0.9710424710424711,15,0.21849462882669657,0.3808699901038844,0.0
Digits38,3,ACP-Gini,42,0,0.9722222222222222,0.9722007722007722,0.9702702702702704,15,0.187756678882271,0.36516761313215856,0.0
Digits38,4,CART,42,0,0.9722222222222222,0.9722007722007722,0.9710424710424711,19,0.21528993777668837,0.37125618135178445,0.0
Digits38,4,ACP-Gini,42,0,0.9583333333333334,0.9583252942311402,0.9698841698841699,19,0.17908531820828796,0.34687336534821933,0.0
Digits38,6,CART,42,0,0.9722222222222222,0.9722007722007722,0.9702702702702702,23,0.2279704166456142,0.3546570149386389,0.0
Digits38,6,ACP-Gini,42,0,0.9583333333333334,0.9583252942311402,0.9694980694980695,23,0.19108898633617127,0.33233729492058456,0.0
Digits38,8,CART,42,0,0.9722222222222222,0.9722007722007722,0.9702702702702702,23,0.2279704166456142,0.3546570149386389,0.0
Digits38,8,ACP-Gini,42,0,0.9583333333333334,0.9583252942311402,0.9694980694980695,23,0.19108898633617127,0.33233729492058456,0.0
Digits38,10,CART,42,0,0.9722222222222222,0.9722007722007722,0.9702702702702702,23,0.2279704166456142,0.3546570149386389,0.0
Digits38,10,ACP-Gini,42,0,0.9583333333333334,0.9583252942311402,0.9694980694980695,23,0.19108898633617127,0.33233729492058456,0.0
Digits38,3,CART,42,1,0.9305555555555556,0.9304347826086956,0.9343629343629343,13,0.3718153307675481,0.38793059067461066,0.0
Digits38,3,ACP-Gini,42,1,0.9305555555555556,0.9304347826086956,0.9208494208494208,13,0.293564657643423,0.38019713739418237,0.0
Digits38,4,CART,42,1,0.9305555555555556,0.9304347826086956,0.932046332046332,15,0.3990399866953933,0.39431938416325557,0.0
Digits38,4,ACP-Gini,42,1,0.9305555555555556,0.9304347826086956,0.9185328185328185,15,0.33888959586779677,0.38680902730526623,0.0
Digits38,6,CART,42,1,0.9027777777777778,0.9023066485753053,0.9528957528957528,19,0.32058750833819033,0.38477360570919034,0.0
Digits38,6,ACP-Gini,42,1,0.9027777777777778,0.9023066485753053,0.9393822393822393,19,0.28471228726308034,0.37765922093491194,0.0
Digits38,8,CART,42,1,0.9027777777777778,0.9023066485753053,0.9528957528957528,19,0.32058750833819033,0.38477360570919034,0.0
Digits38,8,ACP-Gini,42,1,0.9027777777777778,0.9023066485753053,0.9393822393822393,19,0.28471228726308034,0.37765922093491194,0.0
Digits38,10,CART,42,1,0.9027777777777778,0.9023066485753053,0.9528957528957528,19,0.32058750833819033,0.38477360570919034,0.0
Digits38,10,ACP-Gini,42,1,0.9027777777777778,0.9023066485753053,0.9393822393822393,19,0.28471228726308034,0.37765922093491194,0.0
Digits38,3,CART,42,2,0.9154929577464789,0.9154761904761904,0.9383942766295708,15,0.2710517045401783,0.3558166427173235,0.0
Digits38,3,ACP-Gini,42,2,0.9014084507042254,0.9013301568393886,0.9364069952305246,15,0.19784568696819954,0.340611937030972,0.0
Digits38,4,CART,42,2,0.9295774647887324,0.9295215405995632,0.940779014308426,17,0.2710517045401783,0.35024408837432414,0.0
Digits38,4,ACP-Gini,42,2,0.9154929577464789,0.915341812400636,0.9395866454689984,17,0.1816117055893156,0.3138718041338177,0.0
Digits38,6,CART,42,2,0.9295774647887324,0.9295215405995632,0.940779014308426,17,0.2710517045401783,0.35024408837432414,0.0
Digits38,6,ACP-Gini,42,2,0.9154929577464789,0.915341812400636,0.9395866454689984,17,0.1816117055893156,0.3138718041338177,0.0
Digits38,8,CART,42,2,0.9295774647887324,0.9295215405995632,0.940779014308426,17,0.2710517045401783,0.35024408837432414,0.0
Digits38,8,ACP-Gini,42,2,0.9154929577464789,0.915341812400636,0.9395866454689984,17,0.1816117055893156,0.3138718041338177,0.0
Digits38,10,CART,42,2,0.9295774647887324,0.9295215405995632,0.940779014308426,17,0.2710517045401783,0.35024408837432414,0.0
Digits38,10,ACP-Gini,42,2,0.9154929577464789,0.915341812400636,0.9395866454689984,17,0.1816117055893156,0.3138718041338177,0.0
Digits38,3,CART,42,3,0.9436619718309859,0.9436507936507936,0.9797619047619048,15,0.34485378680279677,0.381272198583186,0.0
Digits38,3,ACP-Gini,42,3,0.9154929577464789,0.9154761904761904,0.9765873015873017,15,0.2902377036692334,0.3748821376292934,0.0
Digits38,4,CART,42,3,0.9436619718309859,0.9436507936507936,0.9591269841269842,19,0.26653018313191124,0.37730291119261533,0.0
Digits38,4,ACP-Gini,42,3,0.9154929577464789,0.9154761904761904,0.955952380952381,19,0.24514890905108974,0.37108591202627295,0.0
Digits38,6,CART,42,3,0.9436619718309859,0.9436507936507936,0.9674603174603175,21,0.2574154884346875,0.37576598926232485,0.0
Digits38,6,ACP-Gini,42,3,0.9154929577464789,0.9154761904761904,0.9642857142857143,21,0.2377300186098464,0.3695925286462495,0.0
Digits38,8,CART,42,3,0.9436619718309859,0.9436507936507936,0.9674603174603175,21,0.2574154884346875,0.37576598926232485,0.0
Digits38,8,ACP-Gini,42,3,0.9154929577464789,0.9154761904761904,0.9642857142857143,21,0.2377300186098464,0.3695925286462495,0.0
Digits38,10,CART,42,3,0.9436619718309859,0.9436507936507936,0.9674603174603175,21,0.2574154884346875,0.37576598926232485,0.0
Digits38,10,ACP-Gini,42,3,0.9154929577464789,0.9154761904761904,0.9642857142857143,21,0.2377300186098464,0.3695925286462495,0.0
Digits38,3,CART,42,4,0.9436619718309859,0.9436507936507936,0.9932539682539683,15,0.29442304056560176,0.3665863435927734,0.0
Digits38,3,ACP-Gini,42,4,0.9436619718309859,0.9436507936507936,0.9293650793650794,15,0.18898981367498036,0.3601406086875311,0.0
Digits38,4,CART,42,4,0.9436619718309859,0.9436507936507936,0.9932539682539683,17,0.2767289529120024,0.3619137431500023,0.0
Digits38,4,ACP-Gini,42,4,0.9436619718309859,0.9436507936507936,0.9293650793650794,17,0.18716391005329971,0.35555017269811057,0.0
Digits38,6,CART,42,4,0.9436619718309859,0.9436507936507936,0.9932539682539683,21,0.2652780463830247,0.3525533803891086,0.0
Digits38,6,ACP-Gini,42,4,0.9436619718309859,0.9436507936507936,0.953968253968254,23,0.1768469888539502,0.33472432542138975,0.0
Digits38,8,CART,42,4,0.9436619718309859,0.9436507936507936,0.9932539682539683,21,0.2652780463830247,0.3525533803891086,0.0
Digits38,8,ACP-Gini,42,4,0.9436619718309859,0.9436507936507936,0.953968253968254,23,0.1768469888539502,0.33472432542138975,0.0
Digits38,10,CART,42,4,0.9436619718309859,0.9436507936507936,0.9932539682539683,21,0.2652780463830247,0.3525533803891086,0.0
Digits38,10,ACP-Gini,42,4,0.9436619718309859,0.9436507936507936,0.953968253968254,23,0.1768469888539502,0.33472432542138975,0.0
Digits38,3,CART,43,0,0.9027777777777778,0.9012345679012346,0.9521235521235522,15,0.31843640254814815,0.3336447924567641,0.0
Digits38,3,ACP-Gini,43,0,0.9305555555555556,0.9298928919182083,0.962934362934363,15,0.21013450253399127,0.30895149227457647,0.0
Digits38,4,CART,43,0,0.9027777777777778,0.9012345679012346,0.9521235521235522,17,0.31843640254814815,0.33367360451425154,0.0
Digits38,4,ACP-Gini,43,0,0.9305555555555556,0.9298928919182083,0.962934362934363,17,0.21013450253399127,0.309010905726989,0.0
Digits38,6,CART,43,0,0.9027777777777778,0.9012345679012346,0.9521235521235522,17,0.31843640254814815,0.33367360451425154,0.0
Digits38,6,ACP-Gini,43,0,0.9305555555555556,0.9298928919182083,0.962934362934363,17,0.21013450253399127,0.309010905726989,0.0
Digits38,8,CART,43,0,0.9027777777777778,0.9012345679012346,0.9521235521235522,17,0.31843640254814815,0.33367360451425154,0.0
Digits38,8,ACP-Gini,43,0,0.9305555555555556,0.9298928919182083,0.962934362934363,17,0.21013450253399127,0.309010905726989,0.0
Digits38,10,CART,43,0,0.9027777777777778,0.9012345679012346,0.9521235521235522,17,0.31843640254814815,0.33367360451425154,0.0
Digits38,10,ACP-Gini,43,0,0.9305555555555556,0.9298928919182083,0.962934362934363,17,0.21013450253399127,0.309010905726989,0.0
Digits38,3,CART,43,1,0.9444444444444444,0.9444444444444444,0.9718146718146718,15,0.29442304056560176,0.36066018348732665,0.0
Digits38,3,ACP-Gini,43,1,0.9583333333333334,0.9583252942311402,0.9725868725868725,15,0.2665960961229467,0.3569674804775346,0.0
Digits38,4,CART,43,1,0.9444444444444444,0.9444444444444444,0.9718146718146718,17,0.2767289529120024,0.35415967620178884,0.0
Digits38,4,ACP-Gini,43,1,0.9583333333333334,0.9583252942311402,0.9725868725868725,17,0.24440429982773118,0.35032974471516476,0.0
Digits38,6,CART,43,1,0.9305555555555556,0.9305421570519004,0.981081081081081,21,0.22105046256181657,0.34216120792332066,0.0
Digits38,6,ACP-Gini,43,1,0.9583333333333334,0.9583252942311402,0.9837837837837837,21,0.18260402640872878,0.33555936790018076,0.0
Digits38,8,CART,43,1,0.9305555555555556,0.9305421570519004,0.981081081081081,21,0.22105046256181657,0.34216120792332066,0.0
Digits38,8,ACP-Gini,43,1,0.9583333333333334,0.9583252942311402,0.9837837837837837,21,0.18260402640872878,0.33555936790018076,0.0
Digits38,10,CART,43,1,0.9305555555555556,0.9305421570519004,0.981081081081081,21,0.22105046256181657,0.34216120792332066,0.0
Digits38,10,ACP-Gini,43,1,0.9583333333333334,0.9583252942311402,0.9837837837837837,21,0.18260402640872878,0.33555936790018076,0.0
Digits38,3,CART,43,2,0.8591549295774648,0.8584529505582137,0.9399841017488076,15,0.30625188618652316,0.3962025420599054,0.0
Digits38,3,ACP-Gini,43,2,0.9154929577464789,0.9150717703349283,0.9507154213036566,15,0.2512835697111009,0.3764694691916696,0.0
Digits38,4,CART,43,2,0.8591549295774648,0.8584529505582137,0.9463434022257552,17,0.2889649374217768,0.3907899801590177,0.0
Digits38,4,ACP-Gini,43,2,0.9154929577464789,0.9150717703349283,0.9483306836248012,17,0.24558974980377088,0.37164285014625303,0.0
Digits38,6,CART,43,2,0.8591549295774648,0.8584529505582137,0.9463434022257552,17,0.2889649374217768,0.3907899801590177,0.0
Digits38,6,ACP-Gini,43,2,0.9154929577464789,0.9150717703349283,0.9483306836248012,17,0.24558974980377088,0.37164285014625303,0.0
Digits38,8,CART,43,2,0.8591549295774648,0.8584529505582137,0.9463434022257552,17,0.2889649374217768,0.3907899801590177,0.0
Digits38,8,ACP-Gini,43,2,0.9154929577464789,0.9150717703349283,0.9483306836248012,17,0.24558974980377088,0.37164285014625303,0.0
Digits38,10,CART,43,2,0.8591549295774648,0.8584529505582137,0.9463434022257552,17,0.2889649374217768,0.3907899801590177,0.0
Digits38,10,ACP-Gini,43,2,0.9154929577464789,0.9150717703349283,0.9483306836248012,17,0.24558974980377088,0.37164285014625303,0.0
Digits38,3,CART,43,3,0.9436619718309859,0.9436507936507936,0.9543650793650794,15,0.2610344418403252,0.3655206948930947,0.0
Digits38,3,ACP-Gini,43,3,0.9577464788732394,0.9577464788732394,0.957936507936508,15,0.22186919967079258,0.35095839895682973,0.0
Digits38,4,CART,43,3,0.9436619718309859,0.9436507936507936,0.9535714285714286,17,0.25672598989492423,0.3646256145855366,0.0
Digits38,4,ACP-Gini,43,3,0.9577464788732394,0.9577464788732394,0.9571428571428572,17,0.2369093778492503,0.3504564750103263,0.0
Digits38,6,CART,43,3,0.9436619718309859,0.9436507936507936,0.9511904761904763,19,0.28076778087368215,0.36581187373318164,0.0
Digits38,6,ACP-Gini,43,3,0.9577464788732394,0.9577464788732394,0.9670634920634922,19,0.2298910247823115,0.3495978646141323,0.0
Digits38,8,CART,43,3,0.9436619718309859,0.9436507936507936,0.9511904761904763,19,0.28076778087368215,0.36581187373318164,0.0
Digits38,8,ACP-Gini,43,3,0.9577464788732394,0.9577464788732394,0.9670634920634922,19,0.2298910247823115,0.3495978646141323,0.0
Digits38,10,CART,43,3,0.9436619718309859,0.9436507936507936,0.9511904761904763,19,0.28076778087368215,0.36581187373318164,0.0
Digits38,10,ACP-Gini,43,3,0.9577464788732394,0.9577464788732394,0.9670634920634922,19,0.2298910247823115,0.3495978646141323,0.0
Digits38,3,CART,43,4,0.9436619718309859,0.9435612082670906,0.9527777777777777,15,0.3718153307675481,0.39251909982775496,0.0
Digits38,3,ACP-Gini,43,4,0.9436619718309859,0.9435612082670906,0.9567460317460317,15,0.1988593722234731,0.3732171116193288,0.0
Digits38,4,CART,43,4,0.9436619718309859,0.9435612082670906,0.9523809523809523,17,0.3990399866953933,0.39698230312799476,0.0
Digits38,4,ACP-Gini,43,4,0.9436619718309859,0.9435612082670906,0.9563492063492063,17,0.25014416385046595,0.3780679103490807,0.0
Digits38,6,CART,43,4,0.9436619718309859,0.9435612082670906,0.9654761904761904,21,0.3028103917785707,0.38669745051658405,0.0
Digits38,6,ACP-Gini,43,4,0.9436619718309859,0.9435612082670906,0.9547619047619047,21,0.23723536601478634,0.3661830153019152,0.0
Digits38,8,CART,43,4,0.9436619718309859,0.9435612082670906,0.9654761904761904,21,0.3028103917785707,0.38669745051658405,0.0
Digits38,8,ACP-Gini,43,4,0.9436619718309859,0.9435612082670906,0.9547619047619047,21,0.23723536601478634,0.3661830153019152,0.0
Digits38,10,CART,43,4,0.9436619718309859,0.9435612082670906,0.9654761904761904,21,0.3028103917785707,0.38669745051658405,0.0
Digits38,10,ACP-Gini,43,4,0.9436619718309859,0.9435612082670906,0.9547619047619047,21,0.23723536601478634,0.3661830153019152,0.0
Digits38,3,CART,44,0,0.9583333333333334,0.9583252942311402,0.9787644787644788,15,0.2768472999261567,0.35387677505933013,0.0
Digits38,3,ACP-Gini,44,0,0.9583333333333334,0.9583252942311402,0.9563706563706564,15,0.22947676891455704,0.33655016671381877,0.0
Digits38,4,CART,44,0,0.9583333333333334,0.9583252942311402,0.9980694980694982,19,0.3238650849396585,0.3581289594012175,0.0
Digits38,4,ACP-Gini,44,0,0.9583333333333334,0.9583252942311402,0.9841698841698843,19,0.26892247057050483,0.3405663216509742,0.0
Digits38,6,CART,44,0,0.9583333333333334,0.9583252942311402,0.9980694980694982,19,0.3238650849396585,0.3581289594012175,0.0
Digits38,6,ACP-Gini,44,0,0.9583333333333334,0.9583252942311402,0.9841698841698843,19,0.26892247057050483,0.3405663216509742,0.0
Digits38,8,CART,44,0,0.9583333333333334,0.9583252942311402,0.9980694980694982,19,0.3238650849396585,0.3581289594012175,0.0
Digits38,8,ACP-Gini,44,0,0.9583333333333334,0.9583252942311402,0.9841698841698843,19,0.26892247057050483,0.3405663216509742,0.0
Digits38,10,CART,44,0,0.9583333333333334,0.9583252942311402,0.9980694980694982,19,0.3238650849396585,0.3581289594012175,0.0
Digits38,10,ACP-Gini,44,0,0.9583333333333334,0.9583252942311402,0.9841698841698843,19,0.26892247057050483,0.3405663216509742,0.0
Digits38,3,CART,44,1,0.9444444444444444,0.9442724458204335,0.9571428571428571,15,0.3146533183105255,0.37928346856952927,0.0
Digits38,3,ACP-Gini,44,1,0.9444444444444444,0.9442724458204335,0.9563706563706563,15,0.1988593722234731,0.36378662605694434,0.0
Digits38,4,CART,44,1,0.9444444444444444,0.9442724458204335,0.9571428571428571,17,0.36253227186734344,0.38299782697476864,0.0
Digits38,4,ACP-Gini,44,1,0.9444444444444444,0.9442724458204335,0.9532818532818532,17,0.1988593722234731,0.3585007990982726,0.0
Digits38,6,CART,44,1,0.9444444444444444,0.9442724458204335,0.9555984555984556,19,0.3113743508803865,0.3787389212585662,0.0
Digits38,6,ACP-Gini,44,1,0.9166666666666666,0.916083916083916,0.9548262548262547,21,0.2529238921520099,0.36353930611384844,0.0
Digits38,8,CART,44,1,0.9444444444444444,0.9442724458204335,0.9555984555984556,19,0.3113743508803865,0.3787389212585662,0.0
Digits38,8,ACP-Gini,44,1,0.9166666666666666,0.916083916083916,0.9548262548262547,21,0.2529238921520099,0.36353930611384844,0.0
Digits38,10,CART,44,1,0.9444444444444444,0.9442724458204335,0.9555984555984556,19,0.3113743508803865,0.3787389212585662,0.0
Digits38,10,ACP-Gini,44,1,0.9166666666666666,0.916083916083916,0.9548262548262547,21,0.2529238921520099,0.36353930611384844,0.0
Digits38,3,CART,44,2,0.9295774647887324,0.9290709290709291,0.955087440381558,15,0.3718153307675481,0.3811473917595768,0.0
Digits38,3,ACP-Gini,44,2,0.9295774647887324,0.9290709290709291,0.9761526232114468,15,0.18682023157119107,0.36163504373032934,0.0
Digits38,4,CART,44,2,0.9295774647887324,0.9290709290709291,0.9483306836248013,19,0.29896580077306645,0.37749887433248747,0.0
Digits38,4,ACP-Gini,44,2,0.9295774647887324,0.9290709290709291,0.9757551669316374,19,0.1777396885328518,0.3576563490446981,0.0
Digits38,6,CART,44,2,0.9295774647887324,0.9290709290709291,0.9578696343402225,21,0.2832306024614414,0.3762424314310263,0.0
Digits38,6,ACP-Gini,44,2,0.9295774647887324,0.9290709290709291,0.9852941176470588,21,0.1868725102883871,0.35653648989494735,0.0
Digits38,8,CART,44,2,0.9295774647887324,0.9290709290709291,0.9578696343402225,21,0.2832306024614414,0.3762424314310263,0.0
Digits38,8,ACP-Gini,44,2,0.9295774647887324,0.9290709290709291,0.9852941176470588,21,0.1868725102883871,0.35653648989494735,0.0
Digits38,10,CART,44,2,0.9295774647887324,0.9290709290709291,0.9578696343402225,21,0.2832306024614414,0.3762424314310263,0.0
Digits38,10,ACP-Gini,44,2,0.9295774647887324,0.9290709290709291,0.9852941176470588,21,0.1868725102883871,0.35653648989494735,0.0
Digits38,3,CART,44,3,0.9577464788732394,0.957712924359738,0.9738095238095238,15,0.2365837567952506,0.3875837537871045,0.0
Digits38,3,ACP-Gini,44,3,0.971830985915493,0.9718253968253968,0.969047619047619,15,0.22096483051084342,0.3724902760484047,0.0
Digits38,4,CART,44,3,0.9577464788732394,0.957712924359738,0.9722222222222222,19,0.2346589701069178,0.3807818832088891,0.0
Digits38,4,ACP-Gini,44,3,0.971830985915493,0.9718253968253968,0.9674603174603175,19,0.1901971217175277,0.36511056905258815,0.0
Digits38,6,CART,44,3,0.9577464788732394,0.957712924359738,0.9674603174603174,21,0.21826542044393216,0.37943020445407954,0.0
Digits38,6,ACP-Gini,44,3,0.971830985915493,0.9718253968253968,0.965079365079365,21,0.183556461367077,0.3639477178953955,0.0
Digits38,8,CART,44,3,0.9577464788732394,0.957712924359738,0.9674603174603174,21,0.21826542044393216,0.37943020445407954,0.0
Digits38,8,ACP-Gini,44,3,0.971830985915493,0.9718253968253968,0.965079365079365,21,0.183556461367077,0.3639477178953955,0.0
Digits38,10,CART,44,3,0.9577464788732394,0.957712924359738,0.9674603174603174,21,0.21826542044393216,0.37943020445407954,0.0
Digits38,10,ACP-Gini,44,3,0.971830985915493,0.9718253968253968,0.965079365079365,21,0.183556461367077,0.3639477178953955,0.0
Digits38,3,CART,44,4,0.9295774647887324,0.9293532338308458,0.9575396825396826,13,0.24704679861798115,0.36603812012751674,0.0
Digits38,3,ACP-Gini,44,4,0.9295774647887324,0.9293532338308458,0.9722222222222222,13,0.23061570596898512,0.3710974025794507,0.0
Digits38,4,CART,44,4,0.9295774647887324,0.9293532338308458,0.9678571428571429,17,0.23607118299372581,0.3601889931383708,0.0
Digits38,4,ACP-Gini,44,4,0.9295774647887324,0.9293532338308458,0.9694444444444444,17,0.18525004802988343,0.36230236698425666,0.0
Digits38,6,CART,44,4,0.9295774647887324,0.9293532338308458,0.9686507936507937,21,0.24774818317919767,0.3456657358924755,0.0
Digits38,6,ACP-Gini,44,4,0.9295774647887324,0.9293532338308458,0.9698412698412698,21,0.19267461639877517,0.34559362769711266,0.0
Digits38,8,CART,44,4,0.9295774647887324,0.9293532338308458,0.9686507936507937,21,0.24774818317919767,0.3456657358924755,0.0
Digits38,8,ACP-Gini,44,4,0.9295774647887324,0.9293532338308458,0.9698412698412698,21,0.19267461639877517,0.34559362769711266,0.0
Digits38,10,CART,44,4,0.9295774647887324,0.9293532338308458,0.9686507936507937,21,0.24774818317919767,0.3456657358924755,0.0
Digits38,10,ACP-Gini,44,4,0.9295774647887324,0.9293532338308458,0.9698412698412698,21,0.19267461639877517,0.34559362769711266,0.0
Parkinsons,3,CART,42,0,0.8974358974358975,0.8655172413793104,0.9,13,0.2899446144965848,0.3168633387381144,0.7628205128205128
Parkinsons,3,ACP-Gini,42,0,0.9230769230769231,0.8956289027653881,0.937037037037037,13,0.27974002807486065,0.3164053519102285,0.0
Parkinsons,4,CART,42,0,0.8974358974358975,0.8555555555555556,0.9074074074074073,19,0.316965158145199,0.32830996370567417,0.7628205128205128
Parkinsons,4,ACP-Gini,42,0,0.9230769230769231,0.8956289027653881,0.9166666666666666,19,0.27974002807486065,0.31694342077153875,0.0
Parkinsons,6,CART,42,0,0.8974358974358975,0.8555555555555556,0.9074074074074073,19,0.316965158145199,0.32830996370567417,0.7628205128205128
Parkinsons,6,ACP-Gini,42,0,0.9230769230769231,0.8956289027653881,0.9166666666666666,19,0.27974002807486065,0.31694342077153875,0.0
Parkinsons,8,CART,42,0,0.8974358974358975,0.8555555555555556,0.9074074074074073,19,0.316965158145199,0.32830996370567417,0.7628205128205128
Parkinsons,8,ACP-Gini,42,0,0.9230769230769231,0.8956289027653881,0.9166666666666666,19,0.27974002807486065,0.31694342077153875,0.0
Parkinsons,10,CART,42,0,0.8974358974358975,0.8555555555555556,0.9074074074074073,19,0.316965158145199,0.32830996370567417,0.7628205128205128
Parkinsons,10,ACP-Gini,42,0,0.9230769230769231,0.8956289027653881,0.9166666666666666,19,0.27974002807486065,0.31694342077153875,0.0
Parkinsons,3,CART,42,1,0.8461538461538461,0.7833333333333333,0.7722222222222223,13,0.29487457853063465,0.34752427105315964,0.0
Parkinsons,3,ACP-Gini,42,1,0.8205128205128205,0.7564674397859055,0.7518518518518519,11,0.2796284879078556,0.3228435306342328,0.0
Parkinsons,4,CART,42,1,0.8461538461538461,0.7833333333333333,0.7944444444444445,19,0.29487457853063465,0.3462281844958317,0.0
Parkinsons,4,ACP-Gini,42,1,0.7948717948717948,0.7310344827586206,0.7388888888888889,17,0.2887058135161334,0.337971928245862,0.0
Parkinsons,6,CART,42,1,0.8461538461538461,0.7833333333333333,0.7944444444444445,19,0.29487457853063465,0.3462281844958317,0.0
Parkinsons,6,ACP-Gini,42,1,0.7948717948717948,0.7310344827586206,0.7777777777777779,19,0.2887058135161334,0.3390032169470739,0.0
Parkinsons,8,CART,42,1,0.8461538461538461,0.7833333333333333,0.7944444444444445,19,0.29487457853063465,0.3462281844958317,0.0
Parkinsons,8,ACP-Gini,42,1,0.7948717948717948,0.7310344827586206,0.7777777777777779,19,0.2887058135161334,0.3390032169470739,0.0
Parkinsons,10,CART,42,1,0.8461538461538461,0.7833333333333333,0.7944444444444445,19,0.29487457853063465,0.3462281844958317,0.0
Parkinsons,10,ACP-Gini,42,1,0.7948717948717948,0.7310344827586206,0.7777777777777779,19,0.2887058135161334,0.3390032169470739,0.0
Parkinsons,3,CART,42,2,0.8717948717948718,0.8458498023715415,0.9327586206896552,13,0.41769043249884036,0.48742898965590514,0.0
Parkinsons,3,ACP-Gini,42,2,0.9487179487179487,0.9366883116883117,0.9706896551724139,15,0.3334778700540992,0.4148674604563293,0.0
Parkinsons,4,CART,42,2,0.8461538461538461,0.7982758620689655,0.9293103448275861,17,0.46509859260146164,0.4838374489717884,0.1987179487179487
Parkinsons,4,ACP-Gini,42,2,0.8461538461538461,0.8100649350649352,0.8206896551724137,19,0.3334778700540992,0.39103514186578897,0.0
Parkinsons,6,CART,42,2,0.8461538461538461,0.7982758620689655,0.9293103448275861,19,0.35172812219561583,0.47536031091977515,0.1987179487179487
Parkinsons,6,ACP-Gini,42,2,0.8461538461538461,0.8100649350649352,0.8517241379310343,23,0.3537714740943816,0.40176332238894225,0.0
Parkinsons,8,CART,42,2,0.8461538461538461,0.7982758620689655,0.9293103448275861,19,0.35172812219561583,0.47536031091977515,0.1987179487179487
Parkinsons,8,ACP-Gini,42,2,0.8461538461538461,0.8100649350649352,0.8517241379310343,23,0.3537714740943816,0.40176332238894225,0.0
Parkinsons,10,CART,42,2,0.8461538461538461,0.7982758620689655,0.9293103448275861,19,0.35172812219561583,0.47536031091977515,0.1987179487179487
Parkinsons,10,ACP-Gini,42,2,0.8461538461538461,0.8100649350649352,0.8517241379310343,23,0.3537714740943816,0.40176332238894225,0.0
Parkinsons,3,CART,42,3,0.7692307692307693,0.686886708296164,0.7051724137931035,13,0.30053961871054563,0.32548000170529134,0.0
Parkinsons,3,ACP-Gini,42,3,0.8461538461538461,0.7388392857142857,0.8206896551724139,13,0.33067783887794605,0.23301302812353533,0.0
Parkinsons,4,CART,42,3,0.7692307692307693,0.686886708296164,0.7741379310344828,15,0.30053961871054563,0.3336419455306373,0.0
Parkinsons,4,ACP-Gini,42,3,0.8461538461538461,0.7388392857142857,0.7586206896551724,17,0.3016451849520047,0.27074667469851843,0.0
Parkinsons,6,CART,42,3,0.7948717948717948,0.7310344827586206,0.7534482758620689,17,0.2981380311303886,0.37515652258044113,0.09615384615384616
Parkinsons,6,ACP-Gini,42,3,0.8461538461538461,0.7388392857142857,0.7586206896551724,17,0.3016451849520047,0.27074667469851843,0.0
Parkinsons,8,CART,42,3,0.7948717948717948,0.7310344827586206,0.7534482758620689,17,0.2981380311303886,0.37515652258044113,0.09615384615384616
Parkinsons,8,ACP-Gini,42,3,0.8461538461538461,0.7388392857142857,0.7586206896551724,17,0.3016451849520047,0.27074667469851843,0.0
Parkinsons,10,CART,42,3,0.7948717948717948,0.7310344827586206,0.7534482758620689,17,0.2981380311303886,0.37515652258044113,0.09615384615384616
Parkinsons,10,ACP-Gini,42,3,0.8461538461538461,0.7388392857142857,0.7586206896551724,17,0.3016451849520047,0.27074667469851843,0.0
Parkinsons,3,CART,42,4,0.8717948717948718,0.8260481712756467,0.8172413793103448,13,0.5126883150329558,0.448757723444524,0.5769230769230769
Parkinsons,3,ACP-Gini,42,4,0.8717948717948718,0.8260481712756467,0.7637931034482759,13,0.46878897300250805,0.44791001222258064,0.0
Parkinsons,4,CART,42,4,0.8717948717948718,0.8260481712756467,0.8275862068965517,15,0.5126883150329558,0.4514143302512306,0.5769230769230769
Parkinsons,4,ACP-Gini,42,4,0.8717948717948718,0.8260481712756467,0.7896551724137931,15,0.46878897300250805,0.4503818875333181,0.0
Parkinsons,6,CART,42,4,0.8717948717948718,0.8260481712756467,0.8275862068965517,15,0.5126883150329558,0.4514143302512306,0.5769230769230769
Parkinsons,6,ACP-Gini,42,4,0.8717948717948718,0.8260481712756467,0.7896551724137931,15,0.46878897300250805,0.4503818875333181,0.0
Parkinsons,8,CART,42,4,0.8717948717948718,0.8260481712756467,0.8275862068965517,15,0.5126883150329558,0.4514143302512306,0.5769230769230769
Parkinsons,8,ACP-Gini,42,4,0.8717948717948718,0.8260481712756467,0.7896551724137931,15,0.46878897300250805,0.4503818875333181,0.0
Parkinsons,10,CART,42,4,0.8717948717948718,0.8260481712756467,0.8275862068965517,15,0.5126883150329558,0.4514143302512306,0.5769230769230769
Parkinsons,10,ACP-Gini,42,4,0.8717948717948718,0.8260481712756467,0.7896551724137931,15,0.46878897300250805,0.4503818875333181,0.0
Parkinsons,3,CART,43,0,0.8717948717948718,0.7936507936507936,0.9277777777777777,13,0.27486810065335343,0.30910123372014564,0.782051282051282
Parkinsons,3,ACP-Gini,43,0,0.8205128205128205,0.676923076923077,0.7388888888888889,13,0.2748916529442287,0.27417243740647623,0.0
Parkinsons,4,CART,43,0,0.8717948717948718,0.7936507936507936,0.9018518518518519,17,0.30688895145727796,0.3436867778251766,0.782051282051282
Parkinsons,4,ACP-Gini,43,0,0.8205128205128205,0.676923076923077,0.7611111111111111,17,0.2958942663417464,0.35415690370054215,0.0
Parkinsons,6,CART,43,0,0.8717948717948718,0.7936507936507936,0.9018518518518519,17,0.30688895145727796,0.3436867778251766,0.782051282051282
Parkinsons,6,ACP-Gini,43,0,0.8205128205128205,0.676923076923077,0.7611111111111111,17,0.2958942663417464,0.35415690370054215,0.0
Parkinsons,8,CART,43,0,0.8717948717948718,0.7936507936507936,0.9018518518518519,17,0.30688895145727796,0.3436867778251766,0.782051282051282
Parkinsons,8,ACP-Gini,43,0,0.8205128205128205,0.676923076923077,0.7611111111111111,17,0.2958942663417464,0.35415690370054215,0.0
Parkinsons,10,CART,43,0,0.8717948717948718,0.7936507936507936,0.9018518518518519,17,0.30688895145727796,0.3436867778251766,0.782051282051282
Parkinsons,10,ACP-Gini,43,0,0.8205128205128205,0.676923076923077,0.7611111111111111,17,0.2958942663417464,0.35415690370054215,0.0
Parkinsons,3,CART,43,1,0.9230769230769231,0.8871745419479267,0.8351851851851853,15,0.39259301242266403,0.4171251874700076,0.7692307692307693
Parkinsons,3,ACP-Gini,43,1,0.9487179487179487,0.9277777777777778,0.9074074074074074,15,0.27590356668614824,0.22939021480684735,0.0
Parkinsons,4,CART,43,1,0.9230769230769231,0.8871745419479267,0.8351851851851853,17,0.4339224743743209,0.4218545718369502,0.7692307692307693
Parkinsons,4,ACP-Gini,43,1,0.9487179487179487,0.9277777777777778,0.9074074074074074,19,0.27590356668614824,0.25663127923262374,0.0
Parkinsons,6,CART,43,1,0.9230769230769231,0.8871745419479267,0.8592592592592593,19,0.4274671627378488,0.4226656676388217,0.7692307692307693
Parkinsons,6,ACP-Gini,43,1,0.9487179487179487,0.9277777777777778,0.914814814814815,21,0.28815008656003394,0.2585077515423777,0.0
Parkinsons,8,CART,43,1,0.9230769230769231,0.8871745419479267,0.8592592592592593,19,0.4274671627378488,0.4226656676388217,0.7692307692307693
Parkinsons,8,ACP-Gini,43,1,0.9487179487179487,0.9277777777777778,0.914814814814815,21,0.28815008656003394,0.2585077515423777,0.0
Parkinsons,10,CART,43,1,0.9230769230769231,0.8871745419479267,0.8592592592592593,19,0.4274671627378488,0.4226656676388217,0.7692307692307693
Parkinsons,10,ACP-Gini,43,1,0.9487179487179487,0.9277777777777778,0.914814814814815,21,0.28815008656003394,0.2585077515423777,0.0
Parkinsons,3,CART,43,2,0.9487179487179487,0.9327586206896552,0.9241379310344828,15,0.4126425457196536,0.46383661000075604,0.11538461538461539
Parkinsons,3,ACP-Gini,43,2,0.9487179487179487,0.9327586206896552,0.9241379310344828,13,0.3107420275564576,0.18127286469208734,0.0
Parkinsons,4,CART,43,2,0.9230769230769231,0.9022556390977443,0.9310344827586208,19,0.4126425457196536,0.4504503466986788,0.11538461538461539
Parkinsons,4,ACP-Gini,43,2,0.8461538461538461,0.7833333333333333,0.903448275862069,17,0.3107420275564576,0.25134929230947706,0.0
Parkinsons,6,CART,43,2,0.9230769230769231,0.9022556390977443,0.9310344827586208,19,0.4126425457196536,0.4504503466986788,0.11538461538461539
Parkinsons,6,ACP-Gini,43,2,0.8461538461538461,0.7833333333333333,0.906896551724138,19,0.29744132357548236,0.2528561568206585,0.0
Parkinsons,8,CART,43,2,0.9230769230769231,0.9022556390977443,0.9310344827586208,19,0.4126425457196536,0.4504503466986788,0.11538461538461539
Parkinsons,8,ACP-Gini,43,2,0.8461538461538461,0.7833333333333333,0.906896551724138,19,0.29744132357548236,0.2528561568206585,0.0
Parkinsons,10,CART,43,2,0.9230769230769231,0.9022556390977443,0.9310344827586208,19,0.4126425457196536,0.4504503466986788,0.11538461538461539
Parkinsons,10,ACP-Gini,43,2,0.8461538461538461,0.7833333333333333,0.906896551724138,19,0.29744132357548236,0.2528561568206585,0.0
Parkinsons,3,CART,43,3,0.9230769230769231,0.8956289027653881,0.913793103448276,13,0.37081670813852424,0.3997253153817828,0.0
Parkinsons,3,ACP-Gini,43,3,0.9230769230769231,0.8956289027653881,0.9310344827586207,15,0.2644535088421654,0.27496514648627884,0.0
Parkinsons,4,CART,43,3,0.9230769230769231,0.8956289027653881,0.9172413793103449,15,0.37081670813852424,0.3988696559463983,0.0
Parkinsons,4,ACP-Gini,43,3,0.9230769230769231,0.8956289027653881,0.9310344827586207,15,0.2644535088421654,0.27496514648627884,0.0
Parkinsons,6,CART,43,3,0.9230769230769231,0.8956289027653881,0.9172413793103449,15,0.37081670813852424,0.3988696559463983,0.0
Parkinsons,6,ACP-Gini,43,3,0.9230769230769231,0.8956289027653881,0.9310344827586207,15,0.2644535088421654,0.27496514648627884,0.0
Parkinsons,8,CART,43,3,0.9230769230769231,0.8956289027653881,0.9172413793103449,15,0.37081670813852424,0.3988696559463983,0.0
Parkinsons,8,ACP-Gini,43,3,0.9230769230769231,0.8956289027653881,0.9310344827586207,15,0.2644535088421654,0.27496514648627884,0.0
Parkinsons,10,CART,43,3,0.9230769230769231,0.8956289027653881,0.9172413793103449,15,0.37081670813852424,0.3988696559463983,0.0
Parkinsons,10,ACP-Gini,43,3,0.9230769230769231,0.8956289027653881,0.9310344827586207,15,0.2644535088421654,0.27496514648627884,0.0
Parkinsons,3,CART,43,4,0.8717948717948718,0.8260481712756467,0.8603448275862069,11,0.5280793700529819,0.5321332609170683,0.8717948717948718
Parkinsons,3,ACP-Gini,43,4,0.7948717948717948,0.685483870967742,0.8,11,0.26066514733198737,0.18965920750117807,0.5705128205128205
Parkinsons,4,CART,43,4,0.8974358974358975,0.8733766233766234,0.9120689655172414,15,0.5479607094775089,0.5295576419439698,0.8717948717948718
Parkinsons,4,ACP-Gini,43,4,0.9743589743589743,0.9674185463659147,0.9775862068965518,17,0.35793913564579527,0.29230182087860124,0.5705128205128205
Parkinsons,6,CART,43,4,0.8974358974358975,0.8733766233766234,0.9275862068965518,17,0.5223765981996452,0.5261650320145784,0.8717948717948718
Parkinsons,6,ACP-Gini,43,4,0.9743589743589743,0.9674185463659147,0.9793103448275863,19,0.35793913564579527,0.2896377552063763,0.5705128205128205
Parkinsons,8,CART,43,4,0.8974358974358975,0.8733766233766234,0.9275862068965518,17,0.5223765981996452,0.5261650320145784,0.8717948717948718
Parkinsons,8,ACP-Gini,43,4,0.9743589743589743,0.9674185463659147,0.9793103448275863,19,0.35793913564579527,0.2896377552063763,0.5705128205128205
Parkinsons,10,CART,43,4,0.8974358974358975,0.8733766233766234,0.9275862068965518,17,0.5223765981996452,0.5261650320145784,0.8717948717948718
Parkinsons,10,ACP-Gini,43,4,0.9743589743589743,0.9674185463659147,0.9793103448275863,19,0.35793913564579527,0.2896377552063763,0.5705128205128205
Parkinsons,3,CART,44,0,0.8461538461538461,0.7045454545454546,0.8333333333333334,13,0.29803278436396263,0.35796419414981295,0.7371794871794872
Parkinsons,3,ACP-Gini,44,0,0.9743589743589743,0.9623915139826422,0.9259259259259259,13,0.29803278436396263,0.25232409605938344,0.7371794871794872
Parkinsons,4,CART,44,0,0.8461538461538461,0.7045454545454546,0.6555555555555556,15,0.29803278436396263,0.3792874644923485,0.7371794871794872
Parkinsons,4,ACP-Gini,44,0,0.9487179487179487,0.9277777777777778,0.9240740740740742,15,0.29803278436396263,0.29696228209024184,0.7371794871794872
Parkinsons,6,CART,44,0,0.8461538461538461,0.7045454545454546,0.6555555555555556,17,0.29803278436396263,0.3769117488672218,0.7371794871794872
Parkinsons,6,ACP-Gini,44,0,0.9487179487179487,0.9277777777777778,0.9240740740740742,15,0.29803278436396263,0.29696228209024184,0.7371794871794872
Parkinsons,8,CART,44,0,0.8461538461538461,0.7045454545454546,0.6555555555555556,17,0.29803278436396263,0.3769117488672218,0.7371794871794872
Parkinsons,8,ACP-Gini,44,0,0.9487179487179487,0.9277777777777778,0.9240740740740742,15,0.29803278436396263,0.29696228209024184,0.7371794871794872
Parkinsons,10,CART,44,0,0.8461538461538461,0.7045454545454546,0.6555555555555556,17,0.29803278436396263,0.3769117488672218,0.7371794871794872
Parkinsons,10,ACP-Gini,44,0,0.9487179487179487,0.9277777777777778,0.9240740740740742,15,0.29803278436396263,0.29696228209024184,0.7371794871794872
Parkinsons,3,CART,44,1,0.8461538461538461,0.8100649350649352,0.9407407407407407,13,0.3068104285685111,0.3474729276690762,0.7756410256410257
Parkinsons,3,ACP-Gini,44,1,0.8461538461538461,0.8100649350649352,0.9314814814814816,13,0.2710030465422377,0.2780853514040249,0.7756410256410257
Parkinsons,4,CART,44,1,0.8461538461538461,0.8100649350649352,0.9037037037037036,17,0.3397313792653679,0.354916435563687,0.7756410256410257
Parkinsons,4,ACP-Gini,44,1,0.8461538461538461,0.8100649350649352,0.9018518518518519,17,0.2710030465422377,0.2839979087159464,0.7756410256410257
Parkinsons,6,CART,44,1,0.8461538461538461,0.8100649350649352,0.9037037037037036,17,0.3397313792653679,0.354916435563687,0.7756410256410257
Parkinsons,6,ACP-Gini,44,1,0.8461538461538461,0.8100649350649352,0.9018518518518519,17,0.2710030465422377,0.2839979087159464,0.7756410256410257
Parkinsons,8,CART,44,1,0.8461538461538461,0.8100649350649352,0.9037037037037036,17,0.3397313792653679,0.354916435563687,0.7756410256410257
Parkinsons,8,ACP-Gini,44,1,0.8461538461538461,0.8100649350649352,0.9018518518518519,17,0.2710030465422377,0.2839979087159464,0.7756410256410257
Parkinsons,10,CART,44,1,0.8461538461538461,0.8100649350649352,0.9037037037037036,17,0.3397313792653679,0.354916435563687,0.7756410256410257
Parkinsons,10,ACP-Gini,44,1,0.8461538461538461,0.8100649350649352,0.9018518518518519,17,0.2710030465422377,0.2839979087159464,0.7756410256410257
Parkinsons,3,CART,44,2,0.8717948717948718,0.8260481712756467,0.8741379310344828,15,0.4004045689779518,0.47313213298805745,0.0
Parkinsons,3,ACP-Gini,44,2,0.8461538461538461,0.7982758620689655,0.8224137931034483,13,0.31269317753605413,0.29273958303321157,0.0
Parkinsons,4,CART,44,2,0.8717948717948718,0.8260481712756467,0.8586206896551724,21,0.33907394637585303,0.44412824154956604,0.0
Parkinsons,4,ACP-Gini,44,2,0.8205128205128205,0.7719298245614035,0.7913793103448277,19,0.28909651540199144,0.3132133382228464,0.0
Parkinsons,6,CART,44,2,0.8717948717948718,0.8260481712756467,0.8586206896551724,21,0.33907394637585303,0.44412824154956604,0.0
Parkinsons,6,ACP-Gini,44,2,0.8205128205128205,0.7719298245614035,0.7913793103448277,19,0.28909651540199144,0.3132133382228464,0.0
Parkinsons,8,CART,44,2,0.8717948717948718,0.8260481712756467,0.8586206896551724,21,0.33907394637585303,0.44412824154956604,0.0
Parkinsons,8,ACP-Gini,44,2,0.8205128205128205,0.7719298245614035,0.7913793103448277,19,0.28909651540199144,0.3132133382228464,0.0
Parkinsons,10,CART,44,2,0.8717948717948718,0.8260481712756467,0.8586206896551724,21,0.33907394637585303,0.44412824154956604,0.0
Parkinsons,10,ACP-Gini,44,2,0.8205128205128205,0.7719298245614035,0.7913793103448277,19,0.28909651540199144,0.3132133382228464,0.0
Parkinsons,3,CART,44,3,0.8461538461538461,0.7833333333333333,0.8206896551724138,11,0.5165984915309974,0.6058508000991156,0.8782051282051282
Parkinsons,3,ACP-Gini,44,3,0.8461538461538461,0.7833333333333333,0.8655172413793104,11,0.2644535088421654,0.3884503720579218,0.0
Parkinsons,4,CART,44,3,0.8461538461538461,0.7982758620689655,0.8327586206896552,15,0.3650519678642149,0.4460708379089389,0.8782051282051282
Parkinsons,4,ACP-Gini,44,3,0.8461538461538461,0.8100649350649352,0.8879310344827586,15,0.27590356668614824,0.2940558036901912,0.0
Parkinsons,6,CART,44,3,0.8205128205128205,0.784189723320158,0.853448275862069,17,0.37348233760317245,0.4527115772347157,0.8782051282051282
Parkinsons,6,ACP-Gini,44,3,0.8205128205128205,0.7939622641509434,0.8982758620689655,17,0.286814842869445,0.3255096029549183,0.0
Parkinsons,8,CART,44,3,0.8205128205128205,0.784189723320158,0.853448275862069,17,0.37348233760317245,0.4527115772347157,0.8782051282051282
Parkinsons,8,ACP-Gini,44,3,0.8205128205128205,0.7939622641509434,0.8982758620689655,17,0.286814842869445,0.3255096029549183,0.0
Parkinsons,10,CART,44,3,0.8205128205128205,0.784189723320158,0.853448275862069,17,0.37348233760317245,0.4527115772347157,0.8782051282051282
Parkinsons,10,ACP-Gini,44,3,0.8205128205128205,0.7939622641509434,0.8982758620689655,17,0.286814842869445,0.3255096029549183,0.0
Parkinsons,3,CART,44,4,0.8717948717948718,0.8370927318295739,0.8258620689655172,15,0.42005034219257426,0.43096324316289564,0.0
Parkinsons,3,ACP-Gini,44,4,0.8461538461538461,0.7641129032258065,0.8155172413793104,13,0.3141778685005364,0.18984326490254747,0.0
Parkinsons,4,CART,44,4,0.8717948717948718,0.8370927318295739,0.8637931034482758,19,0.4552722177932883,0.4390085079949076,0.0
Parkinsons,4,ACP-Gini,44,4,0.9230769230769231,0.8956289027653881,0.8672413793103448,19,0.3055571934617643,0.18249657481948203,0.0
Parkinsons,6,CART,44,4,0.8717948717948718,0.8370927318295739,0.8706896551724137,21,0.4552722177932883,0.433294213438667,0.0
Parkinsons,6,ACP-Gini,44,4,0.9230769230769231,0.8956289027653881,0.8741379310344828,21,0.3055571934617643,0.19019889964184172,0.0
Parkinsons,8,CART,44,4,0.8717948717948718,0.8370927318295739,0.8706896551724137,21,0.4552722177932883,0.433294213438667,0.0
Parkinsons,8,ACP-Gini,44,4,0.9230769230769231,0.8956289027653881,0.8741379310344828,21,0.3055571934617643,0.19019889964184172,0.0
Parkinsons,10,CART,44,4,0.8717948717948718,0.8370927318295739,0.8706896551724137,21,0.4552722177932883,0.433294213438667,0.0
Parkinsons,10,ACP-Gini,44,4,0.9230769230769231,0.8956289027653881,0.8741379310344828,21,0.3055571934617643,0.19019889964184172,0.0
Musk1,3,CART,42,0,0.7708333333333334,0.7604355716878403,0.781084656084656,15,0.20604760210039577,0.1539171505235992,0.0
Musk1,3,ACP-Gini,42,0,0.7708333333333334,0.7604355716878403,0.7700617283950617,13,0.1887571457476677,0.15015140552273606,0.0
Musk1,4,CART,42,0,0.7395833333333334,0.7206378768478641,0.7645502645502645,21,0.22765257109278597,0.17858107534206455,0.0
Musk1,4,ACP-Gini,42,0,0.7395833333333334,0.7237251064809485,0.7491181657848325,21,0.1651197707672874,0.1527201859004286,0.0
Musk1,6,CART,42,0,0.7291666666666666,0.7248677248677249,0.8183421516754851,43,0.22106089896715633,0.19599434931668983,0.06842105263157895
Musk1,6,ACP-Gini,42,0,0.75,0.7386569872958257,0.7511022927689595,41,0.1625113530515223,0.13794918692644872,0.0
Musk1,8,CART,42,0,0.75,0.746031746031746,0.7727072310405645,55,0.22737567356123173,0.20461050791404997,0.13157894736842105
Musk1,8,ACP-Gini,42,0,0.6979166666666666,0.6922736818834974,0.7601410934744267,51,0.1609048575238033,0.14217587434259762,0.0
Musk1,10,CART,42,0,0.75,0.746031746031746,0.7837301587301586,57,0.23909951572777383,0.20678261521206653,0.13157894736842105
Musk1,10,ACP-Gini,42,0,0.71875,0.7150082462891698,0.767636684303351,57,0.1669246397371755,0.14365209735333834,0.0
Musk1,3,CART,42,1,0.7157894736842105,0.6996838777660696,0.7212488769092543,13,0.19449642854904325,0.12602733084618417,0.0
Musk1,3,ACP-Gini,42,1,0.7263157894736842,0.7059523809523809,0.7223719676549866,13,0.1339827722868855,0.09881136816185508,0.0
Musk1,4,CART,42,1,0.7368421052631579,0.7189016451651082,0.7672955974842768,19,0.18264273248733645,0.14128362948795128,0.0
Musk1,4,ACP-Gini,42,1,0.7578947368421053,0.7382920110192837,0.7911051212938006,21,0.16375074168380177,0.13541933714405624,0.0
Musk1,6,CART,42,1,0.7789473684210526,0.775363134782119,0.793351302785265,35,0.21695422221777352,0.17592766718585928,0.0
Musk1,6,ACP-Gini,42,1,0.7894736842105263,0.7854561878952122,0.8115453728661276,35,0.1913598031576145,0.17021858191140793,0.0
Musk1,8,CART,42,1,0.7894736842105263,0.7854561878952122,0.8072776280323452,49,0.29838762771150484,0.20748983109603777,0.5170603674540682
Musk1,8,ACP-Gini,42,1,0.7789473684210526,0.775363134782119,0.8059299191374663,47,0.16374322267315772,0.16367819551858448,0.0
Musk1,10,CART,42,1,0.7894736842105263,0.7854561878952122,0.8153638814016173,55,0.3130872352652333,0.20990973098604893,0.5170603674540682
Musk1,10,ACP-Gini,42,1,0.8,0.7955600860799638,0.8191823899371069,51,0.16374322267315772,0.1617367991092511,0.0
Musk1,3,CART,42,2,0.7157894736842105,0.709480122324159,0.7479674796747968,11,0.1549409357876085,0.10679686952532032,0.0
Musk1,3,ACP-Gini,42,2,0.7263157894736842,0.7059523809523809,0.7267389340560073,11,0.09448674929174852,0.0736943705973989,0.0
Musk1,4,CART,42,2,0.7684210526315789,0.7587719298245614,0.8017163504968383,19,0.29607628592643725,0.1822372695166699,0.11286089238845144
Musk1,4,ACP-Gini,42,2,0.7473684210526316,0.7343895619757689,0.8211382113821138,19,0.19884660011127633,0.12211758737259365,0.0
Musk1,6,CART,42,2,0.7789473684210526,0.7638773819386909,0.820460704607046,31,0.24298268277397647,0.18595388070311616,0.11286089238845144
Musk1,6,ACP-Gini,42,2,0.7684210526315789,0.7663237924865831,0.8093947606142728,41,0.17323301689100498,0.1534858526277697,0.10498687664041995
Musk1,8,CART,42,2,0.7684210526315789,0.7640018066847335,0.8148148148148149,41,0.254316356808719,0.20067493210657503,0.35170603674540685
Musk1,8,ACP-Gini,42,2,0.7789473684210526,0.7764705882352941,0.8026196928635954,51,0.14380476485581853,0.15706144744635553,0.10498687664041995
Musk1,10,CART,42,2,0.7789473684210526,0.7724940130003422,0.7816169828364952,47,0.2475934543789363,0.19686643242815857,0.35170603674540685
Musk1,10,ACP-Gini,42,2,0.7789473684210526,0.7764705882352941,0.8026196928635954,51,0.14380476485581853,0.15706144744635553,0.10498687664041995
Musk1,3,CART,42,3,0.8105263157894737,0.8042582417582418,0.8136856368563685,13,0.14368312693663893,0.10996246958893105,0.0
Musk1,3,ACP-Gini,42,3,0.7894736842105263,0.7825091575091575,0.7804878048780488,13,0.13553336893968765,0.1038944787953676,0.0
Musk1,4,CART,42,3,0.8,0.7925525801631996,0.8093947606142727,19,0.20085705633296036,0.12944253145190177,0.1968503937007874
Musk1,4,ACP-Gini,42,3,0.7789473684210526,0.7707160096540628,0.778906955736224,19,0.1682853327491843,0.1189180173068417,0.0
Musk1,6,CART,42,3,0.7684210526315789,0.7677777777777778,0.8274616079494128,31,0.1925720048181134,0.1387139006239516,0.42782152230971127
Musk1,6,ACP-Gini,42,3,0.6947368421052632,0.6947368421052632,0.7843270099367661,33,0.20628439130123938,0.1285480204135551,0.0
Musk1,8,CART,42,3,0.7157894736842105,0.7157894736842105,0.7859078590785907,47,0.20243267997111358,0.1602982801217578,0.7480314960629921
Musk1,8,ACP-Gini,42,3,0.6736842105263158,0.6735395189003437,0.7822944896115627,49,0.20882353143909366,0.13189641625185977,0.0
Musk1,10,CART,42,3,0.7263157894736842,0.7262854609929078,0.7579042457091237,55,0.21463810918760917,0.16539579987783823,0.7480314960629921
Musk1,10,ACP-Gini,42,3,0.7052631578947368,0.7052304964539007,0.7662601626016259,55,0.18437611820543448,0.12939224985426198,0.0
Musk1,3,CART,42,4,0.7263157894736842,0.6887600806451613,0.778003613369467,11,0.15042188849989352,0.13255507970358038,0.0
Musk1,3,ACP-Gini,42,4,0.7578947368421053,0.7310769230769231,0.7901987353206864,13,0.16341476707515568,0.10916588317158539,0.0
Musk1,4,CART,42,4,0.7263157894736842,0.6981915933528837,0.787037037037037,19,0.23886547977358374,0.18659827316744995,0.0
Musk1,4,ACP-Gini,42,4,0.7473684210526316,0.7127016129032258,0.8220415537488708,23,0.17032344671015942,0.1170155187010241,0.0
Musk1,6,CART,42,4,0.7578947368421053,0.7382920110192837,0.824977416440831,33,0.23920128320456205,0.18697897362697213,0.6036745406824147
Musk1,6,ACP-Gini,42,4,0.8105263157894737,0.8007921714818267,0.8299457994579945,39,0.17557862858913775,0.1332118453089107,0.0
Musk1,8,CART,42,4,0.7789473684210526,0.7740400951410126,0.8486901535682023,43,0.257378969277635,0.20716352736632607,0.6036745406824147
Musk1,8,ACP-Gini,42,4,0.8210526315789474,0.8143891506723365,0.8380758807588076,49,0.17187934874332775,0.13655388025999693,0.07611548556430446
Musk1,10,CART,42,4,0.8,0.7941612498574524,0.8599819331526648,49,0.25533428155251264,0.20796332958543373,0.6036745406824147
Musk1,10,ACP-Gini,42,4,0.8315789473684211,0.8245614035087719,0.8367208672086721,53,0.17680594661925764,0.13730909036718225,0.07611548556430446
Musk1,3,CART,43,0,0.7395833333333334,0.7264957264957265,0.7268518518518519,11,0.13187803832715733,0.10691684243751694,0.0
Musk1,3,ACP-Gini,43,0,0.7291666666666666,0.7077283372365339,0.7427248677248678,11,0.09385232412595575,0.08061016328143893,0.0
Musk1,4,CART,43,0,0.7291666666666666,0.7077283372365339,0.7561728395061729,17,0.22927570936754343,0.15267942544652408,0.0
Musk1,4,ACP-Gini,43,0,0.75,0.7302107728337237,0.7861552028218696,19,0.17232641330702006,0.12352044130776918,0.0
Musk1,6,CART,43,0,0.78125,0.7771637006742567,0.8154761904761904,35,0.29205927683757793,0.19763099659454098,0.2894736842105263
Musk1,6,ACP-Gini,43,0,0.7916666666666666,0.7883597883597884,0.8414902998236331,35,0.16687573904728065,0.13315602907368113,0.0
Musk1,8,CART,43,0,0.75,0.7408906882591093,0.7724867724867724,51,0.27728779522394653,0.18933408069958785,0.31842105263157894
Musk1,8,ACP-Gini,43,0,0.7395833333333334,0.7393287715868362,0.8425925925925926,51,0.15508958927925415,0.12980944288222376,0.0
Musk1,10,CART,43,0,0.7604166666666666,0.7526604682424107,0.7663139329805996,55,0.26699514405055375,0.18693978781111922,0.37105263157894736
Musk1,10,ACP-Gini,43,0,0.75,0.7490196078431373,0.8247354497354498,57,0.14845135627572215,0.12618595394530877,0.0
Musk1,3,CART,43,1,0.7578947368421053,0.7525201042020614,0.8140161725067385,13,0.21426126098565457,0.18481033124409332,0.0
Musk1,3,ACP-Gini,43,1,0.7578947368421053,0.7525201042020614,0.8140161725067385,13,0.2163162847357796,0.18440926897353982,0.0
Musk1,4,CART,43,1,0.7894736842105263,0.7854561878952122,0.8137915543575922,25,0.25262950163359627,0.20447279225112752,0.0
Musk1,4,ACP-Gini,43,1,0.7894736842105263,0.7854561878952122,0.8095238095238096,25,0.19986267102518623,0.19634343510076743,0.0
Musk1,6,CART,43,1,0.8526315789473684,0.8488636363636364,0.8459119496855347,43,0.2506928831218724,0.2027482414837588,0.06299212598425197
Musk1,6,ACP-Gini,43,1,0.8421052631578947,0.8374957235716729,0.8548966756513926,43,0.1810679807682636,0.17929821156680595,0.0
Musk1,8,CART,43,1,0.8526315789473684,0.8498193315266486,0.8432165318957773,53,0.25911415445733044,0.20789655094944753,0.3753280839895013
Musk1,8,ACP-Gini,43,1,0.8210526315789474,0.8181511091093345,0.8304132973944296,53,0.16639158996611286,0.16599450763992935,0.0
Musk1,10,CART,43,1,0.8421052631578947,0.8395450962729423,0.8414195867026056,55,0.27339524378976127,0.2123384676582774,0.3753280839895013
Musk1,10,ACP-Gini,43,1,0.8105263157894737,0.8079514824797844,0.8288409703504044,55,0.16887469277129438,0.166700208747097,0.0
Musk1,3,CART,43,2,0.7578947368421053,0.7382920110192837,0.7348690153568203,13,0.17440719463689655,0.10917662546199143,0.0
Musk1,3,ACP-Gini,43,2,0.7263157894736842,0.7022661523625844,0.7228997289972899,13,0.16629564305250819,0.09036211000265036,0.0
Musk1,4,CART,43,2,0.7157894736842105,0.6794150731158606,0.7009936766034327,21,0.25387313897677877,0.1796543728818784,0.0
Musk1,4,ACP-Gini,43,2,0.7578947368421053,0.7310769230769231,0.7303523035230353,21,0.1577287999349354,0.13733286399779465,0.0
Musk1,6,CART,43,2,0.7263157894736842,0.7059523809523809,0.7515808491418249,39,0.24967418425859292,0.1914134213531873,0.0
Musk1,6,ACP-Gini,43,2,0.7263157894736842,0.7149122807017544,0.7786811201445347,39,0.13274419273863222,0.13194709553739925,0.0
Musk1,8,CART,43,2,0.7473684210526316,0.731638418079096,0.7527100271002709,51,0.2682220726327288,0.21320463938193776,0.0
Musk1,8,ACP-Gini,43,2,0.7578947368421053,0.7441751551340592,0.745483288166215,49,0.15412376180062715,0.1451273071749585,0.0
Musk1,10,CART,43,2,0.7473684210526316,0.731638418079096,0.7558717253839206,53,0.27552246117551216,0.21498172048635675,0.05774278215223097
Musk1,10,ACP-Gini,43,2,0.7368421052631579,0.7189016451651082,0.7445799457994581,53,0.15093731884762254,0.14230242377959734,0.0
Musk1,3,CART,43,3,0.6736842105263158,0.6683931989640806,0.6973803071364048,15,0.29616899483442766,0.17543078856263256,0.0
Musk1,3,ACP-Gini,43,3,0.6842105263157895,0.6710526315789473,0.7028003613369467,15,0.2955922193709103,0.1563650593251202,0.0
Musk1,4,CART,43,3,0.7263157894736842,0.712255358807083,0.6996386630532972,25,0.251701028494804,0.2139544522642527,0.5826771653543307
Musk1,4,ACP-Gini,43,3,0.7157894736842105,0.6927775781530723,0.7199638663053296,25,0.18355087984190344,0.15030025557200621,0.0
Musk1,6,CART,43,3,0.7473684210526316,0.736842105263158,0.7691960252935863,41,0.22410991162424224,0.20578332694804416,0.8871391076115486
Musk1,6,ACP-Gini,43,3,0.6736842105263158,0.6585507246376812,0.7271906052393857,39,0.16643486470082228,0.156409994278379,0.0
Musk1,8,CART,43,3,0.7684210526315789,0.7640018066847335,0.7811653116531165,47,0.24471728697088543,0.21020401910715408,0.8871391076115486
Musk1,8,ACP-Gini,43,3,0.7157894736842105,0.7137596250418481,0.7495483288166214,47,0.18158096267132762,0.1624118964485317,0.0
Musk1,10,CART,43,3,0.7684210526315789,0.7640018066847335,0.7836495031616982,51,0.24130007678031407,0.21011709831582473,0.8871391076115486
Musk1,10,ACP-Gini,43,3,0.6947368421052632,0.6897871861276883,0.7418699186991871,51,0.17248656268289037,0.1629657229811815,0.0
Musk1,3,CART,43,4,0.7578947368421053,0.7441751551340592,0.7732610659439929,13,0.143251255469427,0.10368505743989512,0.0
Musk1,3,ACP-Gini,43,4,0.7684210526315789,0.7565237651444547,0.7947154471544716,13,0.15303957238694194,0.10128030152198585,0.0
Musk1,4,CART,43,4,0.8,0.7907246376811594,0.8123306233062331,21,0.24355220184980148,0.16386258681838392,0.0
Musk1,4,ACP-Gini,43,4,0.7894736842105263,0.7786579683131407,0.8066847335140018,21,0.23056318258955855,0.14567841468704065,0.0
Musk1,6,CART,43,4,0.7789473684210526,0.775363134782119,0.8642728093947607,31,0.26063892669920996,0.19160639643063468,0.0
Musk1,6,ACP-Gini,43,4,0.7894736842105263,0.7786579683131407,0.8459801264679312,31,0.1805766016689528,0.14108947435551208,0.0
Musk1,8,CART,43,4,0.8315789473684211,0.8283649503161699,0.8803071364046974,43,0.2886444475468058,0.2121923763183022,0.1732283464566929
Musk1,8,ACP-Gini,43,4,0.7368421052631579,0.7368421052631579,0.8654019873532068,37,0.17264108712518714,0.1463047344877045,0.0
Musk1,10,CART,43,4,0.8315789473684211,0.8283649503161699,0.8782746160794941,51,0.26838773227162094,0.21253260498284834,0.1732283464566929
Musk1,10,ACP-Gini,43,4,0.7578947368421053,0.7574647574647575,0.8717253839205059,41,0.1666479159781484,0.14919501059926712,0.0
Musk1,3,CART,44,0,0.78125,0.7723320158102767,0.7932098765432098,13,0.2078201183850368,0.14143682541838543,0.0
Musk1,3,ACP-Gini,44,0,0.78125,0.7723320158102767,0.7918871252204586,13,0.1294184939874385,0.13558301446849477,0.0
Musk1,4,CART,44,0,0.7916666666666666,0.7840755735492577,0.8447971781305116,21,0.2148898535388043,0.16179102479315086,0.0
Musk1,4,ACP-Gini,44,0,0.8125,0.8021071919377004,0.8384038800705468,21,0.16650445983328876,0.1551025886198782,0.0
Musk1,6,CART,44,0,0.7708333333333334,0.7683194383501536,0.8256172839506173,39,0.2750136059163332,0.20748003163897893,0.20789473684210527
Musk1,6,ACP-Gini,44,0,0.7291666666666666,0.7192982456140351,0.7916666666666666,43,0.16877014914781344,0.16398820883418713,0.0
Musk1,8,CART,44,0,0.7708333333333334,0.7683194383501536,0.8324514991181657,49,0.2668234490994833,0.21391759093637705,0.5526315789473685
Musk1,8,ACP-Gini,44,0,0.7395833333333334,0.7289666854884247,0.7559523809523809,55,0.15237106287480226,0.1484063477299047,0.0
Musk1,10,CART,44,0,0.7708333333333334,0.7683194383501536,0.8258377425044092,53,0.2668234490994833,0.21462819847290562,0.5526315789473685
Musk1,10,ACP-Gini,44,0,0.7604166666666666,0.7526604682424107,0.7522045855379188,61,0.15337466519954945,0.14953199066132594,0.04473684210526316
Musk1,3,CART,44,1,0.8,0.7838064438854953,0.7951482479784368,15,0.19773645582977253,0.16022975213528562,0.0
Musk1,3,ACP-Gini,44,1,0.8,0.7886664325020489,0.8411949685534591,15,0.16636098921861622,0.13734413834277015,0.0
Musk1,4,CART,44,1,0.7578947368421053,0.7525201042020614,0.8362533692722373,21,0.23751380630180635,0.20135157864690895,0.0
Musk1,4,ACP-Gini,44,1,0.7789473684210526,0.7638773819386909,0.8333333333333333,21,0.17302738509096216,0.14438069956158908,0.0
Musk1,6,CART,44,1,0.7789473684210526,0.7740400951410126,0.8185085354896676,39,0.2758530286622437,0.23855045061462393,0.5091863517060368
Musk1,6,ACP-Gini,44,1,0.7473684210526316,0.7471162377994676,0.8245732255166218,37,0.1280564992308569,0.12936875853614313,0.0
Musk1,8,CART,44,1,0.7894736842105263,0.7866127583108715,0.8286163522012578,51,0.3033629321045147,0.24819725453152802,0.5091863517060368
Musk1,8,ACP-Gini,44,1,0.7473684210526316,0.7473404255319149,0.8119946091644206,49,0.1383770269803284,0.1310047862191034,0.0
Musk1,10,CART,44,1,0.7894736842105263,0.7866127583108715,0.8340071877807727,53,0.3033629321045147,0.24886775828903282,0.5091863517060368
Musk1,10,ACP-Gini,44,1,0.7473684210526316,0.7473404255319149,0.8101976639712489,57,0.13571072557634395,0.13085512313575948,0.0
Musk1,3,CART,44,2,0.7473684210526316,0.731638418079096,0.8175248419150858,13,0.20159826516500884,0.15074441287694856,0.0
Musk1,3,ACP-Gini,44,2,0.7473684210526316,0.731638418079096,0.8175248419150858,13,0.1890087525153077,0.1385357833199794,0.0
Musk1,4,CART,44,2,0.7473684210526316,0.7459893048128342,0.8317524841915085,21,0.22693046684758755,0.1508293915213926,0.0
Musk1,4,ACP-Gini,44,2,0.7473684210526316,0.7439353099730459,0.8353658536585367,21,0.20058184868587692,0.1422568368228121,0.0
Musk1,6,CART,44,2,0.7578947368421053,0.7508267761432319,0.8288166214995483,37,0.26871031462010075,0.16530617065265157,0.42782152230971127
Musk1,6,ACP-Gini,44,2,0.8105263157894737,0.8056818181818182,0.8453026196928637,39,0.19658247239927576,0.14665948936752135,0.0
Musk1,8,CART,44,2,0.7578947368421053,0.7525201042020614,0.8270099367660343,51,0.25229187084881055,0.16296986688413484,0.5748031496062992
Musk1,8,ACP-Gini,44,2,0.8,0.7941612498574524,0.8256549232158988,51,0.17417096453137398,0.14252350762111704,0.0
Musk1,10,CART,44,2,0.7578947368421053,0.7525201042020614,0.8270099367660343,51,0.25229187084881055,0.16296986688413484,0.5748031496062992
Musk1,10,ACP-Gini,44,2,0.8,0.7941612498574524,0.8256549232158988,51,0.17417096453137398,0.14252350762111704,0.0
Musk1,3,CART,44,3,0.7578947368421053,0.7382920110192837,0.7332881662149955,13,0.2567344099333019,0.16485644847012096,0.0
Musk1,3,ACP-Gini,44,3,0.7578947368421053,0.7269091363579552,0.7348690153568203,13,0.16899712330045308,0.14317919898626294,0.0
Musk1,4,CART,44,3,0.7473684210526316,0.7214076246334311,0.7793586269196024,19,0.21925844231357555,0.14300924124145967,0.0
Musk1,4,ACP-Gini,44,3,0.7789473684210526,0.7579177284310157,0.8143631436314362,19,0.15600590891962196,0.16262473446024983,0.0
Musk1,6,CART,44,3,0.7578947368421053,0.7508267761432319,0.7798102981029811,33,0.2687834910434933,0.19190549256095107,0.30446194225721784
Musk1,6,ACP-Gini,44,3,0.7894736842105263,0.7786579683131407,0.8622402890695574,29,0.18647753659733204,0.17106270723874636,0.0
Musk1,8,CART,44,3,0.7473684210526316,0.739010989010989,0.768970189701897,47,0.2954097382838932,0.20617650334196716,0.5091863517060368
Musk1,8,ACP-Gini,44,3,0.8,0.7955600860799638,0.8518518518518519,41,0.17033149097283906,0.15614229382133543,0.0
Musk1,10,CART,44,3,0.7473684210526316,0.736842105263158,0.7348690153568203,55,0.28896267435198975,0.21676517791773772,0.5091863517060368
Musk1,10,ACP-Gini,44,3,0.8105263157894737,0.8056818181818182,0.8364950316169828,49,0.15105711006743927,0.15239088335110848,0.0
Musk1,3,CART,44,4,0.6842105263157895,0.6679869524697111,0.6982836495031617,13,0.2322513704135988,0.1321985718061047,0.0
Musk1,3,ACP-Gini,44,4,0.6842105263157895,0.6679869524697111,0.6998644986449866,11,0.15031366262992396,0.10339383526608582,0.0
Musk1,4,CART,44,4,0.6947368421052632,0.6739259083915257,0.6856368563685638,21,0.3244355710998081,0.17067744576279417,0.0
Musk1,4,ACP-Gini,44,4,0.6842105263157895,0.66454802259887,0.7206413730803974,19,0.18437653015753744,0.12059214043781497,0.0
Musk1,6,CART,44,4,0.7052631578947368,0.6793635486981677,0.7486449864498644,33,0.3815979631595158,0.20971853647818967,0.6167979002624672
Musk1,6,ACP-Gini,44,4,0.7052631578947368,0.6869114877589454,0.763550135501355,35,0.1814479675795192,0.13498514777051035,0.0
Musk1,8,CART,44,4,0.7263157894736842,0.7172619047619048,0.7439024390243903,51,0.3753080951119728,0.2463941314428646,0.6167979002624672
Musk1,8,ACP-Gini,44,4,0.7052631578947368,0.7012578616352201,0.7850045167118338,45,0.1645639959912808,0.1360098593015869,0.0
Musk1,10,CART,44,4,0.7263157894736842,0.7172619047619048,0.736449864498645,53,0.36042302887613353,0.2445675597056594,0.6167979002624672
Musk1,10,ACP-Gini,44,4,0.7052631578947368,0.7012578616352201,0.7813911472448057,53,0.15686617828765287,0.13284471885310675,0.0
Landsat,3,CART,42,0,0.9114219114219114,0.8630268199233717,0.932483526880001,15,0.48220765199050936,0.5184254516507585,1.0
Landsat,3,ACP-Gini,42,0,0.9106449106449106,0.86162752322569,0.9315174591753113,15,0.46066940769266623,0.4786279021965427,0.967948717948718
Landsat,4,CART,42,0,0.9316239316239316,0.9108731372882316,0.964087265895145,31,0.5313848200967964,0.5524168001695348,1.0
Landsat,4,ACP-Gini,42,0,0.9324009324009324,0.911971911265133,0.9674018775026152,31,0.5487183809580032,0.5209582036262207,0.9883449883449883
Landsat,6,CART,42,0,0.9642579642579643,0.9511324990920197,0.9696021799817446,75,0.4967492020023294,0.5840188474239725,1.0
Landsat,6,ACP-Gini,42,0,0.965034965034965,0.95224737861484,0.9761114775505852,75,0.4924664174058188,0.5507389710583847,0.9966977466977467
Landsat,8,CART,42,0,0.9658119658119658,0.9529448913115734,0.9720489962889676,113,0.4852431174225696,0.5835923147594836,1.0
Landsat,8,ACP-Gini,42,0,0.9665889665889665,0.9540656631681171,0.9762114155890015,109,0.4888497159965448,0.5514444848462231,0.9966977466977467
Landsat,10,CART,42,0,0.9681429681429682,0.9560052459869284,0.9711512195771955,127,0.48837921345978047,0.5854927916764137,1.0
Landsat,10,ACP-Gini,42,0,0.9712509712509713,0.9602075734215771,0.974602413170501,125,0.4876220531768507,0.5488887831293779,0.9966977466977467
Landsat,3,CART,42,1,0.9526029526029526,0.9361031959389673,0.963349390044839,15,0.5404628486875318,0.5131439969154494,0.6895881895881896
Landsat,3,ACP-Gini,42,1,0.9526029526029526,0.9361031959389673,0.963349390044839,15,0.5404628486875318,0.5131439969154494,0.6895881895881896
Landsat,4,CART,42,1,0.9619269619269619,0.9487819437732739,0.9748472613646205,27,0.5614189631868771,0.549468003557966,1.0
Landsat,4,ACP-Gini,42,1,0.9603729603729604,0.9466914108660605,0.9745724317589761,27,0.5020115916840316,0.536061662907592,0.965034965034965
Landsat,6,CART,42,1,0.9728049728049728,0.9631011272402887,0.9793111604138767,69,0.5023181342959446,0.5432090166234771,1.0
Landsat,6,ACP-Gini,42,1,0.9689199689199689,0.9578753739501574,0.9809384848060869,69,0.4759778367858139,0.5332783049611987,1.0
Landsat,8,CART,42,1,0.9774669774669774,0.9692260884406747,0.9774872912127814,99,0.5095529481239406,0.5572250864706786,1.0
Landsat,8,ACP-Gini,42,1,0.9774669774669774,0.96915824136777,0.9786748882359604,99,0.47529637431093874,0.5269388342341771,1.0
Landsat,10,CART,42,1,0.9766899766899767,0.968059443683364,0.978336764539319,117,0.48842220966039174,0.5602860596849258,1.0
Landsat,10,ACP-Gini,42,1,0.9782439782439782,0.9701225740551583,0.9809584724137701,121,0.48246531519800295,0.5326685533057849,1.0
Landsat,3,CART,42,2,0.9121989121989122,0.866682861765663,0.9404041746991957,15,0.4408195702100156,0.4792961545562166,0.9838772338772339
Landsat,3,ACP-Gini,42,2,0.9121989121989122,0.866682861765663,0.9404041746991957,15,0.4408195702100156,0.4792961545562166,0.9838772338772339
Landsat,4,CART,42,2,0.9238539238539238,0.902798157784409,0.9622897693279266,31,0.4719606114537612,0.6054334067518422,1.0
Landsat,4,ACP-Gini,42,2,0.9316239316239316,0.9120628610472701,0.96264043076514,31,0.4399298596709848,0.49597181170676796,1.0
Landsat,6,CART,42,2,0.9572649572649573,0.9423881274859541,0.9644967759090608,75,0.4868633185041147,0.6144210504890311,1.0
Landsat,6,ACP-Gini,42,2,0.9595959595959596,0.9442645559752953,0.9593698065545435,73,0.4715450908840491,0.539239653350079,1.0
Landsat,8,CART,42,2,0.9619269619269619,0.9478880630007147,0.97145017616167,105,0.4847956828159924,0.6227823091518393,1.0
Landsat,8,ACP-Gini,42,2,0.9627039627039627,0.9488951098933827,0.9711892574619424,105,0.4825369450068359,0.5477062410110517,1.0
Landsat,10,CART,42,2,0.9634809634809635,0.9500150808374204,0.9713986571827429,119,0.4881152681579132,0.6241642057890413,1.0
Landsat,10,ACP-Gini,42,2,0.9665889665889665,0.9539627965556742,0.9729292694276408,129,0.48574802844109616,0.550074520954281,1.0
Landsat,3,CART,42,3,0.9044289044289044,0.8528425015687094,0.9429003523233398,15,0.43613439159116185,0.5123915134516865,1.0
Landsat,3,ACP-Gini,42,3,0.9044289044289044,0.8536695615198673,0.943678122714884,15,0.4301301315184727,0.5003326164839282,0.9625097125097125
Landsat,4,CART,42,3,0.9362859362859363,0.9172723567038756,0.973898158611979,31,0.5036214798826959,0.6272239419139689,1.0
Landsat,4,ACP-Gini,42,3,0.9331779331779332,0.9137351057793629,0.9729608455760155,31,0.5153737176394816,0.5275634211580579,1.0
Landsat,6,CART,42,3,0.9673659673659674,0.9550837598883202,0.9760187462607193,81,0.5033605895406434,0.6509950115380456,1.0
Landsat,6,ACP-Gini,42,3,0.9689199689199689,0.9572226284650668,0.9803014691218507,81,0.48076400212578224,0.5745773671846567,1.0
Landsat,8,CART,42,3,0.9728049728049728,0.9626115862996303,0.9805690354317622,117,0.5205371619871682,0.6534049975752259,1.0
Landsat,8,ACP-Gini,42,3,0.9728049728049728,0.9627771878576534,0.9811108156617696,121,0.4833600520635179,0.5786681922024024,1.0
Landsat,10,CART,42,3,0.9743589743589743,0.9646691229380755,0.9801618693079838,131,0.5088520266437475,0.6542460795547086,1.0
Landsat,10,ACP-Gini,42,3,0.9751359751359752,0.9658543703487523,0.9807219304659974,137,0.48317547758434964,0.5767984455182026,1.0
Landsat,3,CART,42,4,0.9168609168609169,0.8737616478666013,0.949092601209865,15,0.43012434619705725,0.4961783423674113,1.0
Landsat,3,ACP-Gini,42,4,0.9168609168609169,0.8737616478666013,0.9491058964302334,15,0.4215366993513506,0.4832119451478444,0.9642579642579643
Landsat,4,CART,42,4,0.9432789432789432,0.9244891316141632,0.9803496642956857,31,0.5072204885383992,0.5260686021878632,1.0
Landsat,4,ACP-Gini,42,4,0.9440559440559441,0.925600246650309,0.9808997540384232,31,0.4831906535806881,0.5138132100155592,0.9865967365967366
Landsat,6,CART,42,4,0.9704739704739704,0.9588036497678463,0.9808166589111215,79,0.47974485111302323,0.5676668460074634,1.0
Landsat,6,ACP-Gini,42,4,0.9696969696969697,0.957768236443354,0.9822508808083494,79,0.47214711115198515,0.546830456573541,0.9965034965034965
Landsat,8,CART,42,4,0.9728049728049728,0.9623585153987891,0.9812038822043474,107,0.499373813335294,0.5781005533043674,1.0
Landsat,8,ACP-Gini,42,4,0.9735819735819736,0.9636392341953068,0.9783969288040949,113,0.4796608812940789,0.5511795084771077,0.9965034965034965
Landsat,10,CART,42,4,0.9743589743589743,0.9645895882333815,0.9807917303729309,127,0.493124321139619,0.575297872354068,1.0
Landsat,10,ACP-Gini,42,4,0.9735819735819736,0.9636392341953068,0.9790467326995946,131,0.4840841338209692,0.552198902425645,0.9965034965034965
Landsat,3,CART,43,0,0.916083916083916,0.8757944025449476,0.9490149440680113,15,0.4353973076141705,0.494100959549067,1.0
Landsat,3,ACP-Gini,43,0,0.916083916083916,0.8757944025449476,0.9490149440680113,15,0.4353973076141705,0.494100959549067,1.0
Landsat,4,CART,43,0,0.940947940947941,0.9224162547353593,0.9744608342827448,31,0.46071122013469856,0.5161760396157972,1.0
Landsat,4,ACP-Gini,43,0,0.940947940947941,0.9224162547353593,0.9744874844263224,31,0.45935768806905775,0.5142180551169035,1.0
Landsat,6,CART,43,0,0.9658119658119658,0.952298962889085,0.9854673435803135,69,0.5130137852346758,0.5775034987817389,1.0
Landsat,6,ACP-Gini,43,0,0.9665889665889665,0.9535435615679395,0.9862068850645933,71,0.5004618530934929,0.5657269106656005,1.0
Landsat,8,CART,43,0,0.9696969696969697,0.9581513315485417,0.9787115321833797,99,0.49573563797283415,0.583400081048815,1.0
Landsat,8,ACP-Gini,43,0,0.9735819735819736,0.9636392341953068,0.9855889348603867,101,0.49015827011617524,0.5645075514389437,1.0
Landsat,10,CART,43,0,0.9728049728049728,0.9623585153987891,0.9756117873585044,119,0.4986244879176156,0.5846011143906793,1.0
Landsat,10,ACP-Gini,43,0,0.9712509712509713,0.9603865923851149,0.9805653827959999,121,0.49488471826956165,0.5578908932831724,1.0
Landsat,3,CART,43,1,0.9502719502719502,0.9321596120394287,0.9509920515946778,15,0.4963891327719046,0.4924379274734915,0.6919191919191919
Landsat,3,ACP-Gini,43,1,0.9502719502719502,0.9321596120394287,0.9509920515946778,15,0.4963891327719046,0.4924379274734915,0.6919191919191919
Landsat,4,CART,43,1,0.9564879564879565,0.9405091293294152,0.9675134749788465,27,0.5590383258951607,0.5264122560000496,1.0
Landsat,4,ACP-Gini,43,1,0.9557109557109557,0.9393799916538927,0.9673036050981725,27,0.5012112358379486,0.5175026853268644,0.9827117327117327
Landsat,6,CART,43,1,0.9673659673659674,0.9555769230769231,0.9823276235400717,67,0.5006688730683577,0.5294576689523518,1.0
Landsat,6,ACP-Gini,43,1,0.9658119658119658,0.953562595535029,0.9803238658698274,67,0.47333836742197416,0.5186283380588145,1.0
Landsat,8,CART,43,1,0.972027972027972,0.9615861666423464,0.9733681783960612,97,0.48371075479570197,0.5378150395117562,1.0
Landsat,8,ACP-Gini,43,1,0.9735819735819736,0.9637202684955494,0.9764179542017284,99,0.47744515998139936,0.5215912712086062,1.0
Landsat,10,CART,43,1,0.9735819735819736,0.9637202684955494,0.9752336884464965,115,0.48895762504106444,0.5399694420130436,1.0
Landsat,10,ACP-Gini,43,1,0.9735819735819736,0.9636392341953068,0.9761980905172127,117,0.47699799911234825,0.5182908079658392,1.0
Landsat,3,CART,43,2,0.9254079254079254,0.8878170671470493,0.9501661902546035,15,0.43930352713555487,0.47314589673574065,1.0
Landsat,3,ACP-Gini,43,2,0.9246309246309247,0.8871057736219315,0.9504354184670611,15,0.3862865198059801,0.46175889383802465,0.9632867132867133
Landsat,4,CART,43,2,0.9378399378399378,0.9196001874121505,0.9761217842185734,31,0.5531575227612665,0.5964499817680093,1.0
Landsat,4,ACP-Gini,43,2,0.9386169386169386,0.9202217435825006,0.9762048793458751,31,0.4881067163298218,0.48544066868316427,1.0
Landsat,6,CART,43,2,0.9696969696969697,0.9589727032340067,0.9835621219171709,77,0.5210677959154195,0.6175416156044339,1.0
Landsat,6,ACP-Gini,43,2,0.9704739704739704,0.9594520647891435,0.9798943029980722,77,0.49033591543253924,0.5375107690712928,1.0
Landsat,8,CART,43,2,0.9766899766899767,0.9681998181434821,0.9826663564448581,115,0.5090811096549577,0.6166244611233532,1.0
Landsat,8,ACP-Gini,43,2,0.9751359751359752,0.9657781027720534,0.9830801701788208,113,0.4956846120972086,0.5467224614449124,1.0
Landsat,10,CART,43,2,0.9790209790209791,0.9712852592044755,0.9829438941700459,131,0.5049009826252403,0.6169547032524638,1.0
Landsat,10,ACP-Gini,43,2,0.9790209790209791,0.9710929187675164,0.9798028983580402,141,0.49681606226014446,0.5440015409069655,1.0
Landsat,3,CART,43,3,0.9417249417249417,0.9198819706420648,0.9505467659376454,15,0.4563187994786395,0.5195532834688392,1.0
Landsat,3,ACP-Gini,43,3,0.9417249417249417,0.9198819706420648,0.9562271488399922,15,0.5321428357141268,0.5173931530656453,0.6926961926961926
Landsat,4,CART,43,3,0.9487179487179487,0.9298857595668109,0.964126171641295,25,0.5582840498750195,0.5481579143192074,1.0
Landsat,4,ACP-Gini,43,3,0.9526029526029526,0.9355509492047204,0.9616732034833477,25,0.46110620171870625,0.5370778933187603,0.967948717948718
Landsat,6,CART,43,3,0.9603729603729604,0.9452748181788622,0.9724805557402114,67,0.5158495185379751,0.5434067126929911,1.0
Landsat,6,ACP-Gini,43,3,0.9611499611499611,0.945794276010324,0.9757461942431696,65,0.5154898026978867,0.5409094069868529,1.0
Landsat,8,CART,43,3,0.965034965034965,0.9517130748637019,0.9656185601276341,93,0.5094819239501558,0.5548330416727566,1.0
Landsat,8,ACP-Gini,43,3,0.9634809634809635,0.9492220324114686,0.9776573821711093,91,0.49391886669180546,0.5309988068133386,1.0
Landsat,10,CART,43,3,0.9696969696969697,0.9578650907244102,0.967529748055574,107,0.4950672528190336,0.5563132266238445,1.0
Landsat,10,ACP-Gini,43,3,0.9642579642579643,0.9502454028977712,0.978971947085023,101,0.4944897654686541,0.5361907179349465,1.0
Landsat,3,CART,43,4,0.8966588966588966,0.8371482801105524,0.928352057435352,15,0.5046925055434553,0.5366581073515692,1.0
Landsat,3,ACP-Gini,43,4,0.898989898989899,0.8424469455556309,0.9320797048461078,15,0.4955092745587741,0.4899150618558559,0.964063714063714
Landsat,4,CART,43,4,0.9269619269619269,0.9064188248398775,0.9603985242305391,31,0.5137662826169165,0.6395135013129121,1.0
Landsat,4,ACP-Gini,43,4,0.9230769230769231,0.900409810117925,0.9684022468922423,31,0.4707417068520989,0.5088540034108562,1.0
Landsat,6,CART,43,4,0.9634809634809635,0.9493378806317416,0.9721149371800837,79,0.49816711703592703,0.6391834670477515,1.0
Landsat,6,ACP-Gini,43,4,0.9642579642579643,0.9496632996632997,0.9771920494582198,71,0.4835125830600913,0.557501698833757,1.0
Landsat,8,CART,43,4,0.9712509712509713,0.960475105516752,0.975191118792794,109,0.5038372573896052,0.6469979071572447,1.0
Landsat,8,ACP-Gini,43,4,0.9712509712509713,0.9600258553026455,0.9778883866250083,105,0.490056714355291,0.5730332220944016,1.0
Landsat,10,CART,43,4,0.9712509712509713,0.9605629626930381,0.9718257661370737,127,0.503754572109551,0.6441102563958084,1.0
Landsat,10,ACP-Gini,43,4,0.9712509712509713,0.9602075734215771,0.9789520042544705,119,0.4943719343203153,0.574333002228276,1.0
Landsat,3,CART,44,0,0.9005439005439005,0.8444184201579086,0.9348137488090718,15,0.43386335955187205,0.5017460966134623,1.0
Landsat,3,ACP-Gini,44,0,0.9005439005439005,0.8448708387009289,0.9354250364773841,15,0.37846178021751437,0.4900248557208164,0.9611499611499611
Landsat,4,CART,44,0,0.9386169386169386,0.9197525163911718,0.9677366699313094,31,0.5809576744657299,0.6208246319628598,1.0
Landsat,4,ACP-Gini,44,0,0.9355089355089355,0.9155226640242373,0.9690741740121126,31,0.5619451155051584,0.524361022432394,1.0
Landsat,6,CART,44,0,0.9603729603729604,0.9464639206285639,0.9760048769762747,69,0.49615814575036254,0.6339252341409619,1.0
Landsat,6,ACP-Gini,44,0,0.9611499611499611,0.945794276010324,0.9795476804381283,73,0.477724817795943,0.5631999983930094,1.0
Landsat,8,CART,44,0,0.9634809634809635,0.950234188665647,0.9716109345539099,105,0.5035460296029296,0.6400423471042903,1.0
Landsat,8,ACP-Gini,44,0,0.9681429681429682,0.9562021439509953,0.9756101217245308,105,0.48146206586439594,0.5761321664244036,1.0
Landsat,10,CART,44,0,0.9658119658119658,0.9533597332771071,0.9690825021819806,125,0.5087706735355415,0.6385289849140995,1.0
Landsat,10,ACP-Gini,44,0,0.9681429681429682,0.9559056894671529,0.9714693556661538,123,0.4843708694561436,0.5705996348620629,1.0
Landsat,3,CART,44,1,0.9137529137529138,0.8686798675924046,0.9441746117407208,15,0.43386335955187205,0.48436136075927483,1.0
Landsat,3,ACP-Gini,44,1,0.9137529137529138,0.8686798675924046,0.9441746117407208,15,0.37846178021751437,0.47291982358881884,0.9660062160062161
Landsat,4,CART,44,1,0.9246309246309247,0.9026083903809022,0.9677749795127022,29,0.6181496559064491,0.608092323897158,1.0
Landsat,4,ACP-Gini,44,1,0.9261849261849262,0.9046164648060383,0.9695505453285629,29,0.5689241109463616,0.5078588440425639,1.0
Landsat,6,CART,44,1,0.9642579642579643,0.9514518044229848,0.9755251743918769,71,0.5065378780405497,0.6213193534771748,1.0
Landsat,6,ACP-Gini,44,1,0.9634809634809635,0.948629517496741,0.9726402963495966,75,0.48689826804354897,0.5517742662682659,1.0
Landsat,8,CART,44,1,0.9658119658119658,0.9526255554960648,0.9784200462379993,111,0.505212470389125,0.6282399853899286,1.0
Landsat,8,ACP-Gini,44,1,0.9665889665889665,0.9534367735144672,0.9774140033179429,111,0.483159625708677,0.5538342947029694,1.0
Landsat,10,CART,44,1,0.9665889665889665,0.9537547474899409,0.975416908183593,129,0.5171858800725141,0.6299618732405531,1.0
Landsat,10,ACP-Gini,44,1,0.9665889665889665,0.9532207687918683,0.9793278167536129,129,0.483159625708677,0.5573231237253009,1.0
Landsat,3,CART,44,2,0.9347319347319347,0.9139048165137615,0.9502060759157083,15,0.5083796261274893,0.5035986589233872,1.0
Landsat,3,ACP-Gini,44,2,0.9347319347319347,0.9139048165137615,0.9502060759157083,15,0.5083796261274893,0.5035986589233872,1.0
Landsat,4,CART,44,2,0.9611499611499611,0.9473442174376968,0.9709931529615103,25,0.6065465536355271,0.5572857884619032,1.0
Landsat,4,ACP-Gini,44,2,0.9417249417249417,0.9225798844854178,0.96562022203018,25,0.5047986364808406,0.46647732499297534,1.0
Landsat,6,CART,44,2,0.9681429681429682,0.9565872709636496,0.9792029515389219,69,0.5143024435640114,0.5755228594840924,1.0
Landsat,6,ACP-Gini,44,2,0.9549339549339549,0.9401898003922926,0.9774729109884996,63,0.5706789600245733,0.5058606959346638,1.0
Landsat,8,CART,44,2,0.9743589743589743,0.9649042056943589,0.978539852423054,99,0.4898689481045987,0.5766921009187144,1.0
Landsat,8,ACP-Gini,44,2,0.965034965034965,0.9524556182657773,0.978732633118394,91,0.4966633643092766,0.4935917111190978,1.0
Landsat,10,CART,44,2,0.9751359751359752,0.965930073262255,0.9801967692614505,107,0.4927670807422457,0.5793844630931286,1.0
Landsat,10,ACP-Gini,44,2,0.9673659673659674,0.9549829105954308,0.9776158346074586,107,0.4899201550323686,0.497360932961735,1.0
Landsat,3,CART,44,3,0.9153069153069153,0.87175521017599,0.9350644818187861,15,0.44586709166337335,0.49074366057050417,1.0
Landsat,3,ACP-Gini,44,3,0.9137529137529138,0.8697588126159554,0.9340972545369939,15,0.44437673425243424,0.4823428749341391,0.9831002331002331
Landsat,4,CART,44,3,0.9222999222999223,0.8985207847095187,0.9703699395067473,29,0.48504951574110305,0.5083940976063154,1.0
Landsat,4,ACP-Gini,44,3,0.9222999222999223,0.8987194741911724,0.967913647543708,31,0.5164189963049861,0.5139177672196209,0.991064491064491
Landsat,6,CART,44,3,0.9642579642579643,0.9503592127505434,0.9761201223160274,71,0.5102381068676647,0.5624121724596998,1.0
Landsat,6,ACP-Gini,44,3,0.9658119658119658,0.9526255554960648,0.9731885262248222,73,0.49978607387946583,0.5746686470090459,0.991064491064491
Landsat,8,CART,44,3,0.9673659673659674,0.9550837598883202,0.9742272153160938,103,0.4971390234378435,0.5683053515666966,1.0
Landsat,8,ACP-Gini,44,3,0.9704739704739704,0.9593614970418134,0.9760602938243701,113,0.49571876813211263,0.576090371627345,0.991064491064491
Landsat,10,CART,44,3,0.9673659673659674,0.9550837598883202,0.9712191717077711,123,0.5027464337668615,0.5681474680892723,1.0
Landsat,10,ACP-Gini,44,3,0.9704739704739704,0.9591783245968415,0.9737020541115469,129,0.48718481708502687,0.5701314364311443,0.991064491064491
Landsat,3,CART,44,4,0.9619269619269619,0.9480027011583814,0.9654856079239513,15,0.5052327807105034,0.5187444265712432,1.0
Landsat,3,ACP-Gini,44,4,0.9619269619269619,0.9480027011583814,0.97174765671741,15,0.5943013523459619,0.5155639662442639,0.6961926961926962
Landsat,4,CART,44,4,0.9642579642579643,0.9504721716549767,0.9763694076979326,27,0.5449365292891685,0.5429654284457673,1.0
Landsat,4,ACP-Gini,44,4,0.9642579642579643,0.9511324990920197,0.9783304527022536,27,0.5032191188512699,0.5417070313698906,0.9656177156177156
Landsat,6,CART,44,4,0.9743589743589743,0.9644287246988825,0.9801053646214186,73,0.525561413073201,0.5741235942274805,1.0
Landsat,6,ACP-Gini,44,4,0.9766899766899767,0.9681998181434821,0.9841620687362892,69,0.4887016252210207,0.5474764797524588,1.0
Landsat,8,CART,44,4,0.9759129759129759,0.9669581579320048,0.9716097188060892,99,0.5227704245843415,0.5734844338914431,1.0
Landsat,8,ACP-Gini,44,4,0.9766899766899767,0.9679884722019554,0.9812587249883666,97,0.4861496720305986,0.549623869432665,1.0
Landsat,10,CART,44,4,0.9766899766899767,0.9679884722019554,0.9771205876487402,111,0.5063347613596253,0.5682670918934379,1.0
Landsat,10,ACP-Gini,44,4,0.9805749805749806,0.973412277041181,0.9865203084491125,111,0.4844191042526758,0.5500655987582772,1.0
Ozone,3,CART,42,0,0.9368836291913215,0.48370672097759676,0.7535526315789475,15,0.3212675144957411,0.2518524643021626,0.6734089787863838
Ozone,3,ACP-Gini,42,0,0.9368836291913215,0.48370672097759676,0.7486842105263158,15,0.29630471404714703,0.22465498183431667,0.6285150468672915
Ozone,4,CART,42,0,0.9447731755424064,0.6356262833675564,0.7780921052631579,29,0.333782671628084,0.2912812195548403,0.8924518993586581
Ozone,4,ACP-Gini,42,0,0.9309664694280079,0.5750005987593706,0.7758552631578947,31,0.2627568150458144,0.232325308389811,0.7656635421805624
Ozone,6,CART,42,0,0.9329388560157791,0.6282349896480331,0.7260526315789473,67,0.30636193068141676,0.3004302125951033,0.9373458312777504
Ozone,6,ACP-Gini,42,0,0.9250493096646942,0.6002904564315352,0.6823026315789474,71,0.24506286834906382,0.22757581900489585,0.7656635421805624
Ozone,8,CART,42,0,0.9329388560157791,0.6423651452282158,0.6681250000000001,99,0.31882011498308077,0.3143492408074742,0.9373458312777504
Ozone,8,ACP-Gini,42,0,0.9270216962524654,0.6316926157893703,0.6970723684210526,93,0.25702212973133515,0.2321480295828268,0.7656635421805624
Ozone,10,CART,42,0,0.9329388560157791,0.6423651452282158,0.6452631578947368,107,0.3267953180813604,0.3198503944518183,0.9373458312777504
Ozone,10,ACP-Gini,42,0,0.9270216962524654,0.6443454355863115,0.6755263157894736,111,0.2600146584417452,0.2346593785343879,0.8140108534780464
Ozone,3,CART,42,1,0.9349112426035503,0.56,0.7811842105263158,15,0.4369694700318731,0.5167925413649606,0.31327084361124813
Ozone,3,ACP-Gini,42,1,0.9270216962524654,0.6561073530220536,0.7968421052631579,15,0.21819885182931853,0.17003481335100132,0.0
Ozone,4,CART,42,1,0.9289940828402367,0.590100610851599,0.7519736842105262,29,0.4673429771193966,0.38606069658119563,1.0
Ozone,4,ACP-Gini,42,1,0.9270216962524654,0.6561073530220536,0.7895065789473684,27,0.23657920652298806,0.26118439202345956,0.05278737049827331
Ozone,6,CART,42,1,0.9250493096646942,0.6148648648648649,0.7286513157894737,73,0.35183649389267313,0.4082353031330796,1.0
Ozone,6,ACP-Gini,42,1,0.9171597633136095,0.6279874213836478,0.7178289473684211,61,0.2316865074743537,0.2411916578377917,0.8288110508140109
Ozone,8,CART,42,1,0.9230769230769231,0.6490726772561896,0.7016776315789474,105,0.33164953031710004,0.3693850316721573,1.0
Ozone,8,ACP-Gini,42,1,0.9211045364891519,0.6664473684210526,0.6697368421052632,99,0.2403012308597893,0.2384113323921338,0.8431179082387765
Ozone,10,CART,42,1,0.9230769230769231,0.6490726772561896,0.7472697368421053,109,0.33164953031710004,0.36793355755286494,1.0
Ozone,10,ACP-Gini,42,1,0.9171597633136095,0.6392314990512334,0.7175,111,0.23628553336078165,0.23305922108833316,0.8431179082387765
Ozone,3,CART,42,2,0.9368836291913215,0.5130852340936375,0.7825328947368422,15,0.4293911963941217,0.40819277681169264,0.9294523926985693
Ozone,3,ACP-Gini,42,2,0.9309664694280079,0.509115051592022,0.7941118421052632,15,0.24436201097721982,0.25895686370077203,0.0
Ozone,4,CART,42,2,0.9171597633136095,0.6392314990512334,0.7849671052631578,31,0.3414551348247258,0.3824534855917395,0.9511593487913172
Ozone,4,ACP-Gini,42,2,0.9112426035502958,0.5817521861079029,0.8003947368421053,31,0.2583109283024479,0.2505883624703521,0.0
Ozone,6,CART,42,2,0.9072978303747534,0.6022732962796054,0.6745723684210525,75,0.3620910569550197,0.3745392885092222,0.9955599407992106
Ozone,6,ACP-Gini,42,2,0.9151873767258383,0.6465753424657534,0.6951315789473684,77,0.25981406842358057,0.26392667808774306,0.21509620128268378
Ozone,8,CART,42,2,0.9053254437869822,0.5611022940412639,0.6449342105263158,107,0.3424062595470774,0.35346042131803446,0.9955599407992106
Ozone,8,ACP-Gini,42,2,0.9132149901380671,0.633092105263158,0.7038815789473684,103,0.25084730484837514,0.2525624219267636,0.7148495313270844
Ozone,10,CART,42,2,0.9053254437869822,0.5611022940412639,0.5985855263157895,115,0.33162089645620785,0.34868746535493994,0.9955599407992106
Ozone,10,ACP-Gini,42,2,0.9132149901380671,0.633092105263158,0.6602631578947369,107,0.25084730484837514,0.2516727704953411,0.7148495313270844
Ozone,3,CART,42,3,0.9250493096646942,0.528071722516167,0.7478947368421053,15,0.34935219613842944,0.4216065283802004,0.9950666008880118
Ozone,3,ACP-Gini,42,3,0.9349112426035503,0.4831804281345566,0.7451315789473685,15,0.2766743625369334,0.2347708202799388,0.6803157375431672
Ozone,4,CART,42,3,0.9230769230769231,0.5264292386175844,0.7573355263157896,27,0.3275182330710222,0.4056549834820947,0.9950666008880118
Ozone,4,ACP-Gini,42,3,0.9428007889546351,0.6133333333333333,0.7482894736842106,27,0.28909161679437,0.23659655739848406,0.6803157375431672
Ozone,6,CART,42,3,0.9329388560157791,0.6891141249458953,0.8238157894736842,59,0.3003692979516585,0.36406061730702144,0.9950666008880118
Ozone,6,ACP-Gini,42,3,0.9270216962524654,0.6180441023761529,0.6804276315789473,67,0.26714877694127653,0.21160813291271502,0.8130241736556487
Ozone,8,CART,42,3,0.9270216962524654,0.7123073383942949,0.7644736842105263,95,0.3007869127587564,0.34463907774039504,0.9950666008880118
Ozone,8,ACP-Gini,42,3,0.9191321499013807,0.6189297695649782,0.6579276315789474,103,0.2625662546831593,0.20617069726312845,0.8130241736556487
Ozone,10,CART,42,3,0.9270216962524654,0.6868959991988384,0.7344078947368421,113,0.29282185954385465,0.3297439030527184,0.9950666008880118
Ozone,10,ACP-Gini,42,3,0.9211045364891519,0.6342519117010532,0.6770065789473684,119,0.26619946023281255,0.20754335390096668,0.8130241736556487
Ozone,3,CART,42,4,0.9407114624505929,0.5434861060988813,0.8516613924050633,15,0.576692099152963,0.7279612079857187,0.3722879684418146
Ozone,3,ACP-Gini,42,4,0.932806324110672,0.6128364389233955,0.847474947257384,15,0.2693885099728373,0.3518214653242074,0.19723865877712032
Ozone,4,CART,42,4,0.9387351778656127,0.6235390116879065,0.8684071729957806,29,0.4011437217429127,0.4820651114198121,1.0
Ozone,4,ACP-Gini,42,4,0.9347826086956522,0.5371309771309771,0.8697916666666667,29,0.28476332604328447,0.28783223763733295,0.8032544378698225
Ozone,6,CART,42,4,0.9446640316205533,0.7054469854469855,0.7184862869198313,75,0.3311922629949202,0.39891267242939743,1.0
Ozone,6,ACP-Gini,42,4,0.9347826086956522,0.6714738229681075,0.7168051160337553,79,0.24661346501007889,0.23865923435089034,0.8032544378698225
Ozone,8,CART,42,4,0.9446640316205533,0.7054469854469855,0.6261207805907173,105,0.3293793440716706,0.39557621278600236,1.0
Ozone,8,ACP-Gini,42,4,0.9347826086956522,0.6593009732509029,0.6062763713080168,111,0.2480032699593192,0.22949179940394124,0.8032544378698225
Ozone,10,CART,42,4,0.9446640316205533,0.7054469854469855,0.7069488396624473,115,0.3257954371873018,0.39258700585254946,1.0
Ozone,10,ACP-Gini,42,4,0.9347826086956522,0.6593009732509029,0.7090585443037976,123,0.2480032699593192,0.22656255992040372,0.8032544378698225
Ozone,3,CART,43,0,0.9388560157790927,0.6235719589011568,0.8129934210526315,15,0.36797880849387965,0.4355429988925503,0.3670448939319191
Ozone,3,ACP-Gini,43,0,0.9388560157790927,0.6235719589011568,0.8517434210526317,15,0.28377063950958437,0.37323030965535514,0.2816970892945239
Ozone,4,CART,43,0,0.9368836291913215,0.5835728952772073,0.7922697368421052,31,0.3580789747329519,0.3746045819917688,0.7740503206709423
Ozone,4,ACP-Gini,43,0,0.9230769230769231,0.625120864536923,0.7843092105263157,31,0.3013935224951733,0.30394530250249274,0.8746916625555008
Ozone,6,CART,43,0,0.9191321499013807,0.6058962934875344,0.7348355263157895,77,0.31553766859106236,0.342225114772797,1.0
Ozone,6,ACP-Gini,43,0,0.9191321499013807,0.6630136986301369,0.7314144736842105,71,0.2734376938628359,0.2506761679885604,0.9259990133201776
Ozone,8,CART,43,0,0.9132149901380671,0.5841783477482851,0.6930592105263157,107,0.3124556852338118,0.3283674549933391,1.0
Ozone,8,ACP-Gini,43,0,0.9171597633136095,0.6497697368421053,0.6222368421052631,97,0.2703190736997869,0.23992627243043885,0.9259990133201776
Ozone,10,CART,43,0,0.9132149901380671,0.5841783477482851,0.6716776315789473,117,0.3015900138408527,0.3273836509736953,1.0
Ozone,10,ACP-Gini,43,0,0.9171597633136095,0.6497697368421053,0.4954276315789474,109,0.26688986663205727,0.23982794908237512,0.9259990133201776
Ozone,3,CART,43,1,0.9270216962524654,0.6443454355863115,0.7130921052631579,15,0.380031270191827,0.3423057042201734,0.9077454366058214
Ozone,3,ACP-Gini,43,1,0.9230769230769231,0.625120864536923,0.7490131578947369,15,0.2378085643816819,0.2585902293663285,0.1302417365564874
Ozone,4,CART,43,1,0.9289940828402367,0.5723523898781631,0.7427302631578947,27,0.3614842312439433,0.34930231058668154,0.9595461272816971
Ozone,4,ACP-Gini,43,1,0.9250493096646942,0.6148648648648649,0.7281578947368421,29,0.31919394622621183,0.2997978806936096,0.15342871238283176
Ozone,6,CART,43,1,0.9329388560157791,0.6674768518518519,0.7076973684210526,75,0.29904254324740787,0.30315252554126015,0.9654662062160829
Ozone,6,ACP-Gini,43,1,0.9368836291913215,0.6356449874236436,0.6404605263157894,73,0.23574857139454888,0.2518910253592567,0.17710902812037493
Ozone,8,CART,43,1,0.9211045364891519,0.6564109514773652,0.6649342105263158,101,0.30151203122186937,0.3003528328661036,0.9654662062160829
Ozone,8,ACP-Gini,43,1,0.9349112426035503,0.631873088516799,0.6704276315789474,95,0.24668393020341942,0.2545845170095613,0.2747903305377405
Ozone,10,CART,43,1,0.9211045364891519,0.6564109514773652,0.6979276315789474,113,0.31037749894554745,0.30146656538368266,0.9654662062160829
Ozone,10,ACP-Gini,43,1,0.9309664694280079,0.6247224278312361,0.641842105263158,111,0.2538386812812322,0.2562441967404476,0.27972372964972864
Ozone,3,CART,43,2,0.9250493096646942,0.5673284225655767,0.7635526315789474,15,0.3561280523567777,0.37123331327145165,1.0
Ozone,3,ACP-Gini,43,2,0.9250493096646942,0.4805327868852459,0.7807894736842106,15,0.26049275972241487,0.21978841622467948,0.038973852984706465
Ozone,4,CART,43,2,0.9151873767258383,0.6130801313337475,0.7914473684210526,29,0.3358730420317649,0.3659143108469475,1.0
Ozone,4,ACP-Gini,43,2,0.9171597633136095,0.6497697368421053,0.7895065789473684,29,0.24963909542568227,0.2516513958498974,0.038973852984706465
Ozone,6,CART,43,2,0.9112426035502958,0.5674471513887572,0.7185855263157895,63,0.28730781180027665,0.35727529240283856,1.0
Ozone,6,ACP-Gini,43,2,0.9211045364891519,0.6758726505561948,0.6887828947368421,75,0.2628659028641692,0.25062394369813384,0.038973852984706465
Ozone,8,CART,43,2,0.9132149901380671,0.5976771028711586,0.6668092105263158,93,0.28629406095519,0.34801669135069263,1.0
Ozone,8,ACP-Gini,43,2,0.9132149901380671,0.6532147742818057,0.680625,109,0.2667624278189507,0.2726963302023124,0.050814010853478045
Ozone,10,CART,43,2,0.9092702169625246,0.5925576519916143,0.7255921052631579,109,0.2850668661142122,0.3436360141152571,1.0
Ozone,10,ACP-Gini,43,2,0.9132149901380671,0.6532147742818057,0.7023026315789473,117,0.2667624278189507,0.27168428881691126,0.050814010853478045
Ozone,3,CART,43,3,0.9329388560157791,0.5352135461604832,0.7542763157894737,15,0.3575339556283684,0.3994335639457706,1.0
Ozone,3,ACP-Gini,43,3,0.9368836291913215,0.48370672097759676,0.8451644736842105,15,0.2374622355215203,0.23903033606212756,0.18894918598914653
Ozone,4,CART,43,3,0.9408284023668639,0.6274250440917107,0.771217105263158,29,0.3002959873768095,0.34949635337468055,1.0
Ozone,4,ACP-Gini,43,3,0.9368836291913215,0.5835728952772073,0.8580263157894737,29,0.22418000852314726,0.22680632134246956,0.18894918598914653
Ozone,6,CART,43,3,0.9132149901380671,0.610272536687631,0.7468421052631578,69,0.28734789852965537,0.31396919120597794,1.0
Ozone,6,ACP-Gini,43,3,0.9368836291913215,0.7074015293608427,0.8068421052631579,79,0.2562773125629849,0.23976173868755948,0.22101628021706957
Ozone,8,CART,43,3,0.9151873767258383,0.6003409778364406,0.7918421052631577,91,0.29468366782248734,0.3130774221052119,1.0
Ozone,8,ACP-Gini,43,3,0.9309664694280079,0.6635700066357001,0.7649342105263157,119,0.24392919752670117,0.22987630084623178,0.22101628021706957
Ozone,10,CART,43,3,0.9151873767258383,0.6249806478248154,0.7812500000000001,105,0.29401918887052697,0.30963328525935124,1.0
Ozone,10,ACP-Gini,43,3,0.9309664694280079,0.6635700066357001,0.7107236842105263,129,0.22821621723489066,0.2272061119359921,0.22101628021706957
Ozone,3,CART,43,4,0.9367588932806324,0.48367346938775513,0.8143130274261603,15,0.339552746728711,0.2804313931851942,0.8678500986193294
Ozone,3,ACP-Gini,43,4,0.9367588932806324,0.48367346938775513,0.8304654535864979,15,0.26006090251855785,0.2002136805360799,0.0
Ozone,4,CART,43,4,0.9308300395256917,0.5749634002927977,0.7680313818565401,29,0.33759901602431697,0.281268199237981,0.8678500986193294
Ozone,4,ACP-Gini,43,4,0.9288537549407114,0.5723140495867769,0.8304324894514767,31,0.2539929575243185,0.24109346211639673,0.0
Ozone,6,CART,43,4,0.9268774703557312,0.6180041215237395,0.792095200421941,75,0.31790762316910665,0.30240235353587935,0.8969428007889546
Ozone,6,ACP-Gini,43,4,0.9268774703557312,0.6032381800072054,0.809104694092827,67,0.24024831404193758,0.23708949285754458,0.27465483234714005
Ozone,8,CART,43,4,0.9288537549407114,0.6707872478854913,0.6215717299578057,103,0.31957650546399197,0.31032936819616636,0.8969428007889546
Ozone,8,ACP-Gini,43,4,0.924901185770751,0.6002494802494802,0.6770833333333334,95,0.24924474215450546,0.2478669891872205,0.27465483234714005
Ozone,10,CART,43,4,0.9288537549407114,0.6707872478854913,0.65354694092827,109,0.32540042717551776,0.30986440385973935,0.8969428007889546
Ozone,10,ACP-Gini,43,4,0.924901185770751,0.6002494802494802,0.6414491033755274,105,0.25898569723654263,0.24727557387203147,0.27465483234714005
Ozone,3,CART,44,0,0.9270216962524654,0.6180441023761529,0.806875,13,0.28008574492184757,0.23929504044173117,0.24913665515540206
Ozone,3,ACP-Gini,44,0,0.9270216962524654,0.6180441023761529,0.8009539473684211,13,0.2606929162142659,0.20781303615733004,0.0
Ozone,4,CART,44,0,0.9526627218934911,0.7475518672199171,0.829703947368421,25,0.35337706823838916,0.3261416352277447,0.5268870251603355
Ozone,4,ACP-Gini,44,0,0.9329388560157791,0.6423651452282158,0.8101315789473684,25,0.24928734065763092,0.19868669098658645,0.0
Ozone,6,CART,44,0,0.9506903353057199,0.7319445913080258,0.7970723684210527,65,0.3170848701486007,0.32653802358109757,0.5476073014306857
Ozone,6,ACP-Gini,44,0,0.9270216962524654,0.6561073530220536,0.7293421052631579,71,0.2677323404705589,0.24938476338841759,0.18450912678835718
Ozone,8,CART,44,0,0.9388560157790927,0.7020191487344772,0.7336513157894736,97,0.3178661734394477,0.3194545351930301,0.5476073014306857
Ozone,8,ACP-Gini,44,0,0.9112426035502958,0.6301369863013699,0.6661513157894737,101,0.24961412708681494,0.2326395422492307,0.18450912678835718
Ozone,10,CART,44,0,0.9368836291913215,0.6975842529078438,0.731875,105,0.32180918556625826,0.3240722083672397,0.5476073014306857
Ozone,10,ACP-Gini,44,0,0.9112426035502958,0.6301369863013699,0.6564144736842105,113,0.2520604945898705,0.22970998780287988,0.18450912678835718
Ozone,3,CART,44,1,0.9309664694280079,0.5750005987593706,0.7662828947368421,15,0.43446009285796533,0.4209185702459933,0.9718796250616675
Ozone,3,ACP-Gini,44,1,0.9329388560157791,0.5777483833039389,0.7801644736842105,15,0.2908710166040803,0.22733538466493078,0.0
Ozone,4,CART,44,1,0.9289940828402367,0.5529100529100529,0.7798684210526315,31,0.5108965403452431,0.5070891492949738,0.9925999013320178
Ozone,4,ACP-Gini,44,1,0.9230769230769231,0.5465428276573787,0.798717105263158,29,0.2520899825679708,0.27596153894864583,0.020720276270350273
Ozone,6,CART,44,1,0.9191321499013807,0.6530469180311451,0.7600986842105263,77,0.4234386940467558,0.437508340810074,0.9925999013320178
Ozone,6,ACP-Gini,44,1,0.9151873767258383,0.6249806478248154,0.7362171052631579,69,0.2567034903297831,0.2562050147916108,0.12876171682289098
Ozone,8,CART,44,1,0.9191321499013807,0.6530469180311451,0.6736513157894737,109,0.3658597395133817,0.41403444574923487,0.9925999013320178
Ozone,8,ACP-Gini,44,1,0.9112426035502958,0.650103519668737,0.760625,99,0.2616785882503392,0.2491877332057024,0.12876171682289098
Ozone,10,CART,44,1,0.9191321499013807,0.6530469180311451,0.7378618421052632,117,0.363146589919036,0.4124061974342765,0.9925999013320178
Ozone,10,ACP-Gini,44,1,0.9072978303747534,0.6531087592622247,0.7661842105263158,109,0.2652189027693144,0.2555298110266089,0.12876171682289098
Ozone,3,CART,44,2,0.9349112426035503,0.4831804281345566,0.7929276315789473,15,0.4126048478836984,0.4499478709666436,0.3576714356191416
Ozone,3,ACP-Gini,44,2,0.9368836291913215,0.48370672097759676,0.7986842105263157,15,0.26207891820248486,0.2128980067551575,0.0
Ozone,4,CART,44,2,0.9349112426035503,0.5117174959871589,0.8000328947368421,25,0.41301893603940515,0.41278579577949776,0.9965466206216083
Ozone,4,ACP-Gini,44,2,0.9349112426035503,0.56,0.8397368421052632,29,0.23450979742812295,0.21757303490928329,0.0
Ozone,6,CART,44,2,0.9250493096646942,0.6525393161160006,0.8192763157894737,65,0.31761077248322506,0.36828751040653623,0.9965466206216083
Ozone,6,ACP-Gini,44,2,0.9329388560157791,0.6674768518518519,0.8287828947368421,73,0.24908907353201976,0.23360611065570644,0.17464232856438086
Ozone,8,CART,44,2,0.9230769230769231,0.6490726772561896,0.6656578947368421,97,0.3194566909236556,0.34544426259296096,0.9965466206216083
Ozone,8,ACP-Gini,44,2,0.9349112426035503,0.6715096302986276,0.7783552631578948,111,0.2622069924041532,0.23111342723443326,0.2007893438579181
Ozone,10,CART,44,2,0.9230769230769231,0.6490726772561896,0.6983552631578948,107,0.3194566909236556,0.3428854678416198,0.9965466206216083
Ozone,10,ACP-Gini,44,2,0.9349112426035503,0.6715096302986276,0.724703947368421,119,0.26678096583897404,0.23047973481130296,0.3882585101134682
Ozone,3,CART,44,3,0.9309664694280079,0.6095623666087262,0.7882565789473683,15,0.33931037658867497,0.33541997184360894,0.24469659595461274
Ozone,3,ACP-Gini,44,3,0.9289940828402367,0.590100610851599,0.7672697368421053,15,0.24582134925411206,0.20648631526752395,0.0
Ozone,4,CART,44,3,0.9270216962524654,0.6032779951358782,0.817828947368421,27,0.4610170003721246,0.44037553467059337,0.9817464232856438
Ozone,4,ACP-Gini,44,3,0.9329388560157791,0.5777483833039389,0.8014802631578948,29,0.27087494893431624,0.26495435915835513,0.597927972372965
Ozone,6,CART,44,3,0.9191321499013807,0.6310764042949685,0.7743421052631578,71,0.38911047052500697,0.406874435914784,0.992106561420819
Ozone,6,ACP-Gini,44,3,0.9270216962524654,0.6443454355863115,0.7433552631578947,77,0.24675000860717586,0.2517160117586377,0.6961026147015293
Ozone,8,CART,44,3,0.9092702169625246,0.6164144736842105,0.7057894736842105,99,0.3816170750423339,0.4029607728854338,0.992106561420819
Ozone,8,ACP-Gini,44,3,0.9230769230769231,0.6375185612935159,0.7401644736842105,107,0.2507283127689096,0.2379182181501624,0.6961026147015293
Ozone,10,CART,44,3,0.9072978303747534,0.6136986301369863,0.6954934210526316,109,0.3816170750423339,0.4078956634229543,0.992106561420819
Ozone,10,ACP-Gini,44,3,0.9230769230769231,0.6375185612935159,0.712171052631579,119,0.2507283127689096,0.23311439946109477,0.6961026147015293
Ozone,3,CART,44,4,0.9308300395256917,0.53329643977126,0.8119725738396625,15,0.3604330050674954,0.43073421885682245,1.0
Ozone,3,ACP-Gini,44,4,0.9367588932806324,0.48367346938775513,0.8937565928270041,15,0.3330223911236948,0.2180715487380529,0.0
Ozone,4,CART,44,4,0.9347826086956522,0.6461313497361562,0.8110166139240506,27,0.3881910401596254,0.46745376256048876,1.0
Ozone,4,ACP-Gini,44,4,0.9466403162055336,0.698776320141109,0.9231276371308017,31,0.26984605715810767,0.2437697614716282,0.0
Ozone,6,CART,44,4,0.9347826086956522,0.6932488288784788,0.7616033755274262,63,0.38496043545522246,0.4561733076922879,1.0
Ozone,6,ACP-Gini,44,4,0.9367588932806324,0.6756410256410257,0.8827795358649789,77,0.26082540121684583,0.22366075993681542,0.0
Ozone,8,CART,44,4,0.9288537549407114,0.6707872478854913,0.7381658755274261,87,0.33312619603219074,0.37474934924583386,1.0
Ozone,8,ACP-Gini,44,4,0.9288537549407114,0.6997626582278481,0.8528151371308017,115,0.26425114926469206,0.22374565560899307,0.0
Ozone,10,CART,44,4,0.9288537549407114,0.6707872478854913,0.7684928797468354,97,0.3322103248517842,0.3681259108967849,1.0
Ozone,10,ACP-Gini,44,4,0.9288537549407114,0.6997626582278481,0.8392998417721519,121,0.26425114926469206,0.2235600478330432,0.0
