dataset,method,seed,fold,alpha_used,accuracy,macro_f1,auc,n_nodes,depth,path_flagged_main,path_corr_main,path_flagged_boot,path_corr_boot,group_jaccard,group_import_corr,main_set_redundancy,main_weighted_redundancy,bootstrap_set_redundancy,bootstrap_weighted_redundancy,root_agreement,feature_set_jaccard,importance_rank_corr,top5_jaccard,structural_distance
WDBC,CART,42,0,,0.9210526315789473,0.9147486497714998,0.9480838519489028,27.0,6.0,1.0,0.42092795037230113,0.8027252747252747,0.48117603689045707,0.6179197808993727,0.7265333414758813,0.45982996069107684,0.5747660247667089,0.46106934888843,0.5609586872027538,0.44,0.33457588669833566,0.33240839597241156,0.26633624878522844,0.8852099937794157
WDBC,VIF+CART,42,0,,0.8947368421052632,0.888961038961039,0.973960039305601,27.0,6.0,0.6857142857142857,0.4134916908853351,0.43296703296703304,0.3187348189369187,0.4587393490862878,0.3603383572253322,0.36291380287836367,0.528431992167927,0.28068698564937233,0.325491422483071,0.38,0.30940642577377264,0.32335609969142165,0.2818467768059605,0.8741046022714668
WDBC,RRF-style,42,0,,0.9649122807017544,0.9629870129870131,0.9641336390435638,27.0,6.0,0.9626373626373627,0.4228204868945906,0.8197802197802199,0.48881894980785356,0.6241091674765143,0.730919405625103,0.4879498445746878,0.6280330370111777,0.4542037149241972,0.551462236125898,0.44,0.25861961621145296,0.2834168357128318,0.25267282150955617,0.8791675720263302
WDBC,ACP-Gini,42,0,0.2,0.9122807017543859,0.9074675324675325,0.9664264657713725,29.0,6.0,0.967032967032967,0.3570437696383516,0.7095824175824176,0.38315451039431886,0.5038198558810804,0.517365390018077,0.3064445952390178,0.4279522275104779,0.3109327447908686,0.47275032965930797,0.44,0.28450933860057503,0.2491640785318583,0.21665046971169422,0.9014924845915175
WDBC,ACP-Gini (nested),42,0,0.2,0.9122807017543859,0.9074675324675325,0.9664264657713725,29.0,6.0,0.967032967032967,0.3570437696383516,0.7095824175824176,0.38315451039431886,0.5038198558810804,0.517365390018077,0.3064445952390178,0.4279522275104779,0.3109327447908686,0.47275032965930797,0.44,0.28450933860057503,0.2491640785318583,0.21665046971169422,0.9014924845915175
WDBC,Cluster+CART,42,0,,0.9385964912280702,0.9359910162829871,0.9559449721585327,25.0,6.0,0.9868131868131869,0.37422828315472484,0.7395164835164835,0.4157942291598948,0.5028945408333164,0.5606931298907583,0.33579089330386747,0.41728139703675954,0.33192827616342313,0.4969804937940257,0.44,0.29192022943043344,0.2967795047389683,0.27781373501781664,0.8943867874560019
WDBC,RandomForest (reference),42,0,,0.9649122807017544,0.9629870129870131,0.9977071732721914,,,,,,,,,,,,,,,,,
WDBC,CART,42,1,,0.9035087719298246,0.8946837994457042,0.9297412381264331,21.0,6.0,0.6945054945054945,0.44471987452144274,0.880087912087912,0.5351708551647204,0.5466441970727685,0.6517801998518777,0.35662934417792286,0.7696611101148404,0.44476577836015024,0.6701225539608512,0.52,0.28725614634798313,0.3069185657454809,0.2641059280855199,0.891209806119549
WDBC,VIF+CART,42,1,,0.8947368421052632,0.881578947368421,0.9073042908614477,25.0,5.0,0.989010989010989,0.45425904160239944,0.46092307692307694,0.30143001551597115,0.459104614206655,0.3115918790259103,0.3659620980715335,0.45828946890479066,0.2694814983903011,0.2991624020948547,0.56,0.3157878458076537,0.3044314341490231,0.2500168448331713,0.8895611140983665
WDBC,RRF-style,42,1,,0.868421052631579,0.8509803921568628,0.936292171634458,19.0,5.0,1.0,0.7125304526961157,0.8795164835164835,0.5446246763352185,0.4888354389374797,0.5946282637597231,0.41977317260736247,0.705875314872635,0.42430964699064205,0.6434571957775945,0.52,0.23258912516055372,0.2650466093515319,0.23313605442176874,0.8943991778739994
WDBC,ACP-Gini,42,1,0.2,0.8859649122807017,0.8708496732026143,0.9154929577464788,19.0,5.0,0.6945054945054945,0.4375702552771511,0.7981098901098901,0.46174084256076364,0.4757816650469711,0.5340062578513052,0.27209534897246035,0.6289605343319085,0.33254724783395295,0.619989351879754,0.52,0.2822497638416006,0.29400034138509035,0.26287560738581145,0.890014374637108
WDBC,ACP-Gini (nested),42,1,0.2,0.8859649122807017,0.8708496732026143,0.9154929577464788,19.0,5.0,0.6945054945054945,0.4375702552771511,0.7981098901098901,0.46174084256076364,0.4757816650469711,0.5340062578513052,0.27209534897246035,0.6289605343319085,0.33254724783395295,0.619989351879754,0.52,0.2822497638416006,0.29400034138509035,0.26287560738581145,0.890014374637108
WDBC,Cluster+CART,42,1,,0.9210526315789473,0.912836632401665,0.9421880117916803,21.0,5.0,0.5340659340659341,0.30497859631423807,0.6307692307692309,0.4433033601013928,0.4412482551462143,0.3690850029910845,0.23213982106792408,0.26019668963789994,0.3135915285967604,0.5354606271136806,0.52,0.3216503405891161,0.3295689984104926,0.2693932620667315,0.8956232078943407
WDBC,RandomForest (reference),42,1,,0.9298245614035088,0.922972972972973,0.9810022928267278,,,,,,,,,,,,,,,,,
WDBC,CART,42,2,,0.9298245614035088,0.9220512820512821,0.9327050264550265,27.0,6.0,1.0,0.6673035405105253,0.8389010989010989,0.5498983954173232,0.5253465264893835,0.6560725907941896,0.45519864245380376,0.5888463550855364,0.48003452676797553,0.6163829560664413,0.7,0.30754698476127046,0.3184725348470659,0.26350502105604146,0.8772578550720209
WDBC,VIF+CART,42,2,,0.9473684210526315,0.9422297297297297,0.9837962962962963,25.0,5.0,1.0,0.4710005930868152,0.3914725274725274,0.32156249173841234,0.4069385738977575,0.30128871398298357,0.3296185803259879,0.5006403240090488,0.28466994381945293,0.365556830719559,0.52,0.28387063503390036,0.2719068036197707,0.2414356980887593,0.8837864620667676
WDBC,RRF-style,42,2,,0.956140350877193,0.9526381387619444,0.9651124338624338,23.0,6.0,0.8725274725274725,0.5844017779722591,0.7419780219780221,0.5368749440566174,0.5588328474246842,0.6721790161342142,0.4684671535121859,0.4441405484596408,0.4532713352314551,0.573870866615301,0.7,0.23087999528815856,0.25997444626859145,0.2318850016196955,0.886698212260853
WDBC,ACP-Gini,42,2,0.2,0.9649122807017544,0.9619111259605746,0.9766865079365079,23.0,6.0,0.3252747252747253,0.45786393132685704,0.6158241758241758,0.3936057301981123,0.4451841808984666,0.4826280939066972,0.3433256876714797,0.380162308765716,0.33002095761290584,0.5102634722049134,0.7,0.25842346688925316,0.2426098278616799,0.22714933592484612,0.8931903855571007
WDBC,ACP-Gini (nested),42,2,0.2,0.9649122807017544,0.9619111259605746,0.9766865079365079,23.0,6.0,0.3252747252747253,0.45786393132685704,0.6158241758241758,0.3936057301981123,0.4451841808984666,0.4826280939066972,0.3433256876714797,0.380162308765716,0.33002095761290584,0.5102634722049134,0.7,0.25842346688925316,0.2426098278616799,0.22714933592484612,0.8931903855571007
WDBC,Cluster+CART,42,2,,0.9473684210526315,0.9422297297297297,0.9495701058201058,23.0,6.0,0.9230769230769231,0.4804068425306543,0.6458901098901099,0.4489973507080745,0.47926368642695166,0.5357546333439729,0.3619608540667942,0.46550915935762016,0.34470102504935957,0.5107094730154796,0.7,0.2580910291522536,0.2700090784761044,0.24379332685455132,0.8874065352623872
WDBC,RandomForest (reference),42,2,,0.956140350877193,0.951575906889814,0.9877645502645502,,,,,,,,,,,,,,,,,
WDBC,CART,42,3,,0.9298245614035088,0.9265700483091788,0.9606481481481481,25.0,6.0,1.0,0.5410479375713085,0.8732747252747254,0.49916220533858274,0.5700894955384751,0.6828725158508947,0.49932581405257337,0.7166163625754075,0.4561644672263032,0.6507781244590408,0.34,0.3003548036597256,0.2664469893191485,0.2291253644314869,0.9084559412889991
WDBC,VIF+CART,42,3,,0.9298245614035088,0.9259740259740259,0.9614748677248678,27.0,6.0,0.9010989010989011,0.49118919807291733,0.5764835164835165,0.332214934473709,0.4678231768231768,0.3237401947400062,0.27510335453439433,0.4862802942703572,0.27789074488294746,0.39024521396628264,0.3,0.2863236559359008,0.24264233523204337,0.23880401684483318,0.8995158737840571
WDBC,RRF-style,42,3,,0.9298245614035088,0.9265700483091788,0.9685846560846559,27.0,6.0,1.0,0.565345952516881,0.8715164835164836,0.5002490000209907,0.6008678328474247,0.7068311371031182,0.5137300747034257,0.6602946506479139,0.44038056928243463,0.6152610278941263,0.34,0.239547513710779,0.246144287850487,0.22101976028506642,0.9142545826376814
WDBC,ACP-Gini,42,3,0.2,0.9298245614035088,0.9265700483091788,0.9756944444444445,25.0,6.0,1.0,0.47090841976653924,0.7725714285714287,0.412279113989557,0.48694848462195406,0.5186388503055197,0.39270091996119905,0.7029059737063265,0.33588479123515286,0.5671256138641868,0.34,0.27028195760488677,0.23427675172021856,0.21716877227081308,0.9135594904549239
WDBC,ACP-Gini (nested),42,3,0.2,0.9298245614035088,0.9265700483091788,0.9756944444444445,25.0,6.0,1.0,0.47090841976653924,0.7725714285714287,0.412279113989557,0.48694848462195406,0.5186388503055197,0.39270091996119905,0.7029059737063265,0.33588479123515286,0.5671256138641868,0.34,0.27028195760488677,0.23427675172021856,0.21716877227081308,0.9135594904549239
WDBC,Cluster+CART,42,3,,0.8947368421052632,0.8906649616368286,0.9657738095238095,25.0,6.0,1.0,0.4129172824271844,0.6763516483516483,0.42479985279820776,0.49106152577581147,0.5097880230268665,0.3416370759329373,0.776176829168467,0.3328945804436158,0.535053056731326,0.34,0.27463277538787745,0.2667039267691907,0.24425461613216715,0.9121532175714765
WDBC,RandomForest (reference),42,3,,0.9385964912280702,0.9354943011882628,0.9927248677248677,,,,,,,,,,,,,,,,,
WDBC,CART,42,4,,0.9469026548672567,0.9425813008130082,0.9694835680751175,25.0,6.0,0.6644736842105263,0.49591673471786113,0.857017543859649,0.5723650268301622,0.609165856818918,0.7051217209748152,0.5205283335367202,0.6293884879799336,0.49300775602667407,0.6285206345907725,0.36,0.32520041689669543,0.31272869009973653,0.24992419825072884,0.8960126749605819
WDBC,VIF+CART,42,4,,0.9469026548672567,0.943687707641196,0.9735077129443326,29.0,5.0,1.0,0.4922038461407102,0.5283771929824561,0.34955006530298965,0.5110986383231281,0.45899799865690644,0.33795141921664057,0.5186372269101001,0.2979076674064511,0.3373449459337754,0.6,0.3380207581534112,0.34797213121268383,0.2831049562682215,0.8890390902797994
WDBC,RRF-style,42,4,,0.9557522123893806,0.9518944231587909,0.9646210596914823,25.0,6.0,0.6644736842105263,0.5795232419164459,0.8529824561403508,0.557383404451971,0.6462079689018465,0.7452534703194534,0.5045072220552187,0.6255943324484561,0.4878405669763696,0.6328915351191248,0.36,0.24751719935393404,0.2683436032249145,0.2353349530288306,0.9079791343270759
WDBC,ACP-Gini,42,4,0.2,0.9469026548672567,0.9425813008130082,0.9557344064386318,25.0,6.0,0.6644736842105263,0.49591673471786113,0.7666666666666667,0.4711582796040277,0.47583602112173545,0.5144732246779656,0.5205283335367202,0.6321856126318535,0.34702934965813853,0.5672895477068475,0.36,0.2608226327494035,0.21842637493725148,0.2196177518626498,0.9124980760905709
WDBC,ACP-Gini (nested),42,4,0.2,0.9469026548672567,0.9425813008130082,0.9557344064386318,25.0,6.0,0.6644736842105263,0.49591673471786113,0.7666666666666667,0.4711582796040277,0.47583602112173545,0.5144732246779656,0.5205283335367202,0.6321856126318535,0.34702934965813853,0.5672895477068475,0.36,0.2608226327494035,0.21842637493725148,0.2196177518626498,0.9124980760905709
WDBC,Cluster+CART,42,4,,0.9469026548672567,0.9425813008130082,0.9792085848423877,25.0,6.0,0.6644736842105263,0.47198777653970536,0.7556140350877193,0.47003342885542926,0.5279613266552041,0.5278481987886832,0.5106231059488447,0.6306687146416311,0.3365654704917222,0.5372492595013901,0.36,0.3014083342960894,0.2934068599452426,0.2527217363135731,0.8976184393250368
WDBC,RandomForest (reference),42,4,,0.9646017699115044,0.9617208672086721,0.9912810194500336,,,,,,,,,,,,,,,,,
WDBC,CART,43,0,,0.9298245614035088,0.9246031746031746,0.9402227317392728,21.0,5.0,0.6659340659340659,0.38284154154564193,0.8638681318681318,0.5732862938936824,0.5113635774656182,0.6374674928142059,0.3628791637572742,0.5952394387808934,0.468968429887531,0.6241803186850506,0.4,0.2694770663510159,0.26289281726441466,0.2417557499190152,0.9107579132499523
WDBC,VIF+CART,43,0,,0.9736842105263158,0.9715828832571666,0.9864068129708484,25.0,5.0,0.9846153846153847,0.6064428436129465,0.48268131868131875,0.3411475305888998,0.4363607322382832,0.37147649421979717,0.3860426431241127,0.5080807834679749,0.28325059512862755,0.35907358327681643,0.52,0.31047588126159553,0.33378853570355876,0.2832254616132167,0.8878553701538907
WDBC,RRF-style,43,0,,0.9473684210526315,0.9439895185063871,0.9415329184408778,23.0,5.0,0.9714285714285714,0.45264119927593693,0.8563956043956042,0.6016957752487295,0.5224868804664723,0.6444258805995369,0.3861573796340641,0.552021051029214,0.47659002328864486,0.6071681206345436,0.4,0.2260985930169604,0.24016184714937405,0.22198250728862975,0.915850417184593
WDBC,ACP-Gini,43,0,0.2,0.9298245614035088,0.9246031746031746,0.9400589584015723,19.0,5.0,0.6659340659340659,0.3628356739887889,0.7475164835164836,0.4203155186297529,0.45640585491605895,0.5191151071238784,0.34936012096172037,0.5791278079383553,0.34017882144327266,0.5410367596621525,0.4,0.2452493088477482,0.2242656202660952,0.21066342727567217,0.91383614534199
WDBC,ACP-Gini (nested),43,0,1.0,0.9122807017543859,0.9047778149014367,0.9372748116606616,25.0,6.0,0.0,0.24608273456580498,0.0571868131868132,0.21130463693728313,0.37522545028667476,0.22865237440786548,0.2647072583440598,0.20976940800024815,0.24115958899979995,0.2666194289343347,0.4,0.2325853488914713,0.18254206527246108,0.18635438937479756,0.9192918791778949
WDBC,Cluster+CART,43,0,,0.9298245614035088,0.9246031746031746,0.9402227317392728,23.0,5.0,0.6659340659340659,0.36973731796770676,0.7493186813186813,0.4819464178812271,0.4712144771328444,0.4888820720046158,0.3365470768737857,0.581613030080656,0.34630122612863834,0.532105254757279,0.4,0.26020700388047324,0.24267324825864658,0.21764625850340136,0.9158628657919563
WDBC,RandomForest (reference),43,0,,0.956140350877193,0.9531057178116001,0.989190959711759,,,,,,,,,,,,,,,,,
WDBC,CART,43,1,,0.9210526315789473,0.9155902920608803,0.9585653455617426,27.0,6.0,1.0,0.5892222044579677,0.7931428571428571,0.511676233221573,0.5617356656948493,0.6578161750438613,0.4504836048290781,0.6518248208021722,0.4607445363626087,0.6378635806581555,0.42,0.3058560792948548,0.29942963277257467,0.2583122772918691,0.9041174040455716
WDBC,VIF+CART,43,1,,0.9385964912280702,0.9354943011882628,0.9611857189649525,27.0,5.0,0.6747252747252748,0.39349244230053065,0.5654945054945055,0.33350470087834944,0.4628178782668579,0.3700005367082492,0.36237336380980134,0.47083178663407893,0.28543353292210927,0.36771879515076367,0.52,0.32205763510865554,0.3216201974468554,0.2882896015549076,0.884646146621734
WDBC,RRF-style,43,1,,0.9210526315789473,0.9170641015277665,0.9441532918440878,25.0,6.0,0.9868131868131869,0.562212561581421,0.7898901098901098,0.521968718864675,0.5961733074182054,0.6895331663591271,0.5509411305944398,0.5501259407445034,0.4441084823686357,0.6013142924325213,0.42,0.2609022587389934,0.2887264948535426,0.2576025267249757,0.9068259290385474
WDBC,ACP-Gini,43,1,0.2,0.9385964912280702,0.933693394266722,0.9649525057320668,25.0,6.0,1.0,0.5953381241168163,0.7108131868131867,0.39703135086348823,0.4740682628029566,0.49986981449617035,0.3576840363505165,0.5876298768276845,0.33001152614315304,0.5522967953776721,0.42,0.2746761099378146,0.2572594611124215,0.23626174279235504,0.9172229758908413
WDBC,ACP-Gini (nested),43,1,0.2,0.9385964912280702,0.933693394266722,0.9649525057320668,25.0,6.0,1.0,0.5953381241168163,0.7108131868131867,0.39703135086348823,0.4740682628029566,0.49986981449617035,0.3576840363505165,0.5876298768276845,0.33001152614315304,0.5522967953776721,0.42,0.2746761099378146,0.2572594611124215,0.23626174279235504,0.9172229758908413
WDBC,Cluster+CART,43,1,,0.9210526315789473,0.9163609684519443,0.9428431051424827,25.0,6.0,0.6857142857142857,0.25391489111044085,0.6046593406593407,0.39861124941796366,0.43261655577982105,0.39548053300371094,0.2720744978482705,0.6313367645286931,0.30402314175086076,0.5004361783301595,0.42,0.2677257934808955,0.26146512333971844,0.24009588597343698,0.9145691978639265
WDBC,RandomForest (reference),43,1,,0.956140350877193,0.9531057178116001,0.9901735997379626,,,,,,,,,,,,,,,,,
WDBC,CART,43,2,,0.9122807017543859,0.9037162162162162,0.9161706349206349,21.0,5.0,0.6703296703296703,0.4790344052619772,0.8107252747252747,0.5159767989065007,0.6169478458049887,0.724671856306923,0.3981857336566756,0.6157359375824251,0.4792463412740777,0.6206235384809041,0.52,0.3324536380652827,0.3469060536824105,0.2672108843537415,0.8789758261472737
WDBC,VIF+CART,43,2,,0.8947368421052632,0.881578947368421,0.9553571428571428,27.0,6.0,0.9846153846153847,0.43220155004218774,0.5239120879120879,0.3492215940557088,0.4575059906080314,0.3330852233716544,0.35551986968584415,0.500836393005457,0.29579897295131624,0.35266464971423445,0.44,0.28658647021912326,0.27188936332011654,0.23899157758341433,0.8807863960756416
WDBC,RRF-style,43,2,,0.8947368421052632,0.8869047619047619,0.9166666666666667,21.0,5.0,0.9802197802197802,0.536860313880898,0.8369670329670329,0.5431747308723598,0.6815442176870748,0.7801935482932307,0.518186318436975,0.6600594921992512,0.49414898135706126,0.6292279907488711,0.52,0.3042960984593638,0.35660623266221647,0.2899225785552316,0.8611171202553966
WDBC,ACP-Gini,43,2,0.2,0.9035087719298246,0.8921475875118259,0.91385582010582,21.0,5.0,0.6703296703296703,0.47028670680690793,0.7287912087912087,0.4608581587621318,0.48137532762022545,0.5429071852761019,0.3519493629574954,0.5821798056278223,0.3458937534563077,0.5441701569931773,0.52,0.3005560176784667,0.30041138481100677,0.25190800129575636,0.8822809857349885
WDBC,ACP-Gini (nested),43,2,0.2,0.9035087719298246,0.8921475875118259,0.91385582010582,21.0,5.0,0.6703296703296703,0.47028670680690793,0.7287912087912087,0.4608581587621318,0.48137532762022545,0.5429071852761019,0.3519493629574954,0.5821798056278223,0.3458937534563077,0.5441701569931773,0.52,0.3005560176784667,0.30041138481100677,0.25190800129575636,0.8822809857349885
WDBC,Cluster+CART,43,2,,0.8947368421052632,0.8879790370127743,0.9361772486772487,21.0,5.0,0.9802197802197802,0.525020522734244,0.7555604395604395,0.4896714674112421,0.5017154931236564,0.5499705608611682,0.3688565750504978,0.6320888818995776,0.368381943738517,0.5589737999458793,0.52,0.25871318703971763,0.25756310724162046,0.22688564949789441,0.9042801728586973
WDBC,RandomForest (reference),43,2,,0.956140350877193,0.951575906889814,0.982473544973545,,,,,,,,,,,,,,,,,
WDBC,CART,43,3,,0.9298245614035088,0.922972972972973,0.9680886243386244,25.0,6.0,0.9846153846153847,0.6055704498415668,0.8898021978021978,0.5139536017283463,0.54514706835115,0.6416184773111496,0.5139252043716027,0.6372661531290542,0.45904017270829345,0.6359789725701788,0.42,0.30832858124934953,0.2946736190244836,0.2359118885649498,0.9061513291368863
WDBC,VIF+CART,43,3,,0.9210526315789473,0.9147486497714998,0.9403108465608466,27.0,6.0,0.5626373626373626,0.27189243967936144,0.489010989010989,0.330396186090001,0.4964427364019201,0.44735078113002064,0.33499256061904087,0.23206577975574708,0.27941598512098464,0.29061009336287424,0.62,0.32795939208184105,0.3268629275727738,0.27055264010366054,0.8820148541443679
WDBC,RRF-style,43,3,,0.956140350877193,0.9539245008487591,0.9745370370370371,29.0,6.0,1.0,0.5619915996536676,0.8600439560439561,0.5254127435732314,0.6232604470359572,0.7318696632010856,0.38907759915186546,0.6038815832295928,0.46987087962772395,0.6335186770608164,0.42,0.2653798333186088,0.2967542173160487,0.2554275996112731,0.9003560436262341
WDBC,ACP-Gini,43,3,0.2,0.9122807017543859,0.9066491975106452,0.9743716931216931,25.0,6.0,0.9846153846153847,0.44858314162521645,0.8118241758241759,0.4315461478187556,0.5008017492711371,0.5462085369786254,0.3362143367480026,0.6087824100502781,0.3504828200347648,0.5677532621093154,0.42,0.26561151806710037,0.24656557070215127,0.22534175574991905,0.9128795008256757
WDBC,ACP-Gini (nested),43,3,0.6,0.9385964912280702,0.933693394266722,0.9791666666666666,27.0,6.0,0.6593406593406593,0.43293305636878315,0.5603076923076923,0.30641278692387186,0.4381038847773541,0.3313517429930485,0.3263026582424756,0.5629634058502805,0.27378923541086947,0.3965149816476414,0.42,0.266487451324186,0.22086212389339227,0.1857725947521866,0.9059002153097713
WDBC,Cluster+CART,43,3,,0.9210526315789473,0.9155902920608803,0.9814814814814816,25.0,6.0,0.9846153846153847,0.5425567310858952,0.7525714285714287,0.4289150726104271,0.5312369172777336,0.5189377322228612,0.27025202195399983,0.5932412976164548,0.3326920152343803,0.5346181477643681,0.42,0.3691935320914913,0.3989131352043709,0.3007489471979268,0.8705863076695095
WDBC,RandomForest (reference),43,3,,0.9473684210526315,0.9434523809523809,0.9933862433862434,,,,,,,,,,,,,,,,,
WDBC,CART,43,4,,0.9646017699115044,0.9627799736495388,0.9750167672702884,27.0,6.0,1.0,0.39874065813655224,0.9235964912280701,0.5080189962861857,0.5790877580469417,0.7042176185479859,0.4062295182380819,0.6564743320408203,0.4715484058869683,0.6238998831988481,0.38,0.3132944136695637,0.2806593084720862,0.2335860058309038,0.9110878352430651
WDBC,VIF+CART,43,4,,0.9557522123893806,0.9536619371770688,0.9785378940308518,35.0,6.0,0.6820175438596491,0.22049469745956599,0.46368421052631575,0.3070135537722091,0.49811792062812466,0.38724974469249507,0.1827821665727681,0.23874720187347157,0.2702822209397397,0.31396006510415647,0.3,0.30762379797073675,0.29222253077265586,0.2648461289277616,0.8953306585485146
WDBC,RRF-style,43,4,,0.9734513274336283,0.9719672537831804,0.9849094567404426,31.0,6.0,1.0,0.5018063086238391,0.9030701754385965,0.5256784550912519,0.6120323939099449,0.7267533599656864,0.32758155669441996,0.5807407350852141,0.4676603425129134,0.6022591326548709,0.38,0.2398405721262864,0.25180015596655175,0.23948558471007447,0.916885979971108
WDBC,ACP-Gini,43,4,0.2,0.9734513274336283,0.9717146433041302,0.9788732394366197,27.0,6.0,1.0,0.3670481436490948,0.8132456140350878,0.4198337775806408,0.5125576237821136,0.5687653069916175,0.3603953038545684,0.6457708472568591,0.34551115061341314,0.5427083920984659,0.38,0.26137910162399963,0.20104395717008036,0.20426951733074183,0.9188925895994622
WDBC,ACP-Gini (nested),43,4,0.2,0.9734513274336283,0.9717146433041302,0.9788732394366197,27.0,6.0,1.0,0.3670481436490948,0.8132456140350878,0.4198337775806408,0.5125576237821136,0.5687653069916175,0.3603953038545684,0.6457708472568591,0.34551115061341314,0.5427083920984659,0.38,0.26137910162399963,0.20104395717008036,0.20426951733074183,0.9188925895994622
WDBC,Cluster+CART,43,4,,0.9292035398230089,0.9255599472990776,0.9671361502347418,27.0,6.0,0.9407894736842105,0.3409771991539227,0.788859649122807,0.42312722334611935,0.4968046058250139,0.5302021611426085,0.3416370759329373,0.517761369159998,0.32042196738057543,0.5257302700839069,0.38,0.2783267118369159,0.26449121460107267,0.24560090702947843,0.9120137330904597
WDBC,RandomForest (reference),43,4,,0.9646017699115044,0.9624584717607974,0.9976525821596245,,,,,,,,,,,,,,,,,
WDBC,CART,44,0,,0.9473684210526315,0.9439895185063871,0.9572551588601376,27.0,6.0,0.6615384615384615,0.4592195934249628,0.8626813186813187,0.5558640525801772,0.5982044055717525,0.697953836200287,0.3861322174249918,0.5620138828238765,0.48768796876710774,0.620811206617822,0.38,0.31317713805468905,0.31256268529288095,0.2585487528344671,0.8908012507244515
WDBC,VIF+CART,44,0,,0.9210526315789473,0.9147486497714998,0.9513593187029151,27.0,5.0,0.9802197802197802,0.49849024687723104,0.4773626373626374,0.36162313768961135,0.4431332794189936,0.32404759282385387,0.38226216691366044,0.5291318217436305,0.3008964342715234,0.3942922142085488,0.48,0.30168765701418765,0.32098148370324653,0.2735821185617104,0.8688980295479306
WDBC,RRF-style,44,0,,0.9649122807017544,0.9619111259605746,0.9749426793318048,27.0,6.0,1.0,0.5072268993885694,0.8488791208791209,0.5749438027775858,0.6245241334629089,0.7258772475457325,0.4998558945584816,0.6620144997409211,0.4760140992424375,0.6048122971119377,0.38,0.2436120093058869,0.2631173877132005,0.237843537414966,0.9037976622094585
WDBC,ACP-Gini,44,0,0.2,0.9385964912280702,0.9349474199070678,0.9569276121847363,27.0,6.0,0.6615384615384615,0.44843078653452767,0.7627692307692306,0.47712535887747465,0.4821259534116677,0.5321333337697668,0.30011663885366446,0.5415155486561302,0.3366904572809236,0.5404279547743094,0.38,0.25185819849085156,0.22688779158538896,0.2144250080984775,0.9120128375201669
WDBC,ACP-Gini (nested),44,0,1.0,0.9210526315789473,0.9163609684519443,0.9385849983622666,31.0,6.0,0.0,0.2374550808377106,0.11740659340659342,0.22177103490392497,0.3738342700383517,0.21202898995320052,0.23652838645914778,0.23407354149641152,0.23885629271028447,0.25190923509780994,0.38,0.22968825958621877,0.1781652695779118,0.18613249109167476,0.9186165579196618
WDBC,Cluster+CART,44,0,,0.9473684210526315,0.9439895185063871,0.9582377988863413,27.0,6.0,0.6615384615384615,0.4558548931440228,0.6861098901098902,0.4573292542241548,0.47456247607268015,0.4997445634391306,0.35131473738224894,0.5559522118010812,0.35182327633355776,0.5450169269986684,0.38,0.26314645898319367,0.2634022510427524,0.238354713313897,0.9001632638014563
WDBC,RandomForest (reference),44,0,,0.9473684210526315,0.9422297297297297,0.9908286930887651,,,,,,,,,,,,,,,,,
WDBC,CART,44,1,,0.9473684210526315,0.9439895185063871,0.9814936128398296,25.0,6.0,0.6879120879120879,0.5220814910516642,0.8556923076923078,0.49328683330492895,0.5775517566333893,0.6556297141988142,0.43359986568536635,0.5713968833451434,0.4356862318483881,0.5844593858072564,0.48,0.32831846211678145,0.31788914837492904,0.24579527048914807,0.9043256186155237
WDBC,VIF+CART,44,1,,0.9122807017543859,0.9074675324675325,0.9502129053390108,35.0,6.0,0.9032967032967033,0.2577345056790577,0.6310769230769231,0.30630284784068273,0.5345448225244144,0.3828210243000341,0.23077485166086045,0.2596862671559994,0.272835570428771,0.3165238582591146,0.3,0.3242787845741027,0.28529337492216544,0.22421444768383544,0.893863840570427
WDBC,RRF-style,44,1,,0.9473684210526315,0.9434523809523809,0.9595479855879463,27.0,6.0,1.0,0.5066887895937333,0.8099340659340659,0.49448173949705576,0.5371289277615808,0.5995222667036126,0.563170586118608,0.6330402592501715,0.4354054933931127,0.5721668694973868,0.48,0.2642883986761538,0.27896440792950233,0.23104632329122124,0.900812683974948
WDBC,ACP-Gini,44,1,0.2,0.9385964912280702,0.9343480049362403,0.9489027186374057,25.0,6.0,0.6527472527472528,0.48098268771755054,0.7115164835164834,0.3968147833440374,0.5087779816555327,0.5086077922506406,0.36112585821959287,0.47830286596413146,0.33137513839888627,0.5133288149545566,0.48,0.29713080796754265,0.2742476879807379,0.2271979267897635,0.9100074925573483
WDBC,ACP-Gini (nested),44,1,0.4,0.9122807017543859,0.9082125603864735,0.9500491320013101,25.0,6.0,0.6153846153846154,0.3910770430043562,0.5478681318681319,0.3461287029174099,0.447408426041079,0.3600020615655481,0.3166154481750204,0.3739614364951094,0.2966072545143451,0.43191727670741925,0.48,0.26648862928454764,0.22291388189660674,0.19688046647230323,0.9082471442594418
WDBC,Cluster+CART,44,1,,0.956140350877193,0.9535338713621913,0.9877169996724533,29.0,6.0,0.6659340659340659,0.45732630968771976,0.7823296703296703,0.4293996139473771,0.4950122575836861,0.48547785928961945,0.4087989129623849,0.5355385271883037,0.313560142361118,0.5113585502049693,0.48,0.370584195849502,0.416086108975043,0.3132879818594104,0.8807536840866588
WDBC,RandomForest (reference),44,1,,0.956140350877193,0.9531057178116001,0.9950867998689813,,,,,,,,,,,,,,,,,
WDBC,CART,44,2,,0.956140350877193,0.9531057178116001,0.9639550264550265,25.0,6.0,1.0,0.4648471151130726,0.8950769230769231,0.5264433746597141,0.5363305062284655,0.6565010891700827,0.48963441843023064,0.6838023132594118,0.4608706234757329,0.6207339349424854,0.46,0.3010667358518499,0.2873838447967049,0.2592290249433106,0.9014305381526037
WDBC,VIF+CART,44,2,,0.9298245614035088,0.9253193580085162,0.9636243386243387,29.0,6.0,1.0,0.4325612183593793,0.42817582417582417,0.3235415878891533,0.41897278231972107,0.27207200604180615,0.30050886339009125,0.6309320018835174,0.2794037319824833,0.37413045645213566,0.38,0.30046691437147616,0.28644062531242986,0.24380369290573367,0.8983164551363784
WDBC,RRF-style,44,2,,0.9473684210526315,0.9434523809523809,0.9578373015873016,25.0,6.0,1.0,0.46285694576242437,0.8823736263736264,0.5163921047122997,0.5637366375121478,0.6724028048891757,0.43451579885258973,0.6561403360767023,0.4577984597132601,0.5788147966060673,0.46,0.22152751556833192,0.22913285893738053,0.22414868804664717,0.9091811346942155
WDBC,ACP-Gini,44,2,0.2,0.956140350877193,0.9531057178116001,0.9654431216931217,25.0,6.0,1.0,0.4265357575043307,0.7798681318681318,0.4222874076526055,0.4474164361715382,0.4790767891130652,0.33104493248958516,0.6410428481040524,0.34636611610752127,0.5367645536131116,0.46,0.25549610626801506,0.21901854517691047,0.21694201490119858,0.916675179665705
WDBC,ACP-Gini (nested),44,2,0.2,0.956140350877193,0.9531057178116001,0.9654431216931217,25.0,6.0,1.0,0.4265357575043307,0.7798681318681318,0.4222874076526055,0.4474164361715382,0.4790767891130652,0.33104493248958516,0.6410428481040524,0.34636611610752127,0.5367645536131116,0.46,0.25549610626801506,0.21901854517691047,0.21694201490119858,0.916675179665705
WDBC,Cluster+CART,44,2,,0.9385964912280702,0.9343480049362403,0.9666005291005292,31.0,6.0,1.0,0.500324569407029,0.6840879120879122,0.4145523967010276,0.4519176786931889,0.4294406189367378,0.40941315928957767,0.6800230302901719,0.3193054960794685,0.5050667437003046,0.46,0.2744511588185058,0.2655610079552393,0.23440621963070943,0.9075797544990803
WDBC,RandomForest (reference),44,2,,0.9473684210526315,0.9444805194805195,0.9920634920634921,,,,,,,,,,,,,,,,,
WDBC,CART,44,3,,0.956140350877193,0.9526381387619444,0.9647817460317462,21.0,5.0,0.6945054945054945,0.36473330205431154,0.8849230769230769,0.5138005366732918,0.5690562634644267,0.6989445166929794,0.3743522688396112,0.6181002020251355,0.4360704264680767,0.5853557748695544,0.38,0.2748142203268254,0.2614120058717014,0.2605442176870748,0.9012471185224707
WDBC,VIF+CART,44,3,,0.9385964912280702,0.9329805996472662,0.9649470899470899,25.0,5.0,0.9846153846153847,0.6039777791780075,0.48782417582417587,0.33495050488774675,0.44697197133931826,0.3575723459123744,0.38226216691366044,0.5315294244597881,0.28355026858071475,0.3413840634960351,0.6,0.31086868573603266,0.33119881829282655,0.309303530936184,0.8603422435080569
WDBC,RRF-style,44,3,,0.956140350877193,0.9526381387619444,0.9723875661375662,21.0,5.0,1.0,0.44838556268838425,0.8411428571428573,0.5140659176260596,0.5367000323939098,0.6317332293373494,0.34611343446798354,0.6116065774842402,0.434925558599913,0.5879237328086344,0.38,0.21747232359477256,0.20495571372886898,0.20992322643343053,0.9120152186695464
WDBC,ACP-Gini,44,3,0.2,0.956140350877193,0.9526381387619444,0.9647817460317462,21.0,5.0,0.6637362637362637,0.3533327373060542,0.8067692307692308,0.42010605772280807,0.48706178628627605,0.5471146950175615,0.2945321194122507,0.5346086570901585,0.32605043011318,0.5361865955560287,0.38,0.24965060629646463,0.21542430646806063,0.22960803368966634,0.9176165001850856
WDBC,ACP-Gini (nested),44,3,0.2,0.956140350877193,0.9526381387619444,0.9647817460317462,21.0,5.0,0.6637362637362637,0.3533327373060542,0.8067692307692308,0.42010605772280807,0.48706178628627605,0.5471146950175615,0.2945321194122507,0.5346086570901585,0.32605043011318,0.5361865955560287,0.38,0.24965060629646463,0.21542430646806063,0.22960803368966634,0.9176165001850856
WDBC,Cluster+CART,44,3,,0.956140350877193,0.9531057178116001,0.9732142857142857,21.0,4.0,0.6637362637362637,0.4113134861819349,0.6996043956043957,0.45125059936853196,0.5210840474718026,0.5583437024667413,0.30311215619627563,0.5140350181107853,0.3312290010306774,0.5247717876314737,0.38,0.300267818349451,0.30403967147023564,0.2708746355685131,0.9027892253489019
WDBC,RandomForest (reference),44,3,,0.9649122807017544,0.9619111259605746,0.9808201058201058,,,,,,,,,,,,,,,,,
WDBC,CART,44,4,,0.911504424778761,0.9052649228705567,0.9248826291079812,27.0,6.0,1.0,0.5078737794639236,0.9051315789473685,0.5428655132769437,0.5689727891156462,0.6531668469520776,0.3812343908786143,0.64042368014524,0.4809149140636778,0.6281409992361605,0.44,0.29214570370272647,0.2665755226138038,0.22205701328150312,0.9124294389645373
WDBC,VIF+CART,44,4,,0.9646017699115044,0.9627799736495388,0.9849094567404426,29.0,6.0,0.6820175438596491,0.4104886993981405,0.4716666666666666,0.29518545856455847,0.47234334146579043,0.4059087397011505,0.36291380287836367,0.5008960723063343,0.28125851795915247,0.3225348255657357,0.58,0.33925579522518295,0.3659023879309933,0.30648396501457725,0.8727957588144718
WDBC,RRF-style,44,4,,0.9292035398230089,0.9249169435215947,0.9495305164319249,27.0,6.0,1.0,0.5069522049679606,0.8667982456140351,0.5255385301805581,0.5475714285714286,0.6336034892099679,0.30972978138522783,0.6193484046910419,0.4600075404381892,0.6153257459832387,0.44,0.23529484347851695,0.2457197152922897,0.2128299319727891,0.9040844639343724
WDBC,ACP-Gini,44,4,0.2,0.9292035398230089,0.9249169435215947,0.9595908786049632,27.0,6.0,0.9824561403508771,0.3494321539145366,0.8375877192982457,0.4622059523405511,0.4902067320434667,0.48599860725373406,0.2913389791930062,0.6058861826832721,0.3569017756597602,0.565811679767785,0.44,0.25851971224720327,0.21234384426087227,0.200527048914804,0.9129918286118452
WDBC,ACP-Gini (nested),44,4,0.4,0.9469026548672567,0.943687707641196,0.9699865861837693,29.0,6.0,0.6600877192982456,0.24407419313775564,0.7306140350877192,0.40045339472926633,0.46726415761109635,0.4327104681101232,0.25937033777444507,0.5497628873941509,0.3248597716982902,0.5079241187223388,0.44,0.2523382561815935,0.20613020810349686,0.18703660511823778,0.9171789212978896
WDBC,Cluster+CART,44,4,,0.9292035398230089,0.9249169435215947,0.949027498323273,27.0,6.0,1.0,0.495420715100693,0.7200438596491229,0.4373559683160444,0.46059168722434024,0.424380150249041,0.29009747649420764,0.6090327433385698,0.32901757544628885,0.5321092359103963,0.44,0.29686479959949347,0.30211211274970295,0.24419339164237122,0.9030661410207454
WDBC,RandomForest (reference),44,4,,0.9646017699115044,0.9624584717607974,0.9956405097250167,,,,,,,,,,,,,,,,,
Wine,CART,42,0,,0.7330769230769231,0.7085674452199182,0.7828583873999861,109.0,6.0,0.03078699249567058,0.21932615140935385,0.07695593611699056,0.22105669923924176,0.9776326530612246,0.753756338899196,0.24478904535766594,0.15867026951797755,0.24407601928707034,0.1813245987298655,1.0,0.9760296846011131,0.6664860853432283,0.6191545189504374,0.5789472417113536
Wine,VIF+CART,42,0,,0.7338461538461538,0.7075232459847844,0.7840479811295281,109.0,6.0,0.049451606696170866,0.2108736346602108,0.08539542043486627,0.21118050353097967,0.9955555555555556,0.8479312255985355,0.23790855503152927,0.15420668311218136,0.23782565423926344,0.16672302827172955,1.0,0.9959999999999999,0.7785882214315671,0.6689795918367347,0.5576279188833637
Wine,RRF-style,42,0,,0.7346153846153847,0.7096784842951271,0.7846032946906418,109.0,6.0,0.03078699249567058,0.22001453792419878,0.0752049259187993,0.22058785793149638,0.950421768707483,0.7488780416280719,0.24478904535766594,0.16230170548937672,0.24496037868463155,0.18084080327302146,1.0,0.951294990723562,0.6608954206655937,0.6122934888241011,0.5807658080893189
Wine,ACP-Gini,42,0,1.0,0.7315384615384616,0.7093751341185393,0.7892279358383578,107.0,6.0,0.0,0.15308275879523336,0.0011776024629593998,0.15521035751751452,0.9566462585034016,0.8708604315687187,0.20808853407600383,0.10544446070280433,0.2150542050356365,0.13061541252445066,1.0,0.921806019377448,0.8751965797579975,0.6933722060252673,0.5208766825492029
Wine,ACP-Gini (nested),42,0,1.0,0.7315384615384616,0.7093751341185393,0.7892279358383578,107.0,6.0,0.0,0.15308275879523336,0.0011776024629593998,0.15521035751751452,0.9566462585034016,0.8708604315687187,0.20808853407600383,0.10544446070280433,0.2150542050356365,0.13061541252445066,1.0,0.921806019377448,0.8751965797579975,0.6933722060252673,0.5208766825492029
Wine,Cluster+CART,42,0,,0.7292307692307692,0.703347197875717,0.7795749049216574,111.0,6.0,0.0,0.2179960633966499,0.0,0.20172459758753483,0.9448344671201816,0.7086671544776266,0.22702900516982558,0.1557620694299992,0.22316151191435574,0.16122418885548176,1.0,0.856120387548959,0.6497551831341337,0.576734693877551,0.587132124707858
Wine,RandomForest (reference),42,0,,0.7592307692307693,0.7301135327269677,0.8400977148082767,,,,,,,,,,,,,,,,,
Wine,CART,42,1,,0.7476923076923077,0.7254523211641234,0.7919331789663526,117.0,6.0,0.01847219549740235,0.22857104598666617,0.10571868385607082,0.22013840563588252,0.9919999999999999,0.7157105751391465,0.24478904535766594,0.1718210242468791,0.2444758689208858,0.18237310556692976,1.0,0.9927272727272727,0.6034508348794063,0.5420602526724976,0.5781552180983376
Wine,VIF+CART,42,1,,0.75,0.7283501499057101,0.7980148813845138,115.0,6.0,0.09620935154897056,0.2202735331799756,0.12430633057533193,0.20897708140151025,1.0,0.8250389610389609,0.23790855503152927,0.15980827681998316,0.23790855503152927,0.16665467018835226,1.0,1.0,0.7271243042671615,0.5669484936831876,0.5576450604635402
Wine,RRF-style,42,1,,0.7461538461538462,0.7227098679090644,0.792666804221402,117.0,6.0,0.01847219549740235,0.2105387648938264,0.10249374639214932,0.21846022513222949,0.9591927437641724,0.7146457475849447,0.24478904535766594,0.18243713932408928,0.2434869698534094,0.1814986180347117,1.0,0.9629090909090908,0.5923433657823032,0.529067055393586,0.5744456276726868
Wine,ACP-Gini,42,1,1.0,0.7384615384615385,0.7128855907541365,0.8032215828474338,117.0,6.0,0.0,0.14707368021661235,3.8483740619588224e-05,0.1492827495342158,0.9076349206349207,0.8516191415543297,0.20555957190457047,0.11285770967345177,0.22003704580601255,0.12303245385013162,1.0,0.8652541743970316,0.827958230024294,0.6649173955296405,0.5001852167686504
Wine,ACP-Gini (nested),42,1,0.8,0.7438461538461538,0.7208665324195243,0.7971780900779732,119.0,6.0,0.0,0.1629556620831879,0.0012276313257648644,0.1589317685921601,0.9122448979591836,0.8336631082772672,0.23790855503152927,0.12880681770814467,0.22775769616262398,0.1312879736622279,1.0,0.8708967223252937,0.8111062226345042,0.6650340136054422,0.5290967179749448
Wine,Cluster+CART,42,1,,0.7438461538461538,0.7197766239718184,0.797604764488462,115.0,6.0,0.0,0.24869372658592337,0.0,0.20294351270560484,0.9698775510204081,0.6414001236858379,0.24080584492204798,0.15221953441397756,0.2308488514260755,0.16531953368067975,1.0,0.8787458256029684,0.5695030285984835,0.5241496598639456,0.5877778289814005
Wine,RandomForest (reference),42,1,,0.7676923076923077,0.737015562033782,0.8433378930180783,,,,,,,,,,,,,,,,,
Wine,CART,42,2,,0.7598152424942263,0.7408975834292291,0.8019403510382714,119.0,6.0,0.028857252789534438,0.2289568705519603,0.1002308580223163,0.21805376676547295,0.9729795918367348,0.7533704390847247,0.24478904535766594,0.17827269051936787,0.2454832058656094,0.1843162687762738,1.0,0.9754359925788498,0.6834730983302413,0.6270068027210884,0.5664607816094578
Wine,VIF+CART,42,2,,0.7590454195535027,0.7397151883540268,0.7968510102169377,121.0,6.0,0.16294728741823777,0.22216152682312662,0.1115275105809927,0.21004270477633785,0.9868480725623585,0.8444033262072284,0.23790855503152927,0.17234300864424074,0.2377016667356554,0.17116674350480618,1.0,0.9841632653061224,0.7761646076543048,0.6578328474246843,0.5439742567756373
Wine,RRF-style,42,2,,0.7575057736720554,0.7353309293187367,0.8041719587649901,119.0,6.0,0.028857252789534438,0.2213861762516231,0.10091958445555983,0.21723984684803682,0.9437369614512472,0.7709831322499864,0.24478904535766594,0.16805444799770194,0.24584734465191238,0.18295599656381956,1.0,0.9488682745825604,0.7062054493185983,0.6702526724975705,0.5668205017755543
Wine,ACP-Gini,42,2,1.0,0.7513471901462664,0.7318827197375426,0.799352961279693,121.0,6.0,0.0,0.15282662291662702,0.00033089649865332817,0.15471728860822698,0.9509387755102041,0.8297961526876617,0.23790855503152927,0.1230468549755798,0.2194867874959173,0.12892971301404615,1.0,0.9060977118119975,0.8407414154850105,0.6437220602526725,0.49079890325404635
Wine,ACP-Gini (nested),42,2,1.0,0.7513471901462664,0.7318827197375426,0.799352961279693,121.0,6.0,0.0,0.15282662291662702,0.00033089649865332817,0.15471728860822698,0.9509387755102041,0.8297961526876617,0.23790855503152927,0.1230468549755798,0.2194867874959173,0.12892971301404615,1.0,0.9060977118119975,0.8407414154850105,0.6437220602526725,0.49079890325404635
Wine,Cluster+CART,42,2,,0.7498075442648191,0.7289929843413889,0.7755550964819662,119.0,6.0,0.0,0.21202446953385592,0.0,0.20693718318626858,0.9697959183673469,0.6502461348175633,0.24080584492204798,0.15896268689685694,0.23703513873824464,0.1748697032088169,1.0,0.9067755102040818,0.6342975140827006,0.5619339164237123,0.5740153312993816
Wine,RandomForest (reference),42,2,,0.7721324095458044,0.7433519159297706,0.835493529612797,,,,,,,,,,,,,,,,,
Wine,CART,42,3,,0.7467282525019245,0.7266569747175722,0.8065553158171254,113.0,6.0,0.13120430934974991,0.23517830749574098,0.13188149288187762,0.22366931013189062,0.9921632653061225,0.7366283240568954,0.24478904535766594,0.1646053483672142,0.24451382574462044,0.1832165950769374,1.0,0.9928756957328384,0.6561113172541744,0.6080369290573372,0.5635672994271675
Wine,VIF+CART,42,3,,0.7490377213240954,0.729271192942079,0.8097637301259392,115.0,6.0,0.2701038861100423,0.22708101070858913,0.14499807618314736,0.21463356454645496,0.9955555555555554,0.8275390417521213,0.23790855503152927,0.15616964310755652,0.23797857021732496,0.16979662761618766,1.0,0.9959999999999999,0.7521282328275369,0.6006608357628767,0.5510605850174967
Wine,RRF-style,42,3,,0.7490377213240954,0.729271192942079,0.8119558065157845,115.0,6.0,0.2701038861100423,0.2252220082039415,0.1291804540207772,0.22225609336057014,0.9461950113378685,0.7372047793308739,0.23790855503152927,0.15633453669040734,0.2437373147608255,0.18180930106000925,1.0,0.9510871985157698,0.6517587788354844,0.5902235179786202,0.5657219697663153
Wine,ACP-Gini,42,3,1.0,0.7390300230946882,0.722835086747587,0.8045710977469688,117.0,6.0,0.0,0.16194158644235732,0.0,0.15536037444790435,0.9402448979591839,0.8364587152521284,0.20808853407600383,0.12194625932154944,0.2237543943571827,0.1297631433671472,1.0,0.8938742527313956,0.8098006529405881,0.6518950437317785,0.5000241768389757
Wine,ACP-Gini (nested),42,3,1.0,0.7390300230946882,0.722835086747587,0.8045710977469688,117.0,6.0,0.0,0.16194158644235732,0.0,0.15536037444790435,0.9402448979591839,0.8364587152521284,0.20808853407600383,0.12194625932154944,0.2237543943571827,0.1297631433671472,1.0,0.8938742527313956,0.8098006529405881,0.6518950437317785,0.5000241768389757
Wine,Cluster+CART,42,3,,0.7444187836797537,0.7247797053207674,0.8002417787571348,115.0,6.0,0.0,0.22160857026060235,0.0,0.2050879317561156,0.9529795918367348,0.7194904143475571,0.22702900516982558,0.16835981296415548,0.22426347385261847,0.16513092828772993,1.0,0.8791985157699446,0.6380648437960637,0.5794849368318756,0.580743818168954
Wine,RandomForest (reference),42,3,,0.7644341801385681,0.7398939929328623,0.8370926359495426,,,,,,,,,,,,,,,,,
Wine,CART,42,4,,0.7344110854503464,0.7163247388779839,0.788654951652593,119.0,6.0,0.15390534821085033,0.23261262197816493,0.15456329357445173,0.22484974323476423,0.9959999999999999,0.7958293135435992,0.24478904535766594,0.17435524409250952,0.24465143555114316,0.18443335874507047,1.0,0.9963636363636363,0.7295584415584416,0.6622643343051507,0.5452190805988824
Wine,VIF+CART,42,4,,0.7344110854503464,0.7163247388779839,0.7853007545667113,119.0,6.0,0.11831473643709119,0.22198658133621407,0.16036937283570604,0.2174810679872078,1.0,0.8755918367346938,0.23790855503152927,0.16870588080788876,0.23790855503152927,0.17182463403068166,1.0,1.0,0.8129424860853434,0.6460738581146744,0.533412313921156
Wine,RRF-style,42,4,,0.7390300230946882,0.7214888133449284,0.7905375394386186,119.0,6.0,0.10754136206233167,0.22562308734958866,0.15463639861485187,0.22264003374975128,0.964798185941043,0.7950393886070599,0.24478904535766594,0.16793927579527598,0.24448663002979124,0.1815900821964977,1.0,0.968,0.7333016207699011,0.6745189504373178,0.5526647188044772
Wine,ACP-Gini,42,4,1.0,0.7421093148575828,0.725448122745664,0.7912676006003859,121.0,6.0,0.0,0.1521473460963701,0.0003578299345902269,0.15676344616566734,0.9673469387755104,0.8685856006790921,0.20808853407600383,0.11858884924631274,0.22117686450528887,0.1302306112345336,1.0,0.9187301587301588,0.8647694482574239,0.7229154518950438,0.5005053156229391
Wine,ACP-Gini (nested),42,4,1.0,0.7421093148575828,0.725448122745664,0.7912676006003859,121.0,6.0,0.0,0.1521473460963701,0.0003578299345902269,0.15676344616566734,0.9673469387755104,0.8685856006790921,0.20808853407600383,0.11858884924631274,0.22117686450528887,0.1302306112345336,1.0,0.9187301587301588,0.8647694482574239,0.7229154518950438,0.5005053156229391
Wine,Cluster+CART,42,4,,0.7359507313317937,0.721073794244526,0.7855994159510706,119.0,6.0,0.0,0.2207736265778416,0.0,0.2065377903227316,0.9725714285714286,0.7477402597402597,0.22702900516982558,0.1627115500948612,0.22743532009931175,0.16825997845893353,1.0,0.9056326530612245,0.6581016143587437,0.6116715257531584,0.5744910576962761
Wine,RandomForest (reference),42,4,,0.7713625866050808,0.7471465732335297,0.8275702747684737,,,,,,,,,,,,,,,,,
Wine,CART,43,0,,0.7346153846153847,0.7180619509358646,0.8047932730639809,113.0,6.0,0.08678083509717144,0.21386082704870576,0.14167019434289016,0.22851197534319748,1.0,0.7121682127396411,0.24478904535766594,0.16913541295424964,0.2447890453576659,0.18625720062281872,1.0,1.0,0.6156883116883117,0.5724586977648203,0.5578097727170254
Wine,VIF+CART,43,0,,0.7369230769230769,0.7180908804999544,0.8062707128137332,115.0,6.0,0.1062151241100635,0.21188577794392663,0.15620935154897056,0.2174947134062106,0.9955555555555554,0.8170954162331153,0.23790855503152927,0.15868638430751436,0.23806830350024974,0.17139598736470585,1.0,0.9959999999999999,0.7382998754881228,0.6082021379980563,0.5387762017462235
Wine,RRF-style,43,0,,0.7407692307692307,0.7227985388869802,0.8090740273733924,115.0,6.0,0.08678083509717144,0.21081496758262197,0.13730613815662884,0.22600017463002295,0.9651337868480725,0.7127313543871064,0.23790855503152927,0.15780435091646935,0.2446364787005949,0.1841103290839629,1.0,0.96830426716141,0.613403291362383,0.5558989310009719,0.5680227633248222
Wine,ACP-Gini,43,0,1.0,0.7461538461538462,0.7326663077291218,0.8123778883310279,113.0,6.0,0.0,0.1437981650296128,0.0,0.1596517781455468,0.9423129251700679,0.8349635448213191,0.2414093143213143,0.10714046355018766,0.21809942443413569,0.13201321838993332,1.0,0.8948979591836734,0.8142576454302204,0.6628862973760933,0.5201470216551515
Wine,ACP-Gini (nested),43,0,1.0,0.7461538461538462,0.7326663077291218,0.8123778883310279,113.0,6.0,0.0,0.1437981650296128,0.0,0.1596517781455468,0.9423129251700679,0.8349635448213191,0.2414093143213143,0.10714046355018766,0.21809942443413569,0.13201321838993332,1.0,0.8948979591836734,0.8142576454302204,0.6628862973760933,0.5201470216551515
Wine,Cluster+CART,43,0,,0.7261538461538461,0.7072923913730946,0.7994337330062588,113.0,6.0,0.0,0.19303948972272336,0.0,0.21186417323118736,0.9649795918367348,0.6734693877551019,0.22702900516982558,0.14254507763577104,0.22513157027152253,0.1729314769119069,1.0,0.9157179962894251,0.6443391850983908,0.554178814382896,0.5784567659916623
Wine,RandomForest (reference),43,0,,0.7746153846153846,0.7440874389192682,0.8519299693558617,,,,,,,,,,,,,,,,,
Wine,CART,43,1,,0.7384615384615385,0.7241610001098363,0.788905701134317,113.0,6.0,0.17741004425630172,0.23557264016671153,0.09899942274389073,0.2185230165123734,0.9771428571428571,0.7653729128014841,0.24478904535766594,0.16947669123088216,0.24394573967107802,0.17741363678998248,1.0,0.9755844155844156,0.6592356215213359,0.5945189504373178,0.5797107921544945
Wine,VIF+CART,43,1,,0.7338461538461538,0.7199078398405878,0.7865137771256664,113.0,6.0,0.17741004425630172,0.2009817148245322,0.10633827208004618,0.21017933259112442,1.0,0.845155225726654,0.23790855503152927,0.15018406594515019,0.23731215461241872,0.16547066930514223,1.0,0.9959999999999999,0.749954559290805,0.6042662779397473,0.5580149625652605
Wine,RRF-style,43,1,,0.7369230769230769,0.7231458994956099,0.7903411102704987,113.0,6.0,0.17741004425630172,0.24041182978037218,0.09629401577833367,0.2172758988542308,0.9559183673469388,0.7674706246134816,0.23980796473077978,0.17684557449725333,0.2433681770607575,0.17570584222839547,1.0,0.9528014842300557,0.6638070500927644,0.5966277939747329,0.5825688364061803
Wine,ACP-Gini,43,1,1.0,0.7430769230769231,0.728420636528988,0.7988682302054915,117.0,6.0,0.0,0.15506862816960115,0.0,0.151539955879319,0.9262199546485261,0.8411481126276498,0.20808853407600383,0.12357528308946257,0.2156900346257975,0.12349205950230249,1.0,0.8898177695320552,0.8521784025612074,0.6572983479105928,0.5308531086975071
Wine,ACP-Gini (nested),43,1,1.0,0.7430769230769231,0.728420636528988,0.7988682302054915,117.0,6.0,0.0,0.15506862816960115,0.0,0.151539955879319,0.9262199546485261,0.8411481126276498,0.20808853407600383,0.12357528308946257,0.2156900346257975,0.12349205950230249,1.0,0.8898177695320552,0.8521784025612074,0.6572983479105928,0.5308531086975071
Wine,Cluster+CART,43,1,,0.7461538461538462,0.7316730839957069,0.7976238693128122,113.0,6.0,0.0,0.21258514362293834,0.0,0.2011466647379736,0.9489795918367347,0.6709066171923314,0.22702900516982558,0.15153102927637618,0.22764116706959972,0.16188988487420525,1.0,0.857491651205937,0.613475317115488,0.5452575315840622,0.5890566549337296
Wine,RandomForest (reference),43,1,,0.7569230769230769,0.7349889428200582,0.823137725405086,,,,,,,,,,,,,,,,,
Wine,CART,43,2,,0.745958429561201,0.7164580908032596,0.794880819395349,111.0,6.0,0.21431319738360907,0.21488621750253417,0.10546363986148519,0.21624107909464269,0.9881632653061224,0.7647297464440321,0.24478904535766594,0.15406380476846457,0.24477274779853272,0.1782154213709873,1.0,0.9892393320964751,0.6941818181818182,0.6247230320699709,0.5667781195473216
Wine,VIF+CART,43,2,,0.7505773672055427,0.7251648190908047,0.7978711737491518,111.0,6.0,0.21431319738360907,0.21145250566120746,0.10933051173528278,0.20852629770655437,0.9955555555555554,0.8371991579475138,0.23790855503152927,0.1457439238042828,0.23727218122118413,0.16713770554944574,1.0,0.9919999999999999,0.763749979993052,0.6288241010689991,0.5485949403692119
Wine,RRF-style,43,2,,0.745958429561201,0.7164580908032596,0.794880819395349,111.0,6.0,0.21431319738360907,0.21488621750253417,0.10540207772220084,0.21732739984152422,0.9507755102040817,0.771834260977118,0.24478904535766594,0.15406380476846457,0.24428603118867898,0.17762867532000723,1.0,0.9516141001855287,0.6959183673469389,0.634402332361516,0.5703453467250001
Wine,ACP-Gini,43,2,1.0,0.7621247113163973,0.7418549686315241,0.7984756206419891,111.0,6.0,0.0,0.14504294101853218,0.0,0.15366862557527963,0.9671088435374151,0.858727784503819,0.19474722280360318,0.10683438679148763,0.2152820436906144,0.12740973880666462,1.0,0.9291133786848074,0.8622790454185634,0.6830709426627795,0.4977884370339663
Wine,ACP-Gini (nested),43,2,1.0,0.7621247113163973,0.7418549686315241,0.7984756206419891,111.0,6.0,0.0,0.14504294101853218,0.0,0.15366862557527963,0.9671088435374151,0.858727784503819,0.19474722280360318,0.10683438679148763,0.2152820436906144,0.12740973880666462,1.0,0.9291133786848074,0.8622790454185634,0.6830709426627795,0.4977884370339663
Wine,Cluster+CART,43,2,,0.75211701308699,0.7224020026865308,0.8010273046769395,119.0,6.0,0.0,0.17174357083820366,0.0,0.20141406781776408,0.9607346938775511,0.6906468769325912,0.24080584492204798,0.1603883450633841,0.2302757336205515,0.1659725847560166,1.0,0.8704489795918369,0.6235322785794724,0.5861516034985422,0.59519760819746
Wine,RandomForest (reference),43,2,,0.7659738260200154,0.7348580882194959,0.8434253010757625,,,,,,,,,,,,,,,,,
Wine,CART,43,3,,0.7405696689761355,0.7142846886595112,0.8027539314552123,113.0,6.0,0.06810311658330127,0.22172822446551566,0.08995767602924203,0.22228351925833004,0.9766530612244899,0.7701620284477426,0.24478904535766594,0.17920938047565127,0.24595836962843748,0.1882240380410513,1.0,0.9787755102040816,0.6781595547309833,0.608377065111759,0.5587563260782699
Wine,VIF+CART,43,3,,0.7421093148575828,0.7150944643875445,0.8040648415941076,113.0,6.0,0.11869949980761832,0.2179509319164827,0.09559445940746443,0.21243924023692073,0.978140589569161,0.8625315146024243,0.23790855503152927,0.17057399029741363,0.23866388453154208,0.17309223203712792,1.0,0.980326530612245,0.7752370977752366,0.6115063168124393,0.5497681734953518
Wine,RRF-style,43,3,,0.7405696689761355,0.7044707804372555,0.8010413319255077,113.0,6.0,0.02712581762216237,0.21547214773550766,0.09307810696421702,0.22057184525685197,0.9396371882086169,0.7797369118136477,0.24478904535766594,0.177821884295276,0.24546719251535698,0.18648008586796166,1.0,0.9414990723562153,0.6885511469131885,0.5966666666666667,0.570607687979713
Wine,ACP-Gini,43,3,1.0,0.7244033872209392,0.7047682290740844,0.8014340948854102,111.0,6.0,0.0,0.16074264029527863,0.00045017314351673723,0.15633419288167266,0.9368321995464853,0.8496507252134821,0.20808853407600383,0.13049867124023692,0.2230687668200794,0.1291458670906646,1.0,0.8908785817357247,0.8435180106932737,0.7020699708454811,0.506762632444256
Wine,ACP-Gini (nested),43,3,1.0,0.7244033872209392,0.7047682290740844,0.8014340948854102,111.0,6.0,0.0,0.16074264029527863,0.00045017314351673723,0.15633419288167266,0.9368321995464853,0.8496507252134821,0.20808853407600383,0.13049867124023692,0.2230687668200794,0.1291458670906646,1.0,0.8908785817357247,0.8435180106932737,0.7020699708454811,0.506762632444256
Wine,Cluster+CART,43,3,,0.7336412625096228,0.712403186092583,0.8030332012221559,111.0,6.0,0.0,0.21472224797974537,0.0,0.20606542224810553,0.9714285714285714,0.7112875695732838,0.24080584492204798,0.16000568614037697,0.23190185727782933,0.17196496960252233,1.0,0.8800890538033396,0.6091330401795247,0.5831778425655977,0.5907078809328108
Wine,RandomForest (reference),43,3,,0.775211701308699,0.753316788412312,0.847409039669059,,,,,,,,,,,,,,,,,
Wine,CART,43,4,,0.7428791377983064,0.7133382490525347,0.7752011497186967,119.0,6.0,0.020007695267410544,0.21810798507985138,0.13880338591766064,0.2134472287789794,0.992,0.7593469387755101,0.24478904535766594,0.16696914970449533,0.24455181393860548,0.18053631882215943,1.0,0.9927272727272727,0.6822189239332097,0.6198931000971818,0.5640424332682287
Wine,VIF+CART,43,4,,0.737490377213241,0.7074913576496769,0.779734676373587,117.0,6.0,0.020007695267410544,0.20460197579927275,0.14952289342054637,0.20871540333455887,0.9955555555555554,0.8509663518400673,0.23790855503152927,0.1525991405588672,0.2382043572225097,0.16764298144649104,1.0,0.9959999999999999,0.7710001968254574,0.6190573372206025,0.5427846839652318
Wine,RRF-style,43,4,,0.7428791377983064,0.7133382490525347,0.7756351021575094,119.0,6.0,0.020007695267410544,0.21796846544394485,0.13406694882647172,0.2119520175532339,0.9381043083900228,0.7561778555628629,0.24478904535766594,0.16692501617474628,0.2435143856745906,0.1784185610216804,1.0,0.9365640074211502,0.6751909270297447,0.6137803692905733,0.5753605971597374
Wine,ACP-Gini,43,4,1.0,0.7451886066204773,0.7190819196581699,0.7861010139171101,121.0,6.0,0.0,0.1450855431609031,0.0,0.15205037632550295,0.9602675736961453,0.8640025746447445,0.20808853407600383,0.12196331622148973,0.21986560999950341,0.13051605757853216,1.0,0.9141084312512885,0.8549362238133936,0.6896404275996113,0.5152438176213777
Wine,ACP-Gini (nested),43,4,1.0,0.7451886066204773,0.7190819196581699,0.7861010139171101,121.0,6.0,0.0,0.1450855431609031,0.0,0.15205037632550295,0.9602675736961453,0.8640025746447445,0.20808853407600383,0.12196331622148973,0.21986560999950341,0.13051605757853216,1.0,0.9141084312512885,0.8549362238133936,0.6896404275996113,0.5152438176213777
Wine,Cluster+CART,43,4,,0.7367205542725174,0.7058205753032791,0.7652712968541,113.0,6.0,0.0,0.20210267421516573,0.0,0.19715825378313745,0.9571428571428572,0.7004526901669759,0.24080584492204798,0.14686559884589223,0.22835079321463872,0.1613848227454531,1.0,0.8656846011131726,0.5952450557834786,0.5476190476190476,0.5762590500800865
Wine,RandomForest (reference),43,4,,0.7544264819091608,0.7238890254847989,0.8171477582527544,,,,,,,,,,,,,,,,,
Wine,CART,44,0,,0.7546153846153846,0.7299340757812668,0.7979117153330225,111.0,6.0,0.02559168751202617,0.20242092636043046,0.13709062920915913,0.2145429232717876,0.988,0.7981842918985776,0.23790855503152927,0.14231797087159848,0.24458298111023538,0.17615681130412564,1.0,0.989090909090909,0.7187903525046382,0.647463556851312,0.5692866842030411
Wine,VIF+CART,44,0,,0.7546153846153846,0.7299340757812668,0.7979117153330225,111.0,6.0,0.02559168751202617,0.20242092636043046,0.1436559553588609,0.20746895857012038,0.9955555555555556,0.8775102664559975,0.23790855503152927,0.14231797087159848,0.23786858164029462,0.1635866805848127,1.0,0.9959999999999999,0.8033185235683663,0.6554810495626823,0.5509941827976512
Wine,RRF-style,44,0,,0.7546153846153846,0.7318216533159505,0.7997827144643898,111.0,6.0,0.02559168751202617,0.2036509350330028,0.12411776024629594,0.21244181086286706,0.9551020408163265,0.7872207792207792,0.23790855503152927,0.1406147572192528,0.24362941974254518,0.17490248474807626,1.0,0.9520593692022263,0.7090315398886828,0.6382896015549077,0.5794601594960764
Wine,ACP-Gini,44,0,1.0,0.7630769230769231,0.7396449704142012,0.8088562323757996,115.0,6.0,0.0,0.1644346155799916,3.8483740619588224e-05,0.14969742909098083,0.9541950113378685,0.8561253160364705,0.20808853407600383,0.10748744373873625,0.21564001581442413,0.12571887695687434,1.0,0.9106757369614512,0.8542925517648109,0.6716909620991255,0.5205673011426925
Wine,ACP-Gini (nested),44,0,1.0,0.7630769230769231,0.7396449704142012,0.8088562323757996,115.0,6.0,0.0,0.1644346155799916,3.8483740619588224e-05,0.14969742909098083,0.9541950113378685,0.8561253160364705,0.20808853407600383,0.10748744373873625,0.21564001581442413,0.12571887695687434,1.0,0.9106757369614512,0.8542925517648109,0.6716909620991255,0.5205673011426925
Wine,Cluster+CART,44,0,,0.76,0.732620320855615,0.7899793922628009,109.0,6.0,0.0,0.20786939952183459,0.0,0.19630129466405602,0.9515918367346937,0.7334619666048237,0.2532444746005069,0.14175258711759955,0.22957988039400337,0.1612780322136504,1.0,0.8624860853432283,0.653391722208393,0.5695626822157435,0.5867586618854961
Wine,RandomForest (reference),44,0,,0.7784615384615384,0.7531879884821062,0.8375147425561236,,,,,,,,,,,,,,,,,
Wine,CART,44,1,,0.7507692307692307,0.7168403361344537,0.8054784994306762,109.0,6.0,0.08678083509717144,0.2332565870068971,0.10584568020011545,0.22873508657103803,0.9841632653061224,0.720747062461348,0.24478904535766594,0.15457760023590453,0.24474442789785766,0.18305368177101078,1.0,0.9856029684601114,0.6126159554730983,0.55354713313897,0.5737365522826112
Wine,VIF+CART,44,1,,0.75,0.7161379441937277,0.8096700978931198,109.0,6.0,0.08678083509717144,0.20116767602705807,0.11306138156628824,0.2177239891466929,0.9911111111111113,0.8279560678010189,0.23790855503152927,0.14724733625967487,0.23816438383127508,0.1673946198711064,1.0,0.9919999999999999,0.7352251940411897,0.5760835762876579,0.5530389873442475
Wine,RRF-style,44,1,,0.75,0.7161379441937277,0.8096688242381634,109.0,6.0,0.08678083509717144,0.20596380526286828,0.1053069078314412,0.22747273392218,0.9616145124716552,0.6952085614501327,0.24478904535766594,0.14788409625287463,0.24490548980321944,0.18210426656098935,1.0,0.9651057513914655,0.5988367411198775,0.5264237123420796,0.5723346058536829
Wine,ACP-Gini,44,1,1.0,0.7607692307692308,0.7347723719799442,0.8099439337088068,115.0,6.0,0.0,0.16032483055370145,0.0,0.16052056171524837,0.9278163265306121,0.824693040638636,0.23790855503152927,0.12406825567915329,0.22132051890269552,0.12920748663144926,1.0,0.8842820037105752,0.8264025799968739,0.627240038872692,0.5338021851458039
Wine,ACP-Gini (nested),44,1,1.0,0.7607692307692308,0.7347723719799442,0.8099439337088068,115.0,6.0,0.0,0.16032483055370145,0.0,0.16052056171524837,0.9278163265306121,0.824693040638636,0.23790855503152927,0.12406825567915329,0.22132051890269552,0.12920748663144926,1.0,0.8842820037105752,0.8264025799968739,0.627240038872692,0.5338021851458039
Wine,Cluster+CART,44,1,,0.7530769230769231,0.718950343853108,0.8091619095654035,101.0,6.0,0.0,0.17538198110651082,0.0,0.2057124310050032,0.9493061224489797,0.6498008658008658,0.22512409292733354,0.12210246147783949,0.22789361427644061,0.16426663311110662,1.0,0.8739666048237478,0.6204681855541352,0.5339261418853255,0.5850332770454056
Wine,RandomForest (reference),44,1,,0.7753846153846153,0.7429152703994972,0.8391093585618907,,,,,,,,,,,,,,,,,
Wine,CART,44,2,,0.7729022324865281,0.754235565215551,0.8242946844379153,121.0,6.0,0.03501346671796845,0.22953719655010316,0.13835321277414392,0.2265927553402102,0.9726349206349207,0.7329924049290744,0.24478904535766594,0.16992270071691662,0.24436788835337267,0.18719537682264564,1.0,0.9751243042671613,0.6414311524107759,0.5732458697764821,0.5798333141022364
Wine,VIF+CART,44,2,,0.7736720554272517,0.7551809286439582,0.8225234255051086,121.0,6.0,0.1706425548287803,0.22933150886101403,0.1537629857637553,0.21361737210488446,0.9911111111111113,0.8514759699976032,0.23790855503152927,0.16247026096807282,0.23813831868604546,0.17220243736255628,1.0,0.9919999999999999,0.7619104183500579,0.5936443148688048,0.5522360493318209
Wine,RRF-style,44,2,,0.7736720554272517,0.7549559838821447,0.8239184991354114,121.0,6.0,0.03501346671796845,0.23129122845617794,0.1427818391689111,0.22585773192791408,0.9546303854875285,0.7374207213482278,0.23980796473077978,0.1734882879425311,0.2442947710875086,0.1860750857577216,1.0,0.9587680890538034,0.6431971531210481,0.5818561710398445,0.5818095076294472
Wine,ACP-Gini,44,2,1.0,0.7544264819091608,0.7374844868644366,0.8123970272434671,117.0,6.0,0.0,0.15371482316451007,0.0,0.15518327929558837,0.9503968253968256,0.8476740580746785,0.23376351541823873,0.12011092016642504,0.22561212774237888,0.12881133272644368,1.0,0.9049622758194186,0.8311157844095197,0.6726919339164237,0.498197975205817
Wine,ACP-Gini (nested),44,2,1.0,0.7544264819091608,0.7374844868644366,0.8123970272434671,117.0,6.0,0.0,0.15371482316451007,0.0,0.15518327929558837,0.9503968253968256,0.8476740580746785,0.23376351541823873,0.12011092016642504,0.22561212774237888,0.12881133272644368,1.0,0.9049622758194186,0.8311157844095197,0.6726919339164237,0.498197975205817
Wine,Cluster+CART,44,2,,0.7767513471901463,0.7576143242464174,0.8256017689635649,121.0,6.0,0.0,0.21298585248049076,0.0,0.20742293109672946,0.9607346938775511,0.6688385899814471,0.22702900516982558,0.16203620584280495,0.22951429761740028,0.16978024600036032,1.0,0.8691948051948054,0.586289164960441,0.5491739552964042,0.5946830011276478
Wine,RandomForest (reference),44,2,,0.7775211701308699,0.7509917917253959,0.8445270776905538,,,,,,,,,,,,,,,,,
Wine,CART,44,3,,0.7536566589684373,0.7315200429898623,0.7989053645299342,119.0,6.0,0.10773374374759523,0.21070066253392095,0.12361677568295498,0.21976830028258018,0.9691428571428572,0.7813531230674087,0.24478904535766594,0.17188721527108797,0.24518914288866703,0.18328179432942154,1.0,0.9719480519480519,0.7215361781076067,0.6648396501457727,0.5626291147079532
Wine,VIF+CART,44,3,,0.7451886066204773,0.7249953149894115,0.8008360240146496,119.0,6.0,0.11869949980761832,0.20884623520314285,0.12376683339746057,0.21096630591281637,0.9779591836734693,0.8579839081397983,0.23790855503152927,0.16618045594169753,0.23868994967677173,0.1720552655163725,1.0,0.9801632653061226,0.8014593883719442,0.6741107871720117,0.5468053391151396
Wine,RRF-style,44,3,,0.7513471901462664,0.7291333794270818,0.7980879584997475,119.0,6.0,0.1110042323970758,0.21101534744434797,0.11722200846479418,0.2188140934233306,0.9274920634920636,0.7836328913270317,0.24478904535766594,0.1740660608852461,0.24482141663268842,0.1835994438730831,1.0,0.934100185528757,0.7216441965579755,0.6570942662779398,0.5688212279324454
Wine,ACP-Gini,44,3,1.0,0.7505773672055427,0.7260064579969794,0.7972871301269594,117.0,6.0,0.0,0.151516010192264,0.0,0.15307058369288112,0.9288185941043086,0.8781674992282814,0.20808853407600383,0.12281456384714914,0.21996645491917755,0.1299981061700815,1.0,0.8845491651205937,0.8707824472888994,0.7331000971817299,0.5146955847710888
Wine,ACP-Gini (nested),44,3,0.8,0.7528868360277137,0.727000964383289,0.8045851249955368,115.0,6.0,0.0,0.16526928964615523,0.001462100808003078,0.16467628460605385,0.9429478458049887,0.8685576838219989,0.23790855503152927,0.14651026854415655,0.22984028451592103,0.14089253726672335,1.0,0.9033593073593077,0.8469651305257675,0.7290573372206026,0.5206763420009773
Wine,Cluster+CART,44,3,,0.7474980754426482,0.7273648700530845,0.7935291027151652,117.0,6.0,0.0,0.1905008575997135,0.0,0.20151487159921827,0.9587755102040816,0.7692418058132343,0.22702900516982558,0.16303523938521153,0.22573063656032527,0.1688522399779407,1.0,0.9002374768089055,0.6690662260424608,0.6262876579203109,0.5811369075277807
Wine,RandomForest (reference),44,3,,0.7628945342571208,0.738466405890474,0.8343483960478865,,,,,,,,,,,,,,,,,
Wine,CART,44,4,,0.75211701308699,0.7318648266100496,0.7962950672371014,115.0,6.0,0.15736821854559446,0.222784034765877,0.10373989996152368,0.21963553530611013,0.9921632653061223,0.7145726654298082,0.24478904535766594,0.16456467355867838,0.24530688946549042,0.18322210527507557,1.0,0.9928756957328386,0.6275324675324675,0.5719241982507289,0.5747991330923465
Wine,VIF+CART,44,4,,0.75211701308699,0.7318648266100496,0.7947877206775784,117.0,6.0,0.15736821854559446,0.2177164344643629,0.10916121585225086,0.20982755130475422,1.0,0.8258008658008658,0.23790855503152927,0.16298138005852297,0.23790855503152927,0.16937550579154784,1.0,1.0,0.7407272727272728,0.5848396501457727,0.5521848142964726
Wine,RRF-style,44,4,,0.7498075442648191,0.7299802941738935,0.7944533220335521,113.0,6.0,0.15101962293189689,0.2216840246731389,0.10225086571758368,0.21932408507398185,0.9497596371882085,0.7256945263076388,0.24478904535766594,0.16347727660689326,0.24510461477812487,0.18226330504409494,1.0,0.954330241187384,0.6330808182666189,0.5729737609329447,0.5861964828437847
Wine,ACP-Gini,44,4,1.0,0.7405696689761355,0.7210039099718621,0.7901189029682346,117.0,6.0,0.0,0.15850807399458597,0.00043478260869565214,0.1547297768503177,0.9086734693877551,0.8385433361752304,0.23790855503152927,0.1194521275819515,0.21874624573050874,0.1283577747050513,1.0,0.8678499278499279,0.8402013587114776,0.648804664723032,0.5275185909651788
Wine,ACP-Gini (nested),44,4,0.8,0.7405696689761355,0.72290271594748,0.7936607206673679,117.0,6.0,0.0,0.17515938525464897,0.005125048095421316,0.1655661484637396,0.9039591836734695,0.7844446794492453,0.23790855503152927,0.13315381885110772,0.22926785404097497,0.14035259868164135,1.0,0.8638152958152958,0.7737086386838861,0.6467249757045676,0.5432477264115746
Wine,Cluster+CART,44,4,,0.7498075442648191,0.7329907502569373,0.7906383695641076,113.0,6.0,0.0,0.20014848108824174,0.0,0.20411927177538622,0.9508571428571428,0.6442498453927024,0.22702900516982558,0.1398996252371233,0.22864111819726884,0.16767916221990997,1.0,0.8609276437847867,0.5990004771121844,0.5569679300291545,0.592511237523857
Wine,RandomForest (reference),44,4,,0.75211701308699,0.729317557038502,0.8237183087086597,,,,,,,,,,,,,,,,,
Ionosphere,CART,42,0,,0.9014084507042254,0.8961337513061651,0.9824786324786324,27.0,6.0,0.0,0.10267146191040566,0.0,0.15215959366605955,0.32573035449348076,0.3658479493932875,0.17465905955465055,0.17383841136382772,0.18219510989994048,0.16340980273790837,0.6,0.32403223968312106,0.37262325890200926,0.30800777453838674,0.8850280136419523
Ionosphere,VIF+CART,42,0,,0.9014084507042254,0.8961337513061651,0.9824786324786324,27.0,6.0,0.0,0.10267146191040566,0.0,0.15125725825725816,0.3308554663430824,0.37295079492948685,0.17465905955465055,0.17383841136382772,0.1803077211419932,0.16241946337238974,0.6,0.3293839820450675,0.37989541024831547,0.3084936831875607,0.8853408241158798
Ionosphere,RRF-style,42,0,,0.9014084507042254,0.8961337513061651,0.9824786324786324,27.0,6.0,0.0,0.10267146191040566,0.0,0.15359397502610914,0.3079293079203043,0.3590252014210044,0.17465905955465055,0.17383841136382772,0.18131899567785686,0.16198801743607202,0.6,0.30596351860757626,0.3640937874457838,0.30622287010042115,0.8937505414725413
Ionosphere,ACP-Gini,42,0,0.4,0.8873239436619719,0.8786324786324786,0.9465811965811965,27.0,6.0,0.0,0.09160592141984138,0.0,0.12149893293663945,0.33917793417733394,0.3899723815652229,0.13299424003209362,0.14218119954709382,0.15360667202062064,0.1386195741766688,0.6,0.33903167567393255,0.3978752738977989,0.29846128927761584,0.8833696911326476
Ionosphere,ACP-Gini (nested),42,0,1.0,0.8873239436619719,0.8786324786324786,0.9320512820512821,25.0,6.0,0.0,0.09142196575922584,0.0,0.10592975053295518,0.3078009416886968,0.3493916580325082,0.15650993839461075,0.15333980707971806,0.13871396619360538,0.12473053670517328,0.6,0.3078009416886968,0.3573614803048258,0.2788581146744412,0.8949806383663675
Ionosphere,Cluster+CART,42,0,,0.9014084507042254,0.8961337513061651,0.9824786324786324,27.0,6.0,0.0,0.10267146191040566,0.0,0.15134864821709054,0.3308497113271234,0.37401772256134186,0.17465905955465055,0.17383841136382772,0.18040908541727685,0.16130501713162748,0.6,0.3302009496579535,0.3821727877787111,0.3091642371234208,0.8851783828987916
Ionosphere,RandomForest (reference),42,0,,0.9436619718309859,0.9382608695652175,0.9940170940170941,,,,,,,,,,,,,,,,,
Ionosphere,CART,42,1,,0.9285714285714286,0.9215070643642072,0.9079999999999998,25.0,6.0,0.0,0.13229180953881176,0.0,0.14678231058937657,0.3639582016622833,0.41449588624119077,0.15914593900827465,0.1612674781438672,0.18030314287637672,0.16254844808647725,0.66,0.36023315240181986,0.4175854413462609,0.3161807580174927,0.8762108187709444
Ionosphere,VIF+CART,42,1,,0.9285714285714286,0.9215070643642072,0.9079999999999998,25.0,6.0,0.0,0.13229180953881176,0.0,0.14358444959641362,0.35883912419446634,0.40760264380928046,0.15914593900827465,0.1612674781438672,0.17788481993869165,0.16205237306922846,0.66,0.35587694091955796,0.4117476743531311,0.31605118237771296,0.8768350990595009
Ionosphere,RRF-style,42,1,,0.9285714285714286,0.9215070643642072,0.9079999999999998,25.0,6.0,0.0,0.13229180953881176,0.0,0.14472736924839735,0.349996483108728,0.40228424218879394,0.15914593900827465,0.1612674781438672,0.1778439155710626,0.1611488474473141,0.66,0.34761115415197047,0.40713864090806684,0.3123874311629413,0.8772277732774861
Ionosphere,ACP-Gini,42,1,0.4,0.9,0.8878975062914665,0.8973333333333333,23.0,6.0,0.0,0.11462115854443117,0.0,0.10883842102624222,0.363413993036442,0.4096423541122231,0.16032367601012473,0.12647909626069542,0.15504007600433345,0.13953820501705708,0.66,0.3626368065041535,0.41740176258324935,0.30382248137350176,0.8609263889291128
Ionosphere,ACP-Gini (nested),42,1,0.6,0.9,0.8878975062914665,0.9133333333333332,23.0,6.0,0.0,0.11057414595535558,0.0,0.10167546058675855,0.3790825795519673,0.4284038526735905,0.1518621794407952,0.12527798869356463,0.14737206554881824,0.1294606896916764,0.66,0.3786929691623569,0.43618067224450885,0.30568837058632975,0.8578580001992208
Ionosphere,Cluster+CART,42,1,,0.9285714285714286,0.9215070643642072,0.9079999999999998,25.0,6.0,0.0,0.13229180953881176,0.0,0.13763145258653006,0.3700570751777234,0.4230164817543591,0.15914593900827465,0.1612674781438672,0.17249505347994487,0.16000832718497063,0.66,0.3694035382384722,0.4300850835585563,0.32928409459021696,0.872993579203228
Ionosphere,RandomForest (reference),42,1,,0.9571428571428572,0.9519560741249142,0.9457777777777777,,,,,,,,,,,,,,,,,
Ionosphere,CART,42,2,,0.8857142857142857,0.8731884057971014,0.8755555555555555,23.0,6.0,0.0,0.23581358551315548,0.0,0.18277331077538597,0.3316765961795974,0.3551500876320003,0.21881490447256632,0.24704243710294674,0.18887910680985118,0.18337349614476517,0.52,0.33095438868187965,0.3643275552082098,0.2827437641723356,0.8954036633704605
Ionosphere,VIF+CART,42,2,,0.8857142857142857,0.8731884057971014,0.8755555555555555,23.0,6.0,0.0,0.23581358551315548,0.0,0.18156199273097226,0.33335723800009515,0.3580042504976584,0.21881490447256632,0.24704243710294674,0.1865781029393757,0.18250165730119294,0.52,0.33263503050237747,0.36711721388380736,0.2832879818594104,0.8946425799020731
Ionosphere,RRF-style,42,2,,0.8714285714285714,0.858712715855573,0.8986666666666666,21.0,6.0,0.0,0.2363510659632307,0.0,0.1835893124776941,0.3191519512233798,0.34896195883781,0.23491938942518575,0.24287273169394946,0.1898288957946125,0.18199451089587665,0.52,0.3184032079032079,0.3572908397139429,0.2949238743116294,0.8967537099842653
Ionosphere,ACP-Gini,42,2,0.4,0.8857142857142857,0.8731884057971014,0.8937777777777777,23.0,6.0,0.0,0.2246899358792258,0.0,0.16118095830477633,0.27263625483493437,0.26670939672307103,0.2004779743877375,0.24594550791124262,0.16534488839096068,0.16690084447594028,0.52,0.27263625483493437,0.2780016846177953,0.2434272756721736,0.9010789408121691
Ionosphere,ACP-Gini (nested),42,2,1.0,0.8714285714285714,0.8526315789473684,0.8537777777777777,21.0,6.0,0.0,0.1855166660468386,0.0,0.12407147230317123,0.2823914784695097,0.2844274205039294,0.20002479365726433,0.22023669169856153,0.14894843794705578,0.13354492920774924,0.52,0.2823914784695097,0.29499544445808196,0.2356579203109815,0.9040323821020745
Ionosphere,Cluster+CART,42,2,,0.8857142857142857,0.8731884057971014,0.8755555555555555,23.0,6.0,0.0,0.23581358551315548,0.0,0.17600453227344107,0.33270108916027286,0.3574209392714997,0.21881490447256632,0.24704243710294674,0.18531412217356652,0.1819753537397441,0.52,0.33270108916027286,0.3673182955768847,0.2842176870748299,0.8952345537755914
Ionosphere,RandomForest (reference),42,2,,0.9142857142857143,0.9028677150786308,0.976,,,,,,,,,,,,,,,,,
Ionosphere,CART,42,3,,0.9,0.8901098901098901,0.9106666666666667,25.0,6.0,0.0,0.13424844772081335,0.0,0.16923325217952595,0.3534861726908545,0.3947288479633355,0.17053276398572556,0.15423496221191804,0.1763760585448861,0.1613623711363979,0.6,0.3529761247156205,0.40324417182442623,0.31372529964366697,0.8870093953376309
Ionosphere,VIF+CART,42,3,,0.9,0.8901098901098901,0.9106666666666667,25.0,6.0,0.0,0.13424844772081335,0.0,0.16835661692223414,0.3540795100591019,0.39652428378140875,0.17053276398572556,0.15423496221191804,0.17568315429826964,0.16221922770561822,0.6,0.3536450923359687,0.40499720972371,0.3157985098801425,0.885656827259373
Ionosphere,RRF-style,42,3,,0.9,0.8901098901098901,0.9106666666666667,25.0,6.0,0.0,0.13424844772081335,0.0,0.16815623627782114,0.33353486442862196,0.3834398577054644,0.17053276398572556,0.15423496221191804,0.17745370335990926,0.16164557737830382,0.6,0.33308384959045223,0.3909537171412078,0.31444120505344997,0.8910646981790846
Ionosphere,ACP-Gini,42,3,0.4,0.9,0.8901098901098901,0.9475555555555555,23.0,6.0,0.0,0.1222605445128028,0.0,0.13796856245702452,0.33548616416263477,0.3832000546480708,0.128949421075814,0.14533423758454975,0.1581796028679531,0.14655801701789017,0.6,0.3351725763898633,0.39095250295539136,0.306012309685779,0.885203414897721
Ionosphere,ACP-Gini (nested),42,3,0.4,0.9,0.8901098901098901,0.9475555555555555,23.0,6.0,0.0,0.1222605445128028,0.0,0.13796856245702452,0.33548616416263477,0.3832000546480708,0.128949421075814,0.14533423758454975,0.1581796028679531,0.14655801701789017,0.6,0.3351725763898633,0.39095250295539136,0.306012309685779,0.885203414897721
Ionosphere,Cluster+CART,42,3,,0.9,0.8901098901098901,0.9106666666666667,25.0,6.0,0.0,0.13424844772081335,0.0,0.16457570937039745,0.3588719547092897,0.4069984590657681,0.17053276398572556,0.15423496221191804,0.1736525720749518,0.16054676990829989,0.6,0.35839394292515536,0.4149479903247903,0.3241561386459345,0.8830267942406874
Ionosphere,RandomForest (reference),42,3,,0.9571428571428572,0.9519560741249142,0.9804444444444445,,,,,,,,,,,,,,,,,
Ionosphere,CART,42,4,,0.8571428571428571,0.8470279720279721,0.891111111111111,23.0,6.0,0.0,0.12395780405398917,0.0,0.16257349660197534,0.354376567143674,0.41563987150435877,0.1659994583769335,0.17880549358034437,0.20184967857763653,0.1832952251561043,0.78,0.35042895146736686,0.4181229315206539,0.31556203433754454,0.8503243084360422
Ionosphere,VIF+CART,42,4,,0.8571428571428571,0.8470279720279721,0.891111111111111,23.0,6.0,0.0,0.12395780405398917,0.0,0.15879052702478388,0.3573922723934728,0.4205230051524133,0.1659994583769335,0.17880549358034437,0.19739791187799327,0.18113173460118986,0.78,0.3534453225179516,0.4230008371083464,0.31568513119533526,0.8488732686456334
Ionosphere,RRF-style,42,4,,0.8571428571428571,0.8470279720279721,0.8728888888888888,21.0,6.0,0.0,0.13032948046867737,0.0,0.1610938083841608,0.343222629977732,0.411697782967467,0.1854523994670314,0.16240305978611455,0.2033669780966274,0.18201610735941032,0.78,0.3396985667393831,0.41424732588934965,0.31441852931648845,0.8575510369550685
Ionosphere,ACP-Gini,42,4,0.4,0.8571428571428571,0.8470279720279721,0.8648888888888888,23.0,6.0,0.0,0.11312845151607248,0.0,0.1295533081239499,0.3295466435658513,0.3855361448476554,0.17354778560632825,0.1595082624141579,0.16301455528731645,0.1562145613781469,0.78,0.32940490775064607,0.3927636263743751,0.3056138645934564,0.8633743869118106
Ionosphere,ACP-Gini (nested),42,4,0.4,0.8571428571428571,0.8470279720279721,0.8648888888888888,23.0,6.0,0.0,0.11312845151607248,0.0,0.1295533081239499,0.3295466435658513,0.3855361448476554,0.17354778560632825,0.1595082624141579,0.16301455528731645,0.1562145613781469,0.78,0.32940490775064607,0.3927636263743751,0.3056138645934564,0.8633743869118106
Ionosphere,Cluster+CART,42,4,,0.8571428571428571,0.8470279720279721,0.891111111111111,23.0,6.0,0.0,0.12395780405398917,0.0,0.15541535174377988,0.36017895976239317,0.42442937698930927,0.1659994583769335,0.17880549358034437,0.19565943849608083,0.18092256130542572,0.78,0.35864239202174375,0.4300398289643707,0.3178555231616456,0.8480877249592298
Ionosphere,RandomForest (reference),42,4,,0.9142857142857143,0.9066666666666667,0.9457777777777778,,,,,,,,,,,,,,,,,
Ionosphere,CART,43,0,,0.8732394366197183,0.8623141564318035,0.8965811965811965,23.0,6.0,0.0,0.09795934268524499,0.0017142857142857142,0.146129273979991,0.34384345279903505,0.3922768197631425,0.1241421770863946,0.15543360662691919,0.17969655077791719,0.17297047234059326,0.58,0.3395971707364265,0.39527899614254386,0.3122092646582442,0.8849261001471176
Ionosphere,VIF+CART,43,0,,0.8732394366197183,0.8623141564318035,0.8965811965811965,23.0,6.0,0.0,0.09795934268524499,0.0017142857142857142,0.14148136050517032,0.3510929040280781,0.40212215352111746,0.1241421770863946,0.15543360662691919,0.17866080540491105,0.17178617899841914,0.58,0.3468034882284582,0.40498034663641913,0.31724651765468087,0.8831732045026442
Ionosphere,RRF-style,43,0,,0.8732394366197183,0.8623141564318035,0.8965811965811965,23.0,6.0,0.0,0.09795934268524499,0.0017142857142857142,0.1457073803846285,0.3331834673263245,0.38318292889694394,0.1241421770863946,0.15543360662691919,0.17806978422946476,0.17236232025988352,0.58,0.32872561452153287,0.3856653364268559,0.3063297700032394,0.888623470948665
Ionosphere,ACP-Gini,43,0,0.4,0.8732394366197183,0.8623141564318035,0.8965811965811965,23.0,6.0,0.0,0.09795934268524499,0.0,0.12135949656745088,0.36955197550215557,0.42998016234510916,0.1241421770863946,0.15543360662691919,0.1566311890323409,0.15334922721281835,0.58,0.3669237124087064,0.43443453542939614,0.32096857790735345,0.880008526118403
Ionosphere,ACP-Gini (nested),43,0,0.8,0.8591549295774648,0.8505892255892256,0.9303418803418804,29.0,6.0,0.0,0.0719607744762667,0.0,0.1071953071046039,0.3589866926457562,0.4165293417888237,0.15428718843729175,0.16974527030592015,0.1463280253602563,0.13873214540698192,0.58,0.3583769803625746,0.4235614244798277,0.31317460317460316,0.8775052059376501
Ionosphere,Cluster+CART,43,0,,0.8732394366197183,0.8623141564318035,0.8965811965811965,23.0,6.0,0.0,0.09795934268524499,0.0,0.14398522618887052,0.34758757942071267,0.3990513433677532,0.1241421770863946,0.15543360662691919,0.17032272789402406,0.16804123743889712,0.58,0.346501182824112,0.40599379324988216,0.3143634596695821,0.8833361049257962
Ionosphere,RandomForest (reference),43,0,,1.0,1.0,1.0,,,,,,,,,,,,,,,,,
Ionosphere,CART,43,1,,0.9,0.8853801169590643,0.9084444444444443,29.0,6.0,0.0,0.12490498169237886,0.0,0.16275189393591646,0.3372029948001073,0.3727636166605116,0.17287483662404907,0.1454765808892212,0.18549439440902835,0.17443612709209966,0.48,0.33680833032163043,0.38177535783249184,0.3128182701652089,0.8983986947669046
Ionosphere,VIF+CART,43,1,,0.9,0.8853801169590643,0.9084444444444443,29.0,6.0,0.0,0.12490498169237886,0.0,0.16058316162386566,0.3370738095928909,0.37297163535655475,0.17287483662404907,0.14547658088922125,0.18515987974046103,0.17406021945041325,0.48,0.336679145114414,0.38196735406962334,0.3128182701652089,0.8984518623998727
Ionosphere,RRF-style,43,1,,0.9142857142857143,0.9005681818181819,0.9013333333333333,29.0,6.0,0.0,0.11997895697304829,0.0,0.1613879371755457,0.31090206172379037,0.35367700016467,0.15645883659445922,0.13307401009167055,0.18617671471688493,0.1755761330877256,0.48,0.31071287176209145,0.36178220348249235,0.3099643666990605,0.9018123883371095
Ionosphere,ACP-Gini,43,1,0.4,0.9428571428571428,0.9352451433857539,0.9497777777777777,27.0,6.0,0.0,0.10722736537713738,0.0,0.13874202145780518,0.3075704568207569,0.3337554408367457,0.14565909290605467,0.1357375601266104,0.1673602321969223,0.15296531609303002,0.48,0.3072891157128852,0.3431069468731517,0.2802526724975704,0.9108056475155956
Ionosphere,ACP-Gini (nested),43,1,0.6,0.9285714285714286,0.9181286549707601,0.971111111111111,27.0,6.0,0.0,0.10823037062866242,0.0,0.13238607820693557,0.2943247933872184,0.31637687230205,0.16918945622758158,0.14208801268249371,0.16015280697624734,0.1498823202569286,0.48,0.29419091126294006,0.32581688264466635,0.28652089407191444,0.9093792532575653
Ionosphere,Cluster+CART,43,1,,0.9,0.8853801169590643,0.9084444444444443,29.0,6.0,0.0,0.12490498169237886,0.0,0.16081348200394757,0.3430728393886605,0.3853787078246813,0.17287483662404907,0.14547658088922125,0.18318732367374158,0.1721132489599775,0.48,0.3430728393886605,0.3945149683435189,0.3229251700680272,0.8962267223279557
Ionosphere,RandomForest (reference),43,1,,0.9,0.8853801169590643,0.9680000000000001,,,,,,,,,,,,,,,,,
Ionosphere,CART,43,2,,0.8714285714285714,0.858712715855573,0.9128888888888889,25.0,6.0,0.0,0.11985698963425584,0.0,0.14573331531179598,0.35945497186553604,0.4332406196765653,0.15167737088042457,0.16504568691225674,0.1753953557456115,0.15887341471613817,0.88,0.35891884132940555,0.4390199333636404,0.34297052154195007,0.8311178740735826
Ionosphere,VIF+CART,43,2,,0.8714285714285714,0.858712715855573,0.9128888888888889,25.0,6.0,0.0,0.11985698963425584,0.0,0.14569911908652616,0.35911721438492145,0.43277162272073594,0.15167737088042457,0.16504568691225668,0.17524290709680979,0.15872805982060226,0.88,0.3587461568710068,0.4387813431316768,0.34285714285714286,0.831171895682226
Ionosphere,RRF-style,43,2,,0.8714285714285714,0.858712715855573,0.9128888888888889,25.0,6.0,0.0,0.11985698963425584,0.0,0.1457358225676487,0.3431764697887147,0.4232799893267314,0.15167737088042457,0.16504568691225674,0.1775625166171938,0.15825123989039228,0.88,0.34264319354115275,0.4281844033583905,0.3434402332361516,0.8363828866141687
Ionosphere,ACP-Gini,43,2,0.4,0.8714285714285714,0.858712715855573,0.8826666666666666,25.0,6.0,0.0,0.09380714047315426,0.0,0.11391058952291257,0.35732806928965394,0.43237020164322476,0.16668109300249725,0.15320933720010008,0.15440883979040265,0.14014293062550323,0.88,0.35732806928965394,0.4384494972516532,0.34139293812763194,0.831029948958394
Ionosphere,ACP-Gini (nested),43,2,1.0,0.8571428571428571,0.8414855072463767,0.8835555555555555,25.0,6.0,0.0,0.08789511598356334,0.0,0.09494896736312203,0.37850340362585255,0.4646003532546067,0.1310382148246045,0.12171508408061718,0.13392261035455355,0.1246758311160457,0.88,0.37850340362585255,0.4697776715415801,0.3352154195011338,0.8290676851494703
Ionosphere,Cluster+CART,43,2,,0.8714285714285714,0.858712715855573,0.9128888888888889,25.0,6.0,0.0,0.11985698963425584,0.0,0.13992119555729976,0.36655679228068183,0.4409436102606156,0.15167737088042457,0.16504568691225674,0.16968443020209253,0.15701119506370007,0.88,0.36638125353371453,0.44707980049223806,0.34442824748947193,0.8290262094532329
Ionosphere,RandomForest (reference),43,2,,0.9142857142857143,0.9048913043478262,0.952,,,,,,,,,,,,,,,,,
Ionosphere,CART,43,3,,0.8857142857142857,0.8776223776223776,0.9311111111111111,23.0,6.0,0.0,0.13892133172565024,0.0,0.16132828234021396,0.3070962219053456,0.3387090354605968,0.17902294059426183,0.1607513517041195,0.17793564510984317,0.16545986955940628,0.36,0.30556230004489304,0.345839377006219,0.2836864269517331,0.894593144641701
Ionosphere,VIF+CART,43,3,,0.8857142857142857,0.8776223776223776,0.9311111111111111,23.0,6.0,0.0,0.13892133172565024,0.0,0.16041019654945385,0.30961200997215405,0.3425223099786661,0.17902294059426183,0.1607513517041195,0.17699282770045333,0.1643301238958119,0.36,0.30816181390971303,0.34968370031351437,0.2861661807580175,0.8939500688650244
Ionosphere,RRF-style,43,3,,0.8714285714285714,0.8612029081295439,0.8813333333333333,25.0,6.0,0.0,0.1396013959603401,0.0,0.16093188727303226,0.3053129478231519,0.3458244877189247,0.18727138161171708,0.1616677324276024,0.17761858741691694,0.16481358105674662,0.36,0.30362114302930626,0.3518070572270194,0.288364107547781,0.8949161418953546
Ionosphere,ACP-Gini,43,3,0.4,0.8714285714285714,0.863370201691607,0.9146666666666666,23.0,6.0,0.0,0.13292234484797016,0.0,0.1399971218788089,0.2840463402810341,0.30717190971066627,0.16244145375650829,0.14286607719919886,0.1612163556826725,0.13743132813598039,0.36,0.2834457028232538,0.31556363772122853,0.26718496922578555,0.8975643706349463
Ionosphere,ACP-Gini (nested),43,3,0.2,0.8857142857142857,0.8776223776223776,0.9133333333333332,23.0,6.0,0.0,0.13689532381487132,0.0,0.1474974677001265,0.2925456459640133,0.3153958172847979,0.18091150191907476,0.15923635991946367,0.16360559051798426,0.14660341682225175,0.36,0.29155660779130166,0.32363593392980466,0.26896663427275674,0.9035268923314984
Ionosphere,Cluster+CART,43,3,,0.8857142857142857,0.8776223776223776,0.9311111111111111,23.0,6.0,0.0,0.13892133172565024,0.0,0.1590046868997684,0.31230971023107873,0.3465167870300761,0.17902294059426183,0.1607513517041195,0.17527216111638025,0.1643400252166366,0.36,0.31160436115838275,0.35460898786181716,0.2931114350502106,0.8938039414444292
Ionosphere,RandomForest (reference),43,3,,0.9142857142857143,0.9028677150786308,0.9333333333333333,,,,,,,,,,,,,,,,,
Ionosphere,CART,43,4,,0.8857142857142857,0.8794142980189492,0.9275555555555556,27.0,6.0,0.0,0.13287463192673454,0.0,0.14333611656718126,0.3223585186322281,0.3677464242992027,0.17122760375815613,0.15228166450720743,0.1736748074664343,0.16817440311159765,0.84,0.32016918868779615,0.37322111336338637,0.2938905085843861,0.8683324514015751
Ionosphere,VIF+CART,43,4,,0.8857142857142857,0.8794142980189492,0.9275555555555556,27.0,6.0,0.0,0.13287463192673454,0.0,0.13977116209051854,0.3247919219635906,0.37135308173518666,0.17122760375815613,0.1522816645072074,0.17274487118030868,0.16699638956779267,0.84,0.32372891694140193,0.37827138593091314,0.2975153871072238,0.8656363217588036
Ionosphere,RRF-style,43,4,,0.9,0.8937323790934721,0.9164444444444444,25.0,6.0,0.0,0.1214770194863427,0.0,0.14106573240935036,0.30032127916101503,0.3502312717217836,0.17946202423625332,0.14382608619294618,0.17401019698985182,0.16344532186471689,0.84,0.29810462959742673,0.3548521802213109,0.2910204081632653,0.8720501743090769
Ionosphere,ACP-Gini,43,4,0.4,0.8857142857142857,0.8776223776223776,0.8826666666666667,23.0,6.0,0.0,0.10817384374261937,0.0,0.11322313181744972,0.31372896671155975,0.35359725308433126,0.16180003427545187,0.16707105651048254,0.15168888814736456,0.14022006718678937,0.84,0.31349885668553135,0.3614584936297223,0.2855814706835115,0.8743460275656549
Ionosphere,ACP-Gini (nested),43,4,0.4,0.8857142857142857,0.8776223776223776,0.8826666666666667,23.0,6.0,0.0,0.10817384374261937,0.0,0.11322313181744972,0.31372896671155975,0.35359725308433126,0.16180003427545187,0.16707105651048254,0.15168888814736456,0.14022006718678937,0.84,0.31349885668553135,0.3614584936297223,0.2855814706835115,0.8743460275656549
Ionosphere,Cluster+CART,43,4,,0.8857142857142857,0.8794142980189492,0.9275555555555556,27.0,6.0,0.0,0.13287463192673454,0.0,0.13502484945276275,0.3291553623780515,0.3760543594691767,0.17122760375815613,0.15228166450720745,0.16907534714177952,0.16402175339903263,0.84,0.3285054544628374,0.383357187202064,0.2962001943634597,0.864892316232938
Ionosphere,RandomForest (reference),43,4,,0.9285714285714286,0.9215070643642072,0.9795555555555555,,,,,,,,,,,,,,,,,
Ionosphere,CART,44,0,,0.8732394366197183,0.8623141564318035,0.9794871794871796,27.0,6.0,0.0,0.12583549810324304,0.0,0.15788447493376687,0.2976596074993434,0.3173653626899739,0.17915275010485665,0.18137085637468006,0.18462030538899427,0.1610910874413277,0.84,0.29512222797877063,0.3240329459379444,0.2731130547457078,0.8821129152998917
Ionosphere,VIF+CART,44,0,,0.8732394366197183,0.8623141564318035,0.9794871794871796,27.0,6.0,0.0,0.12583549810324304,0.0,0.15741867169812793,0.2981719435693025,0.31922670043265106,0.17915275010485665,0.18137085637468006,0.18375095998894672,0.1607604532308058,0.84,0.2959412097839469,0.3260889239202431,0.27521865889212827,0.8817441636207896
Ionosphere,RRF-style,44,0,,0.8732394366197183,0.8623141564318035,0.9794871794871796,27.0,6.0,0.0,0.12583549810324304,0.0,0.15616039305335755,0.27129650921307585,0.3073626968740436,0.17915275010485665,0.18137085637468006,0.18542082284784556,0.15821300572349,0.84,0.2697846129460775,0.3133671107701131,0.27396825396825397,0.88909725741001
Ionosphere,ACP-Gini,44,0,0.4,0.9154929577464789,0.908974358974359,0.9363247863247863,25.0,6.0,0.0,0.0720169246059635,0.0,0.12698873227550553,0.29721473691041517,0.32866492882771875,0.16006230630654364,0.16904296187756807,0.16457590451979381,0.14751893127315746,0.84,0.29649510526821454,0.3364965567475089,0.26979915775834146,0.883632904795258
Ionosphere,ACP-Gini (nested),44,0,0.6,0.9154929577464789,0.908974358974359,0.9363247863247863,25.0,6.0,0.0,0.0720169246059635,0.0,0.11826658742516229,0.29669847019726975,0.32801699986920485,0.16006230630654364,0.16904296187756807,0.1600738161875071,0.1352553968684643,0.84,0.2961288357500842,0.3362245158488339,0.2660349854227405,0.8824510329944838
Ionosphere,Cluster+CART,44,0,,0.8732394366197183,0.8623141564318035,0.9794871794871796,27.0,6.0,0.0,0.12583549810324304,0.0,0.15077353980303973,0.30716411946063804,0.3309848367300637,0.17915275010485665,0.18137085637468006,0.17671991611480528,0.1567285114107746,0.84,0.3068759382540895,0.340274936072634,0.27664399092970526,0.8779297131104264
Ionosphere,RandomForest (reference),44,0,,0.9577464788732394,0.9532587228439764,0.9735042735042735,,,,,,,,,,,,,,,,,
Ionosphere,CART,44,1,,0.8714285714285714,0.8612029081295439,0.88,27.0,6.0,0.0,0.24910072303830944,0.0,0.15081456481668362,0.3226446297466706,0.3692973482521075,0.18482620665288627,0.1917778333182113,0.18392170789164566,0.16220872461667382,0.86,0.32070701180905264,0.37517136837598347,0.2982118561710399,0.8555788475908717
Ionosphere,VIF+CART,44,1,,0.8714285714285714,0.8612029081295439,0.88,27.0,6.0,0.0,0.24910072303830944,0.0,0.14763376893816055,0.3260111293934823,0.3762341544651665,0.18482620665288627,0.1917778333182113,0.1797040947838078,0.16137410753052275,0.86,0.3241489326333264,0.38204788862135686,0.2997991577583414,0.8520987538761156
Ionosphere,RRF-style,44,1,,0.8714285714285714,0.8612029081295439,0.8951111111111111,27.0,6.0,0.0,0.25082470424595354,0.0,0.1463370030710709,0.3001776456836481,0.34842687039979275,0.2005163474678514,0.19302900978711318,0.1829913597377937,0.15859981301608295,0.86,0.29821438898569747,0.35335932924938085,0.2964042759961127,0.863515512474159
Ionosphere,ACP-Gini,44,1,0.4,0.8571428571428571,0.8414855072463767,0.8644444444444443,29.0,6.0,0.0,0.19853829104712492,0.0,0.11476256484449389,0.31684124332383634,0.3625557187931738,0.174628980413429,0.16276302187205766,0.149647240257002,0.13122916423571562,0.86,0.31684124332383634,0.3707177803490301,0.28965662455458374,0.8694166864390217
Ionosphere,ACP-Gini (nested),44,1,0.6,0.8285714285714286,0.8057354301572618,0.8404444444444443,29.0,6.0,0.0,0.19494147132261927,0.0,0.10532596183952293,0.32565415490205407,0.37873128631468683,0.174628980413429,0.14437516765144603,0.14327230811099237,0.12427826983106655,0.86,0.32565415490205407,0.3862454808726786,0.29176870748299316,0.872428853986747
Ionosphere,Cluster+CART,44,1,,0.8714285714285714,0.8612029081295439,0.88,27.0,6.0,0.0,0.24910072303830944,0.0,0.1473418765319729,0.32532626776984525,0.37386602999775637,0.18482620665288627,0.1917778333182113,0.17818553107092136,0.15999791181384132,0.86,0.32467880638769,0.38147432177328494,0.2995432458697765,0.8537145384586975
Ionosphere,RandomForest (reference),44,1,,0.9285714285714286,0.9215070643642072,0.9457777777777777,,,,,,,,,,,,,,,,,
Ionosphere,CART,44,2,,0.8714285714285714,0.8526315789473684,0.8604444444444446,23.0,6.0,0.0,0.13847281918436066,0.0,0.16356919577901952,0.36257774311855945,0.43315390719811203,0.1662344489636363,0.1606044123976368,0.19158943493141428,0.16138575470662456,0.52,0.3622808971074277,0.4397419904657695,0.3206025267249757,0.8870626723725227
Ionosphere,VIF+CART,44,2,,0.8714285714285714,0.8526315789473684,0.8604444444444446,23.0,6.0,0.0,0.13847281918436066,0.0,0.1636337611868155,0.36356671333201945,0.43414043841486377,0.1662344489636363,0.1606044123976368,0.19146873743415121,0.16136910295496848,0.52,0.36336881599126497,0.4408382917981748,0.3206025267249757,0.8865303506719128
Ionosphere,RRF-style,44,2,,0.8571428571428571,0.8444444444444444,0.8497777777777779,23.0,6.0,0.0,0.1492154069972655,0.0,0.1641880831088605,0.3526733606529525,0.4344820256266245,0.20037208716843138,0.1663433359251166,0.18988363198521008,0.1581786630684564,0.52,0.35236414605802363,0.4399222833130408,0.3233981211532232,0.8877150899373367
Ionosphere,ACP-Gini,44,2,0.4,0.8285714285714286,0.8133333333333334,0.8333333333333334,25.0,6.0,0.0,0.10321361764080303,0.0,0.14375694645962298,0.3392410469349245,0.4174863954452269,0.15764681424809468,0.14505917729694257,0.16156693232456878,0.1468513882180609,0.52,0.3390840610636529,0.42324397060548163,0.34120829284094584,0.8812930249653885
Ionosphere,ACP-Gini (nested),44,2,0.8,0.8571428571428571,0.8444444444444444,0.8582222222222222,23.0,6.0,0.0,0.09496256808454664,0.0,0.12589658385502098,0.35394924010230133,0.43730515223375954,0.13679232852372833,0.11646900810899577,0.1516032998589048,0.1320711777857234,0.52,0.35394924010230133,0.44279481945994026,0.34455134434726264,0.8730996541503462
Ionosphere,Cluster+CART,44,2,,0.8714285714285714,0.8526315789473684,0.8604444444444446,23.0,6.0,0.0,0.13847281918436066,0.0,0.1616761815558636,0.36573429858123735,0.4356572348102999,0.1662344489636363,0.1606044123976368,0.18827772476703253,0.16094853097290066,0.52,0.36553640124048287,0.4424227513331117,0.3206025267249757,0.8862886949300988
Ionosphere,RandomForest (reference),44,2,,0.9142857142857143,0.9028677150786308,0.944,,,,,,,,,,,,,,,,,
Ionosphere,CART,44,3,,0.9,0.8878975062914665,0.8902222222222221,25.0,6.0,0.0,0.1262945774401237,0.0,0.16332965307006603,0.3260380385920602,0.35780044901063773,0.1605378895103491,0.14424461146414053,0.19029632684619066,0.1690969081828995,0.72,0.32448474947754663,0.36540427166589773,0.2644962747003563,0.8862051102336004
Ionosphere,VIF+CART,44,3,,0.9,0.8878975062914665,0.8902222222222221,25.0,6.0,0.0,0.1262945774401237,0.0,0.16210751611566845,0.33320076702009477,0.37113177501822947,0.1605378895103491,0.14424461146414053,0.18686649896549248,0.16930013357896795,0.72,0.33200895656297813,0.3788019858928106,0.2682669258179462,0.884007260941229
Ionosphere,RRF-style,44,3,,0.9,0.8920467063229787,0.9342222222222223,25.0,6.0,0.0,0.12149324755357065,0.0,0.1626804328543976,0.3055285344907194,0.33943406859381103,0.17523482941594312,0.1710653897851772,0.1915114522110288,0.16862387827379635,0.72,0.3037183174968289,0.34615929885176505,0.26517654680919983,0.8908543118830464
Ionosphere,ACP-Gini,44,3,0.4,0.9142857142857143,0.9082167832167831,0.9466666666666668,23.0,6.0,0.0,0.08407463821201817,0.0,0.13838187867794371,0.27427206233808876,0.2816653303696494,0.12961828991673408,0.13773011438168,0.16661819840553074,0.14455156414306147,0.72,0.27348046391383724,0.2908856859913265,0.23696145124716553,0.8933912695961234
Ionosphere,ACP-Gini (nested),44,3,0.8,0.8714285714285714,0.8612029081295439,0.9266666666666666,25.0,6.0,0.0,0.07888666091307565,0.0,0.1231721094925077,0.2718495472781187,0.2939782908500572,0.11512816930960908,0.10609478593506931,0.15426115019863829,0.1289948432021012,0.72,0.27149901345819716,0.3024423953521149,0.2500945902170392,0.8882324997082016
Ionosphere,Cluster+CART,44,3,,0.9,0.8878975062914665,0.8902222222222221,25.0,6.0,0.0,0.1262945774401237,0.0,0.16038133497187854,0.33615044206160655,0.3745475135540442,0.1605378895103491,0.14424461146414053,0.18376747191889264,0.1685714450475219,0.72,0.33451933960397345,0.38192042722299213,0.2717460317460318,0.8836883999828913
Ionosphere,RandomForest (reference),44,3,,0.9285714285714286,0.9228905045164133,0.9733333333333334,,,,,,,,,,,,,,,,,
Ionosphere,CART,44,4,,0.8714285714285714,0.858712715855573,0.8888888888888888,25.0,6.0,0.0,0.10846276572446707,0.0,0.14973375793605878,0.3496817388960246,0.4074077396054746,0.16215497116928498,0.1593343325835564,0.1797458002511607,0.1708533446087798,0.6,0.34534090512661947,0.4099133080562425,0.31600907029478453,0.8841981191453655
Ionosphere,VIF+CART,44,4,,0.8714285714285714,0.858712715855573,0.8888888888888888,25.0,6.0,0.0,0.10846276572446707,0.0,0.14707455840324926,0.355860748095442,0.4150342981513947,0.16215497116928498,0.1593343325835564,0.1749735690450497,0.16972967020085353,0.6,0.35548969058152735,0.422299218907331,0.32036605118237765,0.8821381699002385
Ionosphere,RRF-style,44,4,,0.8857142857142857,0.8755555555555555,0.9075555555555554,25.0,6.0,0.0,0.10593701477968022,0.0,0.14697292685683114,0.33930856898203837,0.4027717189636674,0.14832148730385558,0.1610163517529349,0.1761887922514411,0.1690291210150715,0.6,0.33635845333804515,0.406519823915269,0.3219209588597344,0.8844411627579865
Ionosphere,ACP-Gini,44,4,0.4,0.9,0.8901098901098901,0.9097777777777778,25.0,6.0,0.0,0.09155769424957348,0.0,0.12448630523746733,0.34006334695050183,0.38756708927857314,0.14154583061593154,0.15956481494554609,0.1526529568290756,0.15237128323168314,0.6,0.33955366615510674,0.3951541092247038,0.30233560090702943,0.8883545199979557
Ionosphere,ACP-Gini (nested),44,4,0.8,0.9142857142857143,0.9048913043478262,0.9195555555555555,25.0,5.0,0.0,0.09536009790939505,0.0,0.10938617216700658,0.3561428118366894,0.41332210586932266,0.1825362841180687,0.16197916582713542,0.14281346637721795,0.13819872882029993,0.6,0.3558397815336591,0.42036985767869506,0.3183673469387755,0.8774105258580623
Ionosphere,Cluster+CART,44,4,,0.8714285714285714,0.858712715855573,0.8888888888888888,25.0,6.0,0.0,0.10846276572446707,0.0,0.1441639570640758,0.35620215498786933,0.42014678437473835,0.16215497116928498,0.1593343325835564,0.17140049877646285,0.16631639553900596,0.6,0.35555115972462914,0.427042222680989,0.32350826044703596,0.8816842496134818
Ionosphere,RandomForest (reference),44,4,,0.9428571428571428,0.9365942028985508,0.9884444444444445,,,,,,,,,,,,,,,,,
Sonar,CART,42,0,,0.7619047619047619,0.7619047619047619,0.7306818181818183,27.0,5.0,0.1746987951807229,0.21758271836106852,0.14204819277108435,0.20771148794614264,0.26010636495690515,0.2527813649911129,0.2454301999133616,0.20714876579526642,0.23519464687122546,0.22085288340258255,0.36,0.1452412617149143,0.12019419671172771,0.11341431810819567,0.9559639277646865
Sonar,VIF+CART,42,0,,0.7142857142857143,0.7136363636363636,0.7806818181818183,31.0,5.0,0.0,0.1772068379126278,0.07144578313253012,0.19035099844258396,0.24319790906705674,0.20264575076345923,0.2172125600525072,0.20486234931832198,0.22320681606086956,0.19770941274856801,0.4,0.15223782196686095,0.13108084366388625,0.11966310333657273,0.9554782550527632
Sonar,RRF-style,42,0,,0.7619047619047619,0.7613636363636364,0.7579545454545455,27.0,5.0,0.10240963855421686,0.20543593684411374,0.13722891566265058,0.20857600750931596,0.23820696763553909,0.24541982268369747,0.22978352628662863,0.19837646669032236,0.23190978677512747,0.22309626850637648,0.36,0.13170366441264275,0.11996946161762041,0.12045999352121803,0.960332729455754
Sonar,ACP-Gini,42,0,0.2,0.7142857142857143,0.7136363636363636,0.6920454545454545,29.0,6.0,0.0,0.15316764503449656,0.0763855421686747,0.17187164665045948,0.21977414096542802,0.19990751647719227,0.20659925828304643,0.17055710367415808,0.20994689359710375,0.1975353348537979,0.36,0.12548016329759554,0.09693496531690102,0.10517978620019437,0.9581196752007969
Sonar,ACP-Gini (nested),42,0,0.4,0.7142857142857143,0.7136363636363636,0.6920454545454545,29.0,6.0,0.0,0.15316764503449656,0.052048192771084335,0.1599488211609469,0.21783580298586305,0.19880684898441833,0.20659925828304643,0.17055710367415808,0.20653495698205482,0.18910525623277574,0.36,0.12528041125488523,0.09892634856419803,0.10836410754778102,0.9561884443729036
Sonar,Cluster+CART,42,0,,0.6190476190476191,0.6181818181818182,0.7227272727272728,31.0,6.0,0.07228915662650602,0.19308357564084416,0.1074698795180723,0.19845897757147338,0.24616100166340263,0.2164309936977965,0.2104083720765155,0.22544732745644605,0.2188810825940455,0.205562571481203,0.36,0.15111851277482793,0.13326448276085778,0.12043083900226757,0.9543817623116414
Sonar,RandomForest (reference),42,0,,0.7619047619047619,0.7569444444444444,0.9090909090909092,,,,,,,,,,,,,,,,,
Sonar,CART,42,1,,0.8095238095238095,0.8090909090909091,0.8181818181818182,25.0,6.0,0.0,0.2513522557057168,0.2406024096385542,0.23389319493249872,0.24429674252230643,0.23542170827713724,0.21075693357046787,0.1826271597589587,0.2383199315356424,0.23527952638377198,0.7,0.15302889014062954,0.1407426966403117,0.12868804664723035,0.9398741738979624
Sonar,VIF+CART,42,1,,0.7142857142857143,0.7142857142857143,0.7102272727272727,23.0,4.0,0.0,0.18653824749993647,0.04746987951807229,0.20482063709411744,0.23445135474664125,0.17977989473135728,0.19103308567957392,0.1700672305433706,0.21703302175341413,0.2026301441858838,0.42,0.15913425843899087,0.144064778787241,0.11164885001619695,0.9534122883583382
Sonar,RRF-style,42,1,,0.8095238095238095,0.8090909090909091,0.8363636363636364,25.0,6.0,0.0,0.24093814545387837,0.23518072289156627,0.22865306004195024,0.22623378888685014,0.22945848274309347,0.1873022425612318,0.17468348709162804,0.2310228810818186,0.2302406876097219,0.7,0.14189563177918518,0.1384317759867819,0.12948493683187562,0.9437816754489723
Sonar,ACP-Gini,42,1,0.2,0.8095238095238095,0.8090909090909091,0.8295454545454546,25.0,6.0,0.0,0.18711734928790952,0.16253012048192772,0.19664809132075245,0.2141583800353308,0.1914011166615176,0.21054050606924374,0.17200428527127093,0.19976865871525168,0.21736176884323247,0.7,0.13840325696852515,0.12242516851239213,0.12847748623258828,0.9433846231413681
Sonar,ACP-Gini (nested),42,1,0.8,0.6904761904761905,0.6888888888888889,0.7681818181818183,29.0,6.0,0.0,0.1169049424861988,0.0,0.14803288246228388,0.21804561464945618,0.19511723958969143,0.1855645793127361,0.13581564392407727,0.19121021215482487,0.1729702769828734,0.7,0.14022347943331073,0.12666540375306157,0.12201814058956917,0.9393003848730592
Sonar,Cluster+CART,42,1,,0.8095238095238095,0.8077803203661327,0.8056818181818182,25.0,6.0,0.0,0.20550957495098837,0.223855421686747,0.22908496715847249,0.24907845096431058,0.23922213602324388,0.20830655291219766,0.16686777106891879,0.2253517756936269,0.22340275127278844,0.7,0.1769588204877268,0.1875752317070141,0.14320699708454812,0.9358284358948565
Sonar,RandomForest (reference),42,1,,0.8333333333333334,0.8253119429590018,0.9363636363636363,,,,,,,,,,,,,,,,,
Sonar,CART,42,2,,0.7142857142857143,0.7136363636363636,0.788329519450801,23.0,5.0,0.13855421686746988,0.2577821582411805,0.13409638554216868,0.21011749512110015,0.22836649924705146,0.20383501046884595,0.25298824407591636,0.2602673514483867,0.21949234552576993,0.2089946225326641,0.5,0.1438801468604337,0.1329970020876939,0.11786200194363462,0.9434459013287914
Sonar,VIF+CART,42,2,,0.7380952380952381,0.7367521367521368,0.7562929061784897,21.0,6.0,0.0,0.18318995127312424,0.05,0.19517365883395,0.2644390594732732,0.24495842781917176,0.20018499311958315,0.20958845243573304,0.21507198161510138,0.18959129440483521,0.8,0.179369294700722,0.1882344914808499,0.152332361516035,0.9300236714932241
Sonar,RRF-style,42,2,,0.7142857142857143,0.7136363636363636,0.788329519450801,23.0,5.0,0.060240963855421686,0.2349910942855383,0.13289156626506024,0.2077604195113892,0.19617392018412425,0.18133204339191797,0.22421061061750766,0.25012085753303814,0.21493484278235017,0.2081937338964079,0.5,0.12736013373048188,0.12045260645118003,0.1198542274052478,0.9475677717850904
Sonar,ACP-Gini,42,2,0.2,0.7142857142857143,0.7136363636363636,0.7425629290617849,21.0,5.0,0.0,0.1697088427493777,0.06590361445783133,0.1644870217416356,0.1759731898753507,0.12902572729115114,0.21321491450923782,0.19854975625862892,0.19510705747964874,0.18621770687449923,0.5,0.11677370688535153,0.09162598743228614,0.11186588921282799,0.9485451238665367
Sonar,ACP-Gini (nested),42,2,0.2,0.7142857142857143,0.7136363636363636,0.7425629290617849,21.0,5.0,0.0,0.1697088427493777,0.06590361445783133,0.1644870217416356,0.1759731898753507,0.12902572729115114,0.21321491450923782,0.19854975625862892,0.19510705747964874,0.18621770687449923,0.5,0.11677370688535153,0.09162598743228614,0.11186588921282799,0.9485451238665367
Sonar,Cluster+CART,42,2,,0.6904761904761905,0.690300623936472,0.7906178489702518,23.0,5.0,0.0,0.2503198831486236,0.10807228915662652,0.20749513470279188,0.2171612474493627,0.18343773657825013,0.23309080475937563,0.23333763236198357,0.21099781767558773,0.20217890226911092,0.5,0.15242265025960608,0.14928463030992298,0.1214901198574668,0.9413943521183998
Sonar,RandomForest (reference),42,2,,0.7142857142857143,0.7142857142857143,0.8535469107551488,,,,,,,,,,,,,,,,,
Sonar,CART,42,3,,0.7317073170731707,0.731067382230173,0.667464114832536,27.0,6.0,0.1317365269461078,0.22062409088403626,0.1865868263473054,0.23611872656265614,0.2680698210686206,0.2589995762931439,0.23525327480993155,0.2308479614065562,0.24046785670696968,0.23427597104935693,0.5,0.15373221939633766,0.13578328862733477,0.12010689990281827,0.9428954073114879
Sonar,VIF+CART,42,3,,0.7317073170731707,0.7291291291291291,0.7619617224880384,29.0,6.0,0.0,0.19387388467152009,0.03389221556886227,0.1987142733023429,0.26036270741186396,0.21786974763717493,0.19416629831854923,0.17723866713913605,0.22072846684386946,0.2005441577580206,0.6,0.1755311435824483,0.17009053520130535,0.14520894071914484,0.9429255326914832
Sonar,RRF-style,42,3,,0.7317073170731707,0.731067382230173,0.6734449760765551,27.0,6.0,0.1317365269461078,0.2116747756551625,0.16802395209580837,0.23047435636921298,0.23868126577970514,0.23797341427265165,0.2231018731543962,0.229909985804544,0.23217265052121486,0.22952334933759388,0.5,0.1323344184931978,0.1170836530773379,0.11728215095562036,0.946623321506768
Sonar,ACP-Gini,42,3,0.2,0.6341463414634146,0.6341463414634146,0.7069377990430622,27.0,6.0,0.0,0.14603493733583256,0.08502994011976048,0.1836561517422986,0.218950836643261,0.18613866380157643,0.1953645507188214,0.17641246694592538,0.20977877866007189,0.21091713817357552,0.5,0.12010033176037473,0.08069542853355446,0.11304826692581794,0.9478565999405705
Sonar,ACP-Gini (nested),42,3,0.8,0.6341463414634146,0.6341463414634146,0.7069377990430622,27.0,6.0,0.0,0.14603493733583256,0.007904191616766467,0.15482230243965064,0.23339959311975486,0.20509050021377742,0.1953645507188214,0.17641246694592538,0.20317462746184262,0.1874555706508069,0.5,0.12812972363525216,0.09251572608225125,0.1043310657596372,0.9476894005071569
Sonar,Cluster+CART,42,3,,0.7804878048780488,0.7799642218246869,0.8600478468899522,27.0,6.0,0.3413173652694611,0.24754953077522618,0.16203592814371257,0.2219534019279528,0.2629466342472282,0.23810213122381016,0.2318003084288715,0.23357344850088507,0.2311031548720781,0.22000878748795624,0.5,0.15898780803661702,0.14459744749685624,0.1261030126336249,0.9396243828214335
Sonar,RandomForest (reference),42,3,,0.8292682926829268,0.8225108225108224,0.9425837320574163,,,,,,,,,,,,,,,,,
Sonar,CART,42,4,,0.7560975609756098,0.7547846889952152,0.7966507177033493,27.0,6.0,0.0,0.25970426130727814,0.17113772455089818,0.22922669399886128,0.24562441939812887,0.22547444416087287,0.2311882922566558,0.20874379844333876,0.23805196379733978,0.20854203172062377,0.46,0.14257790337334786,0.11215401507913123,0.09578231292517007,0.9525771478824806
Sonar,VIF+CART,42,4,,0.6341463414634146,0.6332737030411449,0.6698564593301436,25.0,5.0,0.1377245508982036,0.1742830718596277,0.05928143712574851,0.19108759413236348,0.23580941527460134,0.192576354539053,0.21421883173380157,0.1909306807449635,0.21870388878417416,0.1908146499837625,0.38,0.15669485029758612,0.13749470154824073,0.11458697764820217,0.9530935414216407
Sonar,RRF-style,42,4,,0.6829268292682927,0.6759878419452887,0.6854066985645934,29.0,5.0,0.0,0.2927304151047529,0.134251497005988,0.22114168901618672,0.21217787427991508,0.19802025153600875,0.23614793160529585,0.2510438761276836,0.2252746926864092,0.2044585490138446,0.46,0.11858011989344523,0.0918959264362922,0.09564949789439586,0.9574355865731682
Sonar,ACP-Gini,42,4,0.2,0.7560975609756098,0.7547846889952152,0.819377990430622,27.0,6.0,0.0,0.22480389344118684,0.07281437125748502,0.17998219599204363,0.18845632510325755,0.13861170896638525,0.2147141202914935,0.20401228213808947,0.2099109531208698,0.18784142857788322,0.46,0.10303320208851893,0.053472602716628445,0.08738257207644963,0.9600480371420098
Sonar,ACP-Gini (nested),42,4,0.8,0.7804878048780488,0.7799642218246869,0.8325358851674642,29.0,6.0,0.0,0.14063080231197805,0.0,0.1483457164038205,0.1731448284941682,0.11616257541311059,0.22636949848289642,0.18922336314474547,0.19295916184152873,0.1672144694615681,0.46,0.10014524150617535,0.05148407488967825,0.08802721088435375,0.9585652336192552
Sonar,Cluster+CART,42,4,,0.6829268292682927,0.67987987987988,0.7595693779904307,27.0,6.0,0.0,0.2379102543712715,0.07065868263473055,0.20454637761536248,0.23286556390612753,0.19686414884072578,0.2106812593742393,0.19801778439278803,0.21114312100623334,0.18882077205313114,0.46,0.13764728869622406,0.10975916068353914,0.10307742144476838,0.9496321698086486
Sonar,RandomForest (reference),42,4,,0.8048780487804879,0.7990196078431373,0.9162679425837321,,,,,,,,,,,,,,,,,
Sonar,CART,43,0,,0.5952380952380952,0.5894192064404831,0.5920454545454545,23.0,5.0,0.0,0.20039060872819286,0.21518072289156623,0.23164945584025165,0.2763869463869464,0.28768415618546056,0.23415977886966252,0.1794322319198214,0.24115977868132846,0.2074678075738041,0.64,0.16709530983467927,0.17753246011005785,0.13531584062196306,0.9278302528891396
Sonar,VIF+CART,43,0,,0.6190476190476191,0.6181818181818182,0.6443181818181818,25.0,5.0,0.0,0.17914497076690267,0.04228915662650603,0.19618656964155576,0.2630976287284811,0.27734100950168555,0.23526313960228704,0.1520467998492766,0.22062062041962413,0.18653790232372333,0.86,0.1795120280546451,0.20913976566996437,0.18051830255911888,0.9162826005001085
Sonar,RRF-style,43,0,,0.5476190476190477,0.5452991452991452,0.5761363636363637,23.0,5.0,0.0,0.19378868334820362,0.20385542168674697,0.22571342471622713,0.23594088904292987,0.25663750785323086,0.2208786011323996,0.18313251335176062,0.23111177480678358,0.20869671901142783,0.64,0.14562588465289547,0.15975340263271656,0.13799319727891157,0.9340479639495878
Sonar,ACP-Gini,43,0,0.2,0.5952380952380952,0.5931623931623932,0.6431818181818182,23.0,5.0,0.0,0.14440477265844875,0.083855421686747,0.16786790803223053,0.21704363037256194,0.20531162069499567,0.2075551526136729,0.1550843024357651,0.2026537384545173,0.17995424751238148,0.64,0.14075699700284272,0.13852952477791902,0.13584386135406543,0.9356938832388382
Sonar,ACP-Gini (nested),43,0,0.4,0.5952380952380952,0.5931623931623932,0.6431818181818182,23.0,5.0,0.0,0.14440477265844875,0.05240963855421687,0.1600329229640883,0.2133909870974697,0.1964517589391775,0.2075551526136729,0.1550843024357651,0.1980054227188115,0.17365421794603633,0.64,0.1414897518781072,0.140382264099901,0.13330093942338841,0.9337316614326472
Sonar,Cluster+CART,43,0,,0.5238095238095238,0.5227272727272727,0.5977272727272727,25.0,5.0,0.42771084337349397,0.21654016120927494,0.16879518072289154,0.21470022588659135,0.2292856781074068,0.20747052846560932,0.22908101551984322,0.21046612958271468,0.22300250071296762,0.2002384992504448,0.64,0.15652178045622792,0.16391708048340456,0.13490119857466795,0.9336256086780192
Sonar,RandomForest (reference),43,0,,0.7142857142857143,0.7116704805491991,0.775,,,,,,,,,,,,,,,,,
Sonar,CART,43,1,,0.8333333333333334,0.8332387975042541,0.8738636363636365,23.0,6.0,0.0,0.2498009992531194,0.1419277108433735,0.21700109568980683,0.24415124741029837,0.19102034684841662,0.24026132088844873,0.22458832122731953,0.2332838943839957,0.2158013152594822,0.44,0.1315021433955218,0.08459969687712007,0.08985746679624232,0.958858403392859
Sonar,VIF+CART,43,1,,0.7619047619047619,0.7597254004576659,0.8647727272727272,31.0,5.0,0.0,0.18788747713876364,0.06265060240963856,0.19828329504100828,0.24976033381612453,0.20027892545769432,0.24396541994943116,0.23104156818889157,0.22430897268111735,0.19673918587070896,0.56,0.16732903870137714,0.15155920877870846,0.13156786524133465,0.9487713708654036
Sonar,RRF-style,43,1,,0.8333333333333334,0.8332387975042541,0.8738636363636365,23.0,6.0,0.0,0.24174837595785406,0.11156626506024098,0.21215058468108305,0.20436576348821248,0.1676971912269288,0.23489235924586754,0.21819164835891006,0.2287804458043536,0.21262478345708266,0.44,0.10967461403475809,0.07452668527788862,0.0948850016196955,0.9622314844885522
Sonar,ACP-Gini,43,1,0.2,0.8571428571428571,0.8571428571428571,0.8795454545454546,23.0,6.0,0.0,0.18989221434224407,0.06518072289156626,0.17857363640263546,0.1974632154209459,0.1372983466699296,0.18820254878245318,0.1824047807022024,0.211562925453371,0.19716796780321963,0.44,0.10860493590849944,0.05859224892732444,0.08952057013281503,0.9623153919695413
Sonar,ACP-Gini (nested),43,1,1.0,0.8095238095238095,0.8090909090909091,0.9125,25.0,5.0,0.0,0.1352704330675941,0.0,0.1423202043988848,0.1846474133442921,0.12830469217692547,0.19464485013476196,0.2016370923831013,0.19873488124979208,0.17198537905420397,0.44,0.10465353442146264,0.06072260993630407,0.08663751214771623,0.9633238340141747
Sonar,Cluster+CART,43,1,,0.8571428571428571,0.8571428571428571,0.8772727272727273,27.0,6.0,0.060240963855421686,0.24563691281685154,0.07915662650602409,0.20046477720484743,0.22487119003445533,0.1491535965692564,0.22115482594228122,0.20600899748467014,0.21426183468333845,0.2031552227175878,0.44,0.15139995793960537,0.11872298146280987,0.09992873339812115,0.9534917076561474
Sonar,RandomForest (reference),43,1,,0.9047619047619048,0.9027777777777777,0.9840909090909091,,,,,,,,,,,,,,,,,
Sonar,CART,43,2,,0.7619047619047619,0.7597254004576659,0.8215102974828374,27.0,5.0,0.3795180722891566,0.24704581254547864,0.1936144578313253,0.22106119159272417,0.2523924059134143,0.23299246790070097,0.21802641768439687,0.2592606408814016,0.23260696775963022,0.2176596017913565,0.44,0.1601948858622265,0.14183721267781935,0.11837058632977,0.9433171462706752
Sonar,VIF+CART,43,2,,0.6904761904761905,0.6860264519838988,0.702517162471396,25.0,4.0,0.0,0.15125902815886566,0.07674698795180722,0.19538944588793505,0.26279079580374837,0.21530581319184747,0.18910668921064552,0.19871394938119427,0.2169457394848681,0.19363690620386134,0.5,0.16329959136151087,0.14112507944317362,0.11242630385487529,0.9498427144085171
Sonar,RRF-style,43,2,,0.7857142857142857,0.7826336975273145,0.8329519450800915,27.0,5.0,0.7831325301204819,0.25912279254288084,0.20204819277108435,0.21711937612838172,0.2118277904568421,0.1974533181678904,0.21681200533079756,0.2671631386317622,0.22246084637076635,0.21358655376861369,0.44,0.13146495754478948,0.11565826326290542,0.11101068999028182,0.9487816626636558
Sonar,ACP-Gini,43,2,0.2,0.7380952380952381,0.7343300747556067,0.8226544622425629,27.0,5.0,0.3132530120481928,0.24044820129670522,0.08180722891566265,0.1700728348091428,0.2108171998560891,0.17502879536609814,0.21097439541561966,0.23591424186913496,0.20264827444556094,0.19419076562456436,0.44,0.1291388256092875,0.09888904780835939,0.10859086491739553,0.9511113687111927
Sonar,ACP-Gini (nested),43,2,0.2,0.7380952380952381,0.7343300747556067,0.8226544622425629,27.0,5.0,0.3132530120481928,0.24044820129670522,0.08180722891566265,0.1700728348091428,0.2108171998560891,0.17502879536609814,0.21097439541561966,0.23591424186913496,0.20264827444556094,0.19419076562456436,0.44,0.1291388256092875,0.09888904780835939,0.10859086491739553,0.9511113687111927
Sonar,Cluster+CART,43,2,,0.7857142857142857,0.7846153846153847,0.8135011441647597,27.0,5.0,0.0,0.17918712303221515,0.1404819277108434,0.21009186347285838,0.23051842102142217,0.20232131685287094,0.1988430245367784,0.1866388305652253,0.22447334867857002,0.21264710164479073,0.44,0.1432434620552394,0.12145846273284754,0.0969679300291545,0.9498415824916383
Sonar,RandomForest (reference),43,2,,0.8571428571428571,0.8541666666666667,0.9221967963386728,,,,,,,,,,,,,,,,,
Sonar,CART,43,3,,0.7804878048780488,0.7756838905775076,0.8301435406698565,23.0,5.0,0.0,0.23608963875648295,0.2783233532934132,0.23022029356582416,0.25110617550208125,0.2347935721848647,0.21427583274624062,0.2388012392947312,0.23417042359170348,0.22508814148349324,0.34,0.1411832561827507,0.10484964061587111,0.08987366375121476,0.9605589872609867
Sonar,VIF+CART,43,3,,0.6829268292682927,0.6703772418058133,0.7165071770334929,25.0,5.0,0.0,0.18519208925718952,0.058562874251497005,0.1990312225643497,0.231888405119308,0.1642166610486417,0.20655140575332512,0.1949563227508112,0.22042186624023533,0.2010738304091061,0.38,0.1462925306267064,0.10984072960198393,0.08900226757369616,0.954658009970113
Sonar,RRF-style,43,3,,0.7804878048780488,0.7756838905775076,0.8301435406698565,23.0,5.0,0.0,0.23608963875648295,0.28850299401197604,0.22786981456601668,0.225431267345433,0.2165542200805136,0.21427583274624062,0.2388012392947312,0.22785635402532886,0.22503108466512337,0.34,0.12251541720496671,0.09098906349101767,0.0901392938127632,0.9628084573581976
Sonar,ACP-Gini,43,3,0.2,0.7804878048780488,0.7756838905775076,0.8133971291866029,23.0,5.0,0.0,0.19759586017861902,0.14502994011976048,0.1781153497345905,0.22428506743496948,0.19772231554872244,0.20854971124074997,0.23551913325274118,0.20195970346102338,0.1945312598852622,0.34,0.11670910725087132,0.07002902350372461,0.08321995464852608,0.9619112176971794
Sonar,ACP-Gini (nested),43,3,0.4,0.7804878048780488,0.7756838905775076,0.8133971291866029,23.0,5.0,0.0,0.19759586017861902,0.07880239520958084,0.16718896519845114,0.21910056269909686,0.19482861791649467,0.20854971124074997,0.23551913325274118,0.19920573363401967,0.18753858561030806,0.34,0.11302968315285876,0.067145419213892,0.08208940719144801,0.9612417735556882
Sonar,Cluster+CART,43,3,,0.7804878048780488,0.7756838905775076,0.8157894736842106,23.0,5.0,0.0,0.22847285936586503,0.17149700598802398,0.2171646585272993,0.25775941125701024,0.22172649733514038,0.21490703383494508,0.23779792086917936,0.22676486248461689,0.21806010751869243,0.34,0.15304463588895256,0.12238845727474901,0.08834143181081958,0.9562965425424431
Sonar,RandomForest (reference),43,3,,0.7560975609756098,0.7487745098039216,0.8995215311004785,,,,,,,,,,,,,,,,,
Sonar,CART,43,4,,0.7317073170731707,0.731067382230173,0.7691387559808613,25.0,4.0,0.0,0.17568841865047588,0.19341317365269461,0.21878399282025188,0.246603329110532,0.21555029443527826,0.22429747270590836,0.22508281227294086,0.22853409141686135,0.21436357018376634,0.5,0.1458504448066273,0.11775570814874813,0.10227081308713962,0.9520865724235928
Sonar,VIF+CART,43,4,,0.7317073170731707,0.7291291291291291,0.7882775119617225,29.0,5.0,0.0,0.1930562360886194,0.024191616766467066,0.1881740955823171,0.23917640907073523,0.1654349186909667,0.22977340018385964,0.20921875531368708,0.21774288397295696,0.19392603172233439,0.4,0.16398038189634828,0.13820733542518837,0.10649173955296405,0.9559896364334911
Sonar,RRF-style,43,4,,0.7317073170731707,0.731067382230173,0.742822966507177,25.0,4.0,0.0,0.17935541272823854,0.194251497005988,0.2153550254964134,0.20371108709884223,0.17509281240221836,0.2243381076831962,0.22482796221772192,0.21951159421267571,0.21151938199434997,0.5,0.11841265670437337,0.09208060259769996,0.09747975380628442,0.9578003944764544
Sonar,ACP-Gini,43,4,0.2,0.7560975609756098,0.7547846889952152,0.8169856459330143,21.0,5.0,0.0,0.15524361697007089,0.0784431137724551,0.16919010212227417,0.210288412566071,0.16206624164200278,0.2013729296400195,0.16441198878961183,0.197795585936845,0.19024928452969495,0.5,0.11905983900474328,0.07812405018525868,0.0954907677356657,0.9587058503054902
Sonar,ACP-Gini (nested),43,4,0.4,0.7560975609756098,0.7547846889952152,0.8169856459330143,21.0,5.0,0.0,0.15524361697007089,0.04227544910179641,0.16387099017388845,0.21437133251043025,0.16930578604357707,0.2013729296400195,0.16441198878961183,0.19683038636843878,0.18638961420809058,0.5,0.12155695314913739,0.0839674098818285,0.0990281827016521,0.9590156301556951
Sonar,Cluster+CART,43,4,,0.6829268292682927,0.6821705426356589,0.7619617224880384,27.0,5.0,0.0,0.22690262051411986,0.13293413173652696,0.19930671982814235,0.23226315549968168,0.18278155124910953,0.26171112725559853,0.23795553715866505,0.2177800419709365,0.2029815016877673,0.5,0.1508906711325363,0.12926209743888886,0.11114026563006155,0.9523361628443862
Sonar,RandomForest (reference),43,4,,0.8048780487804879,0.8019323671497585,0.9282296650717703,,,,,,,,,,,,,,,,,
Sonar,CART,44,0,,0.8095238095238095,0.8090909090909091,0.8295454545454546,29.0,5.0,0.3253012048192771,0.23398939296469726,0.20650602409638555,0.21016778498859012,0.2727407883566347,0.26356244186841843,0.26388480358286104,0.24827897498366291,0.2287138656983889,0.21318684534454108,0.54,0.15156047403099907,0.13224198666808146,0.11888241010689993,0.948229339011136
Sonar,VIF+CART,44,0,,0.7380952380952381,0.7343300747556067,0.8102272727272728,25.0,5.0,0.0,0.16579029408698523,0.05240963855421687,0.19320131599369553,0.24959672280500614,0.20970858116412194,0.18707625326272684,0.1471716112238357,0.22328631264356819,0.19806245593772753,0.46,0.1678267713836678,0.15902498142478616,0.12850988014253323,0.9487205282342761
Sonar,RRF-style,44,0,,0.8095238095238095,0.8090909090909091,0.8579545454545454,29.0,5.0,0.3253012048192771,0.23186728059123668,0.1973493975903614,0.20798639818508874,0.2366481808174485,0.2386544792551884,0.2674918296616908,0.24543118244832884,0.22134135142356853,0.2104061081083661,0.54,0.13408119058479204,0.12175913867946368,0.11784580498866211,0.9521945082956328
Sonar,ACP-Gini,44,0,0.2,0.8333333333333334,0.8324786324786324,0.8681818181818182,29.0,5.0,0.0,0.1898362526952797,0.0980722891566265,0.16475618685790683,0.20976688842282448,0.16692089321160433,0.2034264458907247,0.20414702439088966,0.2009587842727441,0.18890116022736309,0.54,0.1274915250009077,0.09481119460393982,0.11757369614512471,0.9525479006752465
Sonar,ACP-Gini (nested),44,0,0.2,0.8333333333333334,0.8324786324786324,0.8681818181818182,29.0,5.0,0.0,0.1898362526952797,0.0980722891566265,0.16475618685790683,0.20976688842282448,0.16692089321160433,0.2034264458907247,0.20414702439088966,0.2009587842727441,0.18890116022736309,0.54,0.1274915250009077,0.09481119460393982,0.11757369614512471,0.9525479006752465
Sonar,Cluster+CART,44,0,,0.7857142857142857,0.7855927396483267,0.8181818181818181,27.0,5.0,0.0,0.19489751754597828,0.12373493975903614,0.1992266176227638,0.24182436838941548,0.19702202631822224,0.2055121268282919,0.1886050561687083,0.21230959081967793,0.1981614147591067,0.54,0.16172641914434419,0.15180215516072973,0.1225137674117266,0.9495876896845755
Sonar,RandomForest (reference),44,0,,0.8095238095238095,0.8023529411764705,0.9227272727272727,,,,,,,,,,,,,,,,,
Sonar,CART,44,1,,0.6428571428571429,0.6426545660805445,0.6681818181818182,25.0,5.0,0.0,0.21547115152886456,0.16216867469879517,0.21612081186550372,0.26234586748452293,0.24641702692352108,0.22683925814034098,0.21394902233491367,0.2364412917703312,0.2153448489565464,0.4,0.15570939170838077,0.13562696343617128,0.10417557499190153,0.9487359678890922
Sonar,VIF+CART,44,1,,0.8095238095238095,0.8090909090909091,0.8386363636363636,25.0,5.0,0.0,0.2070129155225342,0.04783132530120482,0.19146327235865626,0.262690610587085,0.2234271890348128,0.21016881013139377,0.18410494751042822,0.21575637042608875,0.19840699398925132,0.5,0.16314965328894057,0.14827735445913834,0.11747327502429546,0.9488945689388136
Sonar,RRF-style,44,1,,0.6428571428571429,0.6426545660805445,0.6761363636363636,25.0,5.0,0.0,0.21182548016591135,0.14409638554216866,0.21567449762842905,0.2253328961288145,0.21730794225631037,0.23188438961302002,0.2134877996016136,0.22661005138405943,0.2152465617853036,0.4,0.12837208776284406,0.11126446102338097,0.10711046323291222,0.9572735387019838
Sonar,ACP-Gini,44,1,0.2,0.6428571428571429,0.6426545660805445,0.6636363636363636,25.0,5.0,0.0,0.18518769318349282,0.0391566265060241,0.17241895237722282,0.22978482395289115,0.20401644661048035,0.2022395764441964,0.2049477275655442,0.20154756352983016,0.19390728214008227,0.4,0.12387801279966566,0.09075323175647293,0.10300615484288955,0.9570802042814426
Sonar,ACP-Gini (nested),44,1,0.2,0.6428571428571429,0.6426545660805445,0.6636363636363636,25.0,5.0,0.0,0.18518769318349282,0.0391566265060241,0.17241895237722282,0.22978482395289115,0.20401644661048035,0.2022395764441964,0.2049477275655442,0.20154756352983016,0.19390728214008227,0.4,0.12387801279966566,0.09075323175647293,0.10300615484288955,0.9570802042814426
Sonar,Cluster+CART,44,1,,0.6428571428571429,0.6377228292121909,0.7068181818181818,27.0,5.0,0.26506024096385544,0.15901155321088334,0.13662650602409637,0.21398772418883333,0.249435779240101,0.21482828443498578,0.21399717479605082,0.1879963037202719,0.2283491814012304,0.2103179704024258,0.4,0.17723591620078635,0.17353328998419335,0.12128927761580824,0.9448397319331937
Sonar,RandomForest (reference),44,1,,0.8095238095238095,0.8077803203661327,0.8818181818181818,,,,,,,,,,,,,,,,,
Sonar,CART,44,2,,0.7380952380952381,0.7379466817923993,0.7276887871853548,25.0,5.0,0.0963855421686747,0.21078280928948756,0.15734939759036143,0.21801766271255577,0.23354801745785506,0.1940792131277616,0.23404100670599218,0.2451431901306459,0.23333998813146323,0.21514215994620706,0.5,0.14538280154938396,0.11690918782727949,0.10312277291869128,0.9434288542484665
Sonar,VIF+CART,44,2,,0.6904761904761905,0.690300623936472,0.7757437070938216,29.0,6.0,0.0,0.11592493847325147,0.06240963855421687,0.19612685183975131,0.24235382146268605,0.1878281892677877,0.18075314815187507,0.14487890068799614,0.22054233946845148,0.1934633808060659,0.64,0.17043826614193708,0.1603555970128885,0.13412374473598965,0.941854003084983
Sonar,RRF-style,44,2,,0.7380952380952381,0.7379466817923993,0.7276887871853548,25.0,5.0,0.0,0.2002260663224168,0.14686746987951807,0.21338489515763853,0.19682177139920237,0.16970142638069424,0.19987748683239365,0.1952164368218826,0.22463900866625852,0.21357091568850334,0.5,0.11626246603939785,0.08969754555813253,0.1023841917719469,0.9524309373257689
Sonar,ACP-Gini,44,2,0.2,0.7619047619047619,0.7613636363636364,0.7814645308924486,25.0,5.0,0.0,0.19003766672260655,0.06771084337349398,0.16865242876495207,0.20250888447287008,0.15013400613874298,0.21142952807176654,0.1821081666290263,0.20414154596841613,0.19454979242011258,0.5,0.11449345227689199,0.0712463019689803,0.09926465824425008,0.953151825533831
Sonar,ACP-Gini (nested),44,2,0.8,0.6904761904761905,0.690300623936472,0.7425629290617849,27.0,6.0,0.0,0.18253846013377345,0.0,0.1429655850079374,0.19357910214929866,0.14288840028820238,0.20986274223442758,0.18216250277140858,0.19094412743842526,0.1655700837230047,0.5,0.11378521194481263,0.07746527568860949,0.09610625202461938,0.9519072791629197
Sonar,Cluster+CART,44,2,,0.7380952380952381,0.7379466817923993,0.7276887871853548,25.0,5.0,0.0,0.20839285703679414,0.15216867469879516,0.205413159237765,0.21661337244994922,0.16603298263222055,0.21377345015553312,0.19839083725093154,0.2232851970446292,0.20556212851010813,0.5,0.14637149763598237,0.12565424224651428,0.11064463880790411,0.9481507116578514
Sonar,RandomForest (reference),44,2,,0.9047619047619048,0.9027777777777777,0.9702517162471396,,,,,,,,,,,,,,,,,
Sonar,CART,44,3,,0.7317073170731707,0.731067382230173,0.6758373205741628,29.0,5.0,0.562874251497006,0.2796858029589267,0.19688622754491017,0.2291348985127106,0.26260621844475385,0.2650343390532959,0.26020277376940676,0.21853259777605025,0.23913103918123338,0.2240972919798766,0.56,0.1541423432650134,0.14428132221884027,0.11813411078717202,0.9411794349827142
Sonar,VIF+CART,44,3,,0.7073170731707317,0.7071428571428571,0.7476076555023924,25.0,6.0,0.0,0.19335606466117541,0.06610778443113773,0.19814356131414843,0.26267660719404573,0.23179111857466714,0.23487051575198215,0.1748384277829341,0.21835729078552435,0.19093566358329084,0.58,0.17667518662125978,0.17534299988935834,0.13899254940071265,0.942118898887327
Sonar,RRF-style,44,3,,0.6829268292682927,0.6829268292682927,0.7021531100478469,29.0,5.0,0.30538922155688625,0.25093438622870007,0.17389221556886228,0.22450324819500025,0.22981842793727547,0.2386512723962664,0.24613854919016104,0.2085551818342124,0.22805070944774478,0.22233991846645562,0.56,0.1340619659785326,0.1302281755027175,0.12004373177842567,0.9464472617341451
Sonar,ACP-Gini,44,3,0.2,0.6829268292682927,0.6821705426356589,0.6973684210526316,29.0,5.0,0.0,0.15155057812365152,0.06802395209580837,0.18155148990340522,0.21718740922942603,0.19322978188914175,0.22448412712737997,0.1978628146442565,0.2029944619140403,0.19229625517114418,0.56,0.12227259614784097,0.09428849189148145,0.10904114026563005,0.9480580679158109
Sonar,ACP-Gini (nested),44,3,0.8,0.6341463414634146,0.6341463414634146,0.6818181818181819,25.0,5.0,0.0,0.1773902241054347,0.0,0.14913755257467753,0.22145701044320495,0.20367702963866896,0.2110863490198502,0.1633456582984392,0.19444001758900092,0.16967823331838158,0.56,0.1282903459752199,0.10769450186639355,0.11729834791059282,0.946821199031334
Sonar,Cluster+CART,44,3,,0.6829268292682927,0.6821705426356589,0.715311004784689,27.0,5.0,0.0,0.24372632308888142,0.12766467065868264,0.21646443341527746,0.24824529383760446,0.22602809550815642,0.24452666282647512,0.2529882155091947,0.2283428667622909,0.21107867552444343,0.56,0.1730210683323402,0.17291670120663935,0.12952380952380954,0.939356230251176
Sonar,RandomForest (reference),44,3,,0.8048780487804879,0.8038277511961722,0.8899521531100478,,,,,,,,,,,,,,,,,
Sonar,CART,44,4,,0.6585365853658537,0.6533816425120773,0.69377990430622,29.0,6.0,0.46706586826347307,0.24481814585880587,0.16862275449101793,0.21653571470152808,0.24325043617180472,0.21050207906636986,0.2717107753012573,0.2712151092523321,0.23491724588916857,0.21900818166344752,0.4,0.14898884362620385,0.12118083219421587,0.10608033689666344,0.9494460180985932
Sonar,VIF+CART,44,4,,0.7560975609756098,0.7524154589371981,0.7440191387559809,29.0,5.0,0.25748502994011974,0.24914872688174108,0.07149700598802396,0.19501412698649637,0.23648099132742467,0.2048892589152322,0.26041706399225445,0.1922752122121907,0.22368528586951966,0.18848248167312356,0.72,0.17062882794073164,0.1682447029742756,0.138140589569161,0.9327180289619473
Sonar,RRF-style,44,4,,0.6341463414634146,0.6306306306306306,0.6818181818181819,29.0,6.0,0.46706586826347307,0.24355664077358866,0.13748502994011974,0.21063379499591925,0.2089695016867886,0.18247702649195052,0.2653062242970447,0.2715626689343267,0.2219433328253643,0.21308073083698978,0.4,0.12781200503756893,0.10588525657104204,0.10603822481373504,0.9537036534697001
Sonar,ACP-Gini,44,4,0.2,0.6829268292682927,0.6703772418058133,0.6854066985645934,29.0,6.0,0.46706586826347307,0.19429678692818012,0.05449101796407186,0.16696591589026294,0.2037326399757372,0.1527639496897608,0.2146144322694812,0.21614680203920683,0.20533358464843418,0.19419678019313757,0.4,0.12180430841036134,0.08390485835991392,0.10191124068675089,0.9531896745812659
Sonar,ACP-Gini (nested),44,4,1.0,0.7073170731707317,0.7028985507246377,0.7667464114832536,27.0,6.0,0.0,0.15838971936847934,0.008502994011976048,0.13324081357661874,0.19207350644132726,0.13768885420898663,0.20175830955168653,0.18004918795480632,0.1940522005669159,0.16397325523395143,0.4,0.11754795655402214,0.0830212661738762,0.10188532555879495,0.9527094599746642
Sonar,Cluster+CART,44,4,,0.7804878048780488,0.7783783783783784,0.8157894736842106,25.0,5.0,0.6227544910179641,0.23737189968043848,0.13341317365269462,0.21275813191768225,0.24199048036762066,0.1880747651337966,0.20823231840675802,0.24840478722079967,0.22247634428256144,0.2051340379377313,0.4,0.1522453699709023,0.12818563852777157,0.10413022351797863,0.9496585648018905
Sonar,RandomForest (reference),44,4,,0.7804878048780488,0.7666034155597723,0.9473684210526316,,,,,,,,,,,,,,,,,
Pima,CART,42,0,,0.7662337662337663,0.7210144927536233,0.7722222222222221,73.0,6.0,0.0,0.16737928442130134,0.0,0.1666788894185118,0.9498979591836735,0.6343245869776483,0.15870315609498722,0.1831177846283969,0.16978391004214383,0.1777852453576283,1.0,0.9498979591836735,0.6343245869776483,0.6254907677356658,0.6729182351768864
Pima,VIF+CART,42,0,,0.7662337662337663,0.7210144927536233,0.7722222222222221,73.0,6.0,0.0,0.16737928442130134,0.0,0.1666788894185118,0.9498979591836735,0.6343245869776483,0.15870315609498722,0.1831177846283969,0.16978391004214383,0.1777852453576283,1.0,0.9498979591836735,0.6343245869776483,0.6254907677356658,0.6729182351768864
Pima,RRF-style,42,0,,0.7662337662337663,0.7210144927536233,0.7722222222222221,73.0,6.0,0.0,0.16737928442130134,0.0,0.16676239088396694,0.8862244897959184,0.6047497587803765,0.15870315609498722,0.1831177846283969,0.16881718542977125,0.17691061286533166,1.0,0.8862244897959184,0.6047497587803765,0.6256656948493684,0.6723959999097743
Pima,ACP-Gini,42,0,0.2,0.7597402597402597,0.7114498404820986,0.7669444444444444,73.0,6.0,0.0,0.16399173673429507,0.0,0.16244273585340555,0.919067055393586,0.6400044748676437,0.15870315609498722,0.1845955856252718,0.16912679534499694,0.17420742269405884,1.0,0.919067055393586,0.6400044748676437,0.6388532555879496,0.6687115772111971
Pima,ACP-Gini (nested),42,0,0.4,0.7532467532467533,0.7055152979066023,0.774537037037037,73.0,6.0,0.0,0.15825272979518415,0.0,0.15921978892543565,0.9102186588921283,0.6259980688344696,0.15870315609498722,0.17869137030543483,0.16826430347541613,0.17298225955901114,1.0,0.9102186588921283,0.6259980688344696,0.6324781341107872,0.6642450054796911
Pima,Cluster+CART,42,0,,0.7662337662337663,0.7210144927536233,0.7722222222222221,73.0,6.0,0.0,0.16737928442130134,0.0,0.1666788894185118,0.9498979591836735,0.6343245869776483,0.15870315609498722,0.1831177846283969,0.16978391004214383,0.1777852453576283,1.0,0.9498979591836735,0.6343245869776483,0.6254907677356658,0.6729182351768864
Pima,RandomForest (reference),42,0,,0.7792207792207793,0.7397096838337642,0.8601851851851852,,,,,,,,,,,,,,,,,
Pima,CART,42,1,,0.7532467532467533,0.7186538461538461,0.7899074074074075,73.0,6.0,0.0,0.1784234100150092,0.0,0.17618760401092204,0.9313265306122449,0.6465111758989311,0.15870315609498722,0.18614254162931693,0.1694862889005681,0.18346009948238895,0.98,0.9313265306122449,0.6465111758989311,0.6280563654033042,0.6678365052591715
Pima,VIF+CART,42,1,,0.7532467532467533,0.7186538461538461,0.7899074074074075,73.0,6.0,0.0,0.1784234100150092,0.0,0.17618760401092204,0.9313265306122449,0.6465111758989311,0.15870315609498722,0.18614254162931693,0.1694862889005681,0.18346009948238895,0.98,0.9313265306122449,0.6465111758989311,0.6280563654033042,0.6678365052591715
Pima,RRF-style,42,1,,0.7532467532467533,0.7186538461538461,0.7899074074074075,73.0,6.0,0.0,0.1784234100150092,0.0,0.1763259191161335,0.863804664723032,0.6688126186989444,0.15870315609498722,0.18614254162931693,0.1685350978737339,0.18331193702947546,0.98,0.863804664723032,0.6688126186989444,0.6439844509232264,0.6759185252219884
Pima,ACP-Gini,42,1,0.2,0.7532467532467533,0.7156462585034014,0.7858333333333334,73.0,6.0,0.0,0.17762270388347884,0.0,0.17181225526701624,0.9151166180758019,0.6726645090427408,0.15870315609498722,0.18900330207862778,0.16914138149474575,0.18169649734375487,0.98,0.9151166180758019,0.6726645090427408,0.647648202137998,0.6675563448218336
Pima,ACP-Gini (nested),42,1,0.2,0.7532467532467533,0.7156462585034014,0.7858333333333334,73.0,6.0,0.0,0.17762270388347884,0.0,0.17181225526701624,0.9151166180758019,0.6726645090427408,0.15870315609498722,0.18900330207862778,0.16914138149474575,0.18169649734375487,0.98,0.9151166180758019,0.6726645090427408,0.647648202137998,0.6675563448218336
Pima,Cluster+CART,42,1,,0.7532467532467533,0.7186538461538461,0.7899074074074075,73.0,6.0,0.0,0.1784234100150092,0.0,0.17618760401092204,0.9313265306122449,0.6465111758989311,0.15870315609498722,0.18614254162931693,0.1694862889005681,0.18346009948238895,0.98,0.9313265306122449,0.6465111758989311,0.6280563654033042,0.6678365052591715
Pima,RandomForest (reference),42,1,,0.7987012987012987,0.7640721522115147,0.8662962962962962,,,,,,,,,,,,,,,,,
Pima,CART,42,2,,0.7532467532467533,0.7156462585034014,0.7656481481481483,77.0,6.0,0.0,0.16221547461299657,0.0,0.16591520413147598,0.9363556851311955,0.7654004436154761,0.17165678897092665,0.1736252473388351,0.16933361579911532,0.17549027975338005,0.96,0.9363556851311955,0.7654004436154761,0.7233041788143829,0.6687741294520149
Pima,VIF+CART,42,2,,0.7532467532467533,0.7156462585034014,0.7656481481481483,77.0,6.0,0.0,0.16221547461299657,0.0,0.16591520413147598,0.9363556851311955,0.7654004436154761,0.17165678897092665,0.1736252473388351,0.16933361579911532,0.17549027975338005,0.96,0.9363556851311955,0.7654004436154761,0.7233041788143829,0.6687741294520149
Pima,RRF-style,42,2,,0.7532467532467533,0.7156462585034014,0.7670370370370372,77.0,6.0,0.0,0.16212174118918957,0.0,0.1652355559542527,0.878586005830904,0.7626822728544925,0.17165678897092665,0.17367702867338616,0.16797844800725456,0.17446631135487803,0.96,0.878586005830904,0.7626822728544925,0.735860058309038,0.6650396895571123
Pima,ACP-Gini,42,2,0.2,0.7532467532467533,0.7156462585034014,0.7780555555555555,77.0,6.0,0.0,0.16075613230307023,0.0,0.16267235214749454,0.8938969873663752,0.7804516052915991,0.17165678897092665,0.17308673556280263,0.16850977077222024,0.17408477488364674,0.96,0.8938969873663752,0.7804516052915991,0.7462001943634596,0.6636501279647563
Pima,ACP-Gini (nested),42,2,0.4,0.7532467532467533,0.7156462585034014,0.7712037037037037,75.0,6.0,0.0,0.1598164235194696,0.0,0.1596152861235146,0.895860058309038,0.7529135626742541,0.17165678897092665,0.16949204658467093,0.1695719055631448,0.173074632725698,0.96,0.895860058309038,0.7529135626742541,0.7236151603498543,0.6670543026748605
Pima,Cluster+CART,42,2,,0.7532467532467533,0.7156462585034014,0.7656481481481483,77.0,6.0,0.0,0.16221547461299657,0.0,0.16591520413147598,0.9363556851311955,0.7654004436154761,0.17165678897092665,0.1736252473388351,0.16933361579911532,0.17549027975338005,0.96,0.9363556851311955,0.7654004436154761,0.7233041788143829,0.6687741294520149
Pima,RandomForest (reference),42,2,,0.7597402597402597,0.7114498404820986,0.8205555555555556,,,,,,,,,,,,,,,,,
Pima,CART,42,3,,0.7124183006535948,0.6621838619028503,0.7520754716981132,69.0,6.0,0.0,0.16317466028141772,0.0,0.16817464950042407,0.889139941690962,0.6966718628104924,0.17165678897092665,0.19022367285185668,0.16968251745374704,0.17751030595005698,1.0,0.889139941690962,0.6966718628104924,0.6695043731778425,0.6600929052364858
Pima,VIF+CART,42,3,,0.7124183006535948,0.6621838619028503,0.7520754716981132,69.0,6.0,0.0,0.16317466028141772,0.0,0.16817464950042407,0.889139941690962,0.6966718628104924,0.17165678897092665,0.19022367285185668,0.16968251745374704,0.17751030595005698,1.0,0.889139941690962,0.6966718628104924,0.6695043731778425,0.6600929052364858
Pima,RRF-style,42,3,,0.7058823529411765,0.6524307133121308,0.7664150943396226,67.0,6.0,0.0,0.16169502034735575,0.0,0.16772209041426384,0.8662682215743441,0.6821242754385523,0.15870315609498722,0.1845754720975002,0.1690658433737393,0.1779619400369579,1.0,0.8662682215743441,0.6821242754385523,0.6691448007774539,0.6680228961822109
Pima,ACP-Gini,42,3,0.2,0.7189542483660131,0.6717884759291595,0.7631132075471698,69.0,6.0,0.0,0.160647076638555,0.0,0.16482494918932233,0.8692419825072886,0.7341013471531437,0.17165678897092665,0.1867846064725957,0.1697738023679657,0.1759125736759812,1.0,0.8692419825072886,0.7341013471531437,0.6946258503401361,0.6587785555214165
Pima,ACP-Gini (nested),42,3,1.0,0.6862745098039216,0.6397174254317112,0.7466037735849056,69.0,6.0,0.0,0.15572755760825174,0.0,0.15072461408215912,0.8240038872691934,0.7469397390706269,0.15870315609498722,0.18983668297498274,0.16525056377362093,0.16982274745447323,1.0,0.8240038872691934,0.7469397390706269,0.6877842565597668,0.6407276491726807
Pima,Cluster+CART,42,3,,0.7124183006535948,0.6621838619028503,0.7520754716981132,69.0,6.0,0.0,0.16317466028141772,0.0,0.16817464950042407,0.889139941690962,0.6966718628104924,0.17165678897092665,0.19022367285185668,0.16968251745374704,0.17751030595005698,1.0,0.889139941690962,0.6966718628104924,0.6695043731778425,0.6600929052364858
Pima,RandomForest (reference),42,3,,0.738562091503268,0.6964285714285714,0.8141509433962264,,,,,,,,,,,,,,,,,
Pima,CART,42,4,,0.7124183006535948,0.6732038834951457,0.6789622641509434,65.0,6.0,0.0,0.168061588947313,0.0,0.16901849161877455,0.9165451895043734,0.7597469138338091,0.1739817346301192,0.18467978983908417,0.17036683515151893,0.18314565316922782,0.98,0.9165451895043734,0.7597469138338091,0.6829057337220603,0.654068894736232
Pima,VIF+CART,42,4,,0.7124183006535948,0.6732038834951457,0.6789622641509434,65.0,6.0,0.0,0.168061588947313,0.0,0.16901849161877455,0.9165451895043734,0.7597469138338091,0.1739817346301192,0.18467978983908417,0.17036683515151893,0.18314565316922782,0.98,0.9165451895043734,0.7597469138338091,0.6829057337220603,0.654068894736232
Pima,RRF-style,42,4,,0.6993464052287581,0.6468285828984344,0.708679245283019,67.0,6.0,0.0,0.1637038034814143,0.0,0.168645514198629,0.8273032069970846,0.7756872956693752,0.17165678897092665,0.18817105131702985,0.1678987411107987,0.18226682709220784,0.98,0.8273032069970846,0.7756872956693752,0.6946452866861029,0.6650447416499154
Pima,ACP-Gini,42,4,0.2,0.6928104575163399,0.6276601253041992,0.6861320754716982,61.0,6.0,0.0,0.15118415800913634,0.0,0.16570498920511775,0.8620699708454812,0.7721421262062975,0.17165678897092665,0.18439553593896296,0.1698810397827146,0.18106581984371883,0.98,0.8620699708454812,0.7721421262062975,0.6921963070942663,0.6656893779195022
Pima,ACP-Gini (nested),42,4,0.2,0.6928104575163399,0.6276601253041992,0.6861320754716982,61.0,6.0,0.0,0.15118415800913634,0.0,0.16570498920511775,0.8620699708454812,0.7721421262062975,0.17165678897092665,0.18439553593896296,0.1698810397827146,0.18106581984371883,0.98,0.8620699708454812,0.7721421262062975,0.6921963070942663,0.6656893779195022
Pima,Cluster+CART,42,4,,0.7124183006535948,0.6732038834951457,0.6789622641509434,65.0,6.0,0.0,0.168061588947313,0.0,0.16901849161877455,0.9165451895043734,0.7597469138338091,0.1739817346301192,0.18467978983908417,0.17036683515151893,0.18314565316922782,0.98,0.9165451895043734,0.7597469138338091,0.6829057337220603,0.654068894736232
Pima,RandomForest (reference),42,4,,0.738562091503268,0.7113207547169811,0.8077358490566038,,,,,,,,,,,,,,,,,
Pima,CART,43,0,,0.7337662337662337,0.66190093708166,0.7828703703703703,69.0,6.0,0.0,0.16820794663273983,0.0,0.167701664103908,0.9039795918367347,0.6998056365403306,0.17165678897092665,0.18538471465471137,0.16820667168968273,0.18099173412578287,1.0,0.9039795918367347,0.6998056365403306,0.6661807580174928,0.6510811083845482
Pima,VIF+CART,43,0,,0.7337662337662337,0.66190093708166,0.7828703703703703,69.0,6.0,0.0,0.16820794663273983,0.0,0.167701664103908,0.9039795918367347,0.6998056365403306,0.17165678897092665,0.18538471465471137,0.16820667168968273,0.18099173412578287,1.0,0.9039795918367347,0.6998056365403306,0.6661807580174928,0.6510811083845482
Pima,RRF-style,43,0,,0.7532467532467533,0.6977272727272728,0.7653703703703704,69.0,6.0,0.0,0.16028361192667626,0.0,0.1677422466892165,0.8529154518950438,0.7062165450752439,0.15912327949627167,0.17932810069589347,0.1667339419446742,0.1803148608650866,1.0,0.8529154518950438,0.7062165450752439,0.6531389698736637,0.653691133643986
Pima,ACP-Gini,43,0,0.2,0.7337662337662337,0.66190093708166,0.7811111111111111,71.0,6.0,0.0,0.16465574022383844,0.0,0.16469562662573978,0.9001749271137027,0.7135571320905554,0.16431854657258682,0.18497234784614627,0.1683469373911216,0.17988838064697707,1.0,0.9001749271137027,0.7135571320905554,0.6898639455782313,0.6568980688811168
Pima,ACP-Gini (nested),43,0,0.6,0.7792207792207793,0.7331294597349644,0.7761111111111111,69.0,6.0,0.0,0.15791158130944316,0.0,0.1581112867783135,0.8710689990281827,0.6964115805686265,0.15912327949627167,0.17729659861654934,0.1678717296354401,0.1773776795245111,1.0,0.8710689990281827,0.6964115805686265,0.6592905733722061,0.6603069861825215
Pima,Cluster+CART,43,0,,0.7337662337662337,0.66190093708166,0.7828703703703703,69.0,6.0,0.0,0.16820794663273983,0.0,0.167701664103908,0.9039795918367347,0.6998056365403306,0.17165678897092665,0.18538471465471137,0.16820667168968273,0.18099173412578287,1.0,0.9039795918367347,0.6998056365403306,0.6661807580174928,0.6510811083845482
Pima,RandomForest (reference),43,0,,0.7727272727272727,0.7234621107177672,0.8403703703703704,,,,,,,,,,,,,,,,,
Pima,CART,43,1,,0.7012987012987013,0.6594230769230769,0.7814814814814814,73.0,6.0,0.0,0.15938104898841968,0.0,0.16473485985203154,0.9262390670553936,0.6960722255601902,0.17165678897092665,0.1791310262094014,0.1694279975153772,0.1801773658060339,1.0,0.9262390670553936,0.6960722255601902,0.6551603498542274,0.6484613279165707
Pima,VIF+CART,43,1,,0.7012987012987013,0.6594230769230769,0.7814814814814814,73.0,6.0,0.0,0.15938104898841968,0.0,0.16473485985203154,0.9262390670553936,0.6960722255601902,0.17165678897092665,0.1791310262094014,0.1694279975153772,0.1801773658060339,1.0,0.9262390670553936,0.6960722255601902,0.6551603498542274,0.6484613279165707
Pima,RRF-style,43,1,,0.7012987012987013,0.6594230769230769,0.7781481481481483,73.0,6.0,0.0,0.15931488421867354,0.0,0.16427025100140916,0.821622934888241,0.7102468935231961,0.17165678897092665,0.17924322063236983,0.16779570224278892,0.1798352166435106,1.0,0.821622934888241,0.7102468935231961,0.6667832847424684,0.6570380846117385
Pima,ACP-Gini,43,1,0.2,0.7012987012987013,0.6594230769230769,0.7888888888888889,73.0,6.0,0.0,0.1581097345684386,0.0,0.1618292648753111,0.8925218658892129,0.7216543070285277,0.17165678897092665,0.17900227650311892,0.1689066172138302,0.1798212355009193,1.0,0.8925218658892129,0.7216543070285277,0.6639844509232264,0.6572315866660978
Pima,ACP-Gini (nested),43,1,0.8,0.6818181818181818,0.6226056514128533,0.7516666666666667,75.0,6.0,0.0,0.1444193101783806,0.0,0.15457727720525916,0.8312342079689019,0.731192656308799,0.15573784877759472,0.17648985086597993,0.16802198003684096,0.17625803400509413,1.0,0.8312342079689019,0.731192656308799,0.6765014577259476,0.6537780145781791
Pima,Cluster+CART,43,1,,0.7012987012987013,0.6594230769230769,0.7814814814814814,73.0,6.0,0.0,0.15938104898841968,0.0,0.16473485985203154,0.9262390670553936,0.6960722255601902,0.17165678897092665,0.1791310262094014,0.1694279975153772,0.1801773658060339,1.0,0.9262390670553936,0.6960722255601902,0.6551603498542274,0.6484613279165707
Pima,RandomForest (reference),43,1,,0.7922077922077922,0.7578616352201257,0.872037037037037,,,,,,,,,,,,,,,,,
Pima,CART,43,2,,0.7272727272727273,0.6979263964132263,0.7511111111111112,65.0,6.0,0.0,0.1679064768578012,0.0,0.17416233916216659,0.9434110787172013,0.7295380526968004,0.17165678897092665,0.17799203747380643,0.17127781391003494,0.1820251319262947,0.98,0.9434110787172013,0.7295380526968004,0.6852380952380953,0.6893440676478579
Pima,VIF+CART,43,2,,0.7272727272727273,0.6979263964132263,0.7511111111111112,65.0,6.0,0.0,0.1679064768578012,0.0,0.17416233916216659,0.9434110787172013,0.7295380526968004,0.17165678897092665,0.17799203747380643,0.17127781391003494,0.1820251319262947,0.98,0.9434110787172013,0.7295380526968004,0.6852380952380953,0.6893440676478579
Pima,RRF-style,43,2,,0.7142857142857143,0.6957614942528736,0.739074074074074,65.0,6.0,0.0,0.16635680901926722,0.0,0.17352025095189327,0.8745821185617105,0.7455650864039303,0.17165678897092665,0.17673122270630706,0.17091405417891525,0.18107033701829792,0.98,0.8745821185617105,0.7455650864039303,0.7000485908649174,0.6857209965374226
Pima,ACP-Gini,43,2,0.2,0.7142857142857143,0.6957614942528736,0.7379629629629629,65.0,6.0,0.0,0.16635680901926722,0.0,0.1710748675264768,0.8842857142857142,0.7484178892361691,0.17165678897092665,0.17642965429022142,0.16988374716301763,0.179690971016228,0.98,0.8842857142857142,0.7484178892361691,0.6875996112730807,0.6743964770522844
Pima,ACP-Gini (nested),43,2,0.8,0.7207792207792207,0.7016445145302996,0.7396296296296296,67.0,6.0,0.0,0.16159747420605772,0.0,0.16338895542788726,0.849997084548105,0.7649348853129128,0.17165678897092665,0.17653942597192462,0.16790899993158448,0.17470418307904342,0.98,0.849997084548105,0.7649348853129128,0.6949484936831876,0.6617619676055122
Pima,Cluster+CART,43,2,,0.7272727272727273,0.6979263964132263,0.7511111111111112,65.0,6.0,0.0,0.1679064768578012,0.0,0.17416233916216659,0.9434110787172013,0.7295380526968004,0.17165678897092665,0.17799203747380643,0.17127781391003494,0.1820251319262947,0.98,0.9434110787172013,0.7295380526968004,0.6852380952380953,0.6893440676478579
Pima,RandomForest (reference),43,2,,0.7792207792207793,0.745578231292517,0.8307407407407408,,,,,,,,,,,,,,,,,
Pima,CART,43,3,,0.7843137254901961,0.7536231884057971,0.830754716981132,71.0,6.0,0.0,0.17592541729569028,0.0,0.17255661173361603,0.9348396501457727,0.7296826581077065,0.17165678897092665,0.19278330299977994,0.1696600876610625,0.1826182000666045,1.0,0.9348396501457727,0.7296826581077065,0.6941010689990282,0.6644645132844637
Pima,VIF+CART,43,3,,0.7843137254901961,0.7536231884057971,0.830754716981132,71.0,6.0,0.0,0.17592541729569028,0.0,0.17255661173361603,0.9348396501457727,0.7296826581077065,0.17165678897092665,0.19278330299977994,0.1696600876610625,0.1826182000666045,1.0,0.9348396501457727,0.7296826581077065,0.6941010689990282,0.6644645132844637
Pima,RRF-style,43,3,,0.7843137254901961,0.7536231884057971,0.830754716981132,71.0,6.0,0.0,0.17592541729569028,0.0,0.17241635396849844,0.8661661807580174,0.7184233748733085,0.17165678897092665,0.19278330299977994,0.16895205343838185,0.18287082833366064,1.0,0.8661661807580174,0.7184233748733085,0.6750631681243926,0.667994418550961
Pima,ACP-Gini,43,3,0.2,0.7777777777777778,0.7474757281553398,0.8102830188679246,69.0,6.0,0.0,0.17501691266520877,0.0,0.16757284209113757,0.9054081632653062,0.7411283311650408,0.17165678897092665,0.19511633398019815,0.16892741683037157,0.18096860480975213,1.0,0.9054081632653062,0.7411283311650408,0.6964431486880467,0.6637314433793038
Pima,ACP-Gini (nested),43,3,0.2,0.7777777777777778,0.7474757281553398,0.8102830188679246,69.0,6.0,0.0,0.17501691266520877,0.0,0.16757284209113757,0.9054081632653062,0.7411283311650408,0.17165678897092665,0.19511633398019815,0.16892741683037157,0.18096860480975213,1.0,0.9054081632653062,0.7411283311650408,0.6964431486880467,0.6637314433793038
Pima,Cluster+CART,43,3,,0.7843137254901961,0.7536231884057971,0.830754716981132,71.0,6.0,0.0,0.17592541729569028,0.0,0.17255661173361603,0.9348396501457727,0.7296826581077065,0.17165678897092665,0.19278330299977994,0.1696600876610625,0.1826182000666045,1.0,0.9348396501457727,0.7296826581077065,0.6941010689990282,0.6644645132844637
Pima,RandomForest (reference),43,3,,0.7908496732026143,0.7623300970873786,0.819622641509434,,,,,,,,,,,,,,,,,
Pima,CART,43,4,,0.7450980392156863,0.7118087418497947,0.7764150943396226,73.0,6.0,0.0,0.18102432727014822,0.0,0.1657965714573524,0.9225072886297375,0.6664766531032141,0.17165678897092665,0.18701946457119026,0.16827326823203145,0.17424640345601625,1.0,0.9225072886297375,0.6664766531032141,0.6754713313896987,0.6648771223679862
Pima,VIF+CART,43,4,,0.7450980392156863,0.7118087418497947,0.7764150943396226,73.0,6.0,0.0,0.18102432727014822,0.0,0.1657965714573524,0.9225072886297375,0.6664766531032141,0.17165678897092665,0.18701946457119026,0.16827326823203145,0.17424640345601625,1.0,0.9225072886297375,0.6664766531032141,0.6754713313896987,0.6648771223679862
Pima,RRF-style,43,4,,0.7450980392156863,0.7118087418497947,0.7850943396226415,73.0,6.0,0.0,0.18098905297043735,0.0,0.1674670207539333,0.8821574344023325,0.6627527862366038,0.17165678897092665,0.1870602132061906,0.16733963475776037,0.17494434946797793,1.0,0.8821574344023325,0.6627527862366038,0.6687657920310981,0.6667442373020444
Pima,ACP-Gini,43,4,0.2,0.7450980392156863,0.70566763675825,0.7747169811320755,73.0,6.0,0.0,0.17140402423246714,0.0,0.1618161545917137,0.9202040816326531,0.7052672497570458,0.17165678897092665,0.18565257590562742,0.16793533734472674,0.17330510111246347,1.0,0.9202040816326531,0.7052672497570458,0.6881632653061226,0.6542683141166098
Pima,ACP-Gini (nested),43,4,1.0,0.7450980392156863,0.7118087418497947,0.7165094339622642,73.0,6.0,0.0,0.15820263452977737,0.0,0.148460608263002,0.8853206997084548,0.7324847053097587,0.15573784877759472,0.17605484837409724,0.16693340405616547,0.1657949268982965,1.0,0.8853206997084548,0.7324847053097587,0.6799708454810496,0.6487356868802903
Pima,Cluster+CART,43,4,,0.7450980392156863,0.7118087418497947,0.7764150943396226,73.0,6.0,0.0,0.18102432727014822,0.0,0.1657965714573524,0.9225072886297375,0.6664766531032141,0.17165678897092665,0.18701946457119026,0.16827326823203145,0.17424640345601625,1.0,0.9225072886297375,0.6664766531032141,0.6754713313896987,0.6648771223679862
Pima,RandomForest (reference),43,4,,0.7320261437908496,0.6833257610177192,0.8154716981132075,,,,,,,,,,,,,,,,,
Pima,CART,44,0,,0.7142857142857143,0.6806184012066365,0.7264814814814815,73.0,6.0,0.0,0.16183131182702215,0.0,0.17355076350006382,0.9299271137026238,0.6407630395812818,0.17165678897092665,0.18250837878399478,0.16978654536384666,0.18202646198588696,1.0,0.9299271137026238,0.6407630395812818,0.6468318756073859,0.6553172563410957
Pima,VIF+CART,44,0,,0.7142857142857143,0.6806184012066365,0.7264814814814815,73.0,6.0,0.0,0.16183131182702215,0.0,0.17355076350006382,0.9299271137026238,0.6407630395812818,0.17165678897092665,0.18250837878399478,0.16978654536384666,0.18202646198588696,1.0,0.9299271137026238,0.6407630395812818,0.6468318756073859,0.6553172563410957
Pima,RRF-style,44,0,,0.7142857142857143,0.6806184012066365,0.7264814814814815,73.0,6.0,0.0,0.16183131182702215,0.0,0.17435342392701528,0.8566763848396503,0.665518377493169,0.17165678897092665,0.18250837878399478,0.1691680959934378,0.18187160410534425,1.0,0.8566763848396503,0.665518377493169,0.6467638483965014,0.6591541874973567
Pima,ACP-Gini,44,0,0.2,0.7142857142857143,0.6806184012066365,0.7491666666666666,73.0,6.0,0.0,0.15759029792431664,0.0,0.16834898683240637,0.9069679300291544,0.6359249548454359,0.17165678897092665,0.18082611498741277,0.16923211650194375,0.1794322696316054,1.0,0.9069679300291544,0.6359249548454359,0.6291350826044704,0.6554456253274202
Pima,ACP-Gini (nested),44,0,0.4,0.7142857142857143,0.6806184012066365,0.7491666666666666,73.0,6.0,0.0,0.15759029792431664,0.0,0.1652482221337386,0.9098833819241983,0.641997668565897,0.17165678897092665,0.18082611498741277,0.16995988539832677,0.1788491407055654,1.0,0.9098833819241983,0.641997668565897,0.647240038872692,0.6536765206521007
Pima,Cluster+CART,44,0,,0.7142857142857143,0.6806184012066365,0.7264814814814815,73.0,6.0,0.0,0.16183131182702215,0.0,0.17355076350006382,0.9299271137026238,0.6407630395812818,0.17165678897092665,0.18250837878399478,0.16978654536384666,0.18202646198588696,1.0,0.9299271137026238,0.6407630395812818,0.6468318756073859,0.6553172563410957
Pima,RandomForest (reference),44,0,,0.7792207792207793,0.7508090614886731,0.8085185185185186,,,,,,,,,,,,,,,,,
Pima,CART,44,1,,0.7272727272727273,0.6890384615384615,0.7948148148148148,67.0,6.0,0.0,0.16438091266908983,0.0,0.15839161317848807,0.9040962099125366,0.7367261446359723,0.15870315609498722,0.1727667270307922,0.16888832199354234,0.17038039894850873,0.98,0.9040962099125366,0.7367261446359723,0.7364528668610302,0.6629557429258159
Pima,VIF+CART,44,1,,0.7272727272727273,0.6890384615384615,0.7948148148148148,67.0,6.0,0.0,0.16438091266908983,0.0,0.15839161317848807,0.9040962099125366,0.7367261446359723,0.15870315609498722,0.1727667270307922,0.16888832199354234,0.17038039894850873,0.98,0.9040962099125366,0.7367261446359723,0.7364528668610302,0.6629557429258159
Pima,RRF-style,44,1,,0.7272727272727273,0.6890384615384615,0.8141666666666667,67.0,6.0,0.0,0.16946071697584117,0.0,0.15882716479065406,0.8432701652089406,0.7436989874254099,0.15870315609498722,0.17315214490666234,0.16813139732306331,0.16993389898395506,0.98,0.8432701652089406,0.7436989874254099,0.7317395529640428,0.6689588858277576
Pima,ACP-Gini,44,1,0.2,0.7272727272727273,0.6890384615384615,0.7948148148148148,67.0,6.0,0.0,0.16438091266908983,0.0,0.1557493329196064,0.8799562682215742,0.7341516126346522,0.15870315609498722,0.1727667270307922,0.16899529709477218,0.1690213714796331,0.98,0.8799562682215742,0.7341516126346522,0.7125850340136055,0.6570923373508692
Pima,ACP-Gini (nested),44,1,0.8,0.7142857142857143,0.6775176089853416,0.7965740740740741,69.0,6.0,0.0,0.16633686832501252,0.0,0.145999412507648,0.8346209912536443,0.7467235846458784,0.15870315609498722,0.1726953165196981,0.16652081139717217,0.16632832145942042,0.98,0.8346209912536443,0.7467235846458784,0.7005636540330418,0.6470397479713677
Pima,Cluster+CART,44,1,,0.7272727272727273,0.6890384615384615,0.7948148148148148,67.0,6.0,0.0,0.16438091266908983,0.0,0.15839161317848807,0.9040962099125366,0.7367261446359723,0.15870315609498722,0.1727667270307922,0.16888832199354234,0.17038039894850873,0.98,0.9040962099125366,0.7367261446359723,0.7364528668610302,0.6629557429258159
Pima,RandomForest (reference),44,1,,0.7597402597402597,0.7150287571892973,0.835,,,,,,,,,,,,,,,,,
Pima,CART,44,2,,0.7857142857142857,0.7569235184388003,0.8314814814814815,79.0,6.0,0.0,0.16659889441081,0.0,0.1687021449648106,0.9706122448979592,0.6758794946550051,0.17165678897092665,0.18311912330490182,0.1711754478188786,0.18304901783266753,0.98,0.9706122448979592,0.6758794946550051,0.6346064139941691,0.6648499709454908
Pima,VIF+CART,44,2,,0.7857142857142857,0.7569235184388003,0.8314814814814815,79.0,6.0,0.0,0.16659889441081,0.0,0.1687021449648106,0.9706122448979592,0.6758794946550051,0.17165678897092665,0.18311912330490182,0.1711754478188786,0.18304901783266753,0.98,0.9706122448979592,0.6758794946550051,0.6346064139941691,0.6648499709454908
Pima,RRF-style,44,2,,0.7597402597402597,0.7326765188834155,0.8038888888888889,79.0,6.0,0.0,0.16103528924930982,0.0,0.1688104373021062,0.9047376093294461,0.6856505009489093,0.17165678897092665,0.18250466536857085,0.17054349308886818,0.18293479146320338,0.98,0.9047376093294461,0.6856505009489093,0.6541496598639456,0.668296095302042
Pima,ACP-Gini,44,2,0.2,0.7597402597402597,0.7326765188834155,0.8072222222222223,79.0,6.0,0.0,0.15822504465038717,0.0,0.1650916934171752,0.9428571428571428,0.7208163265306123,0.17165678897092665,0.17961038085683148,0.17133069063513873,0.18140544858608615,0.98,0.9428571428571428,0.7208163265306123,0.6604178814382896,0.6556062098729959
Pima,ACP-Gini (nested),44,2,0.4,0.7662337662337663,0.7410797683541939,0.8109259259259259,79.0,6.0,0.0,0.15683889194411627,0.0,0.1631151975357571,0.9029008746355687,0.7107888639589064,0.17165678897092665,0.1809908963259492,0.1690287631862864,0.17975948545012163,0.98,0.9029008746355687,0.7107888639589064,0.6775413022351798,0.6593095945510115
Pima,Cluster+CART,44,2,,0.7857142857142857,0.7569235184388003,0.8314814814814815,79.0,6.0,0.0,0.16659889441081,0.0,0.1687021449648106,0.9706122448979592,0.6758794946550051,0.17165678897092665,0.18311912330490182,0.1711754478188786,0.18304901783266753,0.98,0.9706122448979592,0.6758794946550051,0.6346064139941691,0.6648499709454908
Pima,RandomForest (reference),44,2,,0.7857142857142857,0.7615763546798029,0.8422222222222222,,,,,,,,,,,,,,,,,
Pima,CART,44,3,,0.6862745098039216,0.6357142857142857,0.7583018867924529,73.0,6.0,0.0,0.17888584411070058,0.0,0.17428030884866982,0.9314285714285714,0.6777797638019519,0.17165678897092665,0.18632475953003474,0.17008631707656385,0.1841529391854076,0.98,0.9314285714285714,0.6777797638019519,0.6297473275024295,0.6605846805655059
Pima,VIF+CART,44,3,,0.6862745098039216,0.6357142857142857,0.7583018867924529,73.0,6.0,0.0,0.17888584411070058,0.0,0.17428030884866982,0.9314285714285714,0.6777797638019519,0.17165678897092665,0.18632475953003474,0.17008631707656385,0.1841529391854076,0.98,0.9314285714285714,0.6777797638019519,0.6297473275024295,0.6605846805655059
Pima,RRF-style,44,3,,0.6862745098039216,0.6357142857142857,0.7583018867924529,73.0,6.0,0.0,0.17888584411070058,0.0,0.1737385862811862,0.8565403304178812,0.6958969958589847,0.17165678897092665,0.18632475953003474,0.17073924463058646,0.18452735581572835,0.98,0.8565403304178812,0.6958969958589847,0.6437706511175899,0.6682538015017424
Pima,ACP-Gini,44,3,0.2,0.6862745098039216,0.6357142857142857,0.7523584905660378,73.0,6.0,0.0,0.1777591945439129,0.0,0.16977083762171627,0.8897084548104958,0.7011695506522746,0.17165678897092665,0.18426359831167238,0.16998050509225046,0.18283846916608465,0.98,0.8897084548104958,0.7011695506522746,0.6379689018464529,0.6590121078830734
Pima,ACP-Gini (nested),44,3,1.0,0.7647058823529411,0.7352941176470589,0.8004716981132076,59.0,6.0,0.0,0.1718128960510877,0.0,0.15350523836788818,0.8406608357628766,0.7269545002775353,0.18023314578029118,0.19647053194801273,0.16636833961431818,0.17457511302869744,0.98,0.8406608357628766,0.7269545002775353,0.6703304178814383,0.6464932816433734
Pima,Cluster+CART,44,3,,0.6862745098039216,0.6357142857142857,0.7583018867924529,73.0,6.0,0.0,0.17888584411070058,0.0,0.17428030884866982,0.9314285714285714,0.6777797638019519,0.17165678897092665,0.18632475953003474,0.17008631707656385,0.1841529391854076,0.98,0.9314285714285714,0.6777797638019519,0.6297473275024295,0.6605846805655059
Pima,RandomForest (reference),44,3,,0.7712418300653595,0.7296683325761018,0.8422641509433962,,,,,,,,,,,,,,,,,
Pima,CART,44,4,,0.7581699346405228,0.7341379796177148,0.8183962264150944,69.0,6.0,0.0,0.16577697824622628,0.0,0.16944101486115584,0.9267930029154517,0.7096085315355047,0.16431854657258682,0.17669118108893142,0.1700863181086487,0.1807915467134346,1.0,0.9267930029154517,0.7096085315355047,0.6637803692905735,0.6753240813804348
Pima,VIF+CART,44,4,,0.7581699346405228,0.7341379796177148,0.8183962264150944,69.0,6.0,0.0,0.16577697824622628,0.0,0.16944101486115584,0.9267930029154517,0.7096085315355047,0.16431854657258682,0.17669118108893142,0.1700863181086487,0.1807915467134346,1.0,0.9267930029154517,0.7096085315355047,0.6637803692905735,0.6753240813804348
Pima,RRF-style,44,4,,0.7581699346405228,0.7341379796177148,0.8270754716981132,69.0,6.0,0.0,0.16432485231499283,0.0,0.16912777056645642,0.8532215743440232,0.6874417540345301,0.16431854657258682,0.17671136163345813,0.16799196411421782,0.18145114645584304,1.0,0.8532215743440232,0.6874417540345301,0.6489601554907677,0.686077093958165
Pima,ACP-Gini,44,4,0.2,0.7581699346405228,0.7341379796177148,0.8270754716981132,69.0,6.0,0.0,0.16432485231499283,0.0,0.16420882392734132,0.903804664723032,0.6944013718193812,0.16431854657258682,0.17671136163345813,0.16932813203707467,0.1790980501789499,1.0,0.903804664723032,0.6944013718193812,0.6740816326530612,0.6798986192083977
Pima,ACP-Gini (nested),44,4,0.2,0.7581699346405228,0.7341379796177148,0.8270754716981132,69.0,6.0,0.0,0.16432485231499283,0.0,0.16420882392734132,0.903804664723032,0.6944013718193812,0.16431854657258682,0.17671136163345813,0.16932813203707467,0.1790980501789499,1.0,0.903804664723032,0.6944013718193812,0.6740816326530612,0.6798986192083977
Pima,Cluster+CART,44,4,,0.7581699346405228,0.7341379796177148,0.8183962264150944,69.0,6.0,0.0,0.16577697824622628,0.0,0.16944101486115584,0.9267930029154517,0.7096085315355047,0.16431854657258682,0.17669118108893142,0.1700863181086487,0.1807915467134346,1.0,0.9267930029154517,0.7096085315355047,0.6637803692905735,0.6753240813804348
Pima,RandomForest (reference),44,4,,0.7777777777777778,0.7389602569249298,0.8424528301886792,,,,,,,,,,,,,,,,,
Diabetes,CART,42,0,,0.6966292134831461,0.6927502876869965,0.7813131313131313,61.0,6.0,0.0,0.3215550046570281,0.06464589235127478,0.3381714088909456,0.8709037900874638,0.6417198612116093,0.28599755772912794,0.3247893301511559,0.3104893123667264,0.3523765989360762,0.54,0.8222465176546809,0.5915028015213113,0.5422643343051506,0.7539282211889581
Diabetes,VIF+CART,42,0,,0.6853932584269663,0.6805128205128206,0.7671717171717172,59.0,6.0,0.0,0.3203795808083007,0.008498583569405098,0.33089506630502663,0.8821865889212829,0.6273381455285787,0.2756761069613713,0.3226594777260531,0.2987909396944811,0.3443000921801729,0.54,0.8393974732750243,0.7558707125323868,0.6199708454810496,0.73065588332509
Diabetes,RRF-style,42,0,,0.6966292134831461,0.6927502876869965,0.7813131313131313,61.0,6.0,0.0,0.3220174721283772,0.05728045325779037,0.3420548960769754,0.8350242954324586,0.6374514762359258,0.28599755772912794,0.3253809976778935,0.31670533401902495,0.3519561633768696,0.54,0.7674936831875606,0.6015404511502744,0.535986394557823,0.7575553170942697
Diabetes,ACP-Gini,42,0,0.4,0.7078651685393258,0.7075328614762386,0.7873737373737374,61.0,6.0,0.0,0.3069816128316732,0.006855524079320113,0.32221927150197366,0.8499271137026239,0.6161998458750986,0.2756761069613713,0.3303326264472549,0.29813321016062216,0.34022115557579874,0.54,0.8090881114350502,0.6316315367838502,0.5642371234207969,0.7478526700414239
Diabetes,ACP-Gini (nested),42,0,0.2,0.6629213483146067,0.659438775510204,0.7679292929292929,59.0,6.0,0.141643059490085,0.3342771392016249,0.028895184135977338,0.33107415541046026,0.8522157434402333,0.6495240308691529,0.28599755772912794,0.3270613137378559,0.3056649408292277,0.34658243972231945,0.54,0.8068642695173307,0.6174339381913204,0.5552283770651117,0.7550715311375751
Diabetes,Cluster+CART,42,0,,0.6629213483146067,0.6608231707317074,0.7494949494949494,59.0,6.0,0.0,0.3407697913525385,0.0,0.34379900496915705,0.8396501457725948,0.6093258643762844,0.28864766725926067,0.35077046043434923,0.3018221742098298,0.3551041476284691,0.54,0.7086812439261417,0.6139962278587845,0.5626239067055393,0.7535073807033293
Diabetes,RandomForest (reference),42,0,,0.7528089887640449,0.7525278058645096,0.845959595959596,,,,,,,,,,,,,,,,,
Diabetes,CART,42,1,,0.7191011235955056,0.7189592017178223,0.7608585858585859,65.0,6.0,0.0,0.3256711004668434,0.08164305949008499,0.33695350086694703,0.8981341107871721,0.45686933010414316,0.28599755772912794,0.3221436036861644,0.30914050237061713,0.3439982729180064,0.64,0.8397845804988664,0.4882140052912328,0.5043116294136702,0.7388975677941334
Diabetes,VIF+CART,42,1,,0.7303370786516854,0.7300303336703741,0.7886363636363636,67.0,6.0,0.0,0.3253366676169371,0.03439093484419264,0.33256973246991584,0.9183381924198252,0.4717521546395628,0.2756761069613713,0.31850143202499726,0.301129842043572,0.3348891618131973,0.64,0.8632345319080014,0.653811999810327,0.5810009718172984,0.7132263543732492
Diabetes,RRF-style,42,1,,0.7415730337078652,0.7410499683744465,0.8032828282828283,65.0,6.0,0.0,0.32431991885638245,0.05881019830028329,0.33897845891020667,0.8469533527696793,0.47397932468016746,0.28599755772912794,0.3210810914170548,0.3088985067314697,0.34497299771200984,0.64,0.7696086815678652,0.4972387424696631,0.5109459021703919,0.7450035332017019
Diabetes,ACP-Gini,42,1,0.4,0.7191011235955056,0.7178186429930247,0.7909090909090909,67.0,6.0,0.0,0.31230456488281194,0.020226628895184135,0.3228607013023331,0.8866326530612245,0.45304992124921356,0.2756761069613713,0.32747799497131425,0.29518773744694143,0.33322517980567723,0.64,0.8278198898607062,0.5011485848854659,0.5113443472627145,0.739956052082532
Diabetes,ACP-Gini (nested),42,1,0.2,0.7078651685393258,0.7075328614762386,0.776010101010101,69.0,6.0,0.0,0.31469369273327114,0.03592067988668555,0.32756088135004047,0.9043877551020408,0.4629381689273904,0.2756761069613713,0.3187406571463056,0.3011359528547224,0.3369335418157644,0.64,0.8325413022351799,0.5065257228741203,0.5197084548104955,0.7346482147166481
Diabetes,Cluster+CART,42,1,,0.6853932584269663,0.6843971631205674,0.7439393939393939,59.0,6.0,0.0,0.31472825734737075,0.0,0.3442862431479957,0.921715257531584,0.5445432740114322,0.28864766725926067,0.3381950588988507,0.3089230057513406,0.3504342694242873,0.64,0.7251130547457079,0.5375871861575728,0.5577421444768383,0.744595739760358
Diabetes,RandomForest (reference),42,1,,0.797752808988764,0.7977272727272727,0.8732323232323232,,,,,,,,,,,,,,,,,
Diabetes,CART,42,2,,0.6363636363636364,0.6356107660455487,0.7200413223140496,63.0,6.0,0.0,0.33121710267179927,0.08898305084745763,0.34955394754513064,0.8891933916423713,0.5723937482352189,0.28599755772912794,0.3482243803997849,0.3078917359508745,0.35576293714521184,0.82,0.8172944606413994,0.5499442280128152,0.5314123744735989,0.7462326918159378
Diabetes,VIF+CART,42,2,,0.6477272727272727,0.6465863453815262,0.7045454545454546,65.0,6.0,0.0,0.3183222539685108,0.00785310734463277,0.3418522684752853,0.8993294460641399,0.5780112560921877,0.2756761069613713,0.33260435765351065,0.2997771419688271,0.34653274718899957,0.82,0.8425461613216716,0.6877167279863233,0.5946452866861031,0.7262920945124668
Diabetes,RRF-style,42,2,,0.6590909090909091,0.6583850931677019,0.7208161157024794,63.0,6.0,0.0,0.3365859334720447,0.06389830508474575,0.3506171951340811,0.8488678328474246,0.5684276028217718,0.2756761069613713,0.34704196789529423,0.30762492189516083,0.3575325954847743,0.82,0.7306022027858762,0.5339649834016483,0.5210301263362488,0.745321810403473
Diabetes,ACP-Gini,42,2,0.4,0.6477272727272727,0.6465863453815262,0.7156508264462811,61.0,6.0,0.0,0.30505274763445217,0.015367231638418079,0.3318147695562943,0.9006559766763848,0.5396796552259304,0.257190010971659,0.34709251000335495,0.29631745801993054,0.34694981728272933,0.82,0.8243968253968254,0.5351244170905889,0.5186005830903789,0.7440976144664746
Diabetes,ACP-Gini (nested),42,2,0.4,0.6477272727272727,0.6465863453815262,0.7156508264462811,61.0,6.0,0.0,0.30505274763445217,0.015367231638418079,0.3318147695562943,0.9006559766763848,0.5396796552259304,0.257190010971659,0.34709251000335495,0.29631745801993054,0.34694981728272933,0.82,0.8243968253968254,0.5351244170905889,0.5186005830903789,0.7440976144664746
Diabetes,Cluster+CART,42,2,,0.6477272727272727,0.647317388493859,0.7014462809917356,69.0,6.0,0.0,0.3467939440481062,0.0,0.35156701629742826,0.8840136054421769,0.5861415469747269,0.3159390010214399,0.36246502259247515,0.3060280004637739,0.3585430508738896,0.82,0.711980563654033,0.5549533848943693,0.5462649821833495,0.7507252472429666
Diabetes,RandomForest (reference),42,2,,0.7272727272727273,0.7267080745341614,0.7897727272727272,,,,,,,,,,,,,,,,,
Diabetes,CART,42,3,,0.6931818181818182,0.6928248222365869,0.7120351239669422,61.0,6.0,0.0423728813559322,0.34251293790575066,0.08468926553672317,0.33623713555918494,0.906997084548105,0.5793487241206634,0.28599755772912794,0.358509171875924,0.30483055000523335,0.35432237429083285,0.86,0.8427891156462584,0.6081718296770191,0.557405247813411,0.7319524805044318
Diabetes,VIF+CART,42,3,,0.7386363636363636,0.7383322559793148,0.7350206611570249,63.0,6.0,0.0,0.33506459918779724,0.020338983050847456,0.3305308155049938,0.917390670553936,0.5755826337697789,0.2756761069613713,0.3501587674861292,0.2975950266031396,0.3459478847988825,0.86,0.8694023323615162,0.735716632131388,0.6554518950437318,0.7049255480595399
Diabetes,RRF-style,42,3,,0.7045454545454546,0.7043927648578812,0.7143595041322315,61.0,6.0,0.0,0.338713061473436,0.06389830508474575,0.34026913254937435,0.8633041788143829,0.590886757320609,0.28599755772912794,0.35259810346862375,0.3119577455790276,0.3563735176221372,0.86,0.7672504049238742,0.6011057971609309,0.5738937479753806,0.742354950097427
Diabetes,ACP-Gini,42,3,0.4,0.7045454545454546,0.7043927648578812,0.7143595041322315,61.0,6.0,0.0,0.32981699430185657,0.0272316384180791,0.32110826478662696,0.8989795918367347,0.5059475218658893,0.28599755772912794,0.34960787297487106,0.2953247636438381,0.34245505024107514,0.86,0.8475351473922903,0.5930146424125351,0.5463168124392613,0.73238997397888
Diabetes,ACP-Gini (nested),42,3,1.0,0.6590909090909091,0.6502384737678856,0.7355371900826446,63.0,6.0,0.0,0.32562298107389526,0.0,0.3007940953583717,0.8262050534499514,0.47366681905360214,0.28599755772912794,0.32301644019366627,0.28033063852961,0.3278578154990271,0.86,0.7662244897959184,0.5726903790750655,0.5729381276320051,0.7212601949469718
Diabetes,Cluster+CART,42,3,,0.75,0.7488323819408407,0.7577479338842975,63.0,6.0,0.0,0.3329807893057576,0.0,0.34339044631978743,0.8852769679300292,0.5769245831455093,0.27858847916840546,0.3425586036124097,0.2970294781338762,0.35746727082773494,0.86,0.7154444444444444,0.561036577927515,0.5782993197278912,0.732920034979393
Diabetes,RandomForest (reference),42,3,,0.6818181818181818,0.6818181818181818,0.756198347107438,,,,,,,,,,,,,,,,,
Diabetes,CART,42,4,,0.6931818181818182,0.6928248222365869,0.7590392561983471,51.0,6.0,0.03954802259887006,0.35183529426365034,0.07084745762711865,0.3441927419082156,0.8798833819241982,0.5771976640818611,0.3217536158295439,0.35712211818274037,0.31293128563763495,0.3496791398389776,0.62,0.7999138321995465,0.5796983473331211,0.5314156138645935,0.7471510629303628
Diabetes,VIF+CART,42,4,,0.7159090909090909,0.7158724008782126,0.7735020661157025,51.0,6.0,0.0,0.3510381164150845,0.028587570621468928,0.33982664623900827,0.884815354713314,0.5859110267628493,0.3155478985687785,0.3539860337705853,0.30528305030543346,0.34700534248299,0.62,0.8320116618075802,0.7029900609194603,0.5928182701652089,0.7292777946749213
Diabetes,RRF-style,42,4,,0.6818181818181818,0.6816537467700259,0.7373450413223142,51.0,6.0,0.0,0.3570837331621043,0.05406779661016949,0.3443524431143222,0.8778279883381924,0.5853552391651554,0.34446157250716175,0.3670156761981258,0.31632647639574857,0.34890231342749556,0.62,0.7837227081308714,0.5878492294034247,0.5418885649497894,0.7492522452494705
Diabetes,ACP-Gini,42,4,0.4,0.7272727272727273,0.7271317829457364,0.7716942148760331,53.0,6.0,0.0,0.33942886581857756,0.012824858757062145,0.3256955851922121,0.8636443148688047,0.5595145956148748,0.3155478985687785,0.34022990715737356,0.29531124341430415,0.337448403081545,0.62,0.7943990929705216,0.5851842370980596,0.545361192095886,0.7431999821541919
Diabetes,ACP-Gini (nested),42,4,0.6,0.6818181818181818,0.681159420289855,0.7510330578512396,55.0,6.0,0.0,0.33086046118156914,0.008587570621468926,0.31600120934598297,0.8686151603498543,0.5857356374914586,0.28599755772912794,0.3388102775476077,0.2932527109318787,0.3312561817007109,0.62,0.793195335276968,0.6162830591188161,0.576096533851636,0.7402375487771894
Diabetes,Cluster+CART,42,4,,0.7613636363636364,0.7610859728506787,0.7740185950413223,49.0,6.0,0.0,0.35627144775898784,0.0,0.35197300449903074,0.8527405247813411,0.62722864814765,0.36275913225762507,0.37996156312244994,0.3127735263586736,0.3574356583104335,0.62,0.7075902170391967,0.6064354039374124,0.5724748947197926,0.741488103028852
Diabetes,RandomForest (reference),42,4,,0.7159090909090909,0.7158724008782126,0.8047520661157025,,,,,,,,,,,,,,,,,
Diabetes,CART,43,0,,0.6292134831460674,0.6292134831460674,0.6719696969696969,65.0,6.0,0.11614730878186968,0.3362504329343407,0.07773371104815865,0.34017686389133756,0.8647230320699708,0.6438782906763925,0.3217536158295439,0.35191316868305855,0.30497899906362524,0.3613593256721658,0.96,0.7850871396177519,0.6097120230276004,0.5522578555231616,0.7399520070623762
Diabetes,VIF+CART,43,0,,0.6741573033707865,0.673992673992674,0.7141414141414142,65.0,6.0,0.0764872521246459,0.33598085040641357,0.015354107648725213,0.3302302199478323,0.8754664723032071,0.6419678672571669,0.3155478985687785,0.35125203409992745,0.2966832691692355,0.35071824525910117,0.96,0.8272319403952058,0.7422832047698853,0.6297278911564625,0.7246565683990652
Diabetes,RRF-style,43,0,,0.5955056179775281,0.594224924012158,0.6505050505050505,63.0,6.0,0.039660056657223795,0.3433847843209146,0.059433427762039664,0.3397993938754504,0.8262633624878523,0.6315456827552802,0.32261269130584885,0.35393670532265575,0.30464521619081386,0.3611795411664607,0.96,0.7317457078069324,0.5945881674623266,0.5488597343699383,0.7450913652618296
Diabetes,ACP-Gini,43,0,0.4,0.6067415730337079,0.6017133358905511,0.6497474747474747,65.0,6.0,0.0,0.30930320557207713,0.010708215297450425,0.3212955813816328,0.8969679300291544,0.6289994672528463,0.28599755772912794,0.330206798868037,0.2912982772697007,0.34809604114132237,0.96,0.8214078393262066,0.6228448842989907,0.5702364755425979,0.732383339276684
Diabetes,ACP-Gini (nested),43,0,0.8,0.6629213483146067,0.6618541033434651,0.6936868686868687,59.0,6.0,0.0,0.27839650959469064,0.0,0.3013283161787703,0.8684256559766763,0.6039546205126614,0.31716786336230585,0.343906043134955,0.278027989461954,0.33792802635652125,0.96,0.806229996760609,0.6375378697192251,0.5747392290249433,0.7382181926214543
Diabetes,Cluster+CART,43,0,,0.6067415730337079,0.6059456040480709,0.6696969696969697,67.0,6.0,0.0,0.35662800498614566,0.0,0.3514871510953326,0.8414139941690962,0.6513125908028194,0.3159390010214399,0.36711028031045373,0.31028031533073847,0.3726289592944938,0.96,0.703840621963071,0.6229783303471872,0.569297052154195,0.7318642105223012
Diabetes,RandomForest (reference),43,0,,0.6179775280898876,0.617929292929293,0.7191919191919193,,,,,,,,,,,,,,,,,
Diabetes,CART,43,1,,0.6179775280898876,0.612051282051282,0.7373737373737373,61.0,6.0,0.0764872521246459,0.3587509696889199,0.1053257790368272,0.3431907566107491,0.8836005830903791,0.593669930312514,0.3459397854138753,0.3987988738562938,0.31025461428671586,0.35034910518666634,0.56,0.8143900226757369,0.584307248045183,0.5483867832847424,0.7555886543155039
Diabetes,VIF+CART,43,1,,0.6067415730337079,0.6065428824049515,0.7305555555555555,65.0,6.0,0.0,0.33872754650642034,0.004702549575070821,0.3336485521504337,0.884290573372206,0.5729096013682766,0.2756761069613713,0.38170813691206795,0.29928023387820485,0.3420612399744743,0.56,0.8388143828960155,0.715233202357564,0.5953838678328474,0.7335528409530835
Diabetes,RRF-style,43,1,,0.6292134831460674,0.6244725738396624,0.7348484848484849,63.0,6.0,0.04815864022662889,0.35570468076602013,0.10929178470254958,0.3463354941110314,0.8378036929057338,0.5942417017156845,0.30266687644812124,0.387278089820177,0.30849344772755755,0.35359985987045583,0.56,0.7638746355685132,0.5856621426502555,0.5410495626822157,0.7566720396635622
Diabetes,ACP-Gini,43,1,0.4,0.651685393258427,0.6452359521666452,0.7093434343434343,65.0,6.0,0.12464589235127478,0.3266667243102505,0.009008498583569405,0.3233244222183509,0.8871185617103984,0.5687172539473087,0.28599755772912794,0.3667312311621465,0.2928028077991195,0.3417953201309393,0.56,0.8123722060252673,0.5770481852638046,0.539559442824749,0.7431026715939938
Diabetes,ACP-Gini (nested),43,1,0.8,0.651685393258427,0.6500951173113507,0.6992424242424242,63.0,6.0,0.0,0.3121707434779909,0.0006232294617563739,0.3062449071486156,0.8479543245869777,0.540923827549961,0.29913642076971086,0.3630964965983989,0.28695594905916677,0.3356457450418954,0.56,0.7755581470683512,0.5833313805946744,0.5639585357952704,0.7402828860775353
Diabetes,Cluster+CART,43,1,,0.651685393258427,0.6488481608756522,0.7378787878787878,61.0,6.0,0.0,0.3650874801005912,0.0,0.35110810811205667,0.8598542274052479,0.6234364052994565,0.3388397955187147,0.41019245927164544,0.30888986584342915,0.3596893425026895,0.56,0.7164687398769031,0.6069945970849729,0.5686588921282799,0.7533797108003438
Diabetes,RandomForest (reference),43,1,,0.7528089887640449,0.7527777777777778,0.8424242424242424,,,,,,,,,,,,,,,,,
Diabetes,CART,43,2,,0.7386363636363636,0.7383322559793148,0.8029442148760328,67.0,6.0,0.0,0.3242649208153518,0.08203389830508474,0.3419407297704254,0.8984548104956267,0.5737471269016029,0.2732948057383693,0.3268101216960931,0.3111408589280775,0.35127234510038086,0.78,0.8066122448979592,0.5385148706202642,0.5341496598639455,0.7419901238026081
Diabetes,VIF+CART,43,2,,0.7386363636363636,0.7383322559793148,0.8321280991735538,69.0,6.0,0.0,0.32422477048069254,0.017570621468926552,0.33580978848041043,0.9096793002915452,0.5589577056105063,0.257190010971659,0.32043187069563117,0.3047149305506107,0.34445889212857755,0.78,0.8549222546161321,0.6722461234721018,0.5703239390994493,0.7317474876305403
Diabetes,RRF-style,43,2,,0.7386363636363636,0.7383322559793148,0.8029442148760328,67.0,6.0,0.0,0.32462899534119094,0.06779661016949153,0.3431694748710552,0.8285568513119533,0.5832902681115157,0.2732948057383693,0.32746831664502546,0.31141223565976317,0.35364045615289064,0.78,0.7467512147716229,0.5404099606798946,0.5438192419825072,0.756112178738086
Diabetes,ACP-Gini,43,2,0.4,0.7045454545454546,0.7039337474120082,0.7840909090909092,59.0,6.0,0.0,0.29202541842521496,0.020395480225988704,0.32593742804966847,0.8841836734693878,0.5774476935545932,0.2732948057383693,0.3429097280411834,0.29392888746289486,0.3379614711956912,0.78,0.8183362487852284,0.599040307941598,0.5801198574667963,0.7453498521242179
Diabetes,ACP-Gini (nested),43,2,0.4,0.7045454545454546,0.7039337474120082,0.7840909090909092,59.0,6.0,0.0,0.29202541842521496,0.020395480225988704,0.32593742804966847,0.8841836734693878,0.5774476935545932,0.2732948057383693,0.3429097280411834,0.29392888746289486,0.3379614711956912,0.78,0.8183362487852284,0.599040307941598,0.5801198574667963,0.7453498521242179
Diabetes,Cluster+CART,43,2,,0.7272727272727273,0.7267080745341614,0.7698863636363636,67.0,6.0,0.0,0.3489469319765913,0.003333333333333333,0.3471947401242732,0.8543391642371234,0.5916715164312248,0.3159390010214399,0.3498556240392784,0.306392350331389,0.3581288396227481,0.78,0.7078153547133139,0.6085207937091229,0.5718950437317785,0.7399326868932651
Diabetes,RandomForest (reference),43,2,,0.7045454545454546,0.7045454545454546,0.8088842975206612,,,,,,,,,,,,,,,,,
Diabetes,CART,43,3,,0.7045454545454546,0.7031655422937209,0.7910640495867768,65.0,6.0,0.06779661016949153,0.3355082168051451,0.07661016949152542,0.33785557470650185,0.8992954324586978,0.520668618359771,0.3217536158295439,0.3358232698903225,0.31040133526412395,0.3420845989928534,0.56,0.8113436993845157,0.5481828610657091,0.5208843537414966,0.7513580414812265
Diabetes,VIF+CART,43,3,,0.75,0.7494824016563147,0.8117252066115701,65.0,6.0,0.0,0.3244560720037922,0.014237288135593223,0.3291972832392308,0.9001457725947523,0.5677047758964606,0.3155478985687785,0.3366272300189095,0.30015802300391875,0.33414420355978464,0.56,0.8471331389698736,0.6940230719489308,0.6154616132167152,0.7252707783395946
Diabetes,RRF-style,43,3,,0.7613636363636364,0.7610859728506787,0.8161157024793388,65.0,6.0,0.0,0.3366208617756079,0.05220338983050848,0.33756016444877324,0.8475898931000974,0.5204290527927959,0.31412283141142283,0.33821991504739046,0.3101982479315634,0.34542269940617054,0.56,0.7521043083900226,0.5432188799098615,0.5278814382896015,0.7522914332041353
Diabetes,ACP-Gini,43,3,0.4,0.7045454545454546,0.7039337474120082,0.828254132231405,63.0,6.0,0.0,0.3244067139401985,0.014067796610169492,0.3203410614675012,0.8794752186588921,0.5514985589498542,0.2756761069613713,0.3304596210159117,0.29507626922290153,0.33498117309867625,0.56,0.8165238095238097,0.5824458221916096,0.540702947845805,0.7506330963205137
Diabetes,ACP-Gini (nested),43,3,0.6,0.7613636363636364,0.7613328167376985,0.8261880165289256,63.0,6.0,0.0,0.300488870184708,0.0,0.31205451998149075,0.8818658892128279,0.5453747228086816,0.257190010971659,0.2983671014809591,0.28725699099191776,0.32947056048351164,0.56,0.8275691609977324,0.5876328707215623,0.5508163265306123,0.7443062982659259
Diabetes,Cluster+CART,43,3,,0.6363636363636364,0.634665282823041,0.7182334710743802,59.0,6.0,0.0,0.36104545229873836,0.0,0.3386658394529277,0.8821137026239068,0.5392320597686723,0.3159390010214399,0.37193367964216895,0.30219463176916356,0.3448406980730597,0.56,0.7241153223194039,0.5680384981482783,0.556977648202138,0.7493893211344211
Diabetes,RandomForest (reference),43,3,,0.7727272727272727,0.772609819121447,0.8858471074380165,,,,,,,,,,,,,,,,,
Diabetes,CART,43,4,,0.6590909090909091,0.6574987026466009,0.7554235537190083,63.0,6.0,0.0,0.33226149942387506,0.07949152542372881,0.34654327715646993,0.8970991253644316,0.5613906170114714,0.28599755772912794,0.34096364622919784,0.32060937939440515,0.35017580568526135,0.54,0.8160197602850664,0.5203290834262174,0.5302332361516034,0.7343592330829342
Diabetes,VIF+CART,43,4,,0.6590909090909091,0.6574987026466009,0.7554235537190083,63.0,6.0,0.0,0.33090012112629363,0.02587570621468926,0.3406443670276779,0.9009037900874636,0.5572982527211322,0.2756761069613713,0.3377025423015089,0.3117570620438634,0.3461794140645388,0.54,0.8379850988014254,0.6506776673744383,0.578172983479106,0.7150326308555882
Diabetes,RRF-style,43,4,,0.6704545454545454,0.6704119850187266,0.7440599173553719,65.0,6.0,0.0,0.3399720951395202,0.06378531073446328,0.3486807273441601,0.8621865889212829,0.539798070768539,0.2756761069613713,0.3474999617008809,0.3230485776261636,0.35213305924683985,0.54,0.736101716877227,0.503321548200693,0.5250469711694202,0.744531650669767
Diabetes,ACP-Gini,43,4,0.4,0.6022727272727273,0.6018099547511313,0.7081611570247934,59.0,6.0,0.0,0.33237100493352084,0.02033898305084746,0.3288809101733583,0.8621331389698736,0.50394125434562,0.2756761069613713,0.3436322408168946,0.3074970032034887,0.34005876197609597,0.54,0.7734188532555879,0.506731634621619,0.5486329770003239,0.7452860644646518
Diabetes,ACP-Gini (nested),43,4,0.6,0.5909090909090909,0.5906976744186047,0.6820764462809917,59.0,6.0,0.0,0.33117267703660225,0.014463276836158194,0.3203624448953936,0.8704081632653061,0.49537121354269553,0.2756761069613713,0.34029067500294713,0.3039936436732475,0.33353512906872546,0.54,0.7855419501133787,0.507088885069613,0.5615711046323291,0.7382271676174975
Diabetes,Cluster+CART,43,4,,0.6363636363636364,0.6316064887493459,0.6805268595041323,59.0,6.0,0.0,0.33858699331961534,0.0011299435028248588,0.3512306079944223,0.9019241982507289,0.6089596303457561,0.3125949531012772,0.3592754043610816,0.32094159599357347,0.3572979094876533,0.54,0.7455503725299644,0.5932006863757722,0.5665597667638483,0.7413392996631571
Diabetes,RandomForest (reference),43,4,,0.75,0.75,0.8274793388429753,,,,,,,,,,,,,,,,,
Diabetes,CART,44,0,,0.6853932584269663,0.6834349593495935,0.797979797979798,59.0,6.0,0.0,0.30556676282990347,0.07110481586402266,0.33098601115869214,0.8627842565597669,0.6146914295741805,0.257190010971659,0.33797083665587974,0.30820086789800616,0.3559014996698119,0.9,0.7870800129575639,0.5542707009628606,0.5152218982831228,0.7249228520485697
Diabetes,VIF+CART,44,0,,0.6853932584269663,0.6834349593495935,0.797979797979798,59.0,6.0,0.0,0.30556676282990347,0.020056657223796032,0.32415944766636734,0.8717784256559766,0.5907044160794072,0.257190010971659,0.33797083665587974,0.29855893259636246,0.34628188383820196,0.9,0.8257013281503078,0.7049970532458854,0.5891642371234208,0.7019049453120704
Diabetes,RRF-style,44,0,,0.6853932584269663,0.6834349593495935,0.797979797979798,59.0,6.0,0.0,0.30556676282990347,0.059886685552407934,0.3335727906718574,0.8505733722060252,0.6228518669501578,0.257190010971659,0.33797083665587974,0.30796177538479375,0.35667699323070773,0.9,0.747307094266278,0.5570797256143979,0.5225591188856494,0.7359440286698316
Diabetes,ACP-Gini,44,0,0.4,0.6741573033707865,0.673992673992674,0.7373737373737373,65.0,6.0,0.05099150141643059,0.30840499224952067,0.01518413597733711,0.315005286617919,0.8854761904761906,0.5936366690772822,0.28599755772912794,0.3475674089683349,0.2942226114847101,0.3471014806984404,0.9,0.804708778749595,0.6008770178428944,0.5353417557499189,0.7376870659779078
Diabetes,ACP-Gini (nested),44,0,0.6,0.6741573033707865,0.6734977862112588,0.753030303030303,63.0,6.0,0.0,0.2981630383338461,0.0050991501416430595,0.30639498184602676,0.8940864917395531,0.6217132543276189,0.28599755772912794,0.3386232983854503,0.2838019617313697,0.34341880167509053,0.9,0.8317379332685455,0.6229925149785774,0.545092322643343,0.7179312504049441
Diabetes,Cluster+CART,44,0,,0.6966292134831461,0.6964759378552483,0.7881313131313131,61.0,6.0,0.0,0.30864414247809774,0.006855524079320113,0.33647256284788685,0.8637463556851313,0.6040185987689776,0.25374097329991996,0.3463727560741533,0.3093335861071784,0.3558696372929774,0.9,0.7532001943634596,0.6452744931851276,0.5771525753158406,0.7218219775086597
Diabetes,RandomForest (reference),44,0,,0.651685393258427,0.651685393258427,0.7838383838383838,,,,,,,,,,,,,,,,,
Diabetes,CART,44,1,,0.7078651685393258,0.7060467479674797,0.7679292929292929,51.0,6.0,0.036827195467422094,0.3627499060285691,0.0867988668555241,0.3422231765026032,0.8883624878522839,0.5657890071677304,0.3170696440671623,0.37868821077674353,0.30981848781503274,0.34744080740345845,0.54,0.8265296404275996,0.5904563451893419,0.5520634920634921,0.7410241089542765
Diabetes,VIF+CART,44,1,,0.6966292134831461,0.6941580756013745,0.751010101010101,49.0,6.0,0.0,0.3537421910361365,0.018186968838526912,0.33553857179331714,0.9036734693877551,0.5792128651412807,0.30172598903456505,0.3647193946220409,0.2991927359886221,0.3413374259511865,0.54,0.8585908649173954,0.7179867973209985,0.618357628765792,0.7136223413496102
Diabetes,RRF-style,44,1,,0.7415730337078652,0.7410499683744465,0.7694444444444444,51.0,6.0,0.22662889518413598,0.35988905295087376,0.05280453257790367,0.3454715977090709,0.8353109815354715,0.5890257560811405,0.3067821777384128,0.3649518641253068,0.3143405845709275,0.35200815527080936,0.54,0.7522886297376092,0.5930715392483162,0.564402332361516,0.7434184952822199
Diabetes,ACP-Gini,44,1,0.4,0.6966292134831461,0.6966292134831461,0.7287878787878788,47.0,6.0,0.0,0.3377606079440079,0.028385269121813033,0.3300746779402086,0.8605539358600585,0.5768035017548429,0.3067821777384128,0.3624443413534771,0.29809247041918374,0.3421992415215407,0.54,0.7968053126012311,0.615056550839718,0.5785811467444121,0.7449741498308502
Diabetes,ACP-Gini (nested),44,1,1.0,0.6966292134831461,0.6964759378552483,0.7262626262626263,51.0,6.0,0.0,0.33735871964103986,0.0,0.30325956674550025,0.7978814382896016,0.4091450539712985,0.2732948057383693,0.357975195723074,0.28350444333923613,0.32323985641371444,0.54,0.7387369614512471,0.4906034468720604,0.5258665370910269,0.7426009524578213
Diabetes,Cluster+CART,44,1,,0.6853932584269663,0.6853535353535354,0.7477272727272728,49.0,6.0,0.0,0.3779054434624888,0.0,0.3510044323928294,0.8699951409135084,0.6128243816155324,0.34435772362248307,0.39260681510913953,0.3191698310299774,0.35922514632860514,0.54,0.7089812115322319,0.596532028702451,0.586550048590865,0.7468193094553268
Diabetes,RandomForest (reference),44,1,,0.7415730337078652,0.7414424655803966,0.7934343434343434,,,,,,,,,,,,,,,,,
Diabetes,CART,44,2,,0.6477272727272727,0.647317388493859,0.7704028925619835,67.0,6.0,0.1694915254237288,0.3496204127532524,0.07610169491525423,0.3431400369274925,0.9055539358600584,0.5454700527210646,0.28599755772912794,0.35931632332217045,0.3107601896377007,0.3484871193052267,0.6,0.8427732426303856,0.5311775445823786,0.5304470359572401,0.7579245305858461
Diabetes,VIF+CART,44,2,,0.6477272727272727,0.647317388493859,0.7567148760330578,67.0,6.0,0.0,0.33684426909364157,0.018135593220338985,0.33318546755265005,0.916734693877551,0.5282993197278912,0.2756761069613713,0.35665969132148484,0.29826908235289074,0.34124059889532465,0.6,0.8620294784580497,0.6698269794307327,0.5893780369290573,0.7333120517481556
Diabetes,RRF-style,44,2,,0.6363636363636364,0.6363636363636364,0.7685950413223142,65.0,6.0,0.0,0.3530798650690769,0.05406779661016949,0.3421539025278587,0.8519582118561712,0.5589917548765609,0.27804422090703557,0.37070226884499907,0.31272236664680214,0.3479557251588449,0.6,0.7578163265306123,0.5543196382721159,0.5317525105280207,0.7637063344229805
Diabetes,ACP-Gini,44,2,0.4,0.6477272727272727,0.6465863453815262,0.7652376033057852,65.0,6.0,0.0,0.3288090917986234,0.042203389830508475,0.32547220651257064,0.888206997084548,0.48593484566408235,0.3217536158295439,0.3464536417208086,0.2932296120409921,0.33345461916389363,0.6,0.8130741820537739,0.5400551235644531,0.5439067055393586,0.7472363067825304
Diabetes,ACP-Gini (nested),44,2,0.6,0.6818181818181818,0.6791666666666667,0.784349173553719,63.0,6.0,0.0,0.3149701556495668,0.020734463276836156,0.31402032519310125,0.9334839650145774,0.47971382009542085,0.3217536158295439,0.3428088206752582,0.2853486385324642,0.3247293071754067,0.6,0.8569225785552317,0.5611392815273593,0.5451117589893101,0.73677718265259
Diabetes,Cluster+CART,44,2,,0.6363636363636364,0.6356107660455487,0.7592975206611571,67.0,6.0,0.0,0.35839754756239506,0.0021468926553672315,0.3483957047805355,0.8845481049562683,0.5358166341345001,0.28864766725926067,0.374962553974523,0.30380117680440816,0.35380933789859,0.6,0.7833968253968254,0.627061133777627,0.583449951409135,0.7385695414773817
Diabetes,RandomForest (reference),44,2,,0.8409090909090909,0.8408268733850129,0.9023760330578512,,,,,,,,,,,,,,,,,
Diabetes,CART,44,3,,0.625,0.6249515691592407,0.672004132231405,57.0,6.0,0.0,0.34431074475575585,0.053389830508474574,0.3505958986633243,0.8805539358600584,0.6611613940372421,0.3099958760982113,0.37327413135304155,0.3174252948219252,0.362304066159369,0.7,0.7833624878522838,0.590239860907073,0.5526239067055393,0.7500436931078097
Diabetes,VIF+CART,44,3,,0.625,0.6249515691592407,0.6678719008264462,57.0,6.0,0.0,0.34153617554143073,0.007062146892655368,0.3466881445604307,0.8934110787172013,0.6456661554627636,0.30172598903456505,0.37025538149527437,0.30828379116856586,0.3557020264161062,0.7,0.8255085843861354,0.7345923797048242,0.6151311953352769,0.7297219503974117
Diabetes,RRF-style,44,3,,0.6363636363636364,0.6356107660455487,0.6725206611570248,59.0,6.0,0.06497175141242938,0.35381449465092996,0.04836158192090395,0.3514374938830712,0.8331292517006802,0.6225459016080738,0.34446157250716175,0.3812465192818339,0.31928245866839394,0.36223602800794474,0.7,0.7159828312277292,0.5714781276340268,0.5374344023323615,0.7555481028940249
Diabetes,ACP-Gini,44,3,0.4,0.6363636363636364,0.6363636363636364,0.6738119834710743,63.0,6.0,0.0,0.326468272571535,0.01694915254237288,0.3331303544780053,0.8533236151603497,0.6290356877717613,0.2756761069613713,0.343463667002171,0.30195906935460504,0.3499640487339947,0.7,0.7865251052802072,0.6261976410475365,0.5705636540330419,0.7467565445602521
Diabetes,ACP-Gini (nested),44,3,1.0,0.6136363636363636,0.6136363636363636,0.6673553719008265,63.0,6.0,0.0,0.30641694634970956,0.0,0.3060318324162431,0.8229154518950437,0.5835108833534678,0.2756761069613713,0.3312837156304564,0.27775041669789713,0.328563480488928,0.7,0.7735724003887269,0.6342066695062852,0.6063977972141238,0.7136174149093981
Diabetes,Cluster+CART,44,3,,0.5454545454545454,0.5433316035288013,0.6012396694214875,61.0,6.0,0.0,0.3655861211888384,0.0,0.35575738053585426,0.8661370262390672,0.664153533851694,0.32311749777142107,0.3765303027010303,0.31527743443078343,0.3655667944821793,0.7,0.7018247489471979,0.6180918931743651,0.5572108843537414,0.7539948783229524
Diabetes,RandomForest (reference),44,3,,0.6590909090909091,0.6590909090909091,0.7128099173553719,,,,,,,,,,,,,,,,,
Diabetes,CART,44,4,,0.6590909090909091,0.65625,0.7884814049586777,63.0,6.0,0.0,0.32218543954782514,0.09033898305084744,0.3425929051896045,0.9160932944606415,0.5623439444709404,0.28599755772912794,0.33156019206643267,0.3106320971537653,0.34886712811507037,0.64,0.8413061224489795,0.5505381861024828,0.5250631681243926,0.7478974166243785
Diabetes,VIF+CART,44,4,,0.6931818181818182,0.6863366336633663,0.8021694214876034,67.0,6.0,0.0,0.32688298761267265,0.028079096045197743,0.3358492353997701,0.92966472303207,0.5719733748899183,0.2756761069613713,0.3264526928397598,0.3002798869134049,0.34143276209034823,0.64,0.8788678328474249,0.7163044377955028,0.6261224489795918,0.7256831184994211
Diabetes,RRF-style,44,4,,0.6590909090909091,0.65625,0.7758264462809916,63.0,6.0,0.0,0.33142737659573096,0.07706214689265536,0.34282976283283195,0.8370213799805636,0.5710869612863602,0.28599755772912794,0.3340570778662493,0.31590528422412545,0.35204859273214706,0.64,0.7517120181405895,0.5562380903590474,0.5201263362487852,0.7641103790937407
Diabetes,ACP-Gini,44,4,0.4,0.7159090909090909,0.7129061725172909,0.8068181818181817,65.0,6.0,0.0,0.30685037617265654,0.011920903954802262,0.3212188311718062,0.8827405247813411,0.5325138452735932,0.28599755772912794,0.33321991760904224,0.2959120655497483,0.3388290414329658,0.64,0.8066345966958212,0.5480070773352949,0.5300323939099449,0.7563800932471466
Diabetes,ACP-Gini (nested),44,4,0.2,0.7159090909090909,0.7113997113997115,0.8060433884297521,65.0,6.0,0.0,0.30813401281087355,0.03966101694915254,0.3276187191030613,0.9035568513119534,0.538612054043576,0.28599755772912794,0.332449470767526,0.3009144280769106,0.3415807196005737,0.64,0.8287482993197278,0.5362805210673566,0.5109620991253645,0.7582686276187188
Diabetes,Cluster+CART,44,4,,0.6704545454545454,0.6704119850187266,0.7554235537190083,63.0,6.0,0.0,0.3504596649662065,0.0,0.34633231557573246,0.895,0.5472694180856859,0.3159390010214399,0.3509631943745084,0.3026866671851513,0.35026817276821354,0.64,0.7187298347910592,0.5510904884236848,0.537470035633301,0.7383969608537115
Diabetes,RandomForest (reference),44,4,,0.7954545454545454,0.7953488372093023,0.881198347107438,,,,,,,,,,,,,,,,,
Cultivar,CART,42,0,,1.0,1.0,1.0,11.0,3.0,0.0,0.470153355852822,0.04056338028169014,0.36791723086842865,0.45624586977648207,0.536998647107355,0.4128216700990958,0.4989213818673722,0.39292858802958797,0.44705039623517984,0.86,0.38711273080660835,0.45899463298141513,0.38711273080660835,0.7838963394881763
Cultivar,VIF+CART,42,0,,1.0,1.0,1.0,11.0,3.0,0.0,0.470153355852822,0.04056338028169014,0.37309983440793154,0.44953158406219634,0.5350301989128592,0.4128216700990958,0.4989213818673722,0.39265823173383213,0.45192880695161763,0.9,0.3755694849368319,0.4502536383354694,0.3755694849368319,0.7811668286362164
Cultivar,RRF-style,42,0,,1.0,1.0,1.0,11.0,3.0,0.0,0.23489710635921382,0.039859154929577464,0.2887913894493169,0.5010553935860059,0.6019176552096203,0.4769786798025895,0.5241341893095837,0.4294836662392556,0.46828150067579366,0.86,0.4341710398445092,0.5315542098408189,0.4341710398445092,0.7746867508908325
Cultivar,ACP-Gini,42,0,0.2,1.0,1.0,1.0,11.0,3.0,0.0,0.44138607683851333,0.02788732394366197,0.32278486248650956,0.37446550048590865,0.44322400580459664,0.327557546049881,0.48641636937395544,0.35845675548843575,0.3921048386659769,0.86,0.3515228377065112,0.424984676245337,0.3515228377065112,0.7888636216391318
Cultivar,ACP-Gini (nested),42,0,0.4,1.0,1.0,1.0,11.0,3.0,0.0,0.44138607683851333,0.0,0.2793195616509249,0.34764625850340136,0.40688922460071947,0.327557546049881,0.48641636937395544,0.3407924697388814,0.3688474964585412,0.86,0.330734693877551,0.39459597888441045,0.330734693877551,0.7939977324263038
Cultivar,Cluster+CART,42,0,,1.0,1.0,1.0,11.0,3.0,0.0,0.470153355852822,0.01267605633802817,0.3668486675627626,0.4726841593780369,0.5618259721953359,0.4128216700990958,0.4989213818673722,0.3935202917569345,0.4511587920282784,0.86,0.4726841593780369,0.5680988696496685,0.4726841593780369,0.7475830903790088
Cultivar,RandomForest (reference),42,0,,1.0,1.0,1.0,,,,,,,,,,,,,,,,,
Cultivar,CART,42,1,,0.9722222222222222,0.9693617021276595,0.9791666666666666,9.0,3.0,0.0,0.4911550627161994,0.0519718309859155,0.32908773556658866,0.45916812439261423,0.5726103733248439,0.45824269742764434,0.5010939126293232,0.3818243589431043,0.43774902439735314,1.0,0.38179980563654037,0.488763766698506,0.38179980563654037,0.7224606413994169
Cultivar,VIF+CART,42,1,,0.9722222222222222,0.9693617021276595,0.9791666666666666,9.0,3.0,0.0,0.4911550627161994,0.0519718309859155,0.3238226163433684,0.44354130223517985,0.5513311087287222,0.45824269742764434,0.5010939126293232,0.3757293857036336,0.43367754829809463,1.0,0.37253158406219633,0.47552707608600475,0.37253158406219633,0.7277188208616779
Cultivar,RRF-style,42,1,,0.9444444444444444,0.939799331103679,0.9756944444444444,11.0,3.0,0.0,0.18437720592396284,0.026338028169014083,0.24718692308359327,0.551047619047619,0.6758152497374464,0.34176414714605774,0.48757898422262297,0.4169032329575738,0.43341312045123326,1.0,0.44216326530612254,0.5766065350515066,0.44216326530612254,0.7042779397473276
Cultivar,ACP-Gini,42,1,0.2,0.9444444444444444,0.939799331103679,0.9583333333333333,11.0,3.0,0.0,0.42775322092912155,0.0519718309859155,0.2625525327213933,0.42545578231292525,0.5490120184616585,0.531382701508016,0.3479424462703114,0.3501719117732819,0.3580141648425287,1.0,0.39625072886297374,0.5219718235297309,0.39625072886297374,0.7199118885649498
Cultivar,ACP-Gini (nested),42,1,0.8,0.9444444444444444,0.939799331103679,0.9583333333333334,11.0,3.0,0.0,0.14943539739140618,0.0,0.17405391697239367,0.44531778425655977,0.5699387536267629,0.38741495717926117,0.318493231852857,0.30267908115196535,0.3142789383898282,1.0,0.4369757045675413,0.5631312487450718,0.4369757045675413,0.6990638160025915
Cultivar,Cluster+CART,42,1,,0.9722222222222222,0.9693617021276595,0.9791666666666666,9.0,3.0,0.0,0.4911550627161994,0.06380281690140845,0.3193204958759277,0.4291020408163266,0.5403706415301957,0.45824269742764434,0.5010939126293232,0.3732329330854842,0.4229870990738435,1.0,0.4291020408163266,0.5446091458457896,0.4291020408163266,0.7005983155166828
Cultivar,RandomForest (reference),42,1,,0.9722222222222222,0.9693617021276595,0.9965277777777778,,,,,,,,,,,,,,,,,
Cultivar,CART,42,2,,0.9722222222222222,0.9680567879325643,0.9565972222222222,11.0,3.0,0.0,0.4480433838013204,0.02802816901408451,0.31683106047505516,0.42856754130223523,0.4981159071179768,0.3724434895724889,0.493839078983725,0.37360510111784506,0.4449530794691949,0.82,0.38620602526724973,0.45186464011794003,0.38620602526724973,0.7818914804016844
Cultivar,VIF+CART,42,2,,0.9722222222222222,0.9680567879325643,0.9565972222222222,11.0,3.0,0.0,0.4480433838013204,0.013943661971830985,0.3111167997006315,0.411891156462585,0.48324540192971727,0.3724434895724889,0.493839078983725,0.35873405836697,0.43787747017444334,0.9,0.35449173955296404,0.41672029043098024,0.3548454810495627,0.7920073917012692
Cultivar,RRF-style,42,2,,0.9722222222222222,0.9680567879325643,0.953125,11.0,3.0,0.0,0.4510814482894947,0.02802816901408451,0.2932914273843641,0.4085208940719145,0.48845298829701345,0.3611092488149646,0.4894578619700675,0.39622964494892066,0.44198244744324144,0.82,0.36226433430515065,0.4392425616132008,0.36226433430515065,0.8112756427246223
Cultivar,ACP-Gini,42,2,0.2,0.9722222222222222,0.9680567879325643,0.953125,11.0,3.0,0.0,0.44021258683038317,0.02802816901408451,0.29340234868119625,0.36496112730806607,0.4150376814359304,0.327557546049881,0.48744132155703385,0.3452861972056331,0.40802900433751754,0.82,0.3379387755102041,0.39002739355596255,0.3379387755102041,0.8048882410106899
Cultivar,ACP-Gini (nested),42,2,1.0,1.0,1.0,1.0,11.0,3.0,0.0,0.1706503385818042,0.0014084507042253522,0.1874772769272837,0.269648202137998,0.2757987110261111,0.3968568438330498,0.27743233010781193,0.3093514040493688,0.3296451022346417,0.82,0.2605072886297376,0.273783169422875,0.2605072886297376,0.8330304797243573
Cultivar,Cluster+CART,42,2,,0.9722222222222222,0.9680567879325643,0.9565972222222222,11.0,3.0,0.0,0.4480433838013204,0.013943661971830985,0.30446506718917066,0.4238396501457726,0.4988740944881812,0.3724434895724889,0.493839078983725,0.36497435033205217,0.43549306694400614,0.82,0.4238396501457726,0.5068695923411547,0.4238396501457726,0.7732847424684159
Cultivar,RandomForest (reference),42,2,,0.9722222222222222,0.9680567879325643,1.0,,,,,,,,,,,,,,,,,
Cultivar,CART,42,3,,0.8857142857142857,0.8674242424242424,0.8659420289855073,7.0,3.0,0.0,0.1745511065717005,0.0,0.2087360856721433,0.44118561710398446,0.569786993720455,0.45824269742764434,0.4974826845772781,0.4268621148869991,0.47475313184708834,1.0,0.39509037900874633,0.5230643699308419,0.39509037900874633,0.696265306122449
Cultivar,VIF+CART,42,3,,0.8857142857142857,0.8674242424242424,0.8659420289855073,7.0,3.0,0.0,0.1745511065717005,0.0,0.20447957090445926,0.4136754130223518,0.5403740182407809,0.45824269742764434,0.4974826845772781,0.42109654433099863,0.4680868057628034,1.0,0.38026044703595724,0.5070282798314671,0.38026044703595724,0.7010408163265305
Cultivar,RRF-style,42,3,,0.8857142857142857,0.8674242424242424,0.8659420289855073,7.0,3.0,0.0,0.1745511065717005,0.0,0.15391664540799532,0.5037414965986394,0.6475835652443481,0.45824269742764434,0.4974826845772781,0.4521530442583385,0.4697427890889537,1.0,0.4353061224489796,0.5845288052551433,0.4353061224489796,0.6882390670553935
Cultivar,ACP-Gini,42,3,0.2,0.8857142857142857,0.8674242424242424,0.8659420289855073,7.0,3.0,0.0,0.13068476205329044,0.0,0.1574731870246569,0.3733197278911565,0.5043570912820047,0.327557546049881,0.4860317401053351,0.36053596791938214,0.3991121487396625,1.0,0.3698639455782313,0.5031810328466082,0.3698639455782313,0.7035315840621963
Cultivar,ACP-Gini (nested),42,3,0.2,0.8857142857142857,0.8674242424242424,0.8659420289855073,7.0,3.0,0.0,0.13068476205329044,0.0,0.1574731870246569,0.3733197278911565,0.5043570912820047,0.327557546049881,0.4860317401053351,0.36053596791938214,0.3991121487396625,1.0,0.3698639455782313,0.5031810328466082,0.3698639455782313,0.7035315840621963
Cultivar,Cluster+CART,42,3,,0.8857142857142857,0.8674242424242424,0.8659420289855073,7.0,3.0,0.0,0.1745511065717005,0.0,0.19480517333932978,0.464952380952381,0.6031867434850106,0.45824269742764434,0.4974826845772781,0.44823230004236975,0.47852396011667403,1.0,0.464952380952381,0.6041745073990077,0.464952380952381,0.6669679300291544
Cultivar,RandomForest (reference),42,3,,0.9428571428571428,0.9337121212121212,1.0,,,,,,,,,,,,,,,,,
Cultivar,CART,42,4,,1.0,1.0,1.0,11.0,3.0,0.0,0.4832683722863046,0.03244755244755245,0.3603282801725535,0.5531603498542275,0.6705564304211205,0.5044179324346004,0.5060211298856859,0.4002280445843712,0.49555685255375664,0.98,0.4642089407191448,0.5801520539117132,0.4642089407191448,0.6646964690638161
Cultivar,VIF+CART,42,4,,1.0,1.0,1.0,11.0,3.0,0.0,0.4832683722863046,0.03244755244755245,0.3591729360283081,0.542991253644315,0.6570629195700438,0.5044179324346004,0.5060211298856859,0.39852801832802326,0.4936062932712622,0.98,0.4502847424684159,0.5628900221229861,0.4502847424684159,0.6770116618075802
Cultivar,RRF-style,42,4,,1.0,1.0,1.0,11.0,3.0,0.0,0.17244628556978872,0.03426573426573427,0.2636976876120914,0.6158775510204082,0.7197267202332563,0.2897838033468514,0.43451773357733287,0.47142032743068535,0.4939204754253194,0.98,0.4745714285714285,0.6008726154063826,0.4745714285714285,0.6842730806608358
Cultivar,ACP-Gini,42,4,0.2,1.0,1.0,1.0,11.0,3.0,0.0,0.4405900731267048,0.03244755244755245,0.30315934557678137,0.4456132167152575,0.5639087812874108,0.327557546049881,0.48694286444557044,0.35995064690440115,0.43602821954339077,0.98,0.3861389698736637,0.5005544600516425,0.3861389698736637,0.7189015225137675
Cultivar,ACP-Gini (nested),42,4,0.4,1.0,1.0,1.0,11.0,3.0,0.0,0.4405900731267048,0.012447552447552447,0.2765049543918239,0.42965014577259475,0.5469600284682845,0.327557546049881,0.48694286444557044,0.35119272744091473,0.42958577650597307,0.98,0.38348104956268225,0.5007099229334626,0.38348104956268225,0.7186112730806609
Cultivar,Cluster+CART,42,4,,1.0,1.0,1.0,11.0,3.0,0.0,0.47184909798499297,0.0,0.35730055674807004,0.5255296404275996,0.6499993726883779,0.34535703090693665,0.4737534083378321,0.39202723060742317,0.492112707909312,0.98,0.5255296404275996,0.6527185939284155,0.5255296404275996,0.6342951085195984
Cultivar,RandomForest (reference),42,4,,0.9714285714285714,0.9659863945578231,0.9962121212121212,,,,,,,,,,,,,,,,,
Cultivar,CART,43,0,,1.0,1.0,1.0,11.0,3.0,0.0,0.47201802920870095,0.015492957746478873,0.3205370091447991,0.44560252672497574,0.5293385779180192,0.4059088684928355,0.4779658742813804,0.38618966684317363,0.4518347190346764,0.92,0.3798185941043084,0.4581737655476993,0.3798185941043084,0.7579987042436022
Cultivar,VIF+CART,43,0,,1.0,1.0,1.0,11.0,3.0,0.0,0.47201802920870095,0.015492957746478873,0.3195805544877235,0.4350534499514092,0.518202488701834,0.4059088684928355,0.4779658742813804,0.3848222366601904,0.4422560188033713,0.94,0.3619760285066408,0.43792235757051484,0.3619760285066408,0.7593595724003888
Cultivar,RRF-style,43,0,,1.0,1.0,1.0,11.0,3.0,0.0,0.4909702487104334,0.015492957746478873,0.2550827930555363,0.45547716229348884,0.5666973442948116,0.4769786798025895,0.518423968323791,0.38201257514763126,0.43574032194217205,0.92,0.35943828960155494,0.46167644225482324,0.35943828960155494,0.7736523838972819
Cultivar,ACP-Gini,43,0,0.2,1.0,1.0,1.0,11.0,3.0,0.0,0.4413860768385134,0.0,0.2769684625888185,0.3603595724003887,0.44012883342117287,0.327557546049881,0.486896953981294,0.3418666633138101,0.39926585820590865,0.92,0.3258555231616456,0.40611748774080686,0.3258555231616456,0.7867042141531937
Cultivar,ACP-Gini (nested),43,0,0.6,1.0,1.0,1.0,11.0,3.0,0.0,0.4413860768385134,0.0,0.233717365738404,0.3594256559766764,0.442770646890948,0.327557546049881,0.486896953981294,0.3444740283916804,0.37259673209069943,0.92,0.32709135082604474,0.4101329091639196,0.32709135082604474,0.7814320758606472
Cultivar,Cluster+CART,43,0,,1.0,1.0,1.0,11.0,3.0,0.0,0.47194491770722785,0.015492957746478873,0.31969748906750356,0.4529310009718173,0.5426485238648495,0.34535703090693665,0.47362071439673437,0.38393934232457366,0.454969586199384,0.92,0.4529310009718173,0.54898594588782,0.4529310009718173,0.7389562682215743
Cultivar,RandomForest (reference),43,0,,1.0,1.0,1.0,,,,,,,,,,,,,,,,,
Cultivar,CART,43,1,,1.0,1.0,1.0,11.0,3.0,0.0,0.4484742501311511,0.013380281690140845,0.33987596956291527,0.42194071914480075,0.5429869844030677,0.3724434895724889,0.4984967447261249,0.37137303757626905,0.4380670185528479,1.0,0.37812277291869134,0.4916195861441466,0.37812277291869134,0.7378713961775186
Cultivar,VIF+CART,43,1,,1.0,1.0,1.0,11.0,3.0,0.0,0.4484742501311511,0.013380281690140845,0.3401681204094346,0.41774829931972784,0.5393287347414014,0.3724434895724889,0.4984967447261249,0.37016063669783433,0.43758036421657687,1.0,0.3694321347586654,0.48082009739150616,0.3694321347586654,0.742488824101069
Cultivar,RRF-style,43,1,,1.0,1.0,1.0,11.0,3.0,0.31690140845070425,0.2766356518931549,0.006338028169014085,0.25378751966281277,0.4583343051506316,0.6047296333012996,0.618957168980529,0.5042335571161103,0.3940793626545345,0.4249511846159207,1.0,0.39400194363459673,0.5392513613415086,0.39400194363459673,0.7159173071826133
Cultivar,ACP-Gini,43,1,0.2,1.0,1.0,1.0,11.0,3.0,0.0,0.4413860768385134,0.013380281690140845,0.28096836076501075,0.39518756073858113,0.5289740497197506,0.327557546049881,0.4857568805608216,0.3190928319588048,0.3585344795711745,1.0,0.3739241982507288,0.5084488512910429,0.3739241982507288,0.7325827369909003
Cultivar,ACP-Gini (nested),43,1,0.4,1.0,1.0,1.0,11.0,3.0,0.0,0.16340576528111858,0.0,0.2504004300175557,0.3883751214771623,0.517971031004235,0.41857375954949155,0.47194024744781604,0.3055113619798887,0.35321128250346007,1.0,0.36821379980563657,0.4997144182725347,0.36821379980563657,0.7265850045645964
Cultivar,Cluster+CART,43,1,,1.0,1.0,1.0,11.0,3.0,0.0,0.4484742501311511,0.013380281690140845,0.3351121527991754,0.40654907677356655,0.5260912419949618,0.3724434895724889,0.4984967447261249,0.3520096213519839,0.42333279875671437,1.0,0.40654907677356655,0.5302493379810453,0.40654907677356655,0.7224356980887593
Cultivar,RandomForest (reference),43,1,,1.0,1.0,1.0,,,,,,,,,,,,,,,,,
Cultivar,CART,43,2,,0.9166666666666666,0.9080851063829787,0.9427083333333333,9.0,3.0,0.0,0.31536326524435687,0.0,0.25125957140033467,0.40670748299319726,0.5151091447354738,0.3325144061968592,0.4861464809836551,0.3693793843295663,0.4391835680325771,0.96,0.36891933916423714,0.4685516675735278,0.36891933916423714,0.6933372206025267
Cultivar,VIF+CART,43,2,,0.9166666666666666,0.9080851063829787,0.9427083333333333,9.0,3.0,0.0,0.31536326524435687,0.0,0.2593523487777403,0.4217220602526725,0.5452035371919761,0.3325144061968592,0.4861464809836551,0.37435272756067234,0.44793833789257703,1.0,0.3945928085519922,0.518676165086388,0.3945928085519922,0.6656831875607386
Cultivar,RRF-style,43,2,,0.9166666666666666,0.9080851063829787,0.9270833333333333,9.0,3.0,0.0,0.17890041451934519,0.0,0.16354279484237172,0.4506666666666666,0.5712959002410088,0.4981148796420984,0.4981148796420984,0.4274109672133962,0.44402975742855766,0.96,0.42238095238095247,0.5374018973346648,0.42238095238095247,0.64
Cultivar,ACP-Gini,43,2,0.2,0.8611111111111112,0.8468085106382979,0.8888888888888888,9.0,3.0,0.0,0.08227616505877229,0.0,0.17299447898534448,0.35915646258503403,0.4640332066921206,0.22831083054551046,0.2446003623961226,0.2931686217165013,0.3146659579584505,0.96,0.35915646258503403,0.4675779596128914,0.35915646258503403,0.7033819241982507
Cultivar,ACP-Gini (nested),43,2,0.2,0.8611111111111112,0.8468085106382979,0.8888888888888888,9.0,3.0,0.0,0.08227616505877229,0.0,0.17299447898534448,0.35915646258503403,0.4640332066921206,0.22831083054551046,0.2446003623961226,0.2931686217165013,0.3146659579584505,0.96,0.35915646258503403,0.4675779596128914,0.35915646258503403,0.7033819241982507
Cultivar,Cluster+CART,43,2,,0.9444444444444444,0.9375,0.9461805555555555,9.0,3.0,0.0,0.30915577262860966,0.0,0.2474923346089172,0.3889601554907677,0.49838270998824297,0.3208293719027037,0.4823327771988492,0.36411292434201287,0.42953772190101025,0.96,0.3889601554907677,0.5022171449880787,0.3889601554907677,0.6886783284742468
Cultivar,RandomForest (reference),43,2,,0.9722222222222222,0.9680567879325643,1.0,,,,,,,,,,,,,,,,,
Cultivar,CART,43,3,,0.8285714285714286,0.8164335664335665,0.9311594202898551,9.0,4.0,0.6643356643356644,0.363731932994728,0.06755244755244755,0.31524854541999414,0.4223822481373502,0.5248555141145306,0.42450437616718834,0.3617503618325615,0.37662877510594583,0.3936996032532952,0.96,0.3742675736961451,0.47852180728454324,0.37495821185617106,0.7230285066407515
Cultivar,VIF+CART,43,3,,0.8285714285714286,0.8164335664335665,0.9311594202898551,9.0,4.0,0.6643356643356644,0.363731932994728,0.054265734265734264,0.3100495786164004,0.40837220602526725,0.5050458266642999,0.42450437616718834,0.3617503618325615,0.3680119301906907,0.3868304941863952,0.96,0.3566413994169096,0.45227274946951285,0.357067055393586,0.7330851959831551
Cultivar,RRF-style,43,3,,0.8285714285714286,0.8164335664335665,0.9311594202898551,9.0,4.0,0.6643356643356644,0.37270074351283944,0.0393006993006993,0.2616379176886639,0.5176171039844509,0.6384394319322144,0.531382701508016,0.35667672411253587,0.41103199435686877,0.40419123181667344,0.96,0.45720894071914475,0.5860688849376794,0.45720894071914475,0.7206067379332686
Cultivar,ACP-Gini,43,3,0.2,0.8285714285714286,0.8164335664335665,0.9311594202898551,9.0,4.0,0.6643356643356644,0.37270074351283944,0.052587412587412584,0.29001295380821507,0.45496015549076774,0.5693467895576173,0.531382701508016,0.33193319854077574,0.36446849036422063,0.3799048618917304,0.96,0.4043148688046647,0.5230481178722384,0.4043148688046647,0.7261250404923874
Cultivar,ACP-Gini (nested),43,3,0.8,0.8285714285714286,0.8164335664335665,0.9311594202898551,11.0,5.0,0.0,0.15868057889634704,0.013566433566433566,0.17909400247611895,0.42907094266277934,0.5328136185412953,0.21084417207576478,0.30064692784082564,0.29156947493391555,0.32931575696626475,0.96,0.42907094266277934,0.5361214210503393,0.42907094266277934,0.7089384515711047
Cultivar,Cluster+CART,43,3,,0.8285714285714286,0.8164335664335665,0.9311594202898551,9.0,4.0,0.6643356643356644,0.363731932994728,0.11902097902097904,0.3203618821002264,0.42262196307094263,0.5178295430395706,0.42450437616718834,0.3617503618325615,0.3687159035561819,0.4095089318722288,0.96,0.42262196307094263,0.5238186428075469,0.42262196307094263,0.7124195011337869
Cultivar,RandomForest (reference),43,3,,0.9428571428571428,0.9365942028985508,0.9927536231884059,,,,,,,,,,,,,,,,,
Cultivar,CART,43,4,,0.9142857142857143,0.891640866873065,0.8693181818181819,9.0,3.0,0.0,0.2677894450802971,0.059860139860139855,0.3390555223134264,0.4682128279883382,0.5795234993358858,0.2901533324628613,0.48525050817158927,0.4165127792558987,0.47872047208394813,0.92,0.40914868804664717,0.5113707146542453,0.40914868804664717,0.733245869776482
Cultivar,VIF+CART,43,4,,0.9142857142857143,0.891640866873065,0.8693181818181819,9.0,3.0,0.0,0.2677894450802971,0.024615384615384615,0.3272669826401464,0.4357696793002916,0.5344091296689131,0.2901533324628613,0.48525050817158927,0.3971312008088741,0.46317653960738864,0.94,0.3812147716229348,0.4701553937353147,0.3812147716229348,0.7491707159054097
Cultivar,RRF-style,43,4,,0.9142857142857143,0.891640866873065,0.8693181818181819,9.0,3.0,0.0,0.2677894450802971,0.0,0.25690456830347236,0.5368999028182702,0.6536474661293703,0.2901533324628613,0.48525050817158927,0.45560526526264716,0.4886859000791736,0.92,0.4605869776482021,0.5709255842749448,0.4605869776482021,0.7292458697764821
Cultivar,ACP-Gini,43,4,0.2,0.9142857142857143,0.891640866873065,0.8693181818181819,9.0,3.0,0.0,0.25652733506124803,0.025034965034965034,0.26912673292608513,0.3842108843537415,0.47402397253531064,0.3057791890821926,0.4832816410598753,0.3621107958575693,0.4164104080217362,0.92,0.3627939747327502,0.45446022299131983,0.3627939747327502,0.7531224489795919
Cultivar,ACP-Gini (nested),43,4,0.4,0.9142857142857143,0.891640866873065,0.8693181818181819,9.0,3.0,0.0,0.25652733506124803,0.013286713286713287,0.24476887416711837,0.3710262390670554,0.45213733409186474,0.3057791890821926,0.4832816410598753,0.34960003258437977,0.4011539185137327,0.92,0.356891156462585,0.44161810265390344,0.356891156462585,0.7609850988014254
Cultivar,Cluster+CART,43,4,,0.9142857142857143,0.891640866873065,0.8693181818181819,9.0,3.0,0.0,0.2677894450802971,0.011748251748251748,0.326063358237538,0.5060359572400388,0.6278926525022624,0.2901533324628613,0.48525050817158927,0.4064817695017842,0.4850573080860709,0.92,0.5060359572400388,0.6308882276042025,0.5060359572400388,0.6902468415937804
Cultivar,RandomForest (reference),43,4,,1.0,1.0,1.0,,,,,,,,,,,,,,,,,
Cultivar,CART,44,0,,0.9444444444444444,0.9345454545454546,0.9565972222222222,11.0,3.0,0.0,0.4202939567457445,0.026338028169014083,0.3009576836278022,0.45595335276967935,0.568687299000496,0.34201959543145277,0.4896241519380292,0.39437017119592555,0.4780017748516896,0.92,0.39342176870748297,0.4962338227384485,0.39342176870748297,0.7717797214123744
Cultivar,VIF+CART,44,0,,0.9444444444444444,0.9345454545454546,0.9565972222222222,11.0,3.0,0.0,0.4202939567457445,0.026338028169014083,0.30002139664960464,0.4615179786200194,0.5707333304657737,0.34201959543145277,0.4896241519380292,0.39527668179094744,0.47846000103979675,0.92,0.39176384839650147,0.49151264252525695,0.39176384839650147,0.7754120505344995
Cultivar,RRF-style,44,0,,0.9444444444444444,0.9345454545454546,0.9097222222222222,11.0,3.0,0.0,0.1483011520445615,0.01352112676056338,0.2351752207401975,0.5108571428571429,0.6422773977897689,0.3611092488149646,0.48892264718375145,0.44049534859518374,0.4757457591149788,0.92,0.4461924198250729,0.5754201609206007,0.4461924198250729,0.7312374473598964
Cultivar,ACP-Gini,44,0,0.2,0.9444444444444444,0.9345454545454546,0.9565972222222222,11.0,3.0,0.0,0.3919850085124927,0.0,0.252650593073831,0.3661778425655977,0.46424468489885395,0.2988952350835717,0.4806637353895618,0.3613736614690407,0.4187490939135571,0.92,0.354862973760933,0.4575475267990445,0.354862973760933,0.7766083576287658
Cultivar,ACP-Gini (nested),44,0,1.0,0.9444444444444444,0.9345454545454546,0.9131944444444445,11.0,3.0,0.0,0.1348728397301287,0.0,0.13224981584829895,0.3641350826044703,0.46331519297148244,0.35255870997881494,0.3193145883853644,0.2995252024776102,0.30827137136916233,0.92,0.3641350826044703,0.4678368788436417,0.3641350826044703,0.7264703595724005
Cultivar,Cluster+CART,44,0,,0.9444444444444444,0.9345454545454546,0.9565972222222222,11.0,3.0,0.0,0.4202939567457445,0.025774647887323945,0.2948480556211202,0.4389436345966958,0.5519585277539217,0.34201959543145277,0.4896241519380292,0.38404206065166124,0.47405655469071833,0.92,0.4389436345966958,0.5561621134452952,0.4389436345966958,0.7474295137968607
Cultivar,RandomForest (reference),44,0,,1.0,1.0,1.0,,,,,,,,,,,,,,,,,
Cultivar,CART,44,1,,0.9444444444444444,0.939799331103679,0.9583333333333333,9.0,3.0,0.0,0.4911550627161994,0.04774647887323944,0.34129421121657016,0.5139028182701653,0.6299003879519487,0.45824269742764434,0.4995601319003173,0.39349558122554334,0.44363626450273314,0.88,0.42345481049562683,0.5239547694941462,0.42345481049562683,0.7331473922902494
Cultivar,VIF+CART,44,1,,0.9444444444444444,0.939799331103679,0.9583333333333333,9.0,3.0,0.0,0.4911550627161994,0.01380281690140845,0.33221333767268896,0.4841525753158406,0.600575635781044,0.45824269742764434,0.4995601319003173,0.37441894555754096,0.44624924251999226,0.94,0.3794975704567541,0.4724526941740213,0.3794975704567541,0.7359287333981211
Cultivar,RRF-style,44,1,,0.9444444444444444,0.939799331103679,0.9583333333333333,9.0,3.0,0.0,0.49419312720437375,0.0,0.2530197458511271,0.6552108843537415,0.7482731192698753,0.49419312720437375,0.49419312720437375,0.42284577261040446,0.4443261897206788,0.88,0.5152244897959184,0.6213903554193907,0.5152244897959184,0.7165251052802074
Cultivar,ACP-Gini,44,1,0.2,0.9444444444444444,0.939799331103679,0.9583333333333333,9.0,3.0,0.0,0.49419312720437375,0.027464788732394364,0.2831701923893099,0.4270884353741497,0.5283432486972339,0.49419312720437375,0.49419312720437375,0.3616524639591326,0.37455736920260824,0.88,0.4009018464528669,0.5067588787884965,0.4009018464528669,0.7460145772594751
Cultivar,ACP-Gini (nested),44,1,0.8,0.9444444444444444,0.939799331103679,0.96875,11.0,3.0,0.0,0.16716838818163357,0.0,0.18331755733792715,0.34076967930029156,0.4120578933511713,0.4011188849958911,0.3348782219584191,0.31334137317931376,0.3089799490743169,0.88,0.33279397473275024,0.40837116442712906,0.33279397473275024,0.7703462908973113
Cultivar,Cluster+CART,44,1,,0.9444444444444444,0.939799331103679,0.9583333333333333,9.0,3.0,0.0,0.4911550627161994,0.01380281690140845,0.3364116539258511,0.5310874635568512,0.6506988603125362,0.45824269742764434,0.4995601319003173,0.38694438593079356,0.44808178738319965,0.88,0.5310874635568512,0.6536459485020097,0.5310874635568512,0.6874039520570133
Cultivar,RandomForest (reference),44,1,,0.9722222222222222,0.9693617021276595,0.9965277777777778,,,,,,,,,,,,,,,,,
Cultivar,CART,44,2,,0.9722222222222222,0.9680567879325643,0.9565972222222222,11.0,3.0,0.0,0.47019862138256896,0.0,0.30837762280375364,0.436002915451895,0.5164383865141179,0.4128216700990958,0.49677164575661775,0.37815471074273366,0.4420284439590747,0.82,0.38845578231292516,0.4662517757130354,0.38845578231292516,0.7676831875607386
Cultivar,VIF+CART,44,2,,0.9722222222222222,0.9680567879325643,0.9565972222222222,11.0,3.0,0.0,0.47019862138256896,0.0,0.31258748091847516,0.42847457078069323,0.5049476274805886,0.4128216700990958,0.49677164575661775,0.37617635139117306,0.4461049493216147,0.84,0.37219177194687403,0.44040944937569443,0.37219177194687403,0.768006478781989
Cultivar,RRF-style,44,2,,0.9722222222222222,0.9680567879325643,0.953125,11.0,3.0,0.323943661971831,0.27397880266566427,0.0,0.26346687273820923,0.4366608357628766,0.5263710928354973,0.618957168980529,0.5043296033951978,0.39568051132190063,0.43777319359013134,0.82,0.3779941690962099,0.46029999047639275,0.3779941690962099,0.7688072562358276
Cultivar,ACP-Gini,44,2,0.2,0.9722222222222222,0.9680567879325643,0.9513888888888888,11.0,3.0,0.0,0.44021258683038317,0.0,0.2692864519121701,0.3481030126336249,0.40514299710726653,0.327557546049881,0.4870816847454407,0.35021348431985255,0.40011632323490515,0.82,0.3411000971817299,0.40323503050882703,0.3411000971817299,0.7857479753806285
Cultivar,ACP-Gini (nested),44,2,0.2,0.9722222222222222,0.9680567879325643,0.9513888888888888,11.0,3.0,0.0,0.44021258683038317,0.0,0.2692864519121701,0.3481030126336249,0.40514299710726653,0.327557546049881,0.4870816847454407,0.35021348431985255,0.40011632323490515,0.82,0.3411000971817299,0.40323503050882703,0.3411000971817299,0.7857479753806285
Cultivar,Cluster+CART,44,2,,0.9722222222222222,0.9680567879325643,0.9565972222222222,11.0,3.0,0.0,0.47019862138256896,0.0,0.3100846711806563,0.44803304178814385,0.5427352001981376,0.4128216700990958,0.49677164575661775,0.3790847310892264,0.44772702455900515,0.82,0.44803304178814385,0.5487826477103733,0.44803304178814385,0.7663670229996761
Cultivar,RandomForest (reference),44,2,,1.0,1.0,1.0,,,,,,,,,,,,,,,,,
Cultivar,CART,44,3,,0.9428571428571428,0.9388111888111889,0.9710144927536232,13.0,4.0,0.0,0.5079848849748179,0.03902097902097902,0.36234715675225265,0.42371622934888237,0.5200933760362972,0.41714690415084776,0.5165285191886158,0.3958295622164234,0.44059151526362605,1.0,0.36854259799157757,0.46791994468864445,0.3686550048590865,0.7514852607709751
Cultivar,VIF+CART,44,3,,0.9428571428571428,0.9388111888111889,0.9710144927536232,13.0,4.0,0.0,0.5079848849748179,0.03902097902097902,0.3552903153581257,0.4158338192419825,0.5118803774158537,0.41714690415084776,0.5165285191886158,0.38900156521026064,0.4253707702838576,1.0,0.37223939099449305,0.47303618566459277,0.37196793002915446,0.7599507612568837
Cultivar,RRF-style,44,3,,0.9428571428571428,0.9388111888111889,0.9710144927536233,13.0,4.0,0.0,0.2413144388539611,0.03902097902097902,0.3159038128765715,0.42519533527696785,0.5515266538660589,0.4769786798025895,0.5166412093759254,0.40545106797476377,0.42927212723787866,1.0,0.36552186588921287,0.49465021697085254,0.36552186588921287,0.7598888888888888
Cultivar,ACP-Gini,44,3,0.2,0.9714285714285714,0.9688888888888889,1.0,13.0,4.0,0.0,0.3778863710281296,0.03902097902097902,0.2982682521394957,0.3892089407191448,0.49094025328612123,0.29896226517354546,0.31840736257769314,0.3374492748401485,0.36905199209629524,1.0,0.3658513119533528,0.4719912306998665,0.3658513119533528,0.7284554583738257
Cultivar,ACP-Gini (nested),44,3,0.6,0.9714285714285714,0.9688888888888889,1.0,13.0,4.0,0.0,0.1256476983450813,0.013146853146853146,0.25920651322490523,0.38783479105928087,0.5051555460246536,0.35255870997881494,0.3159426170846962,0.31203788157861245,0.3431720771340463,1.0,0.3738347910592808,0.4938524067269009,0.3738347910592808,0.735456430191124
Cultivar,Cluster+CART,44,3,,0.9714285714285714,0.9688888888888889,0.9963768115942029,13.0,4.0,0.0,0.5075735123414901,0.014125874125874125,0.35118560025041856,0.42186977648202145,0.515261216622634,0.4128216700990958,0.5122512967743461,0.38525683814648615,0.4412455638612161,1.0,0.42186977648202145,0.521391181841225,0.42186977648202145,0.7189514091350826
Cultivar,RandomForest (reference),44,3,,1.0,1.0,1.0,,,,,,,,,,,,,,,,,
Cultivar,CART,44,4,,0.9714285714285714,0.9659863945578231,0.9507575757575757,9.0,3.0,0.0,0.3158745664422421,0.011608391608391609,0.2985207650743133,0.4647152575315841,0.5787048739297801,0.3208293719027037,0.4851568696209493,0.41811444999665676,0.4849468967739373,0.98,0.4224509232264334,0.5328691620571849,0.4224509232264334,0.6946614836410755
Cultivar,VIF+CART,44,4,,0.9714285714285714,0.9659863945578231,0.9507575757575757,9.0,3.0,0.0,0.3158745664422421,0.011608391608391609,0.2985207650743133,0.4647152575315841,0.5787048739297801,0.3208293719027037,0.4851568696209493,0.41811444999665676,0.4849468967739373,0.98,0.4224509232264334,0.5328691620571849,0.4224509232264334,0.6946614836410755
Cultivar,RRF-style,44,4,,0.9714285714285714,0.9659863945578231,0.9488636363636364,9.0,3.0,0.0,0.17825840417296696,0.0,0.21423102728799534,0.48891156462585034,0.6220350289309774,0.45824269742764434,0.49751610873912505,0.4474296356388332,0.47984290769311405,0.98,0.4488435374149659,0.5826183600146897,0.4488435374149659,0.6689543245869777
Cultivar,ACP-Gini,44,4,0.2,0.9714285714285714,0.9659863945578231,0.9488636363636364,9.0,3.0,0.0,0.13530594183202377,0.011608391608391609,0.23531330187106214,0.381354713313897,0.4971890117197382,0.327557546049881,0.4857965205444128,0.3721079329536673,0.43760525291743363,0.98,0.3693955296404276,0.48689532318720496,0.3693955296404276,0.7223916423712342
Cultivar,ACP-Gini (nested),44,4,0.2,0.9714285714285714,0.9659863945578231,0.9488636363636364,9.0,3.0,0.0,0.13530594183202377,0.011608391608391609,0.23531330187106214,0.381354713313897,0.4971890117197382,0.327557546049881,0.4857965205444128,0.3721079329536673,0.43760525291743363,0.98,0.3693955296404276,0.48689532318720496,0.3693955296404276,0.7223916423712342
Cultivar,Cluster+CART,44,4,,0.9714285714285714,0.9659863945578231,0.9507575757575757,9.0,3.0,0.0,0.3158745664422421,0.0,0.2893933568966693,0.4577278911564626,0.5722246272992589,0.3208293719027037,0.4851568696209493,0.40985896902214053,0.4824136153720838,0.98,0.4577278911564626,0.5757547841753187,0.4577278911564626,0.6724687398769031
Cultivar,RandomForest (reference),44,4,,0.9428571428571428,0.9299999999999999,1.0,,,,,,,,,,,,,,,,,
Digits38,CART,42,0,,0.9722222222222222,0.9722007722007722,0.9702702702702702,23.0,5.0,0.0,0.2641730359676622,0.018245614035087718,0.31947822466110826,0.3356347212877825,0.443118871530572,0.2279704166456142,0.3546570149386389,0.2871142716477072,0.3765369958289936,0.82,0.3276356092886705,0.4411384378751607,0.34293812763200515,0.8173854612107914
Digits38,VIF+CART,42,0,,0.9722222222222222,0.9722007722007722,0.9702702702702702,23.0,5.0,0.0,0.2641730359676622,0.0,0.3087202504591539,0.3158950958338714,0.4198540790972509,0.2279704166456142,0.3546570149386389,0.27474444427939315,0.3662106112136981,0.82,0.3141431584288727,0.4253696632309147,0.3430417881438289,0.8248158272299929
Digits38,RRF-style,42,0,,0.9722222222222222,0.9722007722007722,0.9702702702702702,23.0,5.0,0.0,0.26393607506906336,0.018245614035087718,0.3235482997653005,0.3198598317781991,0.4335938742085895,0.2279704166456142,0.35562717644326636,0.3007001450768461,0.37875072293257694,0.82,0.31493464358770484,0.434050284322906,0.3343977972141237,0.8362985046832586
Digits38,ACP-Gini,42,0,0.2,0.9583333333333334,0.9583252942311402,0.9694980694980695,23.0,5.0,0.0,0.24912486694117758,0.010666666666666666,0.29258438986502333,0.26037496630353774,0.3419626731783654,0.19108898633617127,0.33233729492058456,0.24051623618788376,0.34726898998535327,0.82,0.25657369954308734,0.3461174352841008,0.2910787172011662,0.8470916227296781
Digits38,ACP-Gini (nested),42,0,0.2,0.9583333333333334,0.9583252942311402,0.9694980694980695,23.0,5.0,0.0,0.24912486694117758,0.010666666666666666,0.29258438986502333,0.26037496630353774,0.3419626731783654,0.19108898633617127,0.33233729492058456,0.24051623618788376,0.34726898998535327,0.82,0.25657369954308734,0.3461174352841008,0.2910787172011662,0.8470916227296781
Digits38,Cluster+CART,42,0,,0.9722222222222222,0.9722007722007722,0.9698841698841699,23.0,5.0,0.0,0.2708089528631091,0.0,0.3161885175548499,0.3016415579884968,0.39890013453793177,0.23640301394790356,0.3551964790793996,0.269633530585635,0.373283112970477,0.82,0.29689427805754337,0.4011261567998691,0.31385811467444114,0.8418967512588222
Digits38,RandomForest (reference),42,0,,1.0,1.0,1.0,,,,,,,,,,,,,,,,,
Digits38,CART,42,1,,0.9027777777777778,0.9023066485753053,0.9528957528957528,19.0,5.0,0.0,0.3972822496823533,0.0,0.3390498420101908,0.287917323039772,0.36503636896030134,0.32058750833819033,0.38477360570919034,0.3000836362804243,0.3579072990745455,0.6,0.27920850577993434,0.3631394946654217,0.29057337220602525,0.8500070530376652
Digits38,VIF+CART,42,1,,0.9027777777777778,0.9023066485753053,0.9528957528957528,19.0,5.0,0.0,0.3972822496823533,0.0,0.3369227992546799,0.28687301587301584,0.36109474026073446,0.32058750833819033,0.38477360570919034,0.29036126089157893,0.3466623592167952,0.54,0.2850116391544963,0.3677071520171721,0.3057551020408163,0.8404294197865628
Digits38,RRF-style,42,1,,0.9027777777777778,0.9023066485753053,0.9528957528957528,19.0,5.0,0.0,0.3972822496823533,0.0,0.3481488366723772,0.29368490466449654,0.37331753740649365,0.32058750833819033,0.38477360570919034,0.32295273888324205,0.3593474016485676,0.6,0.28748783189599514,0.37393661648605997,0.28952283770651116,0.8506048022272512
Digits38,ACP-Gini,42,1,0.2,0.9027777777777778,0.9023066485753053,0.9393822393822393,19.0,5.0,0.0,0.38674533976560727,0.0,0.3063450079148492,0.23170102006836701,0.29026266388513094,0.28471228726308034,0.37765922093491194,0.24384351931904014,0.32900771400521095,0.6,0.224478793315528,0.29074804936220844,0.24629024943310654,0.8713210780149555
Digits38,ACP-Gini (nested),42,1,0.8,0.9166666666666666,0.9164086687306501,0.9235521235521235,23.0,5.0,0.0,0.21709058027478964,0.0,0.24753036207129658,0.20923109316986863,0.2481525168932633,0.14719292009550788,0.2148316293892874,0.1942453559775869,0.2726123893685653,0.6,0.20599883789679707,0.2547025313729403,0.2233171363783609,0.8725843728942232
Digits38,Cluster+CART,42,1,,0.9305555555555556,0.9302190346966466,0.9826254826254828,21.0,5.0,0.0,0.29924857712764835,0.0,0.33627607991142183,0.2849292951946013,0.3698584719912207,0.2982890056519384,0.43112789893075365,0.2972260464886112,0.3553110253335632,0.6,0.2823530811592036,0.37462798767695865,0.29619533527696795,0.8656622339911656
Digits38,RandomForest (reference),42,1,,0.9722222222222222,0.9722007722007722,0.9984555984555985,,,,,,,,,,,,,,,,,
Digits38,CART,42,2,,0.9295774647887324,0.9295215405995632,0.940779014308426,17.0,4.0,0.0,0.2739256939830154,0.0,0.31537602846294954,0.3038786519602846,0.3911585444119008,0.2710517045401783,0.35024408837432414,0.2777718335179172,0.36262547936034023,0.6,0.3018896749508994,0.39661141321136234,0.3056261742792355,0.8463051302439057
Digits38,VIF+CART,42,2,,0.9295774647887324,0.9295215405995632,0.940779014308426,17.0,4.0,0.0,0.2739256939830154,0.0,0.3053340466749141,0.3134802204598123,0.4032380504056858,0.2710517045401783,0.3502440883743242,0.2674732013845289,0.3556077871649078,0.64,0.309555020942776,0.40704061156045407,0.3231671525753158,0.8343989326000131
Digits38,RRF-style,42,2,,0.9295774647887324,0.9295215405995632,0.9431637519872814,17.0,4.0,0.0,0.27332412977543274,0.0,0.32327032554243224,0.30792313808640337,0.4014757204800606,0.24932189566462973,0.36565184968368414,0.2947832952082731,0.36622955183205064,0.6,0.30523129251700676,0.4053218258045903,0.307792355037253,0.8570666499033845
Digits38,ACP-Gini,42,2,0.2,0.9154929577464789,0.915341812400636,0.9395866454689984,17.0,4.0,0.0,0.25484975296694734,0.0,0.271184239292219,0.23895302883057987,0.29922742334637575,0.1816117055893156,0.3138718041338177,0.21039142546547154,0.32520965097448423,0.6,0.23542570128284418,0.30491154935454917,0.25703109815354713,0.877244612996714
Digits38,ACP-Gini (nested),42,2,0.2,0.9154929577464789,0.915341812400636,0.9395866454689984,17.0,4.0,0.0,0.25484975296694734,0.0,0.271184239292219,0.23895302883057987,0.29922742334637575,0.1816117055893156,0.3138718041338177,0.21039142546547154,0.32520965097448423,0.6,0.23542570128284418,0.30491154935454917,0.25703109815354713,0.877244612996714
Digits38,Cluster+CART,42,2,,0.9295774647887324,0.9295215405995632,0.940779014308426,17.0,4.0,0.0,0.2739256939830154,0.0,0.3076865934319788,0.2684468184876348,0.3468583615084181,0.2710517045401783,0.3502440883743242,0.2633227994933819,0.3512449086777156,0.6,0.2607547894282588,0.34612390890165695,0.2626744412050534,0.8808601849664275
Digits38,RandomForest (reference),42,2,,0.9859154929577465,0.9859043081199126,1.0,,,,,,,,,,,,,,,,,
Digits38,CART,42,3,,0.9436619718309859,0.9436507936507936,0.9674603174603175,21.0,5.0,0.0,0.3534738360513276,0.0,0.34120279380724206,0.2984694421225033,0.3806052574234748,0.2574154884346875,0.37576598926232485,0.3029813737982777,0.38397167581232905,0.54,0.28654551117816424,0.3748132703506578,0.30537123420796886,0.8662321229524111
Digits38,VIF+CART,42,3,,0.9295774647887324,0.9295774647887324,0.9658730158730159,21.0,5.0,0.0,0.3495970356862431,0.0,0.33047264833526685,0.2833555877229347,0.36422489216693965,0.25519544831196517,0.3705461863615841,0.28544336869381387,0.37239053284590523,0.58,0.2823686381645565,0.3724430463133513,0.30244897959183675,0.8659011601310521
Digits38,RRF-style,42,3,,0.9295774647887324,0.9295774647887324,0.9777777777777777,21.0,5.0,0.0,0.36261748329878557,0.0,0.3435477584849502,0.2856894194241133,0.3724351767775414,0.3267283067862044,0.38760315717825194,0.31446528157548387,0.3894754094310585,0.54,0.276785876255264,0.36992758126980657,0.30585455134434725,0.8754579321572118
Digits38,ACP-Gini,42,3,0.2,0.9154929577464789,0.9154761904761904,0.9642857142857143,21.0,5.0,0.0,0.2722388510370772,0.007692307692307693,0.2926269656473114,0.22443272826946298,0.2738426799972299,0.2377300186098464,0.3695925286462495,0.2316467684616167,0.34925574822153754,0.54,0.2200857974225321,0.2793379285295639,0.25098477486232584,0.8938856307091602
Digits38,ACP-Gini (nested),42,3,0.2,0.9154929577464789,0.9154761904761904,0.9642857142857143,21.0,5.0,0.0,0.2722388510370772,0.007692307692307693,0.2926269656473114,0.22443272826946298,0.2738426799972299,0.2377300186098464,0.3695925286462495,0.2316467684616167,0.34925574822153754,0.54,0.2200857974225321,0.2793379285295639,0.25098477486232584,0.8938856307091602
Digits38,Cluster+CART,42,3,,0.9436619718309859,0.9435612082670906,0.9583333333333334,21.0,4.0,0.0,0.3934696828950663,0.0,0.32556212789674777,0.25338137372831254,0.32107991488652937,0.2389724833069867,0.3482578744065622,0.28788933635476277,0.36902577668264636,0.54,0.24988262757650512,0.3261308527116064,0.26545124716553287,0.8935437435713546
Digits38,RandomForest (reference),42,3,,0.971830985915493,0.9718253968253968,0.9992063492063492,,,,,,,,,,,,,,,,,
Digits38,CART,42,4,,0.9436619718309859,0.9436507936507936,0.9932539682539683,21.0,5.0,0.0,0.28650579138059373,0.01734265734265734,0.35790509559996403,0.3131984817903185,0.408575706751147,0.2652780463830247,0.3525533803891086,0.3155903393481834,0.3916381564944368,0.48,0.3064124061879164,0.40826707111940297,0.3232332361516035,0.865800457379089
Digits38,VIF+CART,42,4,,0.9436619718309859,0.9436507936507936,0.9932539682539683,21.0,5.0,0.0,0.28650579138059373,0.0,0.35541086726790466,0.3138397045131739,0.41073168957589645,0.2652780463830247,0.3525533803891086,0.3026821978348173,0.3893438625730479,0.48,0.3127415690885078,0.4176066340349706,0.3321561386459346,0.8660980915176595
Digits38,RRF-style,42,4,,0.9436619718309859,0.9436507936507936,0.9805555555555556,21.0,5.0,0.0,0.32092324695816493,0.01734265734265734,0.3592233995148112,0.3281802460577971,0.4294551794703755,0.2724772625843324,0.3532828519237048,0.3318436751182151,0.3943963596315758,0.48,0.3214139216792278,0.42839405573672223,0.3308409459021704,0.8729101537384851
Digits38,ACP-Gini,42,4,0.2,0.9436619718309859,0.9436507936507936,0.953968253968254,23.0,6.0,0.0,0.2417358184016783,0.01734265734265734,0.33199383421306794,0.26562264719407574,0.3458386501413592,0.1768469888539502,0.33472432542138975,0.26058401134325476,0.36912917238441273,0.48,0.2612015648750342,0.34887275821104596,0.29233171363783605,0.8885170042042791
Digits38,ACP-Gini (nested),42,4,0.2,0.9436619718309859,0.9436507936507936,0.953968253968254,23.0,6.0,0.0,0.2417358184016783,0.01734265734265734,0.33199383421306794,0.26562264719407574,0.3458386501413592,0.1768469888539502,0.33472432542138975,0.26058401134325476,0.36912917238441273,0.48,0.2612015648750342,0.34887275821104596,0.29233171363783605,0.8885170042042791
Digits38,Cluster+CART,42,4,,0.9436619718309859,0.9436507936507936,0.9932539682539683,21.0,5.0,0.0,0.28650579138059373,0.00867132867132867,0.36261928910081453,0.30708692214814665,0.4054499165651522,0.2652780463830247,0.3525533803891086,0.3084530575575393,0.39501177704006585,0.48,0.3034228673820511,0.4086579669389129,0.3337790735341755,0.8756078162200612
Digits38,RandomForest (reference),42,4,,0.971830985915493,0.9718253968253968,0.9992063492063492,,,,,,,,,,,,,,,,,
Digits38,CART,43,0,,0.9027777777777778,0.9012345679012346,0.9521235521235522,17.0,4.0,0.0,0.2943646389943768,0.010947368421052633,0.3347042613623577,0.29650066486801174,0.3953681602285474,0.31843640254814815,0.33367360451425154,0.2897062492331966,0.3738503237658304,0.66,0.28020450977593836,0.3818199002456401,0.2896297376093294,0.8696952807096865
Digits38,VIF+CART,43,0,,0.9027777777777778,0.9012345679012346,0.9521235521235522,17.0,4.0,0.0,0.2943646389943768,0.0,0.3210840840219054,0.2781597767312053,0.36984100121100755,0.31843640254814815,0.33367360451425154,0.2773890683615481,0.36251542798037734,0.52,0.27569298728482405,0.3750697521164015,0.29396663427275666,0.8791953877683012
Digits38,RRF-style,43,0,,0.9027777777777778,0.9012345679012346,0.9521235521235522,17.0,4.0,0.0,0.2943646389943768,0.001543859649122807,0.3366897496777012,0.28961395747110036,0.39259239552569325,0.31843640254814815,0.33367360451425154,0.29983567607077527,0.37283024628698264,0.66,0.2772694992082747,0.3834539609331229,0.2874635568513119,0.8730614278345371
Digits38,ACP-Gini,43,0,0.2,0.9305555555555556,0.9298928919182083,0.962934362934363,17.0,4.0,0.0,0.2788911205787324,0.009894736842105263,0.29972224270718417,0.24018326864545353,0.3147708632236709,0.21013450253399127,0.309010905726989,0.23947476148564983,0.3508306223148711,0.66,0.23503025079495668,0.31657922704148755,0.25692905733722055,0.8852078130619546
Digits38,ACP-Gini (nested),43,0,0.2,0.9305555555555556,0.9298928919182083,0.962934362934363,17.0,4.0,0.0,0.2788911205787324,0.009894736842105263,0.29972224270718417,0.24018326864545353,0.3147708632236709,0.21013450253399127,0.309010905726989,0.23947476148564983,0.3508306223148711,0.66,0.23503025079495668,0.31657922704148755,0.25692905733722055,0.8852078130619546
Digits38,Cluster+CART,43,0,,0.9027777777777778,0.9012345679012346,0.9521235521235522,17.0,4.0,0.0,0.2943646389943768,0.010947368421052633,0.32582400376193094,0.29231078671895,0.39180379292090306,0.31843640254814815,0.33367360451425154,0.2789742696973547,0.3679427235277234,0.66,0.2901231784088927,0.3969967672401332,0.3081613216715257,0.8641850381178112
Digits38,RandomForest (reference),43,0,,0.9861111111111112,0.9860869565217392,1.0,,,,,,,,,,,,,,,,,
Digits38,CART,43,1,,0.9305555555555556,0.9305421570519004,0.981081081081081,21.0,5.0,0.0,0.2509502027915804,0.0,0.3214751477072504,0.26575116266953,0.3266266693462934,0.22105046256181657,0.34216120792332066,0.27300670363541274,0.35038348388973417,0.44,0.25001603158746016,0.3180769876008439,0.2631551668286362,0.8805692878550021
Digits38,VIF+CART,43,1,,0.9305555555555556,0.9305421570519004,0.981081081081081,21.0,5.0,0.0,0.2509502027915804,0.0,0.3153251650698538,0.26776673779735005,0.3281940930337167,0.22105046256181657,0.34216120792332066,0.2629048885414049,0.3466312778599649,0.46,0.2636610634263696,0.33443635968979546,0.26937479753806287,0.8762070571152205
Digits38,RRF-style,43,1,,0.9444444444444444,0.9444015444015443,0.9687258687258686,21.0,5.0,0.0,0.2552009925097591,0.0,0.3244382635329612,0.26347974021443404,0.32908025011224923,0.2489878682418203,0.3613082611691068,0.28901845741637056,0.3531369434424332,0.44,0.25124382873362466,0.32403340554384413,0.26211532231940393,0.8859811009985079
Digits38,ACP-Gini,43,1,0.2,0.9583333333333334,0.9583252942311402,0.9837837837837837,21.0,5.0,0.0,0.22902007586241746,0.0,0.2950551552054987,0.217671079487406,0.25542709412951387,0.18260402640872878,0.33555936790018076,0.22921709005691654,0.3270749165771414,0.44,0.21069662537009473,0.2590946350060824,0.23029802397149338,0.8917965926963526
Digits38,ACP-Gini (nested),43,1,0.4,0.9583333333333334,0.9583252942311402,0.9837837837837837,21.0,5.0,0.0,0.22902007586241746,0.0,0.26891176829446517,0.20166452708289442,0.22617669216329608,0.18260402640872878,0.33555936790018076,0.21676535305381628,0.30447490760109736,0.44,0.19153814326263305,0.2258498210695038,0.21225137674117267,0.8981424606472626
Digits38,Cluster+CART,43,1,,0.9305555555555556,0.9305421570519004,0.981081081081081,21.0,5.0,0.0,0.2509502027915804,0.0,0.31803004222406306,0.25346463953546783,0.30778057095474887,0.22105046256181657,0.34216120792332066,0.26887122200141034,0.346510984499234,0.44,0.24918738617658182,0.31448865493775413,0.2416942014901199,0.8995013587852724
Digits38,RandomForest (reference),43,1,,1.0,1.0,1.0,,,,,,,,,,,,,,,,,
Digits38,CART,43,2,,0.8591549295774648,0.8584529505582137,0.9463434022257552,17.0,4.0,0.0,0.2941749813163926,0.0,0.3429530327232525,0.3593073887563683,0.47763701989153967,0.2889649374217768,0.3907899801590177,0.31789306272944595,0.38812074637401833,0.92,0.3471025776944144,0.46853532946993925,0.3696890184645287,0.7795134476701104
Digits38,VIF+CART,43,2,,0.8591549295774648,0.8584529505582137,0.9463434022257552,17.0,4.0,0.0,0.2941749813163926,0.0,0.33879766459217253,0.33744704728378194,0.4551642452769416,0.2889649374217768,0.3907899801590177,0.3047265810187621,0.3822558262209993,0.92,0.33332670730629915,0.45556926774053086,0.37448007774538383,0.7897596614403337
Digits38,RRF-style,43,2,,0.8591549295774648,0.8584529505582137,0.9439586645468998,17.0,4.0,0.0,0.29229031064190236,0.0,0.3433525106665693,0.34393255723867966,0.4665798993227601,0.2954033229705639,0.38968455800455665,0.3274955333690261,0.3920220116523864,0.92,0.3363825675458329,0.4621688684810652,0.36315095562034333,0.7983048196967765
Digits38,ACP-Gini,43,2,0.2,0.9154929577464789,0.9150717703349283,0.9483306836248012,17.0,4.0,0.0,0.273485757160844,0.0,0.3006577136372707,0.2813097809220258,0.3829883637846186,0.24558974980377088,0.37164285014625303,0.24386155072550178,0.3632220819222047,0.92,0.27852677028187234,0.386425311936255,0.3337544541626174,0.8119834755080854
Digits38,ACP-Gini (nested),43,2,0.2,0.9154929577464789,0.9150717703349283,0.9483306836248012,17.0,4.0,0.0,0.273485757160844,0.0,0.3006577136372707,0.2813097809220258,0.3829883637846186,0.24558974980377088,0.37164285014625303,0.24386155072550178,0.3632220819222047,0.92,0.27852677028187234,0.386425311936255,0.3337544541626174,0.8119834755080854
Digits38,Cluster+CART,43,2,,0.8732394366197183,0.8728358208955224,0.9471383147853736,17.0,4.0,0.0,0.28921206777903596,0.0,0.32723340962417424,0.30682648530607715,0.4088110235133077,0.30656158638610215,0.3843973916422323,0.29548688794235245,0.3718346156702056,0.92,0.2994694159382034,0.4056983996419105,0.314172335600907,0.8235196285991131
Digits38,RandomForest (reference),43,2,,0.971830985915493,0.9718253968253968,1.0,,,,,,,,,,,,,,,,,
Digits38,CART,43,3,,0.9436619718309859,0.9436507936507936,0.9511904761904763,19.0,5.0,0.0,0.2957819830618938,0.0,0.38190541178477616,0.29240162105468226,0.3767682797272292,0.28076778087368215,0.36581187373318164,0.3179176697251861,0.3873963640043201,0.6,0.29172402880566145,0.38410731128913966,0.30758503401360543,0.8381264993509892
Digits38,VIF+CART,43,3,,0.9436619718309859,0.9436507936507936,0.9511904761904763,19.0,5.0,0.0,0.2957819830618938,0.0,0.3729959806444537,0.28834006809517015,0.368565282817127,0.28076778087368215,0.36581187373318164,0.2992597277624315,0.3740549595276276,0.56,0.2877002294757397,0.3763476289345432,0.29748914804016846,0.8422330300085402
Digits38,RRF-style,43,3,,0.9295774647887324,0.9295215405995632,0.9507936507936509,19.0,5.0,0.0,0.2934512990673074,0.0,0.38649866165592145,0.3017216389053124,0.3894902294031475,0.2857030335437091,0.3650722125568056,0.3345952308991469,0.39151678472036905,0.6,0.3012290453310862,0.3961730530775222,0.31577712989957885,0.8397223793280216
Digits38,ACP-Gini,43,3,0.2,0.9577464788732394,0.9577464788732394,0.9670634920634922,19.0,5.0,0.0,0.24783066717796487,0.0,0.32127728445926373,0.22892865864294434,0.291908102325324,0.2298910247823115,0.3495978646141323,0.25403076275303405,0.34975694177573385,0.6,0.22763698433086188,0.29948348681513,0.24909005506964688,0.8739080851121669
Digits38,ACP-Gini (nested),43,3,0.2,0.9577464788732394,0.9577464788732394,0.9670634920634922,19.0,5.0,0.0,0.24783066717796487,0.0,0.32127728445926373,0.22892865864294434,0.291908102325324,0.2298910247823115,0.3495978646141323,0.25403076275303405,0.34975694177573385,0.6,0.22763698433086188,0.29948348681513,0.24909005506964688,0.8739080851121669
Digits38,Cluster+CART,43,3,,0.9436619718309859,0.9436507936507936,0.9511904761904763,19.0,5.0,0.0,0.2957819830618938,0.0,0.37809534263301536,0.2868178782668578,0.37212939380484183,0.28076778087368215,0.3658118737331816,0.3111787734041877,0.3862151397461296,0.6,0.2866385338017991,0.38001496530461604,0.3002526724975704,0.8487431248223565
Digits38,RandomForest (reference),43,3,,0.9295774647887324,0.9295215405995632,0.9944444444444444,,,,,,,,,,,,,,,,,
Digits38,CART,43,4,,0.9436619718309859,0.9435612082670906,0.9654761904761904,21.0,6.0,0.0,0.39619047264911395,0.006783216783216783,0.3316250056519091,0.33033632127509677,0.42225807548450717,0.3028103917785707,0.38669745051658405,0.28374143456504436,0.3794699633951435,0.6,0.326389093899298,0.42595937767101605,0.3635212180110139,0.8287391967776122
Digits38,VIF+CART,43,4,,0.9436619718309859,0.9435612082670906,0.9654761904761904,21.0,6.0,0.0,0.39619047264911395,0.0,0.32370766120183553,0.31943160694181105,0.41323091447394844,0.3028103917785707,0.38669745051658405,0.27053707756193035,0.37060135320690607,0.68,0.3148193711050854,0.4157866695389904,0.36465306122448976,0.8269070685883412
Digits38,RRF-style,43,4,,0.9436619718309859,0.9435612082670906,0.9682539682539683,21.0,6.0,0.0,0.33733001975441834,0.006783216783216783,0.33273067943441703,0.3315659895659896,0.42083881571123577,0.3223315107288248,0.3930281657087976,0.29530129180128495,0.3820178288325703,0.6,0.32714339628625344,0.4237017213330146,0.3608519598315516,0.8335404941197259
Digits38,ACP-Gini,43,4,0.2,0.9436619718309859,0.9435612082670906,0.9547619047619047,21.0,6.0,0.0,0.31395396854581514,0.006783216783216783,0.29664446494023045,0.25544236489134453,0.3172920309120515,0.23723536601478634,0.3661830153019152,0.22663447168899548,0.34777493741513915,0.6,0.2517920718737045,0.3236569473907117,0.3026339488176223,0.8609799642800843
Digits38,ACP-Gini (nested),43,4,0.2,0.9436619718309859,0.9435612082670906,0.9547619047619047,21.0,6.0,0.0,0.31395396854581514,0.006783216783216783,0.29664446494023045,0.25544236489134453,0.3172920309120515,0.23723536601478634,0.3661830153019152,0.22663447168899548,0.34777493741513915,0.6,0.2517920718737045,0.3236569473907117,0.3026339488176223,0.8609799642800843
Digits38,Cluster+CART,43,4,,0.9436619718309859,0.9435612082670906,0.9654761904761904,21.0,6.0,0.0,0.39619047264911395,0.006783216783216783,0.33374001175307144,0.28517183496775333,0.3705457040264723,0.3028103917785707,0.3866974505165841,0.28664268551262906,0.36291875491133524,0.6,0.28280343012996073,0.3762812800011933,0.31111661807580177,0.8715549961576371
Digits38,RandomForest (reference),43,4,,0.9859154929577465,0.9859154929577465,1.0,,,,,,,,,,,,,,,,,
Digits38,CART,44,0,,0.9583333333333334,0.9583252942311402,0.9980694980694982,19.0,4.0,0.0,0.3084238166738852,0.007859649122807018,0.33584396080187867,0.2973354513966759,0.38360425807036946,0.3238650849396585,0.3581289594012175,0.2953683375311264,0.3807415397461743,0.52,0.2880536323087343,0.3810281824059409,0.28717525105280206,0.8803863196960435
Digits38,VIF+CART,44,0,,0.9583333333333334,0.9583252942311402,0.9980694980694982,19.0,4.0,0.0,0.3084238166738852,0.0,0.32456427127794646,0.27989231630047956,0.3592581656735301,0.3238650849396585,0.3581289594012175,0.27980259814437564,0.3722595065300909,0.46,0.2748230794149161,0.3628923526577304,0.2989083252348559,0.8908978048761963
Digits38,RRF-style,44,0,,0.9583333333333334,0.9583252942311402,0.9857142857142858,19.0,4.0,0.0,0.3101620175357584,0.007859649122807018,0.34428012306914246,0.30573887110621806,0.4003219885573579,0.3115565664349154,0.3561696912464318,0.31472140785773783,0.38750876847944987,0.52,0.29720612720612716,0.39739684332913877,0.3029429867184969,0.8830604479554058
Digits38,ACP-Gini,44,0,0.2,0.9583333333333334,0.9583252942311402,0.9841698841698843,19.0,4.0,0.0,0.2928703226801937,0.007859649122807018,0.3011403487081109,0.22753216884489394,0.2833047741849109,0.26892247057050483,0.3405663216509742,0.24678547377782814,0.3518973111697117,0.52,0.22379875713189035,0.28903183321078807,0.25252024619371555,0.9015903361011405
Digits38,ACP-Gini (nested),44,0,0.2,0.9583333333333334,0.9583252942311402,0.9841698841698843,19.0,4.0,0.0,0.2928703226801937,0.007859649122807018,0.3011403487081109,0.22753216884489394,0.2833047741849109,0.26892247057050483,0.3405663216509742,0.24678547377782814,0.3518973111697117,0.52,0.22379875713189035,0.28903183321078807,0.25252024619371555,0.9015903361011405
Digits38,Cluster+CART,44,0,,0.9583333333333334,0.9583252942311402,0.9980694980694982,19.0,4.0,0.0,0.3073957993931463,0.007859649122807018,0.3410071206225885,0.2906447860529493,0.3782094727669276,0.299388153156586,0.35208934140350473,0.29377988930528853,0.3846137773405514,0.52,0.2846738907351152,0.37962880188511433,0.29906057661159696,0.8893352198022066
Digits38,RandomForest (reference),44,0,,1.0,1.0,1.0,,,,,,,,,,,,,,,,,
Digits38,CART,44,1,,0.9444444444444444,0.9442724458204335,0.9555984555984556,19.0,5.0,0.0,0.33480048458378775,0.008912280701754385,0.33322140254512095,0.3243788524400769,0.41974494607176893,0.3113743508803865,0.3787389212585662,0.28787539275964785,0.3668693520839133,0.54,0.3180450490552531,0.4196042575329059,0.3430835762876579,0.8447611570102568
Digits38,VIF+CART,44,1,,0.9444444444444444,0.9442724458204335,0.9555984555984556,19.0,5.0,0.0,0.3263701290203767,0.0,0.32761344956694605,0.34370498888866235,0.44637109189670077,0.268203370745952,0.3661139254941789,0.2783529167498809,0.3587704947909657,0.58,0.34158458774785305,0.4513717398968537,0.3728309037900875,0.8392206654223461
Digits38,RRF-style,44,1,,0.9444444444444444,0.9442724458204335,0.9555984555984556,19.0,5.0,0.0,0.33480048458378775,0.008912280701754385,0.3399119398194431,0.33399965793843345,0.4360808030958093,0.3113743508803865,0.3787389212585662,0.31010939103989243,0.3691937081984641,0.54,0.33010057516179964,0.4380089322785197,0.3499092970521541,0.8518409093241027
Digits38,ACP-Gini,44,1,0.2,0.9166666666666666,0.916083916083916,0.9548262548262547,21.0,5.0,0.0,0.2800054856896469,0.008912280701754385,0.2933218120083811,0.2651016670404426,0.3393825115221233,0.2529238921520099,0.36353930611384844,0.2379093569125999,0.33819578487092355,0.54,0.26264347897000956,0.34547895239473636,0.29277777777777775,0.8661084585682426
Digits38,ACP-Gini (nested),44,1,0.4,0.9166666666666666,0.916083916083916,0.9548262548262547,21.0,5.0,0.0,0.2800054856896469,0.008912280701754385,0.28776855994414274,0.2630257860053778,0.3323300507892908,0.2529238921520099,0.36353930611384844,0.22896863349219956,0.3328619296592865,0.54,0.2600855946774314,0.33815856041346737,0.28708292840945904,0.8643219732781557
Digits38,Cluster+CART,44,1,,0.9444444444444444,0.9442724458204335,0.9555984555984556,19.0,5.0,0.0,0.33480048458378775,0.008912280701754385,0.3293266133227887,0.2998185691859161,0.3871518227659966,0.3113743508803865,0.3787389212585661,0.28656973446567097,0.36302516113387917,0.54,0.296209935189527,0.391607065909726,0.3191201814058957,0.8621577822604232
Digits38,RandomForest (reference),44,1,,0.9722222222222222,0.9722007722007722,0.9992277992277993,,,,,,,,,,,,,,,,,
Digits38,CART,44,2,,0.9295774647887324,0.9290709290709291,0.9578696343402225,21.0,5.0,0.0,0.3132947034413962,0.0,0.32747939135459525,0.29217623079867977,0.3776622336144626,0.2832306024614414,0.3762424314310263,0.2807538910753093,0.3659427347304372,0.62,0.28380179344465056,0.3743125552930461,0.315821185617104,0.8664768869918931
Digits38,VIF+CART,44,2,,0.9295774647887324,0.9290709290709291,0.9578696343402225,21.0,5.0,0.0,0.3132947034413962,0.0,0.32592028270109474,0.2974559046395781,0.387927305791715,0.2832306024614414,0.3762424314310263,0.27270021046721193,0.3600646292946534,0.66,0.29458194639827295,0.39246690826732744,0.33572400388726914,0.8536246402656966
Digits38,RRF-style,44,2,,0.9295774647887324,0.9290709290709291,0.9888712241653418,21.0,5.0,0.0,0.2839509645254506,0.0,0.32970653557232477,0.2958318597502271,0.38670691884025826,0.27653874169096726,0.364363470840732,0.2988599647507025,0.3693990382668834,0.62,0.28815002004797924,0.38321511731058105,0.31933884029802395,0.8707781238369473
Digits38,ACP-Gini,44,2,0.2,0.9295774647887324,0.9290709290709291,0.9852941176470588,21.0,5.0,0.0,0.2280615546292639,0.0,0.2988791644720875,0.24267317749610662,0.30866227035213306,0.1868725102883871,0.35653648989494735,0.23218421837429243,0.3402522202553009,0.62,0.23772993479776194,0.3105018213237892,0.2715257531584062,0.8841535317423673
Digits38,ACP-Gini (nested),44,2,0.2,0.9295774647887324,0.9290709290709291,0.9852941176470588,21.0,5.0,0.0,0.2280615546292639,0.0,0.2988791644720875,0.24267317749610662,0.30866227035213306,0.1868725102883871,0.35653648989494735,0.23218421837429243,0.3402522202553009,0.62,0.23772993479776194,0.3105018213237892,0.2715257531584062,0.8841535317423673
Digits38,Cluster+CART,44,2,,0.9295774647887324,0.9290709290709291,0.958664546899841,23.0,5.0,0.0,0.2869889764171028,0.0,0.32759572334093096,0.28411696919860185,0.36037932183161325,0.23450372651052365,0.36742640515780206,0.27365282701356575,0.36101140070556914,0.62,0.2787302584037277,0.3630195546221011,0.27765144152899257,0.8858280060608993
Digits38,RandomForest (reference),44,2,,0.9577464788732394,0.9577464788732394,0.9976152623211446,,,,,,,,,,,,,,,,,
Digits38,CART,44,3,,0.9577464788732394,0.957712924359738,0.9674603174603174,21.0,5.0,0.0,0.25534329211703194,0.010419580419580418,0.3322880248214566,0.3029589820610229,0.3974012102321919,0.21826542044393216,0.37943020445407954,0.2978904518741865,0.38686485262043613,0.6,0.29389214640235045,0.39372652571886574,0.31549109167476513,0.8402414241087712
Digits38,VIF+CART,44,3,,0.9577464788732394,0.957712924359738,0.9674603174603174,21.0,5.0,0.0,0.25534329211703194,0.008391608391608392,0.3224525921367378,0.29441623229378333,0.3842067899709015,0.21826542044393216,0.37943020445407954,0.2804915662435119,0.37007279098514523,0.64,0.2858413242086711,0.38154162702900646,0.30422999676060897,0.8541667970551524
Digits38,RRF-style,44,3,,0.971830985915493,0.9718253968253968,0.9666666666666667,21.0,5.0,0.0,0.2715430038874815,0.010419580419580418,0.33773690815210017,0.3087733490998797,0.4082046642915833,0.22233814853254774,0.37819712429436514,0.31093086601803077,0.3895420749617829,0.6,0.2990432266146552,0.403461090969092,0.31262649821833494,0.8462022829777932
Digits38,ACP-Gini,44,3,0.2,0.971830985915493,0.9718253968253968,0.965079365079365,21.0,5.0,0.0,0.2386519828392615,0.01979020979020979,0.2975554077659874,0.26635126098391404,0.3468858725476498,0.183556461367077,0.3639477178953955,0.24830814740528281,0.35644454555034455,0.6,0.2579976452119309,0.34534119414333114,0.28842112082928406,0.8634812239914281
Digits38,ACP-Gini (nested),44,3,0.2,0.971830985915493,0.9718253968253968,0.965079365079365,21.0,5.0,0.0,0.2386519828392615,0.01979020979020979,0.2975554077659874,0.26635126098391404,0.3468858725476498,0.183556461367077,0.3639477178953955,0.24830814740528281,0.35644454555034455,0.6,0.2579976452119309,0.34534119414333114,0.28842112082928406,0.8634812239914281
Digits38,Cluster+CART,44,3,,0.9577464788732394,0.957712924359738,0.9674603174603174,21.0,5.0,0.0,0.25534329211703194,0.010419580419580418,0.3335949970639188,0.28104467641202335,0.36925108092800113,0.21826542044393216,0.37943020445407954,0.29626131950303114,0.3867540014586968,0.6,0.27736134840216475,0.3732509178851735,0.3097000323939099,0.8568923897231221
Digits38,RandomForest (reference),44,3,,0.9859154929577465,0.9859154929577465,1.0,,,,,,,,,,,,,,,,,
Digits38,CART,44,4,,0.9295774647887324,0.9293532338308458,0.9686507936507937,21.0,5.0,0.0,0.28345239785069853,0.008461538461538461,0.33180945694131947,0.31756018358059174,0.4145418034237127,0.24774818317919767,0.3456657358924755,0.29798634342464536,0.37403949884201276,0.68,0.30905537999415555,0.41195166907462955,0.33698088759313244,0.8381025064038271
Digits38,VIF+CART,44,4,,0.9295774647887324,0.9293532338308458,0.9686507936507937,21.0,5.0,0.0,0.28345239785069853,0.0,0.32711813700886977,0.3277115718748372,0.42940803184806353,0.24774818317919767,0.3456657358924755,0.2887271812676484,0.3684129669589536,0.7,0.32502557533169774,0.4336355320796678,0.359310009718173,0.8182000773003174
Digits38,RRF-style,44,4,,0.9295774647887324,0.9293532338308458,0.9714285714285714,21.0,5.0,0.0,0.24317332527631613,0.008461538461538461,0.33913009631863356,0.3263181535018269,0.43058982386215705,0.23901266000236063,0.34821039237541884,0.3113924338278709,0.37821998597176426,0.68,0.31901582544439683,0.4288476682357893,0.3457327502429543,0.8363730534504845
Digits38,ACP-Gini,44,4,0.2,0.9295774647887324,0.9293532338308458,0.9698412698412698,21.0,5.0,0.0,0.24022838907327101,0.008811188811188812,0.2965768824554036,0.2554123756062532,0.3316234108713502,0.19267461639877517,0.34559362769711266,0.2449201346482458,0.35156611836050017,0.68,0.2507931456298803,0.33444552029279606,0.3014480077745384,0.8553406893893087
Digits38,ACP-Gini (nested),44,4,0.2,0.9295774647887324,0.9293532338308458,0.9698412698412698,21.0,5.0,0.0,0.24022838907327101,0.008811188811188812,0.2965768824554036,0.2554123756062532,0.3316234108713502,0.19267461639877517,0.34559362769711266,0.2449201346482458,0.35156611836050017,0.68,0.2507931456298803,0.33444552029279606,0.3014480077745384,0.8553406893893087
Digits38,Cluster+CART,44,4,,0.9295774647887324,0.9293532338308458,0.9797619047619047,21.0,5.0,0.0,0.29057479578718703,0.008461538461538461,0.32704098290834127,0.2840179015995343,0.3690852622861068,0.2724772625843324,0.3468514846948532,0.29374646868584553,0.3674444639271119,0.68,0.2804525349933513,0.37377881715711303,0.3008357628765792,0.8672946174806918
Digits38,RandomForest (reference),44,4,,0.971830985915493,0.9718253968253968,0.9984126984126984,,,,,,,,,,,,,,,,,
