dataset,method,seed,fold,accuracy,macro_f1,auc,bootstrap_weighted_redundancy,bootstrap_set_redundancy,top5_jaccard,importance_rank_corr,feature_set_jaccard,structural_distance,path_flagged_boot,path_corr_boot,group_jaccard,group_import_corr
WDBC,CART,42,0,0.9210526315789472,0.9147486497714998,0.9480838519489028,0.5609586872027538,0.46106934888843,0.2663362487852284,0.3324083959724115,0.3345758866983356,0.8852099937794157,0.8027252747252747,0.481176036890457,0.6179197808993727,0.7265333414758813
WDBC,VIF+CART,42,0,0.8947368421052632,0.888961038961039,0.973960039305601,0.325491422483071,0.2806869856493723,0.2818467768059605,0.3233560996914216,0.3094064257737726,0.8741046022714668,0.432967032967033,0.3187348189369187,0.4587393490862878,0.3603383572253322
WDBC,RRF-style,42,0,0.9649122807017544,0.9629870129870132,0.9641336390435638,0.551462236125898,0.4542037149241972,0.2526728215095561,0.2834168357128318,0.2586196162114529,0.8791675720263302,0.8197802197802199,0.4888189498078535,0.6241091674765143,0.730919405625103
WDBC,ACP-Gini,42,0,0.912280701754386,0.9074675324675324,0.9664264657713724,0.4727503296593079,0.3109327447908686,0.2166504697116942,0.2491640785318583,0.284509338600575,0.9014924845915177,0.7095824175824176,0.3831545103943188,0.5038198558810804,0.517365390018077
WDBC,CART,42,1,0.9035087719298246,0.8946837994457042,0.9297412381264332,0.6701225539608512,0.4447657783601502,0.2641059280855199,0.3069185657454809,0.2872561463479831,0.891209806119549,0.880087912087912,0.5351708551647204,0.5466441970727685,0.6517801998518777
WDBC,VIF+CART,42,1,0.8947368421052632,0.881578947368421,0.9073042908614476,0.2991624020948547,0.2694814983903011,0.2500168448331713,0.3044314341490231,0.3157878458076537,0.8895611140983665,0.4609230769230769,0.3014300155159711,0.459104614206655,0.3115918790259103
WDBC,RRF-style,42,1,0.868421052631579,0.8509803921568628,0.936292171634458,0.6434571957775945,0.424309646990642,0.2331360544217687,0.2650466093515319,0.2325891251605537,0.8943991778739994,0.8795164835164835,0.5446246763352185,0.4888354389374797,0.5946282637597231
WDBC,ACP-Gini,42,1,0.8859649122807017,0.8708496732026143,0.9154929577464788,0.619989351879754,0.3325472478339529,0.2628756073858114,0.2940003413850903,0.2822497638416006,0.890014374637108,0.7981098901098901,0.4617408425607636,0.4757816650469711,0.5340062578513052
WDBC,CART,42,2,0.9298245614035088,0.922051282051282,0.9327050264550264,0.6163829560664413,0.4800345267679755,0.2635050210560414,0.3184725348470659,0.3075469847612704,0.8772578550720209,0.8389010989010989,0.5498983954173232,0.5253465264893835,0.6560725907941896
WDBC,VIF+CART,42,2,0.9473684210526316,0.9422297297297296,0.9837962962962964,0.365556830719559,0.2846699438194529,0.2414356980887593,0.2719068036197707,0.2838706350339003,0.8837864620667676,0.3914725274725274,0.3215624917384123,0.4069385738977575,0.3012887139829835
WDBC,RRF-style,42,2,0.956140350877193,0.9526381387619444,0.9651124338624338,0.573870866615301,0.4532713352314551,0.2318850016196955,0.2599744462685914,0.2308799952881585,0.886698212260853,0.7419780219780221,0.5368749440566174,0.5588328474246842,0.6721790161342142
WDBC,ACP-Gini,42,2,0.9649122807017544,0.9619111259605746,0.976686507936508,0.5102634722049134,0.3300209576129058,0.2271493359248461,0.2426098278616799,0.2584234668892531,0.8931903855571007,0.6158241758241758,0.3936057301981123,0.4451841808984666,0.4826280939066972
WDBC,CART,42,3,0.9298245614035088,0.9265700483091788,0.960648148148148,0.6507781244590408,0.4561644672263032,0.2291253644314869,0.2664469893191485,0.3003548036597256,0.9084559412889992,0.8732747252747254,0.4991622053385827,0.5700894955384751,0.6828725158508947
WDBC,VIF+CART,42,3,0.9298245614035088,0.925974025974026,0.9614748677248678,0.3902452139662826,0.2778907448829474,0.2388040168448331,0.2426423352320433,0.2863236559359008,0.8995158737840571,0.5764835164835165,0.332214934473709,0.4678231768231768,0.3237401947400062
WDBC,RRF-style,42,3,0.9298245614035088,0.9265700483091788,0.968584656084656,0.6152610278941263,0.4403805692824346,0.2210197602850664,0.246144287850487,0.239547513710779,0.9142545826376814,0.8715164835164836,0.5002490000209907,0.6008678328474247,0.7068311371031182
WDBC,ACP-Gini,42,3,0.9298245614035088,0.9265700483091788,0.9756944444444444,0.5671256138641868,0.3358847912351528,0.217168772270813,0.2342767517202185,0.2702819576048867,0.913559490454924,0.7725714285714287,0.412279113989557,0.486948484621954,0.5186388503055197
WDBC,CART,42,4,0.9469026548672568,0.9425813008130082,0.9694835680751176,0.6285206345907725,0.493007756026674,0.2499241982507288,0.3127286900997365,0.3252004168966954,0.8960126749605819,0.857017543859649,0.5723650268301622,0.609165856818918,0.7051217209748152
WDBC,VIF+CART,42,4,0.9469026548672568,0.943687707641196,0.9735077129443326,0.3373449459337754,0.2979076674064511,0.2831049562682215,0.3479721312126838,0.3380207581534112,0.8890390902797994,0.5283771929824561,0.3495500653029896,0.5110986383231281,0.4589979986569064
WDBC,RRF-style,42,4,0.9557522123893806,0.9518944231587908,0.9646210596914824,0.6328915351191248,0.4878405669763696,0.2353349530288306,0.2683436032249145,0.247517199353934,0.907979134327076,0.8529824561403508,0.557383404451971,0.6462079689018465,0.7452534703194534
WDBC,ACP-Gini,42,4,0.9469026548672568,0.9425813008130082,0.9557344064386318,0.5672895477068475,0.3470293496581385,0.2196177518626498,0.2184263749372514,0.2608226327494035,0.9124980760905708,0.7666666666666667,0.4711582796040277,0.4758360211217354,0.5144732246779656
WDBC,CART,43,0,0.9298245614035088,0.9246031746031746,0.9402227317392728,0.6241803186850506,0.468968429887531,0.2417557499190152,0.2628928172644146,0.2694770663510159,0.9107579132499524,0.8638681318681318,0.5732862938936824,0.5113635774656182,0.6374674928142059
WDBC,VIF+CART,43,0,0.9736842105263158,0.9715828832571666,0.9864068129708484,0.3590735832768164,0.2832505951286275,0.2832254616132167,0.3337885357035587,0.3104758812615955,0.8878553701538907,0.4826813186813187,0.3411475305888998,0.4363607322382832,0.3714764942197971
WDBC,RRF-style,43,0,0.9473684210526316,0.9439895185063872,0.9415329184408778,0.6071681206345436,0.4765900232886448,0.2219825072886297,0.240161847149374,0.2260985930169604,0.915850417184593,0.8563956043956042,0.6016957752487295,0.5224868804664723,0.6444258805995369
WDBC,ACP-Gini,43,0,0.9298245614035088,0.9246031746031746,0.9400589584015724,0.5410367596621525,0.3401788214432726,0.2106634272756721,0.2242656202660952,0.2452493088477482,0.91383614534199,0.7475164835164836,0.4203155186297529,0.4564058549160589,0.5191151071238784
WDBC,CART,43,1,0.9210526315789472,0.9155902920608804,0.9585653455617426,0.6378635806581555,0.4607445363626087,0.2583122772918691,0.2994296327725746,0.3058560792948548,0.9041174040455716,0.7931428571428571,0.511676233221573,0.5617356656948493,0.6578161750438613
WDBC,VIF+CART,43,1,0.9385964912280702,0.9354943011882628,0.9611857189649524,0.3677187951507636,0.2854335329221092,0.2882896015549076,0.3216201974468554,0.3220576351086555,0.884646146621734,0.5654945054945055,0.3335047008783494,0.4628178782668579,0.3700005367082492
WDBC,RRF-style,43,1,0.9210526315789472,0.9170641015277664,0.9441532918440878,0.6013142924325213,0.4441084823686357,0.2576025267249757,0.2887264948535426,0.2609022587389934,0.9068259290385474,0.7898901098901098,0.521968718864675,0.5961733074182054,0.6895331663591271
WDBC,ACP-Gini,43,1,0.9385964912280702,0.933693394266722,0.9649525057320668,0.5522967953776721,0.330011526143153,0.236261742792355,0.2572594611124215,0.2746761099378146,0.9172229758908412,0.7108131868131867,0.3970313508634882,0.4740682628029566,0.4998698144961703
WDBC,CART,43,2,0.912280701754386,0.9037162162162162,0.9161706349206348,0.6206235384809041,0.4792463412740777,0.2672108843537415,0.3469060536824105,0.3324536380652827,0.8789758261472737,0.8107252747252747,0.5159767989065007,0.6169478458049887,0.724671856306923
WDBC,VIF+CART,43,2,0.8947368421052632,0.881578947368421,0.9553571428571428,0.3526646497142344,0.2957989729513162,0.2389915775834143,0.2718893633201165,0.2865864702191232,0.8807863960756416,0.5239120879120879,0.3492215940557088,0.4575059906080314,0.3330852233716544
WDBC,RRF-style,43,2,0.8947368421052632,0.8869047619047619,0.9166666666666669,0.6292279907488711,0.4941489813570612,0.2899225785552316,0.3566062326622164,0.3042960984593638,0.8611171202553966,0.8369670329670329,0.5431747308723598,0.6815442176870748,0.7801935482932307
WDBC,ACP-Gini,43,2,0.9035087719298246,0.8921475875118259,0.91385582010582,0.5441701569931773,0.3458937534563077,0.2519080012957563,0.3004113848110067,0.3005560176784667,0.8822809857349885,0.7287912087912087,0.4608581587621318,0.4813753276202254,0.5429071852761019
WDBC,CART,43,3,0.9298245614035088,0.922972972972973,0.9680886243386244,0.6359789725701788,0.4590401727082934,0.2359118885649498,0.2946736190244836,0.3083285812493495,0.9061513291368865,0.8898021978021978,0.5139536017283463,0.54514706835115,0.6416184773111496
WDBC,VIF+CART,43,3,0.9210526315789472,0.9147486497714998,0.9403108465608466,0.2906100933628742,0.2794159851209846,0.2705526401036605,0.3268629275727738,0.327959392081841,0.8820148541443679,0.489010989010989,0.330396186090001,0.4964427364019201,0.4473507811300206
WDBC,RRF-style,43,3,0.956140350877193,0.9539245008487592,0.9745370370370372,0.6335186770608164,0.4698708796277239,0.2554275996112731,0.2967542173160487,0.2653798333186088,0.9003560436262341,0.8600439560439561,0.5254127435732314,0.6232604470359572,0.7318696632010856
WDBC,ACP-Gini,43,3,0.912280701754386,0.9066491975106452,0.9743716931216932,0.5677532621093154,0.3504828200347648,0.225341755749919,0.2465655707021512,0.2656115180671003,0.9128795008256756,0.8118241758241759,0.4315461478187556,0.5008017492711371,0.5462085369786254
WDBC,CART,43,4,0.9646017699115044,0.9627799736495388,0.9750167672702884,0.6238998831988481,0.4715484058869683,0.2335860058309038,0.2806593084720862,0.3132944136695637,0.9110878352430652,0.92359649122807,0.5080189962861857,0.5790877580469417,0.7042176185479859
WDBC,VIF+CART,43,4,0.9557522123893806,0.9536619371770688,0.9785378940308518,0.3139600651041564,0.2702822209397397,0.2648461289277616,0.2922225307726558,0.3076237979707367,0.8953306585485146,0.4636842105263157,0.3070135537722091,0.4981179206281246,0.387249744692495
WDBC,RRF-style,43,4,0.9734513274336284,0.9719672537831804,0.9849094567404426,0.6022591326548709,0.4676603425129134,0.2394855847100744,0.2518001559665517,0.2398405721262864,0.916885979971108,0.9030701754385964,0.5256784550912519,0.6120323939099449,0.7267533599656864
WDBC,ACP-Gini,43,4,0.9734513274336284,0.9717146433041302,0.9788732394366196,0.5427083920984659,0.3455111506134131,0.2042695173307418,0.2010439571700803,0.2613791016239996,0.9188925895994622,0.8132456140350878,0.4198337775806408,0.5125576237821136,0.5687653069916175
WDBC,CART,44,0,0.9473684210526316,0.9439895185063872,0.9572551588601376,0.620811206617822,0.4876879687671077,0.2585487528344671,0.3125626852928809,0.313177138054689,0.8908012507244515,0.8626813186813187,0.5558640525801772,0.5982044055717525,0.697953836200287
WDBC,VIF+CART,44,0,0.9210526315789472,0.9147486497714998,0.9513593187029152,0.3942922142085488,0.3008964342715234,0.2735821185617104,0.3209814837032465,0.3016876570141876,0.8688980295479306,0.4773626373626374,0.3616231376896113,0.4431332794189936,0.3240475928238538
WDBC,RRF-style,44,0,0.9649122807017544,0.9619111259605746,0.9749426793318048,0.6048122971119377,0.4760140992424375,0.237843537414966,0.2631173877132005,0.2436120093058869,0.9037976622094585,0.8488791208791209,0.5749438027775858,0.6245241334629089,0.7258772475457325
WDBC,ACP-Gini,44,0,0.9385964912280702,0.9349474199070678,0.9569276121847364,0.5404279547743094,0.3366904572809236,0.2144250080984775,0.2268877915853889,0.2518581984908515,0.9120128375201668,0.7627692307692306,0.4771253588774746,0.4821259534116677,0.5321333337697668
WDBC,CART,44,1,0.9473684210526316,0.9439895185063872,0.9814936128398296,0.5844593858072564,0.4356862318483881,0.245795270489148,0.317889148374929,0.3283184621167814,0.9043256186155236,0.8556923076923078,0.4932868333049289,0.5775517566333893,0.6556297141988142
WDBC,VIF+CART,44,1,0.912280701754386,0.9074675324675324,0.9502129053390108,0.3165238582591146,0.272835570428771,0.2242144476838354,0.2852933749221654,0.3242787845741027,0.893863840570427,0.6310769230769231,0.3063028478406827,0.5345448225244144,0.3828210243000341
WDBC,RRF-style,44,1,0.9473684210526316,0.9434523809523808,0.9595479855879464,0.5721668694973868,0.4354054933931127,0.2310463232912212,0.2789644079295023,0.2642883986761538,0.900812683974948,0.8099340659340659,0.4944817394970557,0.5371289277615808,0.5995222667036126
WDBC,ACP-Gini,44,1,0.9385964912280702,0.9343480049362404,0.9489027186374056,0.5133288149545566,0.3313751383988862,0.2271979267897635,0.2742476879807379,0.2971308079675426,0.9100074925573484,0.7115164835164834,0.3968147833440374,0.5087779816555327,0.5086077922506406
WDBC,CART,44,2,0.956140350877193,0.9531057178116,0.9639550264550264,0.6207339349424854,0.4608706234757329,0.2592290249433106,0.2873838447967049,0.3010667358518499,0.9014305381526037,0.8950769230769231,0.5264433746597141,0.5363305062284655,0.6565010891700827
WDBC,VIF+CART,44,2,0.9298245614035088,0.9253193580085162,0.9636243386243388,0.3741304564521356,0.2794037319824833,0.2438036929057336,0.2864406253124298,0.3004669143714761,0.8983164551363784,0.4281758241758241,0.3235415878891533,0.418972782319721,0.2720720060418061
WDBC,RRF-style,44,2,0.9473684210526316,0.9434523809523808,0.9578373015873016,0.5788147966060673,0.4577984597132601,0.2241486880466471,0.2291328589373805,0.2215275155683319,0.9091811346942156,0.8823736263736264,0.5163921047122997,0.5637366375121478,0.6724028048891757
WDBC,ACP-Gini,44,2,0.956140350877193,0.9531057178116,0.9654431216931216,0.5367645536131116,0.3463661161075212,0.2169420149011985,0.2190185451769104,0.255496106268015,0.916675179665705,0.7798681318681318,0.4222874076526055,0.4474164361715382,0.4790767891130652
WDBC,CART,44,3,0.956140350877193,0.9526381387619444,0.9647817460317462,0.5853557748695544,0.4360704264680767,0.2605442176870748,0.2614120058717014,0.2748142203268254,0.9012471185224707,0.8849230769230769,0.5138005366732918,0.5690562634644267,0.6989445166929794
WDBC,VIF+CART,44,3,0.9385964912280702,0.9329805996472662,0.96494708994709,0.3413840634960351,0.2835502685807147,0.309303530936184,0.3311988182928265,0.3108686857360326,0.8603422435080569,0.4878241758241758,0.3349505048877467,0.4469719713393182,0.3575723459123744
WDBC,RRF-style,44,3,0.956140350877193,0.9526381387619444,0.9723875661375662,0.5879237328086344,0.434925558599913,0.2099232264334305,0.2049557137288689,0.2174723235947725,0.9120152186695464,0.8411428571428573,0.5140659176260596,0.5367000323939098,0.6317332293373494
WDBC,ACP-Gini,44,3,0.956140350877193,0.9526381387619444,0.9647817460317462,0.5361865955560287,0.32605043011318,0.2296080336896663,0.2154243064680606,0.2496506062964646,0.9176165001850856,0.8067692307692308,0.420106057722808,0.487061786286276,0.5471146950175615
WDBC,CART,44,4,0.911504424778761,0.9052649228705568,0.9248826291079812,0.6281409992361605,0.4809149140636778,0.2220570132815031,0.2665755226138038,0.2921457037027264,0.9124294389645372,0.9051315789473684,0.5428655132769437,0.5689727891156462,0.6531668469520776
WDBC,VIF+CART,44,4,0.9646017699115044,0.9627799736495388,0.9849094567404426,0.3225348255657357,0.2812585179591524,0.3064839650145772,0.3659023879309933,0.3392557952251829,0.8727957588144718,0.4716666666666666,0.2951854585645584,0.4723433414657904,0.4059087397011505
WDBC,RRF-style,44,4,0.9292035398230089,0.9249169435215948,0.9495305164319248,0.6153257459832387,0.4600075404381892,0.2128299319727891,0.2457197152922897,0.2352948434785169,0.9040844639343724,0.8667982456140351,0.5255385301805581,0.5475714285714286,0.6336034892099679
WDBC,ACP-Gini,44,4,0.9292035398230089,0.9249169435215948,0.9595908786049632,0.565811679767785,0.3569017756597602,0.200527048914804,0.2123438442608722,0.2585197122472032,0.9129918286118452,0.8375877192982457,0.4622059523405511,0.4902067320434667,0.485998607253734
Wine,CART,42,0,0.7330769230769231,0.7085674452199182,0.7828583873999861,0.1813245987298655,0.2440760192870703,0.6191545189504374,0.6664860853432283,0.9760296846011132,0.5789472417113536,0.0769559361169905,0.2210566992392417,0.9776326530612246,0.753756338899196
Wine,VIF+CART,42,0,0.7338461538461538,0.7075232459847844,0.7840479811295281,0.1667230282717295,0.2378256542392634,0.6689795918367347,0.7785882214315671,0.996,0.5576279188833637,0.0853954204348662,0.2111805035309796,0.9955555555555556,0.8479312255985355
Wine,RRF-style,42,0,0.7346153846153847,0.7096784842951271,0.7846032946906418,0.1808408032730214,0.2449603786846315,0.6122934888241011,0.6608954206655937,0.951294990723562,0.5807658080893189,0.0752049259187993,0.2205878579314963,0.950421768707483,0.7488780416280719
Wine,ACP-Gini,42,0,0.7315384615384616,0.7093751341185393,0.7892279358383578,0.1306154125244506,0.2150542050356365,0.6933722060252673,0.8751965797579975,0.921806019377448,0.5208766825492029,0.0011776024629593,0.1552103575175145,0.9566462585034016,0.8708604315687187
Wine,CART,42,1,0.7476923076923077,0.7254523211641234,0.7919331789663526,0.1823731055669297,0.2444758689208858,0.5420602526724976,0.6034508348794063,0.9927272727272728,0.5781552180983376,0.1057186838560708,0.2201384056358825,0.992,0.7157105751391465
Wine,VIF+CART,42,1,0.75,0.7283501499057101,0.7980148813845138,0.1666546701883522,0.2379085550315292,0.5669484936831876,0.7271243042671615,1.0,0.5576450604635402,0.1243063305753319,0.2089770814015102,1.0,0.8250389610389609
Wine,RRF-style,42,1,0.7461538461538462,0.7227098679090644,0.792666804221402,0.1814986180347117,0.2434869698534094,0.529067055393586,0.5923433657823032,0.9629090909090908,0.5744456276726868,0.1024937463921493,0.2184602251322294,0.9591927437641724,0.7146457475849447
Wine,ACP-Gini,42,1,0.7384615384615385,0.7128855907541365,0.8032215828474338,0.1230324538501316,0.2200370458060125,0.6649173955296405,0.827958230024294,0.8652541743970316,0.5001852167686504,3.8483740619588224e-05,0.1492827495342158,0.9076349206349208,0.8516191415543297
Wine,CART,42,2,0.7598152424942263,0.7408975834292291,0.8019403510382714,0.1843162687762738,0.2454832058656094,0.6270068027210884,0.6834730983302413,0.9754359925788498,0.5664607816094578,0.1002308580223163,0.2180537667654729,0.9729795918367348,0.7533704390847247
Wine,VIF+CART,42,2,0.7590454195535027,0.7397151883540268,0.7968510102169377,0.1711667435048061,0.2377016667356554,0.6578328474246843,0.7761646076543048,0.9841632653061224,0.5439742567756373,0.1115275105809927,0.2100427047763378,0.9868480725623584,0.8444033262072284
Wine,RRF-style,42,2,0.7575057736720554,0.7353309293187367,0.8041719587649901,0.1829559965638195,0.2458473446519123,0.6702526724975705,0.7062054493185983,0.9488682745825604,0.5668205017755543,0.1009195844555598,0.2172398468480368,0.9437369614512472,0.7709831322499864
Wine,ACP-Gini,42,2,0.7513471901462664,0.7318827197375426,0.799352961279693,0.1289297130140461,0.2194867874959173,0.6437220602526725,0.8407414154850105,0.9060977118119976,0.4907989032540463,0.0003308964986533,0.1547172886082269,0.950938775510204,0.8297961526876617
Wine,CART,42,3,0.7467282525019245,0.7266569747175722,0.8065553158171254,0.1832165950769374,0.2445138257446204,0.6080369290573372,0.6561113172541744,0.9928756957328384,0.5635672994271675,0.1318814928818776,0.2236693101318906,0.9921632653061224,0.7366283240568954
Wine,VIF+CART,42,3,0.7490377213240954,0.729271192942079,0.8097637301259392,0.1697966276161876,0.2379785702173249,0.6006608357628767,0.7521282328275369,0.996,0.5510605850174967,0.1449980761831473,0.2146335645464549,0.9955555555555554,0.8275390417521213
Wine,RRF-style,42,3,0.7490377213240954,0.729271192942079,0.8119558065157845,0.1818093010600092,0.2437373147608255,0.5902235179786202,0.6517587788354844,0.9510871985157698,0.5657219697663153,0.1291804540207772,0.2222560933605701,0.9461950113378684,0.7372047793308739
Wine,ACP-Gini,42,3,0.7390300230946882,0.722835086747587,0.8045710977469688,0.1297631433671472,0.2237543943571827,0.6518950437317785,0.8098006529405881,0.8938742527313956,0.5000241768389757,0.0,0.1553603744479043,0.940244897959184,0.8364587152521284
Wine,CART,42,4,0.7344110854503464,0.7163247388779839,0.788654951652593,0.1844333587450704,0.2446514355511431,0.6622643343051507,0.7295584415584416,0.9963636363636365,0.5452190805988824,0.1545632935744517,0.2248497432347642,0.996,0.7958293135435992
Wine,VIF+CART,42,4,0.7344110854503464,0.7163247388779839,0.7853007545667113,0.1718246340306816,0.2379085550315292,0.6460738581146744,0.8129424860853434,1.0,0.533412313921156,0.160369372835706,0.2174810679872078,1.0,0.8755918367346938
Wine,RRF-style,42,4,0.7390300230946882,0.7214888133449284,0.7905375394386186,0.1815900821964977,0.2444866300297912,0.6745189504373178,0.7333016207699011,0.968,0.5526647188044772,0.1546363986148518,0.2226400337497512,0.964798185941043,0.7950393886070599
Wine,ACP-Gini,42,4,0.7421093148575828,0.725448122745664,0.7912676006003859,0.1302306112345336,0.2211768645052888,0.7229154518950438,0.8647694482574239,0.9187301587301588,0.5005053156229391,0.0003578299345902,0.1567634461656673,0.9673469387755104,0.8685856006790921
Wine,CART,43,0,0.7346153846153847,0.7180619509358646,0.8047932730639809,0.1862572006228187,0.2447890453576659,0.5724586977648203,0.6156883116883117,1.0,0.5578097727170254,0.1416701943428901,0.2285119753431974,1.0,0.7121682127396411
Wine,VIF+CART,43,0,0.7369230769230769,0.7180908804999544,0.8062707128137332,0.1713959873647058,0.2380683035002497,0.6082021379980563,0.7382998754881228,0.996,0.5387762017462235,0.1562093515489705,0.2174947134062106,0.9955555555555554,0.8170954162331153
Wine,RRF-style,43,0,0.7407692307692307,0.7227985388869802,0.8090740273733924,0.1841103290839629,0.2446364787005949,0.5558989310009719,0.613403291362383,0.96830426716141,0.5680227633248222,0.1373061381566288,0.2260001746300229,0.9651337868480724,0.7127313543871064
Wine,ACP-Gini,43,0,0.7461538461538462,0.7326663077291218,0.8123778883310279,0.1320132183899333,0.2180994244341356,0.6628862973760933,0.8142576454302204,0.8948979591836734,0.5201470216551515,0.0,0.1596517781455468,0.942312925170068,0.8349635448213191
Wine,CART,43,1,0.7384615384615385,0.7241610001098363,0.788905701134317,0.1774136367899824,0.243945739671078,0.5945189504373178,0.6592356215213359,0.9755844155844156,0.5797107921544945,0.0989994227438907,0.2185230165123734,0.9771428571428572,0.7653729128014841
Wine,VIF+CART,43,1,0.7338461538461538,0.7199078398405878,0.7865137771256664,0.1654706693051422,0.2373121546124187,0.6042662779397473,0.749954559290805,0.996,0.5580149625652605,0.1063382720800461,0.2101793325911244,1.0,0.845155225726654
Wine,RRF-style,43,1,0.7369230769230769,0.7231458994956099,0.7903411102704987,0.1757058422283954,0.2433681770607575,0.5966277939747329,0.6638070500927644,0.9528014842300556,0.5825688364061803,0.0962940157783336,0.2172758988542308,0.9559183673469388,0.7674706246134816
Wine,ACP-Gini,43,1,0.7430769230769231,0.728420636528988,0.7988682302054915,0.1234920595023024,0.2156900346257975,0.6572983479105928,0.8521784025612074,0.8898177695320552,0.5308531086975071,0.0,0.151539955879319,0.926219954648526,0.8411481126276498
Wine,CART,43,2,0.745958429561201,0.7164580908032596,0.794880819395349,0.1782154213709873,0.2447727477985327,0.6247230320699709,0.6941818181818182,0.9892393320964752,0.5667781195473216,0.1054636398614851,0.2162410790946426,0.9881632653061224,0.7647297464440321
Wine,VIF+CART,43,2,0.7505773672055427,0.7251648190908047,0.7978711737491518,0.1671377055494457,0.2372721812211841,0.6288241010689991,0.763749979993052,0.992,0.5485949403692119,0.1093305117352827,0.2085262977065543,0.9955555555555554,0.8371991579475138
Wine,RRF-style,43,2,0.745958429561201,0.7164580908032596,0.794880819395349,0.1776286753200072,0.2442860311886789,0.634402332361516,0.6959183673469389,0.9516141001855288,0.5703453467250001,0.1054020777222008,0.2173273998415242,0.9507755102040816,0.771834260977118
Wine,ACP-Gini,43,2,0.7621247113163973,0.7418549686315241,0.7984756206419891,0.1274097388066646,0.2152820436906144,0.6830709426627795,0.8622790454185634,0.9291133786848074,0.4977884370339663,0.0,0.1536686255752796,0.9671088435374152,0.858727784503819
Wine,CART,43,3,0.7405696689761355,0.7142846886595112,0.8027539314552123,0.1882240380410513,0.2459583696284374,0.608377065111759,0.6781595547309833,0.9787755102040816,0.5587563260782699,0.089957676029242,0.22228351925833,0.97665306122449,0.7701620284477426
Wine,VIF+CART,43,3,0.7421093148575828,0.7150944643875445,0.8040648415941076,0.1730922320371279,0.238663884531542,0.6115063168124393,0.7752370977752366,0.980326530612245,0.5497681734953518,0.0955944594074644,0.2124392402369207,0.978140589569161,0.8625315146024243
Wine,RRF-style,43,3,0.7405696689761355,0.7044707804372555,0.8010413319255077,0.1864800858679616,0.2454671925153569,0.5966666666666667,0.6885511469131885,0.9414990723562152,0.570607687979713,0.093078106964217,0.2205718452568519,0.9396371882086167,0.7797369118136477
Wine,ACP-Gini,43,3,0.7244033872209392,0.7047682290740844,0.8014340948854102,0.1291458670906646,0.2230687668200794,0.7020699708454811,0.8435180106932737,0.8908785817357247,0.506762632444256,0.0004501731435167,0.1563341928816726,0.9368321995464852,0.8496507252134821
Wine,CART,43,4,0.7428791377983064,0.7133382490525347,0.7752011497186967,0.1805363188221594,0.2445518139386054,0.6198931000971818,0.6822189239332097,0.9927272727272728,0.5640424332682287,0.1388033859176606,0.2134472287789794,0.992,0.7593469387755101
Wine,VIF+CART,43,4,0.737490377213241,0.7074913576496769,0.779734676373587,0.167642981446491,0.2382043572225097,0.6190573372206025,0.7710001968254574,0.996,0.5427846839652318,0.1495228934205463,0.2087154033345588,0.9955555555555554,0.8509663518400673
Wine,RRF-style,43,4,0.7428791377983064,0.7133382490525347,0.7756351021575094,0.1784185610216804,0.2435143856745906,0.6137803692905733,0.6751909270297447,0.9365640074211502,0.5753605971597374,0.1340669488264717,0.2119520175532339,0.9381043083900228,0.7561778555628629
Wine,ACP-Gini,43,4,0.7451886066204773,0.7190819196581699,0.7861010139171101,0.1305160575785321,0.2198656099995034,0.6896404275996113,0.8549362238133936,0.9141084312512884,0.5152438176213777,0.0,0.1520503763255029,0.9602675736961452,0.8640025746447445
Wine,CART,44,0,0.7546153846153846,0.7299340757812668,0.7979117153330225,0.1761568113041256,0.2445829811102353,0.647463556851312,0.7187903525046382,0.989090909090909,0.5692866842030411,0.1370906292091591,0.2145429232717876,0.988,0.7981842918985776
Wine,VIF+CART,44,0,0.7546153846153846,0.7299340757812668,0.7979117153330225,0.1635866805848127,0.2378685816402946,0.6554810495626823,0.8033185235683663,0.996,0.5509941827976512,0.1436559553588609,0.2074689585701203,0.9955555555555556,0.8775102664559975
Wine,RRF-style,44,0,0.7546153846153846,0.7318216533159505,0.7997827144643898,0.1749024847480762,0.2436294197425451,0.6382896015549077,0.7090315398886828,0.9520593692022264,0.5794601594960764,0.1241177602462959,0.212441810862867,0.9551020408163264,0.7872207792207792
Wine,ACP-Gini,44,0,0.7630769230769231,0.7396449704142012,0.8088562323757996,0.1257188769568743,0.2156400158144241,0.6716909620991255,0.8542925517648109,0.9106757369614512,0.5205673011426925,3.8483740619588224e-05,0.1496974290909808,0.9541950113378684,0.8561253160364705
Wine,CART,44,1,0.7507692307692307,0.7168403361344537,0.8054784994306762,0.1830536817710107,0.2447444278978576,0.55354713313897,0.6126159554730983,0.9856029684601114,0.5737365522826112,0.1058456802001154,0.228735086571038,0.9841632653061224,0.720747062461348
Wine,VIF+CART,44,1,0.75,0.7161379441937277,0.8096700978931198,0.1673946198711064,0.238164383831275,0.5760835762876579,0.7352251940411897,0.992,0.5530389873442475,0.1130613815662882,0.2177239891466929,0.9911111111111112,0.8279560678010189
Wine,RRF-style,44,1,0.75,0.7161379441937277,0.8096688242381634,0.1821042665609893,0.2449054898032194,0.5264237123420796,0.5988367411198775,0.9651057513914656,0.5723346058536829,0.1053069078314412,0.22747273392218,0.9616145124716552,0.6952085614501327
Wine,ACP-Gini,44,1,0.7607692307692308,0.7347723719799442,0.8099439337088068,0.1292074866314492,0.2213205189026955,0.627240038872692,0.8264025799968739,0.8842820037105752,0.5338021851458039,0.0,0.1605205617152483,0.927816326530612,0.824693040638636
Wine,CART,44,2,0.7729022324865281,0.754235565215551,0.8242946844379153,0.1871953768226456,0.2443678883533726,0.5732458697764821,0.6414311524107759,0.9751243042671612,0.5798333141022364,0.1383532127741439,0.2265927553402102,0.9726349206349209,0.7329924049290744
Wine,VIF+CART,44,2,0.7736720554272517,0.7551809286439582,0.8225234255051086,0.1722024373625562,0.2381383186860454,0.5936443148688048,0.7619104183500579,0.992,0.5522360493318209,0.1537629857637553,0.2136173721048844,0.9911111111111112,0.8514759699976032
Wine,RRF-style,44,2,0.7736720554272517,0.7549559838821447,0.8239184991354114,0.1860750857577216,0.2442947710875086,0.5818561710398445,0.6431971531210481,0.9587680890538034,0.5818095076294472,0.1427818391689111,0.225857731927914,0.9546303854875284,0.7374207213482278
Wine,ACP-Gini,44,2,0.7544264819091608,0.7374844868644366,0.8123970272434671,0.1288113327264436,0.2256121277423788,0.6726919339164237,0.8311157844095197,0.9049622758194186,0.498197975205817,0.0,0.1551832792955883,0.9503968253968256,0.8476740580746785
Wine,CART,44,3,0.7536566589684373,0.7315200429898623,0.7989053645299342,0.1832817943294215,0.245189142888667,0.6648396501457727,0.7215361781076067,0.971948051948052,0.5626291147079532,0.1236167756829549,0.2197683002825801,0.9691428571428572,0.7813531230674087
Wine,VIF+CART,44,3,0.7451886066204773,0.7249953149894115,0.8008360240146496,0.1720552655163725,0.2386899496767717,0.6741107871720117,0.8014593883719442,0.9801632653061226,0.5468053391151396,0.1237668333974605,0.2109663059128163,0.9779591836734692,0.8579839081397983
Wine,RRF-style,44,3,0.7513471901462664,0.7291333794270818,0.7980879584997475,0.1835994438730831,0.2448214166326884,0.6570942662779398,0.7216441965579755,0.934100185528757,0.5688212279324454,0.1172220084647941,0.2188140934233306,0.9274920634920636,0.7836328913270317
Wine,ACP-Gini,44,3,0.7505773672055427,0.7260064579969794,0.7972871301269594,0.1299981061700815,0.2199664549191775,0.7331000971817299,0.8707824472888994,0.8845491651205937,0.5146955847710888,0.0,0.1530705836928811,0.9288185941043086,0.8781674992282814
Wine,CART,44,4,0.75211701308699,0.7318648266100496,0.7962950672371014,0.1832221052750755,0.2453068894654904,0.5719241982507289,0.6275324675324675,0.9928756957328386,0.5747991330923465,0.1037398999615236,0.2196355353061101,0.9921632653061224,0.7145726654298082
Wine,VIF+CART,44,4,0.75211701308699,0.7318648266100496,0.7947877206775784,0.1693755057915478,0.2379085550315292,0.5848396501457727,0.7407272727272728,1.0,0.5521848142964726,0.1091612158522508,0.2098275513047542,1.0,0.8258008658008658
Wine,RRF-style,44,4,0.7498075442648191,0.7299802941738935,0.7944533220335521,0.1822633050440949,0.2451046147781248,0.5729737609329447,0.6330808182666189,0.954330241187384,0.5861964828437847,0.1022508657175836,0.2193240850739818,0.9497596371882084,0.7256945263076388
Wine,ACP-Gini,44,4,0.7405696689761355,0.7210039099718621,0.7901189029682346,0.1283577747050513,0.2187462457305087,0.648804664723032,0.8402013587114776,0.8678499278499279,0.5275185909651788,0.0004347826086956,0.1547297768503177,0.9086734693877552,0.8385433361752304
Pima,CART,42,0,0.7662337662337663,0.7210144927536233,0.7722222222222221,0.1777852453576283,0.1697839100421438,0.6254907677356658,0.6343245869776483,0.9498979591836736,0.6729182351768864,0.0,0.1666788894185118,0.9498979591836736,0.6343245869776483
Pima,VIF+CART,42,0,0.7662337662337663,0.7210144927536233,0.7722222222222221,0.1777852453576283,0.1697839100421438,0.6254907677356658,0.6343245869776483,0.9498979591836736,0.6729182351768864,0.0,0.1666788894185118,0.9498979591836736,0.6343245869776483
Pima,RRF-style,42,0,0.7662337662337663,0.7210144927536233,0.7722222222222221,0.1769106128653316,0.1688171854297712,0.6256656948493684,0.6047497587803765,0.8862244897959184,0.6723959999097743,0.0,0.1667623908839669,0.8862244897959184,0.6047497587803765
Pima,ACP-Gini,42,0,0.7597402597402597,0.7114498404820986,0.7669444444444444,0.1742074226940588,0.1691267953449969,0.6388532555879496,0.6400044748676437,0.919067055393586,0.6687115772111971,0.0,0.1624427358534055,0.919067055393586,0.6400044748676437
Pima,CART,42,1,0.7532467532467533,0.7186538461538461,0.7899074074074075,0.1834600994823889,0.1694862889005681,0.6280563654033042,0.6465111758989311,0.9313265306122448,0.6678365052591715,0.0,0.176187604010922,0.9313265306122448,0.6465111758989311
Pima,VIF+CART,42,1,0.7532467532467533,0.7186538461538461,0.7899074074074075,0.1834600994823889,0.1694862889005681,0.6280563654033042,0.6465111758989311,0.9313265306122448,0.6678365052591715,0.0,0.176187604010922,0.9313265306122448,0.6465111758989311
Pima,RRF-style,42,1,0.7532467532467533,0.7186538461538461,0.7899074074074075,0.1833119370294754,0.1685350978737339,0.6439844509232264,0.6688126186989444,0.863804664723032,0.6759185252219884,0.0,0.1763259191161335,0.863804664723032,0.6688126186989444
Pima,ACP-Gini,42,1,0.7532467532467533,0.7156462585034014,0.7858333333333334,0.1816964973437548,0.1691413814947457,0.647648202137998,0.6726645090427408,0.915116618075802,0.6675563448218336,0.0,0.1718122552670162,0.915116618075802,0.6726645090427408
Pima,CART,42,2,0.7532467532467533,0.7156462585034014,0.7656481481481483,0.17549027975338,0.1693336157991153,0.7233041788143829,0.7654004436154761,0.9363556851311956,0.6687741294520149,0.0,0.1659152041314759,0.9363556851311956,0.7654004436154761
Pima,VIF+CART,42,2,0.7532467532467533,0.7156462585034014,0.7656481481481483,0.17549027975338,0.1693336157991153,0.7233041788143829,0.7654004436154761,0.9363556851311956,0.6687741294520149,0.0,0.1659152041314759,0.9363556851311956,0.7654004436154761
Pima,RRF-style,42,2,0.7532467532467533,0.7156462585034014,0.7670370370370372,0.174466311354878,0.1679784480072545,0.735860058309038,0.7626822728544925,0.878586005830904,0.6650396895571123,0.0,0.1652355559542527,0.878586005830904,0.7626822728544925
Pima,ACP-Gini,42,2,0.7532467532467533,0.7156462585034014,0.7780555555555555,0.1740847748836467,0.1685097707722202,0.7462001943634596,0.7804516052915991,0.8938969873663752,0.6636501279647563,0.0,0.1626723521474945,0.8938969873663752,0.7804516052915991
Pima,CART,42,3,0.7124183006535948,0.6621838619028503,0.7520754716981132,0.1775103059500569,0.169682517453747,0.6695043731778425,0.6966718628104924,0.889139941690962,0.6600929052364858,0.0,0.168174649500424,0.889139941690962,0.6966718628104924
Pima,VIF+CART,42,3,0.7124183006535948,0.6621838619028503,0.7520754716981132,0.1775103059500569,0.169682517453747,0.6695043731778425,0.6966718628104924,0.889139941690962,0.6600929052364858,0.0,0.168174649500424,0.889139941690962,0.6966718628104924
Pima,RRF-style,42,3,0.7058823529411765,0.6524307133121308,0.7664150943396226,0.1779619400369579,0.1690658433737393,0.6691448007774539,0.6821242754385523,0.8662682215743441,0.6680228961822109,0.0,0.1677220904142638,0.8662682215743441,0.6821242754385523
Pima,ACP-Gini,42,3,0.7189542483660131,0.6717884759291595,0.7631132075471698,0.1759125736759812,0.1697738023679657,0.6946258503401361,0.7341013471531437,0.8692419825072886,0.6587785555214165,0.0,0.1648249491893223,0.8692419825072886,0.7341013471531437
Pima,CART,42,4,0.7124183006535948,0.6732038834951457,0.6789622641509434,0.1831456531692278,0.1703668351515189,0.6829057337220603,0.7597469138338091,0.9165451895043734,0.654068894736232,0.0,0.1690184916187745,0.9165451895043734,0.7597469138338091
Pima,VIF+CART,42,4,0.7124183006535948,0.6732038834951457,0.6789622641509434,0.1831456531692278,0.1703668351515189,0.6829057337220603,0.7597469138338091,0.9165451895043734,0.654068894736232,0.0,0.1690184916187745,0.9165451895043734,0.7597469138338091
Pima,RRF-style,42,4,0.6993464052287581,0.6468285828984344,0.708679245283019,0.1822668270922078,0.1678987411107987,0.6946452866861029,0.7756872956693752,0.8273032069970846,0.6650447416499154,0.0,0.168645514198629,0.8273032069970846,0.7756872956693752
Pima,ACP-Gini,42,4,0.6928104575163399,0.6276601253041992,0.6861320754716982,0.1810658198437188,0.1698810397827146,0.6921963070942663,0.7721421262062975,0.8620699708454812,0.6656893779195022,0.0,0.1657049892051177,0.8620699708454812,0.7721421262062975
Pima,CART,43,0,0.7337662337662337,0.66190093708166,0.7828703703703703,0.1809917341257828,0.1682066716896827,0.6661807580174928,0.6998056365403306,0.9039795918367348,0.6510811083845482,0.0,0.167701664103908,0.9039795918367348,0.6998056365403306
Pima,VIF+CART,43,0,0.7337662337662337,0.66190093708166,0.7828703703703703,0.1809917341257828,0.1682066716896827,0.6661807580174928,0.6998056365403306,0.9039795918367348,0.6510811083845482,0.0,0.167701664103908,0.9039795918367348,0.6998056365403306
Pima,RRF-style,43,0,0.7532467532467533,0.6977272727272728,0.7653703703703704,0.1803148608650866,0.1667339419446742,0.6531389698736637,0.7062165450752439,0.8529154518950438,0.653691133643986,0.0,0.1677422466892165,0.8529154518950438,0.7062165450752439
Pima,ACP-Gini,43,0,0.7337662337662337,0.66190093708166,0.7811111111111111,0.179888380646977,0.1683469373911216,0.6898639455782313,0.7135571320905554,0.9001749271137027,0.6568980688811168,0.0,0.1646956266257397,0.9001749271137027,0.7135571320905554
Pima,CART,43,1,0.7012987012987013,0.6594230769230769,0.7814814814814814,0.1801773658060339,0.1694279975153772,0.6551603498542274,0.6960722255601902,0.9262390670553936,0.6484613279165707,0.0,0.1647348598520315,0.9262390670553936,0.6960722255601902
Pima,VIF+CART,43,1,0.7012987012987013,0.6594230769230769,0.7814814814814814,0.1801773658060339,0.1694279975153772,0.6551603498542274,0.6960722255601902,0.9262390670553936,0.6484613279165707,0.0,0.1647348598520315,0.9262390670553936,0.6960722255601902
Pima,RRF-style,43,1,0.7012987012987013,0.6594230769230769,0.7781481481481483,0.1798352166435106,0.1677957022427889,0.6667832847424684,0.7102468935231961,0.821622934888241,0.6570380846117385,0.0,0.1642702510014091,0.821622934888241,0.7102468935231961
Pima,ACP-Gini,43,1,0.7012987012987013,0.6594230769230769,0.7888888888888889,0.1798212355009193,0.1689066172138302,0.6639844509232264,0.7216543070285277,0.8925218658892129,0.6572315866660978,0.0,0.1618292648753111,0.8925218658892129,0.7216543070285277
Pima,CART,43,2,0.7272727272727273,0.6979263964132263,0.7511111111111112,0.1820251319262947,0.1712778139100349,0.6852380952380953,0.7295380526968004,0.9434110787172012,0.6893440676478579,0.0,0.1741623391621665,0.9434110787172012,0.7295380526968004
Pima,VIF+CART,43,2,0.7272727272727273,0.6979263964132263,0.7511111111111112,0.1820251319262947,0.1712778139100349,0.6852380952380953,0.7295380526968004,0.9434110787172012,0.6893440676478579,0.0,0.1741623391621665,0.9434110787172012,0.7295380526968004
Pima,RRF-style,43,2,0.7142857142857143,0.6957614942528736,0.739074074074074,0.1810703370182979,0.1709140541789152,0.7000485908649174,0.7455650864039303,0.8745821185617105,0.6857209965374226,0.0,0.1735202509518932,0.8745821185617105,0.7455650864039303
Pima,ACP-Gini,43,2,0.7142857142857143,0.6957614942528736,0.7379629629629629,0.179690971016228,0.1698837471630176,0.6875996112730807,0.7484178892361691,0.8842857142857142,0.6743964770522844,0.0,0.1710748675264768,0.8842857142857142,0.7484178892361691
Pima,CART,43,3,0.7843137254901961,0.7536231884057971,0.830754716981132,0.1826182000666045,0.1696600876610625,0.6941010689990282,0.7296826581077065,0.9348396501457727,0.6644645132844637,0.0,0.172556611733616,0.9348396501457727,0.7296826581077065
Pima,VIF+CART,43,3,0.7843137254901961,0.7536231884057971,0.830754716981132,0.1826182000666045,0.1696600876610625,0.6941010689990282,0.7296826581077065,0.9348396501457727,0.6644645132844637,0.0,0.172556611733616,0.9348396501457727,0.7296826581077065
Pima,RRF-style,43,3,0.7843137254901961,0.7536231884057971,0.830754716981132,0.1828708283336606,0.1689520534383818,0.6750631681243926,0.7184233748733085,0.8661661807580174,0.667994418550961,0.0,0.1724163539684984,0.8661661807580174,0.7184233748733085
Pima,ACP-Gini,43,3,0.7777777777777778,0.7474757281553398,0.8102830188679246,0.1809686048097521,0.1689274168303715,0.6964431486880467,0.7411283311650408,0.9054081632653062,0.6637314433793038,0.0,0.1675728420911375,0.9054081632653062,0.7411283311650408
Pima,CART,43,4,0.7450980392156863,0.7118087418497947,0.7764150943396226,0.1742464034560162,0.1682732682320314,0.6754713313896987,0.6664766531032141,0.9225072886297376,0.6648771223679862,0.0,0.1657965714573524,0.9225072886297376,0.6664766531032141
Pima,VIF+CART,43,4,0.7450980392156863,0.7118087418497947,0.7764150943396226,0.1742464034560162,0.1682732682320314,0.6754713313896987,0.6664766531032141,0.9225072886297376,0.6648771223679862,0.0,0.1657965714573524,0.9225072886297376,0.6664766531032141
Pima,RRF-style,43,4,0.7450980392156863,0.7118087418497947,0.7850943396226415,0.1749443494679779,0.1673396347577603,0.6687657920310981,0.6627527862366038,0.8821574344023325,0.6667442373020444,0.0,0.1674670207539333,0.8821574344023325,0.6627527862366038
Pima,ACP-Gini,43,4,0.7450980392156863,0.70566763675825,0.7747169811320755,0.1733051011124634,0.1679353373447267,0.6881632653061226,0.7052672497570458,0.9202040816326532,0.6542683141166098,0.0,0.1618161545917137,0.9202040816326532,0.7052672497570458
Pima,CART,44,0,0.7142857142857143,0.6806184012066365,0.7264814814814815,0.1820264619858869,0.1697865453638466,0.6468318756073859,0.6407630395812818,0.9299271137026238,0.6553172563410957,0.0,0.1735507635000638,0.9299271137026238,0.6407630395812818
Pima,VIF+CART,44,0,0.7142857142857143,0.6806184012066365,0.7264814814814815,0.1820264619858869,0.1697865453638466,0.6468318756073859,0.6407630395812818,0.9299271137026238,0.6553172563410957,0.0,0.1735507635000638,0.9299271137026238,0.6407630395812818
Pima,RRF-style,44,0,0.7142857142857143,0.6806184012066365,0.7264814814814815,0.1818716041053442,0.1691680959934378,0.6467638483965014,0.665518377493169,0.8566763848396503,0.6591541874973567,0.0,0.1743534239270152,0.8566763848396503,0.665518377493169
Pima,ACP-Gini,44,0,0.7142857142857143,0.6806184012066365,0.7491666666666666,0.1794322696316054,0.1692321165019437,0.6291350826044704,0.6359249548454359,0.9069679300291544,0.6554456253274202,0.0,0.1683489868324063,0.9069679300291544,0.6359249548454359
Pima,CART,44,1,0.7272727272727273,0.6890384615384615,0.7948148148148148,0.1703803989485087,0.1688883219935423,0.7364528668610302,0.7367261446359723,0.9040962099125366,0.6629557429258159,0.0,0.158391613178488,0.9040962099125366,0.7367261446359723
Pima,VIF+CART,44,1,0.7272727272727273,0.6890384615384615,0.7948148148148148,0.1703803989485087,0.1688883219935423,0.7364528668610302,0.7367261446359723,0.9040962099125366,0.6629557429258159,0.0,0.158391613178488,0.9040962099125366,0.7367261446359723
Pima,RRF-style,44,1,0.7272727272727273,0.6890384615384615,0.8141666666666667,0.169933898983955,0.1681313973230633,0.7317395529640428,0.7436989874254099,0.8432701652089406,0.6689588858277576,0.0,0.158827164790654,0.8432701652089406,0.7436989874254099
Pima,ACP-Gini,44,1,0.7272727272727273,0.6890384615384615,0.7948148148148148,0.1690213714796331,0.1689952970947721,0.7125850340136055,0.7341516126346522,0.8799562682215742,0.6570923373508692,0.0,0.1557493329196064,0.8799562682215742,0.7341516126346522
Pima,CART,44,2,0.7857142857142857,0.7569235184388003,0.8314814814814815,0.1830490178326675,0.1711754478188786,0.6346064139941691,0.6758794946550051,0.9706122448979592,0.6648499709454908,0.0,0.1687021449648106,0.9706122448979592,0.6758794946550051
Pima,VIF+CART,44,2,0.7857142857142857,0.7569235184388003,0.8314814814814815,0.1830490178326675,0.1711754478188786,0.6346064139941691,0.6758794946550051,0.9706122448979592,0.6648499709454908,0.0,0.1687021449648106,0.9706122448979592,0.6758794946550051
Pima,RRF-style,44,2,0.7597402597402597,0.7326765188834155,0.8038888888888889,0.1829347914632033,0.1705434930888681,0.6541496598639456,0.6856505009489093,0.904737609329446,0.668296095302042,0.0,0.1688104373021062,0.904737609329446,0.6856505009489093
Pima,ACP-Gini,44,2,0.7597402597402597,0.7326765188834155,0.8072222222222223,0.1814054485860861,0.1713306906351387,0.6604178814382896,0.7208163265306123,0.9428571428571428,0.6556062098729959,0.0,0.1650916934171752,0.9428571428571428,0.7208163265306123
Pima,CART,44,3,0.6862745098039216,0.6357142857142857,0.7583018867924529,0.1841529391854076,0.1700863170765638,0.6297473275024295,0.6777797638019519,0.9314285714285714,0.6605846805655059,0.0,0.1742803088486698,0.9314285714285714,0.6777797638019519
Pima,VIF+CART,44,3,0.6862745098039216,0.6357142857142857,0.7583018867924529,0.1841529391854076,0.1700863170765638,0.6297473275024295,0.6777797638019519,0.9314285714285714,0.6605846805655059,0.0,0.1742803088486698,0.9314285714285714,0.6777797638019519
Pima,RRF-style,44,3,0.6862745098039216,0.6357142857142857,0.7583018867924529,0.1845273558157283,0.1707392446305864,0.6437706511175899,0.6958969958589847,0.8565403304178812,0.6682538015017424,0.0,0.1737385862811862,0.8565403304178812,0.6958969958589847
Pima,ACP-Gini,44,3,0.6862745098039216,0.6357142857142857,0.7523584905660378,0.1828384691660846,0.1699805050922504,0.6379689018464529,0.7011695506522746,0.8897084548104958,0.6590121078830734,0.0,0.1697708376217162,0.8897084548104958,0.7011695506522746
Pima,CART,44,4,0.7581699346405228,0.7341379796177148,0.8183962264150944,0.1807915467134346,0.1700863181086487,0.6637803692905735,0.7096085315355047,0.9267930029154516,0.6753240813804348,0.0,0.1694410148611558,0.9267930029154516,0.7096085315355047
Pima,VIF+CART,44,4,0.7581699346405228,0.7341379796177148,0.8183962264150944,0.1807915467134346,0.1700863181086487,0.6637803692905735,0.7096085315355047,0.9267930029154516,0.6753240813804348,0.0,0.1694410148611558,0.9267930029154516,0.7096085315355047
Pima,RRF-style,44,4,0.7581699346405228,0.7341379796177148,0.8270754716981132,0.181451146455843,0.1679919641142178,0.6489601554907677,0.6874417540345301,0.8532215743440232,0.686077093958165,0.0,0.1691277705664564,0.8532215743440232,0.6874417540345301
Pima,ACP-Gini,44,4,0.7581699346405228,0.7341379796177148,0.8270754716981132,0.1790980501789499,0.1693281320370746,0.6740816326530612,0.6944013718193812,0.903804664723032,0.6798986192083977,0.0,0.1642088239273413,0.903804664723032,0.6944013718193812
Ionosphere,CART,42,0,0.9014084507042254,0.8961337513061651,0.9824786324786324,0.1634098027379083,0.1821951098999404,0.3080077745383867,0.3726232589020092,0.324032239683121,0.8850280136419523,0.0,0.1521595936660595,0.3257303544934807,0.3658479493932875
Ionosphere,VIF+CART,42,0,0.9014084507042254,0.8961337513061651,0.9824786324786324,0.1624194633723897,0.1803077211419932,0.3084936831875607,0.3798954102483154,0.3293839820450675,0.8853408241158798,0.0,0.1512572582572581,0.3308554663430824,0.3729507949294868
Ionosphere,RRF-style,42,0,0.9014084507042254,0.8961337513061651,0.9824786324786324,0.161988017436072,0.1813189956778568,0.3062228701004211,0.3640937874457838,0.3059635186075762,0.8937505414725413,0.0,0.1535939750261091,0.3079293079203043,0.3590252014210044
Ionosphere,ACP-Gini,42,0,0.8873239436619719,0.8786324786324786,0.9465811965811964,0.1386195741766688,0.1536066720206206,0.2984612892776158,0.3978752738977989,0.3390316756739325,0.8833696911326476,0.0,0.1214989329366394,0.3391779341773339,0.3899723815652229
Ionosphere,CART,42,1,0.9285714285714286,0.9215070643642072,0.9079999999999998,0.1625484480864772,0.1803031428763767,0.3161807580174927,0.4175854413462609,0.3602331524018198,0.8762108187709444,0.0,0.1467823105893765,0.3639582016622833,0.4144958862411907
Ionosphere,VIF+CART,42,1,0.9285714285714286,0.9215070643642072,0.9079999999999998,0.1620523730692284,0.1778848199386916,0.3160511823777129,0.4117476743531311,0.3558769409195579,0.8768350990595009,0.0,0.1435844495964136,0.3588391241944663,0.4076026438092804
Ionosphere,RRF-style,42,1,0.9285714285714286,0.9215070643642072,0.9079999999999998,0.1611488474473141,0.1778439155710626,0.3123874311629413,0.4071386409080668,0.3476111541519704,0.8772277732774861,0.0,0.1447273692483973,0.349996483108728,0.4022842421887939
Ionosphere,ACP-Gini,42,1,0.9,0.8878975062914665,0.8973333333333333,0.139538205017057,0.1550400760043334,0.3038224813735017,0.4174017625832493,0.3626368065041535,0.8609263889291128,0.0,0.1088384210262422,0.363413993036442,0.4096423541122231
Ionosphere,CART,42,2,0.8857142857142857,0.8731884057971014,0.8755555555555555,0.1833734961447651,0.1888791068098511,0.2827437641723356,0.3643275552082098,0.3309543886818796,0.8954036633704605,0.0,0.1827733107753859,0.3316765961795974,0.3551500876320003
Ionosphere,VIF+CART,42,2,0.8857142857142857,0.8731884057971014,0.8755555555555555,0.1825016573011929,0.1865781029393757,0.2832879818594104,0.3671172138838073,0.3326350305023774,0.8946425799020731,0.0,0.1815619927309722,0.3333572380000951,0.3580042504976584
Ionosphere,RRF-style,42,2,0.8714285714285714,0.858712715855573,0.8986666666666666,0.1819945108958766,0.1898288957946125,0.2949238743116294,0.3572908397139429,0.3184032079032079,0.8967537099842653,0.0,0.1835893124776941,0.3191519512233798,0.34896195883781
Ionosphere,ACP-Gini,42,2,0.8857142857142857,0.8731884057971014,0.8937777777777777,0.1669008444759402,0.1653448883909606,0.2434272756721736,0.2780016846177953,0.2726362548349343,0.9010789408121692,0.0,0.1611809583047763,0.2726362548349343,0.266709396723071
Ionosphere,CART,42,3,0.9,0.8901098901098901,0.9106666666666668,0.1613623711363979,0.1763760585448861,0.3137252996436669,0.4032441718244262,0.3529761247156205,0.8870093953376309,0.0,0.1692332521795259,0.3534861726908545,0.3947288479633355
Ionosphere,VIF+CART,42,3,0.9,0.8901098901098901,0.9106666666666668,0.1622192277056182,0.1756831542982696,0.3157985098801425,0.40499720972371,0.3536450923359687,0.885656827259373,0.0,0.1683566169222341,0.3540795100591019,0.3965242837814087
Ionosphere,RRF-style,42,3,0.9,0.8901098901098901,0.9106666666666668,0.1616455773783038,0.1774537033599092,0.3144412050534499,0.3909537171412078,0.3330838495904522,0.8910646981790846,0.0,0.1681562362778211,0.3335348644286219,0.3834398577054644
Ionosphere,ACP-Gini,42,3,0.9,0.8901098901098901,0.9475555555555556,0.1465580170178901,0.1581796028679531,0.306012309685779,0.3909525029553913,0.3351725763898633,0.885203414897721,0.0,0.1379685624570245,0.3354861641626347,0.3832000546480708
Ionosphere,CART,42,4,0.8571428571428571,0.8470279720279721,0.891111111111111,0.1832952251561043,0.2018496785776365,0.3155620343375445,0.4181229315206539,0.3504289514673668,0.8503243084360422,0.0,0.1625734966019753,0.354376567143674,0.4156398715043587
Ionosphere,VIF+CART,42,4,0.8571428571428571,0.8470279720279721,0.891111111111111,0.1811317346011898,0.1973979118779932,0.3156851311953352,0.4230008371083464,0.3534453225179516,0.8488732686456334,0.0,0.1587905270247838,0.3573922723934728,0.4205230051524133
Ionosphere,RRF-style,42,4,0.8571428571428571,0.8470279720279721,0.8728888888888888,0.1820161073594103,0.2033669780966274,0.3144185293164884,0.4142473258893496,0.3396985667393831,0.8575510369550685,0.0,0.1610938083841608,0.343222629977732,0.411697782967467
Ionosphere,ACP-Gini,42,4,0.8571428571428571,0.8470279720279721,0.8648888888888888,0.1562145613781469,0.1630145552873164,0.3056138645934564,0.3927636263743751,0.329404907750646,0.8633743869118106,0.0,0.1295533081239499,0.3295466435658513,0.3855361448476554
Ionosphere,CART,43,0,0.8732394366197183,0.8623141564318035,0.8965811965811965,0.1729704723405932,0.1796965507779171,0.3122092646582442,0.3952789961425438,0.3395971707364265,0.8849261001471176,0.0017142857142857,0.146129273979991,0.343843452799035,0.3922768197631425
Ionosphere,VIF+CART,43,0,0.8732394366197183,0.8623141564318035,0.8965811965811965,0.1717861789984191,0.178660805404911,0.3172465176546808,0.4049803466364191,0.3468034882284582,0.8831732045026442,0.0017142857142857,0.1414813605051703,0.3510929040280781,0.4021221535211174
Ionosphere,RRF-style,43,0,0.8732394366197183,0.8623141564318035,0.8965811965811965,0.1723623202598835,0.1780697842294647,0.3063297700032394,0.3856653364268559,0.3287256145215328,0.888623470948665,0.0017142857142857,0.1457073803846285,0.3331834673263245,0.3831829288969439
Ionosphere,ACP-Gini,43,0,0.8732394366197183,0.8623141564318035,0.8965811965811965,0.1533492272128183,0.1566311890323409,0.3209685779073534,0.4344345354293961,0.3669237124087064,0.880008526118403,0.0,0.1213594965674508,0.3695519755021555,0.4299801623451091
Ionosphere,CART,43,1,0.9,0.8853801169590643,0.9084444444444444,0.1744361270920996,0.1854943944090283,0.3128182701652089,0.3817753578324918,0.3368083303216304,0.8983986947669046,0.0,0.1627518939359164,0.3372029948001073,0.3727636166605116
Ionosphere,VIF+CART,43,1,0.9,0.8853801169590643,0.9084444444444444,0.1740602194504132,0.185159879740461,0.3128182701652089,0.3819673540696233,0.336679145114414,0.8984518623998727,0.0,0.1605831616238656,0.3370738095928909,0.3729716353565547
Ionosphere,RRF-style,43,1,0.9142857142857144,0.9005681818181819,0.9013333333333332,0.1755761330877256,0.1861767147168849,0.3099643666990605,0.3617822034824923,0.3107128717620914,0.9018123883371096,0.0,0.1613879371755457,0.3109020617237903,0.35367700016467
Ionosphere,ACP-Gini,43,1,0.9428571428571428,0.935245143385754,0.9497777777777776,0.15296531609303,0.1673602321969223,0.2802526724975704,0.3431069468731517,0.3072891157128852,0.9108056475155956,0.0,0.1387420214578051,0.3075704568207569,0.3337554408367457
Ionosphere,CART,43,2,0.8714285714285714,0.858712715855573,0.9128888888888887,0.1588734147161381,0.1753953557456115,0.34297052154195,0.4390199333636404,0.3589188413294055,0.8311178740735826,0.0,0.1457333153117959,0.359454971865536,0.4332406196765653
Ionosphere,VIF+CART,43,2,0.8714285714285714,0.858712715855573,0.9128888888888887,0.1587280598206022,0.1752429070968097,0.3428571428571428,0.4387813431316768,0.3587461568710068,0.831171895682226,0.0,0.1456991190865261,0.3591172143849214,0.4327716227207359
Ionosphere,RRF-style,43,2,0.8714285714285714,0.858712715855573,0.9128888888888887,0.1582512398903922,0.1775625166171938,0.3434402332361516,0.4281844033583905,0.3426431935411527,0.8363828866141687,0.0,0.1457358225676487,0.3431764697887147,0.4232799893267314
Ionosphere,ACP-Gini,43,2,0.8714285714285714,0.858712715855573,0.8826666666666666,0.1401429306255032,0.1544088397904026,0.3413929381276319,0.4384494972516532,0.3573280692896539,0.831029948958394,0.0,0.1139105895229125,0.3573280692896539,0.4323702016432247
Ionosphere,CART,43,3,0.8857142857142857,0.8776223776223776,0.9311111111111112,0.1654598695594062,0.1779356451098431,0.2836864269517331,0.345839377006219,0.305562300044893,0.894593144641701,0.0,0.1613282823402139,0.3070962219053456,0.3387090354605968
Ionosphere,VIF+CART,43,3,0.8857142857142857,0.8776223776223776,0.9311111111111112,0.1643301238958119,0.1769928277004533,0.2861661807580175,0.3496837003135143,0.308161813909713,0.8939500688650244,0.0,0.1604101965494538,0.309612009972154,0.3425223099786661
Ionosphere,RRF-style,43,3,0.8714285714285714,0.8612029081295439,0.8813333333333333,0.1648135810567466,0.1776185874169169,0.288364107547781,0.3518070572270194,0.3036211430293062,0.8949161418953546,0.0,0.1609318872730322,0.3053129478231519,0.3458244877189247
Ionosphere,ACP-Gini,43,3,0.8714285714285714,0.863370201691607,0.9146666666666666,0.1374313281359803,0.1612163556826725,0.2671849692257855,0.3155636377212285,0.2834457028232538,0.8975643706349463,0.0,0.1399971218788089,0.2840463402810341,0.3071719097106662
Ionosphere,CART,43,4,0.8857142857142857,0.8794142980189492,0.9275555555555556,0.1681744031115976,0.1736748074664343,0.2938905085843861,0.3732211133633863,0.3201691886877961,0.8683324514015751,0.0,0.1433361165671812,0.3223585186322281,0.3677464242992027
Ionosphere,VIF+CART,43,4,0.8857142857142857,0.8794142980189492,0.9275555555555556,0.1669963895677926,0.1727448711803086,0.2975153871072238,0.3782713859309131,0.3237289169414019,0.8656363217588036,0.0,0.1397711620905185,0.3247919219635906,0.3713530817351866
Ionosphere,RRF-style,43,4,0.9,0.8937323790934721,0.9164444444444444,0.1634453218647168,0.1740101969898518,0.2910204081632653,0.3548521802213109,0.2981046295974267,0.8720501743090769,0.0,0.1410657324093503,0.300321279161015,0.3502312717217836
Ionosphere,ACP-Gini,43,4,0.8857142857142857,0.8776223776223776,0.8826666666666667,0.1402200671867893,0.1516888881473645,0.2855814706835115,0.3614584936297223,0.3134988566855313,0.8743460275656549,0.0,0.1132231318174497,0.3137289667115597,0.3535972530843312
Ionosphere,CART,44,0,0.8732394366197183,0.8623141564318035,0.9794871794871796,0.1610910874413277,0.1846203053889942,0.2731130547457078,0.3240329459379444,0.2951222279787706,0.8821129152998917,0.0,0.1578844749337668,0.2976596074993434,0.3173653626899739
Ionosphere,VIF+CART,44,0,0.8732394366197183,0.8623141564318035,0.9794871794871796,0.1607604532308058,0.1837509599889467,0.2752186588921282,0.3260889239202431,0.2959412097839469,0.8817441636207896,0.0,0.1574186716981279,0.2981719435693025,0.319226700432651
Ionosphere,RRF-style,44,0,0.8732394366197183,0.8623141564318035,0.9794871794871796,0.15821300572349,0.1854208228478455,0.2739682539682539,0.3133671107701131,0.2697846129460775,0.88909725741001,0.0,0.1561603930533575,0.2712965092130758,0.3073626968740436
Ionosphere,ACP-Gini,44,0,0.9154929577464788,0.908974358974359,0.9363247863247864,0.1475189312731574,0.1645759045197938,0.2697991577583414,0.3364965567475089,0.2964951052682145,0.883632904795258,0.0,0.1269887322755055,0.2972147369104151,0.3286649288277187
Ionosphere,CART,44,1,0.8714285714285714,0.8612029081295439,0.88,0.1622087246166738,0.1839217078916456,0.2982118561710399,0.3751713683759834,0.3207070118090526,0.8555788475908717,0.0,0.1508145648166836,0.3226446297466706,0.3692973482521075
Ionosphere,VIF+CART,44,1,0.8714285714285714,0.8612029081295439,0.88,0.1613741075305227,0.1797040947838078,0.2997991577583414,0.3820478886213568,0.3241489326333264,0.8520987538761156,0.0,0.1476337689381605,0.3260111293934823,0.3762341544651665
Ionosphere,RRF-style,44,1,0.8714285714285714,0.8612029081295439,0.8951111111111111,0.1585998130160829,0.1829913597377937,0.2964042759961127,0.3533593292493808,0.2982143889856974,0.863515512474159,0.0,0.1463370030710709,0.3001776456836481,0.3484268703997927
Ionosphere,ACP-Gini,44,1,0.8571428571428571,0.8414855072463767,0.8644444444444443,0.1312291642357156,0.149647240257002,0.2896566245545837,0.3707177803490301,0.3168412433238363,0.8694166864390217,0.0,0.1147625648444938,0.3168412433238363,0.3625557187931738
Ionosphere,CART,44,2,0.8714285714285714,0.8526315789473684,0.8604444444444446,0.1613857547066245,0.1915894349314142,0.3206025267249757,0.4397419904657695,0.3622808971074277,0.8870626723725227,0.0,0.1635691957790195,0.3625777431185594,0.433153907198112
Ionosphere,VIF+CART,44,2,0.8714285714285714,0.8526315789473684,0.8604444444444446,0.1613691029549684,0.1914687374341512,0.3206025267249757,0.4408382917981748,0.3633688159912649,0.8865303506719128,0.0,0.1636337611868155,0.3635667133320194,0.4341404384148637
Ionosphere,RRF-style,44,2,0.8571428571428571,0.8444444444444444,0.8497777777777779,0.1581786630684564,0.18988363198521,0.3233981211532232,0.4399222833130408,0.3523641460580236,0.8877150899373367,0.0,0.1641880831088605,0.3526733606529525,0.4344820256266245
Ionosphere,ACP-Gini,44,2,0.8285714285714286,0.8133333333333334,0.8333333333333334,0.1468513882180609,0.1615669323245687,0.3412082928409458,0.4232439706054816,0.3390840610636529,0.8812930249653885,0.0,0.1437569464596229,0.3392410469349245,0.4174863954452269
Ionosphere,CART,44,3,0.9,0.8878975062914665,0.8902222222222221,0.1690969081828995,0.1902963268461906,0.2644962747003563,0.3654042716658977,0.3244847494775466,0.8862051102336004,0.0,0.163329653070066,0.3260380385920602,0.3578004490106377
Ionosphere,VIF+CART,44,3,0.9,0.8878975062914665,0.8902222222222221,0.1693001335789679,0.1868664989654924,0.2682669258179462,0.3788019858928106,0.3320089565629781,0.884007260941229,0.0,0.1621075161156684,0.3332007670200947,0.3711317750182294
Ionosphere,RRF-style,44,3,0.9,0.8920467063229787,0.9342222222222224,0.1686238782737963,0.1915114522110288,0.2651765468091998,0.346159298851765,0.3037183174968289,0.8908543118830464,0.0,0.1626804328543976,0.3055285344907194,0.339434068593811
Ionosphere,ACP-Gini,44,3,0.9142857142857144,0.9082167832167832,0.9466666666666668,0.1445515641430614,0.1666181984055307,0.2369614512471655,0.2908856859913265,0.2734804639138372,0.8933912695961234,0.0,0.1383818786779437,0.2742720623380887,0.2816653303696494
Ionosphere,CART,44,4,0.8714285714285714,0.858712715855573,0.8888888888888888,0.1708533446087798,0.1797458002511607,0.3160090702947845,0.4099133080562425,0.3453409051266194,0.8841981191453655,0.0,0.1497337579360587,0.3496817388960246,0.4074077396054746
Ionosphere,VIF+CART,44,4,0.8714285714285714,0.858712715855573,0.8888888888888888,0.1697296702008535,0.1749735690450497,0.3203660511823776,0.422299218907331,0.3554896905815273,0.8821381699002385,0.0,0.1470745584032492,0.355860748095442,0.4150342981513947
Ionosphere,RRF-style,44,4,0.8857142857142857,0.8755555555555555,0.9075555555555554,0.1690291210150715,0.1761887922514411,0.3219209588597344,0.406519823915269,0.3363584533380451,0.8844411627579865,0.0,0.1469729268568311,0.3393085689820383,0.4027717189636674
Ionosphere,ACP-Gini,44,4,0.9,0.8901098901098901,0.9097777777777778,0.1523712832316831,0.1526529568290756,0.3023356009070294,0.3951541092247038,0.3395536661551067,0.8883545199979557,0.0,0.1244863052374673,0.3400633469505018,0.3875670892785731
Sonar,CART,42,0,0.7619047619047619,0.7619047619047619,0.7306818181818183,0.2208528834025825,0.2351946468712254,0.1134143181081956,0.1201941967117277,0.1452412617149143,0.9559639277646864,0.1420481927710843,0.2077114879461426,0.2601063649569051,0.2527813649911129
Sonar,VIF+CART,42,0,0.7142857142857143,0.7136363636363636,0.7806818181818183,0.197709412748568,0.2232068160608695,0.1196631033365727,0.1310808436638862,0.1522378219668609,0.9554782550527632,0.0714457831325301,0.1903509984425839,0.2431979090670567,0.2026457507634592
Sonar,RRF-style,42,0,0.7619047619047619,0.7613636363636364,0.7579545454545455,0.2230962685063764,0.2319097867751274,0.120459993521218,0.1199694616176204,0.1317036644126427,0.960332729455754,0.1372289156626505,0.2085760075093159,0.238206967635539,0.2454198226836974
Sonar,ACP-Gini,42,0,0.7142857142857143,0.7136363636363636,0.6920454545454545,0.1975353348537979,0.2099468935971037,0.1051797862001943,0.096934965316901,0.1254801632975955,0.9581196752007968,0.0763855421686747,0.1718716466504594,0.219774140965428,0.1999075164771922
Sonar,CART,42,1,0.8095238095238095,0.8090909090909091,0.8181818181818182,0.2352795263837719,0.2383199315356424,0.1286880466472303,0.1407426966403117,0.1530288901406295,0.9398741738979624,0.2406024096385542,0.2338931949324987,0.2442967425223064,0.2354217082771372
Sonar,VIF+CART,42,1,0.7142857142857143,0.7142857142857143,0.7102272727272727,0.2026301441858838,0.2170330217534141,0.1116488500161969,0.144064778787241,0.1591342584389908,0.9534122883583382,0.0474698795180722,0.2048206370941174,0.2344513547466412,0.1797798947313572
Sonar,RRF-style,42,1,0.8095238095238095,0.8090909090909091,0.8363636363636364,0.2302406876097219,0.2310228810818186,0.1294849368318756,0.1384317759867819,0.1418956317791851,0.9437816754489724,0.2351807228915662,0.2286530600419502,0.2262337888868501,0.2294584827430934
Sonar,ACP-Gini,42,1,0.8095238095238095,0.8090909090909091,0.8295454545454546,0.2173617688432324,0.1997686587152516,0.1284774862325882,0.1224251685123921,0.1384032569685251,0.943384623141368,0.1625301204819277,0.1966480913207524,0.2141583800353308,0.1914011166615176
Sonar,CART,42,2,0.7142857142857143,0.7136363636363636,0.788329519450801,0.2089946225326641,0.2194923455257699,0.1178620019436346,0.1329970020876939,0.1438801468604337,0.9434459013287914,0.1340963855421686,0.2101174951211001,0.2283664992470514,0.2038350104688459
Sonar,VIF+CART,42,2,0.7380952380952381,0.7367521367521368,0.7562929061784897,0.1895912944048352,0.2150719816151013,0.152332361516035,0.1882344914808499,0.179369294700722,0.930023671493224,0.05,0.19517365883395,0.2644390594732732,0.2449584278191717
Sonar,RRF-style,42,2,0.7142857142857143,0.7136363636363636,0.788329519450801,0.2081937338964079,0.2149348427823501,0.1198542274052478,0.12045260645118,0.1273601337304818,0.9475677717850904,0.1328915662650602,0.2077604195113892,0.1961739201841242,0.1813320433919179
Sonar,ACP-Gini,42,2,0.7142857142857143,0.7136363636363636,0.7425629290617849,0.1862177068744992,0.1951070574796487,0.1118658892128279,0.0916259874322861,0.1167737068853515,0.9485451238665368,0.0659036144578313,0.1644870217416356,0.1759731898753507,0.1290257272911511
Sonar,CART,42,3,0.7317073170731707,0.731067382230173,0.667464114832536,0.2342759710493569,0.2404678567069696,0.1201068999028182,0.1357832886273347,0.1537322193963376,0.942895407311488,0.1865868263473054,0.2361187265626561,0.2680698210686206,0.2589995762931439
Sonar,VIF+CART,42,3,0.7317073170731707,0.7291291291291291,0.7619617224880384,0.2005441577580206,0.2207284668438694,0.1452089407191448,0.1700905352013053,0.1755311435824483,0.9429255326914832,0.0338922155688622,0.1987142733023429,0.2603627074118639,0.2178697476371749
Sonar,RRF-style,42,3,0.7317073170731707,0.731067382230173,0.6734449760765551,0.2295233493375938,0.2321726505212148,0.1172821509556203,0.1170836530773379,0.1323344184931978,0.946623321506768,0.1680239520958083,0.2304743563692129,0.2386812657797051,0.2379734142726516
Sonar,ACP-Gini,42,3,0.6341463414634146,0.6341463414634146,0.7069377990430622,0.2109171381735755,0.2097787786600718,0.1130482669258179,0.0806954285335544,0.1201003317603747,0.9478565999405704,0.0850299401197604,0.1836561517422986,0.218950836643261,0.1861386638015764
Sonar,CART,42,4,0.7560975609756098,0.7547846889952152,0.7966507177033493,0.2085420317206237,0.2380519637973397,0.09578231292517,0.1121540150791312,0.1425779033733478,0.9525771478824806,0.1711377245508981,0.2292266939988612,0.2456244193981288,0.2254744441608728
Sonar,VIF+CART,42,4,0.6341463414634146,0.6332737030411449,0.6698564593301436,0.1908146499837625,0.2187038887841741,0.1145869776482021,0.1374947015482407,0.1566948502975861,0.9530935414216408,0.0592814371257485,0.1910875941323634,0.2358094152746013,0.192576354539053
Sonar,RRF-style,42,4,0.6829268292682927,0.6759878419452887,0.6854066985645934,0.2044585490138446,0.2252746926864092,0.0956494978943958,0.0918959264362922,0.1185801198934452,0.9574355865731682,0.134251497005988,0.2211416890161867,0.212177874279915,0.1980202515360087
Sonar,ACP-Gini,42,4,0.7560975609756098,0.7547846889952152,0.819377990430622,0.1878414285778832,0.2099109531208698,0.0873825720764496,0.0534726027166284,0.1030332020885189,0.9600480371420098,0.072814371257485,0.1799821959920436,0.1884563251032575,0.1386117089663852
Sonar,CART,43,0,0.5952380952380952,0.5894192064404831,0.5920454545454545,0.2074678075738041,0.2411597786813284,0.135315840621963,0.1775324601100578,0.1670953098346792,0.9278302528891396,0.2151807228915662,0.2316494558402516,0.2763869463869464,0.2876841561854605
Sonar,VIF+CART,43,0,0.6190476190476191,0.6181818181818182,0.6443181818181818,0.1865379023237233,0.2206206204196241,0.1805183025591188,0.2091397656699643,0.1795120280546451,0.9162826005001083,0.042289156626506,0.1961865696415557,0.2630976287284811,0.2773410095016855
Sonar,RRF-style,43,0,0.5476190476190477,0.5452991452991452,0.5761363636363637,0.2086967190114278,0.2311117748067835,0.1379931972789115,0.1597534026327165,0.1456258846528954,0.9340479639495878,0.2038554216867469,0.2257134247162271,0.2359408890429298,0.2566375078532308
Sonar,ACP-Gini,43,0,0.5952380952380952,0.5931623931623932,0.6431818181818182,0.1799542475123814,0.2026537384545173,0.1358438613540654,0.138529524777919,0.1407569970028427,0.9356938832388382,0.083855421686747,0.1678679080322305,0.2170436303725619,0.2053116206949956
Sonar,CART,43,1,0.8333333333333334,0.8332387975042541,0.8738636363636365,0.2158013152594822,0.2332838943839957,0.0898574667962423,0.08459969687712,0.1315021433955218,0.958858403392859,0.1419277108433735,0.2170010956898068,0.2441512474102983,0.1910203468484166
Sonar,VIF+CART,43,1,0.7619047619047619,0.7597254004576659,0.8647727272727272,0.1967391858707089,0.2243089726811173,0.1315678652413346,0.1515592087787084,0.1673290387013771,0.9487713708654036,0.0626506024096385,0.1982832950410082,0.2497603338161245,0.2002789254576943
Sonar,RRF-style,43,1,0.8333333333333334,0.8332387975042541,0.8738636363636365,0.2126247834570826,0.2287804458043536,0.0948850016196955,0.0745266852778886,0.109674614034758,0.9622314844885522,0.1115662650602409,0.212150584681083,0.2043657634882124,0.1676971912269288
Sonar,ACP-Gini,43,1,0.8571428571428571,0.8571428571428571,0.8795454545454546,0.1971679678032196,0.211562925453371,0.089520570132815,0.0585922489273244,0.1086049359084994,0.9623153919695412,0.0651807228915662,0.1785736364026354,0.1974632154209459,0.1372983466699296
Sonar,CART,43,2,0.7619047619047619,0.7597254004576659,0.8215102974828374,0.2176596017913565,0.2326069677596302,0.11837058632977,0.1418372126778193,0.1601948858622265,0.9433171462706752,0.1936144578313253,0.2210611915927241,0.2523924059134143,0.2329924679007009
Sonar,VIF+CART,43,2,0.6904761904761905,0.6860264519838988,0.702517162471396,0.1936369062038613,0.2169457394848681,0.1124263038548752,0.1411250794431736,0.1632995913615108,0.9498427144085172,0.0767469879518072,0.195389445887935,0.2627907958037483,0.2153058131918474
Sonar,RRF-style,43,2,0.7857142857142857,0.7826336975273145,0.8329519450800915,0.2135865537686136,0.2224608463707663,0.1110106899902818,0.1156582632629054,0.1314649575447894,0.9487816626636558,0.2020481927710843,0.2171193761283817,0.2118277904568421,0.1974533181678904
Sonar,ACP-Gini,43,2,0.7380952380952381,0.7343300747556067,0.8226544622425629,0.1941907656245643,0.2026482744455609,0.1085908649173955,0.0988890478083593,0.1291388256092875,0.9511113687111928,0.0818072289156626,0.1700728348091428,0.2108171998560891,0.1750287953660981
Sonar,CART,43,3,0.7804878048780488,0.7756838905775076,0.8301435406698565,0.2250881414834932,0.2341704235917034,0.0898736637512147,0.1048496406158711,0.1411832561827507,0.9605589872609868,0.2783233532934132,0.2302202935658241,0.2511061755020812,0.2347935721848647
Sonar,VIF+CART,43,3,0.6829268292682927,0.6703772418058133,0.7165071770334929,0.2010738304091061,0.2204218662402353,0.0890022675736961,0.1098407296019839,0.1462925306267064,0.954658009970113,0.058562874251497,0.1990312225643497,0.231888405119308,0.1642166610486417
Sonar,RRF-style,43,3,0.7804878048780488,0.7756838905775076,0.8301435406698565,0.2250310846651233,0.2278563540253288,0.0901392938127632,0.0909890634910176,0.1225154172049667,0.9628084573581976,0.288502994011976,0.2278698145660166,0.225431267345433,0.2165542200805136
Sonar,ACP-Gini,43,3,0.7804878048780488,0.7756838905775076,0.8133971291866029,0.1945312598852622,0.2019597034610233,0.083219954648526,0.0700290235037246,0.1167091072508713,0.9619112176971794,0.1450299401197604,0.1781153497345905,0.2242850674349694,0.1977223155487224
Sonar,CART,43,4,0.7317073170731707,0.731067382230173,0.7691387559808613,0.2143635701837663,0.2285340914168613,0.1022708130871396,0.1177557081487481,0.1458504448066273,0.9520865724235928,0.1934131736526946,0.2187839928202518,0.246603329110532,0.2155502944352782
Sonar,VIF+CART,43,4,0.7317073170731707,0.7291291291291291,0.7882775119617225,0.1939260317223343,0.2177428839729569,0.106491739552964,0.1382073354251883,0.1639803818963482,0.9559896364334912,0.024191616766467,0.1881740955823171,0.2391764090707352,0.1654349186909667
Sonar,RRF-style,43,4,0.7317073170731707,0.731067382230173,0.742822966507177,0.2115193819943499,0.2195115942126757,0.0974797538062844,0.0920806025976999,0.1184126567043733,0.9578003944764544,0.194251497005988,0.2153550254964134,0.2037110870988422,0.1750928124022183
Sonar,ACP-Gini,43,4,0.7560975609756098,0.7547846889952152,0.8169856459330143,0.1902492845296949,0.197795585936845,0.0954907677356657,0.0781240501852586,0.1190598390047432,0.9587058503054902,0.0784431137724551,0.1691901021222741,0.210288412566071,0.1620662416420027
Sonar,CART,44,0,0.8095238095238095,0.8090909090909091,0.8295454545454546,0.213186845344541,0.2287138656983889,0.1188824101068999,0.1322419866680814,0.151560474030999,0.948229339011136,0.2065060240963855,0.2101677849885901,0.2727407883566347,0.2635624418684184
Sonar,VIF+CART,44,0,0.7380952380952381,0.7343300747556067,0.8102272727272728,0.1980624559377275,0.2232863126435681,0.1285098801425332,0.1590249814247861,0.1678267713836678,0.948720528234276,0.0524096385542168,0.1932013159936955,0.2495967228050061,0.2097085811641219
Sonar,RRF-style,44,0,0.8095238095238095,0.8090909090909091,0.8579545454545454,0.2104061081083661,0.2213413514235685,0.1178458049886621,0.1217591386794636,0.134081190584792,0.9521945082956328,0.1973493975903614,0.2079863981850887,0.2366481808174485,0.2386544792551884
Sonar,ACP-Gini,44,0,0.8333333333333334,0.8324786324786324,0.8681818181818182,0.188901160227363,0.2009587842727441,0.1175736961451247,0.0948111946039398,0.1274915250009077,0.9525479006752464,0.0980722891566265,0.1647561868579068,0.2097668884228244,0.1669208932116043
Sonar,CART,44,1,0.6428571428571429,0.6426545660805445,0.6681818181818182,0.2153448489565464,0.2364412917703312,0.1041755749919015,0.1356269634361712,0.1557093917083807,0.9487359678890922,0.1621686746987951,0.2161208118655037,0.2623458674845229,0.246417026923521
Sonar,VIF+CART,44,1,0.8095238095238095,0.8090909090909091,0.8386363636363636,0.1984069939892513,0.2157563704260887,0.1174732750242954,0.1482773544591383,0.1631496532889405,0.9488945689388136,0.0478313253012048,0.1914632723586562,0.262690610587085,0.2234271890348128
Sonar,RRF-style,44,1,0.6428571428571429,0.6426545660805445,0.6761363636363636,0.2152465617853036,0.2266100513840594,0.1071104632329122,0.1112644610233809,0.128372087762844,0.9572735387019838,0.1440963855421686,0.215674497628429,0.2253328961288145,0.2173079422563103
Sonar,ACP-Gini,44,1,0.6428571428571429,0.6426545660805445,0.6636363636363636,0.1939072821400822,0.2015475635298301,0.1030061548428895,0.0907532317564729,0.1238780127996656,0.9570802042814426,0.0391566265060241,0.1724189523772228,0.2297848239528911,0.2040164466104803
Sonar,CART,44,2,0.7380952380952381,0.7379466817923993,0.7276887871853548,0.215142159946207,0.2333399881314632,0.1031227729186912,0.1169091878272794,0.1453828015493839,0.9434288542484665,0.1573493975903614,0.2180176627125557,0.233548017457855,0.1940792131277616
Sonar,VIF+CART,44,2,0.6904761904761905,0.690300623936472,0.7757437070938216,0.1934633808060659,0.2205423394684514,0.1341237447359896,0.1603555970128885,0.170438266141937,0.941854003084983,0.0624096385542168,0.1961268518397513,0.242353821462686,0.1878281892677877
Sonar,RRF-style,44,2,0.7380952380952381,0.7379466817923993,0.7276887871853548,0.2135709156885033,0.2246390086662585,0.1023841917719469,0.0896975455581325,0.1162624660393978,0.9524309373257688,0.146867469879518,0.2133848951576385,0.1968217713992023,0.1697014263806942
Sonar,ACP-Gini,44,2,0.7619047619047619,0.7613636363636364,0.7814645308924486,0.1945497924201125,0.2041415459684161,0.09926465824425,0.0712463019689803,0.1144934522768919,0.953151825533831,0.0677108433734939,0.168652428764952,0.20250888447287,0.1501340061387429
Sonar,CART,44,3,0.7317073170731707,0.731067382230173,0.6758373205741628,0.2240972919798766,0.2391310391812333,0.118134110787172,0.1442813222188402,0.1541423432650134,0.9411794349827142,0.1968862275449101,0.2291348985127106,0.2626062184447538,0.2650343390532959
Sonar,VIF+CART,44,3,0.7073170731707317,0.7071428571428571,0.7476076555023924,0.1909356635832908,0.2183572907855243,0.1389925494007126,0.1753429998893583,0.1766751866212597,0.942118898887327,0.0661077844311377,0.1981435613141484,0.2626766071940457,0.2317911185746671
Sonar,RRF-style,44,3,0.6829268292682927,0.6829268292682927,0.7021531100478469,0.2223399184664556,0.2280507094477447,0.1200437317784256,0.1302281755027175,0.1340619659785326,0.9464472617341452,0.1738922155688622,0.2245032481950002,0.2298184279372754,0.2386512723962664
Sonar,ACP-Gini,44,3,0.6829268292682927,0.6821705426356589,0.6973684210526316,0.1922962551711441,0.2029944619140403,0.10904114026563,0.0942884918914814,0.1222725961478409,0.9480580679158108,0.0680239520958083,0.1815514899034052,0.217187409229426,0.1932297818891417
Sonar,CART,44,4,0.6585365853658537,0.6533816425120773,0.69377990430622,0.2190081816634475,0.2349172458891685,0.1060803368966634,0.1211808321942158,0.1489888436262038,0.9494460180985932,0.1686227544910179,0.216535714701528,0.2432504361718047,0.2105020790663698
Sonar,VIF+CART,44,4,0.7560975609756098,0.7524154589371981,0.7440191387559809,0.1884824816731235,0.2236852858695196,0.138140589569161,0.1682447029742756,0.1706288279407316,0.9327180289619472,0.0714970059880239,0.1950141269864963,0.2364809913274246,0.2048892589152322
Sonar,RRF-style,44,4,0.6341463414634146,0.6306306306306306,0.6818181818181819,0.2130807308369897,0.2219433328253643,0.106038224813735,0.105885256571042,0.1278120050375689,0.9537036534697,0.1374850299401197,0.2106337949959192,0.2089695016867886,0.1824770264919505
Sonar,ACP-Gini,44,4,0.6829268292682927,0.6703772418058133,0.6854066985645934,0.1941967801931375,0.2053335846484341,0.1019112406867508,0.0839048583599139,0.1218043084103613,0.953189674581266,0.0544910179640718,0.1669659158902629,0.2037326399757372,0.1527639496897608
Diabetes,CART,42,0,0.6966292134831461,0.6927502876869965,0.7813131313131313,0.3523765989360762,0.3104893123667264,0.5422643343051506,0.5915028015213113,0.8222465176546809,0.7539282211889581,0.0646458923512747,0.3381714088909456,0.8709037900874638,0.6417198612116093
Diabetes,VIF+CART,42,0,0.6853932584269663,0.6805128205128206,0.7671717171717172,0.3443000921801729,0.2987909396944811,0.6199708454810496,0.7558707125323868,0.8393974732750243,0.73065588332509,0.008498583569405,0.3308950663050266,0.8821865889212829,0.6273381455285787
Diabetes,RRF-style,42,0,0.6966292134831461,0.6927502876869965,0.7813131313131313,0.3519561633768696,0.3167053340190249,0.535986394557823,0.6015404511502744,0.7674936831875606,0.7575553170942697,0.0572804532577903,0.3420548960769754,0.8350242954324586,0.6374514762359258
Diabetes,ACP-Gini,42,0,0.7078651685393258,0.7075328614762386,0.7873737373737374,0.3402211555757987,0.2981332101606221,0.5642371234207969,0.6316315367838502,0.8090881114350502,0.7478526700414239,0.0068555240793201,0.3222192715019736,0.8499271137026239,0.6161998458750986
Diabetes,CART,42,1,0.7191011235955056,0.7189592017178223,0.7608585858585859,0.3439982729180064,0.3091405023706171,0.5043116294136702,0.4882140052912328,0.8397845804988664,0.7388975677941334,0.0816430594900849,0.336953500866947,0.8981341107871721,0.4568693301041431
Diabetes,VIF+CART,42,1,0.7303370786516854,0.7300303336703741,0.7886363636363636,0.3348891618131973,0.301129842043572,0.5810009718172984,0.653811999810327,0.8632345319080014,0.7132263543732492,0.0343909348441926,0.3325697324699158,0.9183381924198252,0.4717521546395628
Diabetes,RRF-style,42,1,0.7415730337078652,0.7410499683744465,0.8032828282828283,0.3449729977120098,0.3088985067314697,0.5109459021703919,0.4972387424696631,0.7696086815678652,0.7450035332017019,0.0588101983002832,0.3389784589102066,0.8469533527696793,0.4739793246801674
Diabetes,ACP-Gini,42,1,0.7191011235955056,0.7178186429930247,0.7909090909090909,0.3332251798056772,0.2951877374469414,0.5113443472627145,0.5011485848854659,0.8278198898607062,0.739956052082532,0.0202266288951841,0.3228607013023331,0.8866326530612245,0.4530499212492135
Diabetes,CART,42,2,0.6363636363636364,0.6356107660455487,0.7200413223140496,0.3557629371452118,0.3078917359508745,0.5314123744735989,0.5499442280128152,0.8172944606413994,0.7462326918159378,0.0889830508474576,0.3495539475451306,0.8891933916423713,0.5723937482352189
Diabetes,VIF+CART,42,2,0.6477272727272727,0.6465863453815262,0.7045454545454546,0.3465327471889995,0.2997771419688271,0.5946452866861031,0.6877167279863233,0.8425461613216716,0.7262920945124668,0.0078531073446327,0.3418522684752853,0.8993294460641399,0.5780112560921877
Diabetes,RRF-style,42,2,0.6590909090909091,0.6583850931677019,0.7208161157024794,0.3575325954847743,0.3076249218951608,0.5210301263362488,0.5339649834016483,0.7306022027858762,0.745321810403473,0.0638983050847457,0.3506171951340811,0.8488678328474246,0.5684276028217718
Diabetes,ACP-Gini,42,2,0.6477272727272727,0.6465863453815262,0.7156508264462811,0.3469498172827293,0.2963174580199305,0.5186005830903789,0.5351244170905889,0.8243968253968254,0.7440976144664746,0.015367231638418,0.3318147695562943,0.9006559766763848,0.5396796552259304
Diabetes,CART,42,3,0.6931818181818182,0.6928248222365869,0.7120351239669422,0.3543223742908328,0.3048305500052333,0.557405247813411,0.6081718296770191,0.8427891156462584,0.7319524805044318,0.0846892655367231,0.3362371355591849,0.906997084548105,0.5793487241206634
Diabetes,VIF+CART,42,3,0.7386363636363636,0.7383322559793148,0.7350206611570249,0.3459478847988825,0.2975950266031396,0.6554518950437318,0.735716632131388,0.8694023323615162,0.7049255480595399,0.0203389830508474,0.3305308155049938,0.917390670553936,0.5755826337697789
Diabetes,RRF-style,42,3,0.7045454545454546,0.7043927648578812,0.7143595041322315,0.3563735176221372,0.3119577455790276,0.5738937479753806,0.6011057971609309,0.7672504049238742,0.742354950097427,0.0638983050847457,0.3402691325493743,0.8633041788143829,0.590886757320609
Diabetes,ACP-Gini,42,3,0.7045454545454546,0.7043927648578812,0.7143595041322315,0.3424550502410751,0.2953247636438381,0.5463168124392613,0.5930146424125351,0.8475351473922903,0.73238997397888,0.0272316384180791,0.3211082647866269,0.8989795918367347,0.5059475218658893
Diabetes,CART,42,4,0.6931818181818182,0.6928248222365869,0.7590392561983471,0.3496791398389776,0.3129312856376349,0.5314156138645935,0.5796983473331211,0.7999138321995465,0.7471510629303628,0.0708474576271186,0.3441927419082156,0.8798833819241982,0.5771976640818611
Diabetes,VIF+CART,42,4,0.7159090909090909,0.7158724008782126,0.7735020661157025,0.34700534248299,0.3052830503054334,0.5928182701652089,0.7029900609194603,0.8320116618075802,0.7292777946749213,0.0285875706214689,0.3398266462390082,0.884815354713314,0.5859110267628493
Diabetes,RRF-style,42,4,0.6818181818181818,0.6816537467700259,0.7373450413223142,0.3489023134274955,0.3163264763957485,0.5418885649497894,0.5878492294034247,0.7837227081308714,0.7492522452494705,0.0540677966101694,0.3443524431143222,0.8778279883381924,0.5853552391651554
Diabetes,ACP-Gini,42,4,0.7272727272727273,0.7271317829457364,0.7716942148760331,0.337448403081545,0.2953112434143041,0.545361192095886,0.5851842370980596,0.7943990929705216,0.7431999821541919,0.0128248587570621,0.3256955851922121,0.8636443148688047,0.5595145956148748
Diabetes,CART,43,0,0.6292134831460674,0.6292134831460674,0.6719696969696969,0.3613593256721658,0.3049789990636252,0.5522578555231616,0.6097120230276004,0.7850871396177519,0.7399520070623762,0.0777337110481586,0.3401768638913375,0.8647230320699708,0.6438782906763925
Diabetes,VIF+CART,43,0,0.6741573033707865,0.673992673992674,0.7141414141414142,0.3507182452591011,0.2966832691692355,0.6297278911564625,0.7422832047698853,0.8272319403952058,0.7246565683990652,0.0153541076487252,0.3302302199478323,0.8754664723032071,0.6419678672571669
Diabetes,RRF-style,43,0,0.5955056179775281,0.594224924012158,0.6505050505050505,0.3611795411664607,0.3046452161908138,0.5488597343699383,0.5945881674623266,0.7317457078069324,0.7450913652618296,0.0594334277620396,0.3397993938754504,0.8262633624878523,0.6315456827552802
Diabetes,ACP-Gini,43,0,0.6067415730337079,0.6017133358905511,0.6497474747474747,0.3480960411413223,0.2912982772697007,0.5702364755425979,0.6228448842989907,0.8214078393262066,0.732383339276684,0.0107082152974504,0.3212955813816328,0.8969679300291544,0.6289994672528463
Diabetes,CART,43,1,0.6179775280898876,0.612051282051282,0.7373737373737373,0.3503491051866663,0.3102546142867158,0.5483867832847424,0.584307248045183,0.8143900226757369,0.7555886543155039,0.1053257790368272,0.3431907566107491,0.8836005830903791,0.593669930312514
Diabetes,VIF+CART,43,1,0.6067415730337079,0.6065428824049515,0.7305555555555555,0.3420612399744743,0.2992802338782048,0.5953838678328474,0.715233202357564,0.8388143828960155,0.7335528409530835,0.0047025495750708,0.3336485521504337,0.884290573372206,0.5729096013682766
Diabetes,RRF-style,43,1,0.6292134831460674,0.6244725738396624,0.7348484848484849,0.3535998598704558,0.3084934477275575,0.5410495626822157,0.5856621426502555,0.7638746355685132,0.7566720396635622,0.1092917847025495,0.3463354941110314,0.8378036929057338,0.5942417017156845
Diabetes,ACP-Gini,43,1,0.651685393258427,0.6452359521666452,0.7093434343434343,0.3417953201309393,0.2928028077991195,0.539559442824749,0.5770481852638046,0.8123722060252673,0.7431026715939938,0.0090084985835694,0.3233244222183509,0.8871185617103984,0.5687172539473087
Diabetes,CART,43,2,0.7386363636363636,0.7383322559793148,0.8029442148760328,0.3512723451003808,0.3111408589280775,0.5341496598639455,0.5385148706202642,0.8066122448979592,0.7419901238026081,0.0820338983050847,0.3419407297704254,0.8984548104956267,0.5737471269016029
Diabetes,VIF+CART,43,2,0.7386363636363636,0.7383322559793148,0.8321280991735538,0.3444588921285775,0.3047149305506107,0.5703239390994493,0.6722461234721018,0.8549222546161321,0.7317474876305403,0.0175706214689265,0.3358097884804104,0.9096793002915452,0.5589577056105063
Diabetes,RRF-style,43,2,0.7386363636363636,0.7383322559793148,0.8029442148760328,0.3536404561528906,0.3114122356597631,0.5438192419825072,0.5404099606798946,0.7467512147716229,0.756112178738086,0.0677966101694915,0.3431694748710552,0.8285568513119533,0.5832902681115157
Diabetes,ACP-Gini,43,2,0.7045454545454546,0.7039337474120082,0.7840909090909092,0.3379614711956912,0.2939288874628948,0.5801198574667963,0.599040307941598,0.8183362487852284,0.7453498521242179,0.0203954802259887,0.3259374280496684,0.8841836734693878,0.5774476935545932
Diabetes,CART,43,3,0.7045454545454546,0.7031655422937209,0.7910640495867768,0.3420845989928534,0.3104013352641239,0.5208843537414966,0.5481828610657091,0.8113436993845157,0.7513580414812265,0.0766101694915254,0.3378555747065018,0.8992954324586978,0.520668618359771
Diabetes,VIF+CART,43,3,0.75,0.7494824016563147,0.8117252066115701,0.3341442035597846,0.3001580230039187,0.6154616132167152,0.6940230719489308,0.8471331389698736,0.7252707783395946,0.0142372881355932,0.3291972832392308,0.9001457725947523,0.5677047758964606
Diabetes,RRF-style,43,3,0.7613636363636364,0.7610859728506787,0.8161157024793388,0.3454226994061705,0.3101982479315634,0.5278814382896015,0.5432188799098615,0.7521043083900226,0.7522914332041353,0.0522033898305084,0.3375601644487732,0.8475898931000974,0.5204290527927959
Diabetes,ACP-Gini,43,3,0.7045454545454546,0.7039337474120082,0.828254132231405,0.3349811730986762,0.2950762692229015,0.540702947845805,0.5824458221916096,0.8165238095238097,0.7506330963205137,0.0140677966101694,0.3203410614675012,0.8794752186588921,0.5514985589498542
Diabetes,CART,43,4,0.6590909090909091,0.6574987026466009,0.7554235537190083,0.3501758056852613,0.3206093793944051,0.5302332361516034,0.5203290834262174,0.8160197602850664,0.7343592330829342,0.0794915254237288,0.3465432771564699,0.8970991253644316,0.5613906170114714
Diabetes,VIF+CART,43,4,0.6590909090909091,0.6574987026466009,0.7554235537190083,0.3461794140645388,0.3117570620438634,0.578172983479106,0.6506776673744383,0.8379850988014254,0.7150326308555882,0.0258757062146892,0.3406443670276779,0.9009037900874636,0.5572982527211322
Diabetes,RRF-style,43,4,0.6704545454545454,0.6704119850187266,0.7440599173553719,0.3521330592468398,0.3230485776261636,0.5250469711694202,0.503321548200693,0.736101716877227,0.744531650669767,0.0637853107344632,0.3486807273441601,0.8621865889212829,0.539798070768539
Diabetes,ACP-Gini,43,4,0.6022727272727273,0.6018099547511313,0.7081611570247934,0.3400587619760959,0.3074970032034887,0.5486329770003239,0.506731634621619,0.7734188532555879,0.7452860644646518,0.0203389830508474,0.3288809101733583,0.8621331389698736,0.50394125434562
Diabetes,CART,44,0,0.6853932584269663,0.6834349593495935,0.797979797979798,0.3559014996698119,0.3082008678980061,0.5152218982831228,0.5542707009628606,0.7870800129575639,0.7249228520485697,0.0711048158640226,0.3309860111586921,0.8627842565597669,0.6146914295741805
Diabetes,VIF+CART,44,0,0.6853932584269663,0.6834349593495935,0.797979797979798,0.3462818838382019,0.2985589325963624,0.5891642371234208,0.7049970532458854,0.8257013281503078,0.7019049453120704,0.020056657223796,0.3241594476663673,0.8717784256559766,0.5907044160794072
Diabetes,RRF-style,44,0,0.6853932584269663,0.6834349593495935,0.797979797979798,0.3566769932307077,0.3079617753847937,0.5225591188856494,0.5570797256143979,0.747307094266278,0.7359440286698316,0.0598866855524079,0.3335727906718574,0.8505733722060252,0.6228518669501578
Diabetes,ACP-Gini,44,0,0.6741573033707865,0.673992673992674,0.7373737373737373,0.3471014806984404,0.2942226114847101,0.5353417557499189,0.6008770178428944,0.804708778749595,0.7376870659779078,0.0151841359773371,0.315005286617919,0.8854761904761906,0.5936366690772822
Diabetes,CART,44,1,0.7078651685393258,0.7060467479674797,0.7679292929292929,0.3474408074034584,0.3098184878150327,0.5520634920634921,0.5904563451893419,0.8265296404275996,0.7410241089542765,0.0867988668555241,0.3422231765026032,0.8883624878522839,0.5657890071677304
Diabetes,VIF+CART,44,1,0.6966292134831461,0.6941580756013745,0.751010101010101,0.3413374259511865,0.2991927359886221,0.618357628765792,0.7179867973209985,0.8585908649173954,0.7136223413496102,0.0181869688385269,0.3355385717933171,0.9036734693877552,0.5792128651412807
Diabetes,RRF-style,44,1,0.7415730337078652,0.7410499683744465,0.7694444444444444,0.3520081552708093,0.3143405845709275,0.564402332361516,0.5930715392483162,0.7522886297376092,0.7434184952822199,0.0528045325779036,0.3454715977090709,0.8353109815354715,0.5890257560811405
Diabetes,ACP-Gini,44,1,0.6966292134831461,0.6966292134831461,0.7287878787878788,0.3421992415215407,0.2980924704191837,0.5785811467444121,0.615056550839718,0.7968053126012311,0.7449741498308502,0.028385269121813,0.3300746779402086,0.8605539358600585,0.5768035017548429
Diabetes,CART,44,2,0.6477272727272727,0.647317388493859,0.7704028925619835,0.3484871193052267,0.3107601896377007,0.5304470359572401,0.5311775445823786,0.8427732426303856,0.7579245305858461,0.0761016949152542,0.3431400369274925,0.9055539358600584,0.5454700527210646
Diabetes,VIF+CART,44,2,0.6477272727272727,0.647317388493859,0.7567148760330578,0.3412405988953246,0.2982690823528907,0.5893780369290573,0.6698269794307327,0.8620294784580497,0.7333120517481556,0.0181355932203389,0.33318546755265,0.916734693877551,0.5282993197278912
Diabetes,RRF-style,44,2,0.6363636363636364,0.6363636363636364,0.7685950413223142,0.3479557251588449,0.3127223666468021,0.5317525105280207,0.5543196382721159,0.7578163265306123,0.7637063344229805,0.0540677966101694,0.3421539025278587,0.8519582118561712,0.5589917548765609
Diabetes,ACP-Gini,44,2,0.6477272727272727,0.6465863453815262,0.7652376033057852,0.3334546191638936,0.2932296120409921,0.5439067055393586,0.5400551235644531,0.8130741820537739,0.7472363067825304,0.0422033898305084,0.3254722065125706,0.888206997084548,0.4859348456640823
Diabetes,CART,44,3,0.625,0.6249515691592407,0.672004132231405,0.362304066159369,0.3174252948219252,0.5526239067055393,0.590239860907073,0.7833624878522838,0.7500436931078097,0.0533898305084745,0.3505958986633243,0.8805539358600584,0.6611613940372421
Diabetes,VIF+CART,44,3,0.625,0.6249515691592407,0.6678719008264462,0.3557020264161062,0.3082837911685658,0.6151311953352769,0.7345923797048242,0.8255085843861354,0.7297219503974117,0.0070621468926553,0.3466881445604307,0.8934110787172013,0.6456661554627636
Diabetes,RRF-style,44,3,0.6363636363636364,0.6356107660455487,0.6725206611570248,0.3622360280079447,0.3192824586683939,0.5374344023323615,0.5714781276340268,0.7159828312277292,0.7555481028940249,0.0483615819209039,0.3514374938830712,0.8331292517006802,0.6225459016080738
Diabetes,ACP-Gini,44,3,0.6363636363636364,0.6363636363636364,0.6738119834710743,0.3499640487339947,0.301959069354605,0.5705636540330419,0.6261976410475365,0.7865251052802072,0.7467565445602521,0.0169491525423728,0.3331303544780053,0.8533236151603497,0.6290356877717613
Diabetes,CART,44,4,0.6590909090909091,0.65625,0.7884814049586777,0.3488671281150703,0.3106320971537653,0.5250631681243926,0.5505381861024828,0.8413061224489795,0.7478974166243785,0.0903389830508474,0.3425929051896045,0.9160932944606416,0.5623439444709404
Diabetes,VIF+CART,44,4,0.6931818181818182,0.6863366336633663,0.8021694214876034,0.3414327620903482,0.3002798869134049,0.6261224489795918,0.7163044377955028,0.8788678328474249,0.7256831184994211,0.0280790960451977,0.3358492353997701,0.92966472303207,0.5719733748899183
Diabetes,RRF-style,44,4,0.6590909090909091,0.65625,0.7758264462809916,0.352048592732147,0.3159052842241254,0.5201263362487852,0.5562380903590474,0.7517120181405895,0.7641103790937407,0.0770621468926553,0.3428297628328319,0.8370213799805636,0.5710869612863602
Diabetes,ACP-Gini,44,4,0.7159090909090909,0.7129061725172909,0.8068181818181817,0.3388290414329658,0.2959120655497483,0.5300323939099449,0.5480070773352949,0.8066345966958212,0.7563800932471466,0.0119209039548022,0.3212188311718062,0.8827405247813411,0.5325138452735932
Cultivar,CART,42,0,1.0,1.0,1.0,0.4470503962351798,0.3929285880295879,0.3871127308066083,0.4589946329814151,0.3871127308066083,0.7838963394881763,0.0405633802816901,0.3679172308684286,0.456245869776482,0.536998647107355
Cultivar,VIF+CART,42,0,1.0,1.0,1.0,0.4519288069516176,0.3926582317338321,0.3755694849368319,0.4502536383354694,0.3755694849368319,0.7811668286362164,0.0405633802816901,0.3730998344079315,0.4495315840621963,0.5350301989128592
Cultivar,RRF-style,42,0,1.0,1.0,1.0,0.4682815006757936,0.4294836662392556,0.4341710398445092,0.5315542098408189,0.4341710398445092,0.7746867508908325,0.0398591549295774,0.2887913894493169,0.5010553935860059,0.6019176552096203
Cultivar,ACP-Gini,42,0,1.0,1.0,1.0,0.3921048386659769,0.3584567554884357,0.3515228377065112,0.424984676245337,0.3515228377065112,0.7888636216391318,0.0278873239436619,0.3227848624865095,0.3744655004859086,0.4432240058045966
Cultivar,CART,42,1,0.9722222222222222,0.9693617021276596,0.9791666666666666,0.4377490243973531,0.3818243589431043,0.3817998056365403,0.488763766698506,0.3817998056365403,0.7224606413994169,0.0519718309859155,0.3290877355665886,0.4591681243926142,0.5726103733248439
Cultivar,VIF+CART,42,1,0.9722222222222222,0.9693617021276596,0.9791666666666666,0.4336775482980946,0.3757293857036336,0.3725315840621963,0.4755270760860047,0.3725315840621963,0.7277188208616779,0.0519718309859155,0.3238226163433684,0.4435413022351798,0.5513311087287222
Cultivar,RRF-style,42,1,0.9444444444444444,0.939799331103679,0.9756944444444444,0.4334131204512332,0.4169032329575738,0.4421632653061225,0.5766065350515066,0.4421632653061225,0.7042779397473276,0.026338028169014,0.2471869230835932,0.551047619047619,0.6758152497374464
Cultivar,ACP-Gini,42,1,0.9444444444444444,0.939799331103679,0.9583333333333331,0.3580141648425287,0.3501719117732819,0.3962507288629737,0.5219718235297309,0.3962507288629737,0.7199118885649498,0.0519718309859155,0.2625525327213933,0.4254557823129252,0.5490120184616585
Cultivar,CART,42,2,0.9722222222222222,0.9680567879325644,0.9565972222222222,0.4449530794691949,0.373605101117845,0.3862060252672497,0.45186464011794,0.3862060252672497,0.7818914804016844,0.0280281690140845,0.3168310604750551,0.4285675413022352,0.4981159071179768
Cultivar,VIF+CART,42,2,0.9722222222222222,0.9680567879325644,0.9565972222222222,0.4378774701744433,0.35873405836697,0.3548454810495627,0.4167202904309802,0.354491739552964,0.7920073917012692,0.0139436619718309,0.3111167997006315,0.411891156462585,0.4832454019297172
Cultivar,RRF-style,42,2,0.9722222222222222,0.9680567879325644,0.953125,0.4419824474432414,0.3962296449489206,0.3622643343051506,0.4392425616132008,0.3622643343051506,0.8112756427246223,0.0280281690140845,0.2932914273843641,0.4085208940719145,0.4884529882970134
Cultivar,ACP-Gini,42,2,0.9722222222222222,0.9680567879325644,0.953125,0.4080290043375175,0.3452861972056331,0.3379387755102041,0.3900273935559625,0.3379387755102041,0.8048882410106899,0.0280281690140845,0.2934023486811962,0.364961127308066,0.4150376814359304
Cultivar,CART,42,3,0.8857142857142857,0.8674242424242424,0.8659420289855073,0.4747531318470883,0.4268621148869991,0.3950903790087463,0.5230643699308419,0.3950903790087463,0.696265306122449,0.0,0.2087360856721433,0.4411856171039844,0.569786993720455
Cultivar,VIF+CART,42,3,0.8857142857142857,0.8674242424242424,0.8659420289855073,0.4680868057628034,0.4210965443309986,0.3802604470359572,0.5070282798314671,0.3802604470359572,0.7010408163265305,0.0,0.2044795709044592,0.4136754130223518,0.5403740182407809
Cultivar,RRF-style,42,3,0.8857142857142857,0.8674242424242424,0.8659420289855073,0.4697427890889537,0.4521530442583385,0.4353061224489796,0.5845288052551433,0.4353061224489796,0.6882390670553935,0.0,0.1539166454079953,0.5037414965986394,0.6475835652443481
Cultivar,ACP-Gini,42,3,0.8857142857142857,0.8674242424242424,0.8659420289855073,0.3991121487396625,0.3605359679193821,0.3698639455782313,0.5031810328466082,0.3698639455782313,0.7035315840621963,0.0,0.1574731870246569,0.3733197278911565,0.5043570912820047
Cultivar,CART,42,4,1.0,1.0,1.0,0.4955568525537566,0.4002280445843712,0.4642089407191448,0.5801520539117132,0.4642089407191448,0.6646964690638161,0.0324475524475524,0.3603282801725535,0.5531603498542275,0.6705564304211205
Cultivar,VIF+CART,42,4,1.0,1.0,1.0,0.4936062932712622,0.3985280183280232,0.4502847424684159,0.5628900221229861,0.4502847424684159,0.6770116618075802,0.0324475524475524,0.3591729360283081,0.542991253644315,0.6570629195700438
Cultivar,RRF-style,42,4,1.0,1.0,1.0,0.4939204754253194,0.4714203274306853,0.4745714285714285,0.6008726154063826,0.4745714285714285,0.6842730806608358,0.0342657342657342,0.2636976876120914,0.6158775510204082,0.7197267202332563
Cultivar,ACP-Gini,42,4,1.0,1.0,1.0,0.4360282195433907,0.3599506469044011,0.3861389698736637,0.5005544600516425,0.3861389698736637,0.7189015225137675,0.0324475524475524,0.3031593455767813,0.4456132167152575,0.5639087812874108
Cultivar,CART,43,0,1.0,1.0,1.0,0.4518347190346764,0.3861896668431736,0.3798185941043084,0.4581737655476993,0.3798185941043084,0.7579987042436022,0.0154929577464788,0.3205370091447991,0.4456025267249757,0.5293385779180192
Cultivar,VIF+CART,43,0,1.0,1.0,1.0,0.4422560188033713,0.3848222366601904,0.3619760285066408,0.4379223575705148,0.3619760285066408,0.7593595724003888,0.0154929577464788,0.3195805544877235,0.4350534499514092,0.518202488701834
Cultivar,RRF-style,43,0,1.0,1.0,1.0,0.435740321942172,0.3820125751476312,0.3594382896015549,0.4616764422548232,0.3594382896015549,0.7736523838972819,0.0154929577464788,0.2550827930555363,0.4554771622934888,0.5666973442948116
Cultivar,ACP-Gini,43,0,1.0,1.0,1.0,0.3992658582059086,0.3418666633138101,0.3258555231616456,0.4061174877408068,0.3258555231616456,0.7867042141531937,0.0,0.2769684625888185,0.3603595724003887,0.4401288334211728
Cultivar,CART,43,1,1.0,1.0,1.0,0.4380670185528479,0.371373037576269,0.3781227729186913,0.4916195861441466,0.3781227729186913,0.7378713961775186,0.0133802816901408,0.3398759695629152,0.4219407191448007,0.5429869844030677
Cultivar,VIF+CART,43,1,1.0,1.0,1.0,0.4375803642165768,0.3701606366978343,0.3694321347586654,0.4808200973915061,0.3694321347586654,0.742488824101069,0.0133802816901408,0.3401681204094346,0.4177482993197278,0.5393287347414014
Cultivar,RRF-style,43,1,1.0,1.0,1.0,0.4249511846159207,0.3940793626545345,0.3940019436345967,0.5392513613415086,0.3940019436345967,0.7159173071826133,0.006338028169014,0.2537875196628127,0.4583343051506316,0.6047296333012996
Cultivar,ACP-Gini,43,1,1.0,1.0,1.0,0.3585344795711745,0.3190928319588048,0.3739241982507288,0.5084488512910429,0.3739241982507288,0.7325827369909003,0.0133802816901408,0.2809683607650107,0.3951875607385811,0.5289740497197506
Cultivar,CART,43,2,0.9166666666666666,0.9080851063829788,0.9427083333333331,0.4391835680325771,0.3693793843295663,0.3689193391642371,0.4685516675735278,0.3689193391642371,0.6933372206025267,0.0,0.2512595714003346,0.4067074829931972,0.5151091447354738
Cultivar,VIF+CART,43,2,0.9166666666666666,0.9080851063829788,0.9427083333333331,0.447938337892577,0.3743527275606723,0.3945928085519922,0.518676165086388,0.3945928085519922,0.6656831875607386,0.0,0.2593523487777403,0.4217220602526725,0.5452035371919761
Cultivar,RRF-style,43,2,0.9166666666666666,0.9080851063829788,0.9270833333333331,0.4440297574285576,0.4274109672133962,0.4223809523809524,0.5374018973346648,0.4223809523809524,0.64,0.0,0.1635427948423717,0.4506666666666666,0.5712959002410088
Cultivar,ACP-Gini,43,2,0.8611111111111112,0.8468085106382979,0.8888888888888888,0.3146659579584505,0.2931686217165013,0.359156462585034,0.4675779596128914,0.359156462585034,0.7033819241982507,0.0,0.1729944789853444,0.359156462585034,0.4640332066921206
Cultivar,CART,43,3,0.8285714285714286,0.8164335664335665,0.9311594202898552,0.3936996032532952,0.3766287751059458,0.374958211856171,0.4785218072845432,0.3742675736961451,0.7230285066407515,0.0675524475524475,0.3152485454199941,0.4223822481373502,0.5248555141145306
Cultivar,VIF+CART,43,3,0.8285714285714286,0.8164335664335665,0.9311594202898552,0.3868304941863952,0.3680119301906907,0.357067055393586,0.4522727494695128,0.3566413994169096,0.7330851959831551,0.0542657342657342,0.3100495786164004,0.4083722060252672,0.5050458266642999
Cultivar,RRF-style,43,3,0.8285714285714286,0.8164335664335665,0.9311594202898552,0.4041912318166734,0.4110319943568687,0.4572089407191447,0.5860688849376794,0.4572089407191447,0.7206067379332686,0.0393006993006993,0.2616379176886639,0.5176171039844509,0.6384394319322144
Cultivar,ACP-Gini,43,3,0.8285714285714286,0.8164335664335665,0.9311594202898552,0.3799048618917304,0.3644684903642206,0.4043148688046647,0.5230481178722384,0.4043148688046647,0.7261250404923874,0.0525874125874125,0.290012953808215,0.4549601554907677,0.5693467895576173
Cultivar,CART,43,4,0.9142857142857144,0.891640866873065,0.8693181818181819,0.4787204720839481,0.4165127792558987,0.4091486880466471,0.5113707146542453,0.4091486880466471,0.733245869776482,0.0598601398601398,0.3390555223134264,0.4682128279883382,0.5795234993358858
Cultivar,VIF+CART,43,4,0.9142857142857144,0.891640866873065,0.8693181818181819,0.4631765396073886,0.3971312008088741,0.3812147716229348,0.4701553937353147,0.3812147716229348,0.7491707159054097,0.0246153846153846,0.3272669826401464,0.4357696793002916,0.5344091296689131
Cultivar,RRF-style,43,4,0.9142857142857144,0.891640866873065,0.8693181818181819,0.4886859000791736,0.4556052652626471,0.4605869776482021,0.5709255842749448,0.4605869776482021,0.7292458697764821,0.0,0.2569045683034723,0.5368999028182702,0.6536474661293703
Cultivar,ACP-Gini,43,4,0.9142857142857144,0.891640866873065,0.8693181818181819,0.4164104080217362,0.3621107958575693,0.3627939747327502,0.4544602229913198,0.3627939747327502,0.7531224489795919,0.025034965034965,0.2691267329260851,0.3842108843537415,0.4740239725353106
Cultivar,CART,44,0,0.9444444444444444,0.9345454545454546,0.9565972222222222,0.4780017748516896,0.3943701711959255,0.3934217687074829,0.4962338227384485,0.3934217687074829,0.7717797214123744,0.026338028169014,0.3009576836278022,0.4559533527696793,0.568687299000496
Cultivar,VIF+CART,44,0,0.9444444444444444,0.9345454545454546,0.9565972222222222,0.4784600010397967,0.3952766817909474,0.3917638483965014,0.4915126425252569,0.3917638483965014,0.7754120505344995,0.026338028169014,0.3000213966496046,0.4615179786200194,0.5707333304657737
Cultivar,RRF-style,44,0,0.9444444444444444,0.9345454545454546,0.9097222222222222,0.4757457591149788,0.4404953485951837,0.4461924198250729,0.5754201609206007,0.4461924198250729,0.7312374473598964,0.0135211267605633,0.2351752207401975,0.5108571428571429,0.6422773977897689
Cultivar,ACP-Gini,44,0,0.9444444444444444,0.9345454545454546,0.9565972222222222,0.4187490939135571,0.3613736614690407,0.354862973760933,0.4575475267990445,0.354862973760933,0.7766083576287658,0.0,0.252650593073831,0.3661778425655977,0.4642446848988539
Cultivar,CART,44,1,0.9444444444444444,0.939799331103679,0.9583333333333331,0.4436362645027331,0.3934955812255433,0.4234548104956268,0.5239547694941462,0.4234548104956268,0.7331473922902494,0.0477464788732394,0.3412942112165701,0.5139028182701653,0.6299003879519487
Cultivar,VIF+CART,44,1,0.9444444444444444,0.939799331103679,0.9583333333333331,0.4462492425199922,0.3744189455575409,0.3794975704567541,0.4724526941740213,0.3794975704567541,0.7359287333981211,0.0138028169014084,0.3322133376726889,0.4841525753158406,0.600575635781044
Cultivar,RRF-style,44,1,0.9444444444444444,0.939799331103679,0.9583333333333331,0.4443261897206788,0.4228457726104044,0.5152244897959184,0.6213903554193907,0.5152244897959184,0.7165251052802074,0.0,0.2530197458511271,0.6552108843537415,0.7482731192698753
Cultivar,ACP-Gini,44,1,0.9444444444444444,0.939799331103679,0.9583333333333331,0.3745573692026082,0.3616524639591326,0.4009018464528669,0.5067588787884965,0.4009018464528669,0.7460145772594751,0.0274647887323943,0.2831701923893099,0.4270884353741497,0.5283432486972339
Cultivar,CART,44,2,0.9722222222222222,0.9680567879325644,0.9565972222222222,0.4420284439590747,0.3781547107427336,0.3884557823129251,0.4662517757130354,0.3884557823129251,0.7676831875607386,0.0,0.3083776228037536,0.436002915451895,0.5164383865141179
Cultivar,VIF+CART,44,2,0.9722222222222222,0.9680567879325644,0.9565972222222222,0.4461049493216147,0.376176351391173,0.372191771946874,0.4404094493756944,0.372191771946874,0.768006478781989,0.0,0.3125874809184751,0.4284745707806932,0.5049476274805886
Cultivar,RRF-style,44,2,0.9722222222222222,0.9680567879325644,0.953125,0.4377731935901313,0.3956805113219006,0.3779941690962099,0.4602999904763927,0.3779941690962099,0.7688072562358276,0.0,0.2634668727382092,0.4366608357628766,0.5263710928354973
Cultivar,ACP-Gini,44,2,0.9722222222222222,0.9680567879325644,0.9513888888888888,0.4001163232349051,0.3502134843198525,0.3411000971817299,0.403235030508827,0.3411000971817299,0.7857479753806285,0.0,0.2692864519121701,0.3481030126336249,0.4051429971072665
Cultivar,CART,44,3,0.9428571428571428,0.9388111888111887,0.9710144927536232,0.440591515263626,0.3958295622164234,0.3686550048590865,0.4679199446886444,0.3685425979915775,0.7514852607709751,0.039020979020979,0.3623471567522526,0.4237162293488823,0.5200933760362972
Cultivar,VIF+CART,44,3,0.9428571428571428,0.9388111888111887,0.9710144927536232,0.4253707702838576,0.3890015652102606,0.3719679300291544,0.4730361856645927,0.372239390994493,0.7599507612568837,0.039020979020979,0.3552903153581257,0.4158338192419825,0.5118803774158537
Cultivar,RRF-style,44,3,0.9428571428571428,0.9388111888111887,0.9710144927536232,0.4292721272378786,0.4054510679747637,0.3655218658892128,0.4946502169708525,0.3655218658892128,0.7598888888888888,0.039020979020979,0.3159038128765715,0.4251953352769678,0.5515266538660589
Cultivar,ACP-Gini,44,3,0.9714285714285714,0.9688888888888888,1.0,0.3690519920962952,0.3374492748401485,0.3658513119533528,0.4719912306998665,0.3658513119533528,0.7284554583738257,0.039020979020979,0.2982682521394957,0.3892089407191448,0.4909402532861212
Cultivar,CART,44,4,0.9714285714285714,0.9659863945578232,0.9507575757575756,0.4849468967739373,0.4181144499966567,0.4224509232264334,0.5328691620571849,0.4224509232264334,0.6946614836410755,0.0116083916083916,0.2985207650743133,0.4647152575315841,0.5787048739297801
Cultivar,VIF+CART,44,4,0.9714285714285714,0.9659863945578232,0.9507575757575756,0.4849468967739373,0.4181144499966567,0.4224509232264334,0.5328691620571849,0.4224509232264334,0.6946614836410755,0.0116083916083916,0.2985207650743133,0.4647152575315841,0.5787048739297801
Cultivar,RRF-style,44,4,0.9714285714285714,0.9659863945578232,0.9488636363636364,0.479842907693114,0.4474296356388332,0.4488435374149659,0.5826183600146897,0.4488435374149659,0.6689543245869777,0.0,0.2142310272879953,0.4889115646258503,0.6220350289309774
Cultivar,ACP-Gini,44,4,0.9714285714285714,0.9659863945578232,0.9488636363636364,0.4376052529174336,0.3721079329536673,0.3693955296404276,0.4868953231872049,0.3693955296404276,0.7223916423712342,0.0116083916083916,0.2353133018710621,0.381354713313897,0.4971890117197382
Digits38,CART,42,0,0.9722222222222222,0.9722007722007722,0.9702702702702702,0.3765369958289936,0.2871142716477072,0.3429381276320051,0.4411384378751607,0.3276356092886705,0.8173854612107914,0.0182456140350877,0.3194782246611082,0.3356347212877825,0.443118871530572
Digits38,VIF+CART,42,0,0.9722222222222222,0.9722007722007722,0.9702702702702702,0.3662106112136981,0.2747444442793931,0.3430417881438289,0.4253696632309147,0.3141431584288727,0.8248158272299929,0.0,0.3087202504591539,0.3158950958338714,0.4198540790972509
Digits38,RRF-style,42,0,0.9722222222222222,0.9722007722007722,0.9702702702702702,0.3787507229325769,0.3007001450768461,0.3343977972141237,0.434050284322906,0.3149346435877048,0.8362985046832586,0.0182456140350877,0.3235482997653005,0.3198598317781991,0.4335938742085895
Digits38,ACP-Gini,42,0,0.9583333333333334,0.9583252942311402,0.9694980694980696,0.3472689899853532,0.2405162361878837,0.2910787172011662,0.3461174352841008,0.2565736995430873,0.8470916227296781,0.0106666666666666,0.2925843898650233,0.2603749663035377,0.3419626731783654
Digits38,CART,42,1,0.9027777777777778,0.9023066485753052,0.9528957528957528,0.3579072990745455,0.3000836362804243,0.2905733722060252,0.3631394946654217,0.2792085057799343,0.8500070530376652,0.0,0.3390498420101908,0.287917323039772,0.3650363689603013
Digits38,VIF+CART,42,1,0.9027777777777778,0.9023066485753052,0.9528957528957528,0.3466623592167952,0.2903612608915789,0.3057551020408163,0.3677071520171721,0.2850116391544963,0.8404294197865628,0.0,0.3369227992546799,0.2868730158730158,0.3610947402607344
Digits38,RRF-style,42,1,0.9027777777777778,0.9023066485753052,0.9528957528957528,0.3593474016485676,0.322952738883242,0.2895228377065111,0.3739366164860599,0.2874878318959951,0.8506048022272512,0.0,0.3481488366723772,0.2936849046644965,0.3733175374064936
Digits38,ACP-Gini,42,1,0.9027777777777778,0.9023066485753052,0.9393822393822392,0.3290077140052109,0.2438435193190401,0.2462902494331065,0.2907480493622084,0.224478793315528,0.8713210780149555,0.0,0.3063450079148492,0.231701020068367,0.2902626638851309
Digits38,CART,42,2,0.9295774647887324,0.9295215405995632,0.940779014308426,0.3626254793603402,0.2777718335179172,0.3056261742792355,0.3966114132113623,0.3018896749508994,0.8463051302439057,0.0,0.3153760284629495,0.3038786519602846,0.3911585444119008
Digits38,VIF+CART,42,2,0.9295774647887324,0.9295215405995632,0.940779014308426,0.3556077871649078,0.2674732013845289,0.3231671525753158,0.407040611560454,0.309555020942776,0.8343989326000131,0.0,0.3053340466749141,0.3134802204598123,0.4032380504056858
Digits38,RRF-style,42,2,0.9295774647887324,0.9295215405995632,0.9431637519872814,0.3662295518320506,0.2947832952082731,0.307792355037253,0.4053218258045903,0.3052312925170067,0.8570666499033845,0.0,0.3232703255424322,0.3079231380864033,0.4014757204800606
Digits38,ACP-Gini,42,2,0.9154929577464788,0.915341812400636,0.9395866454689984,0.3252096509744842,0.2103914254654715,0.2570310981535471,0.3049115493545491,0.2354257012828441,0.877244612996714,0.0,0.271184239292219,0.2389530288305798,0.2992274233463757
Digits38,CART,42,3,0.943661971830986,0.9436507936507936,0.9674603174603176,0.383971675812329,0.3029813737982777,0.3053712342079688,0.3748132703506578,0.2865455111781642,0.8662321229524111,0.0,0.341202793807242,0.2984694421225033,0.3806052574234748
Digits38,VIF+CART,42,3,0.9295774647887324,0.9295774647887324,0.965873015873016,0.3723905328459052,0.2854433686938138,0.3024489795918367,0.3724430463133513,0.2823686381645565,0.8659011601310521,0.0,0.3304726483352668,0.2833555877229347,0.3642248921669396
Digits38,RRF-style,42,3,0.9295774647887324,0.9295774647887324,0.9777777777777776,0.3894754094310585,0.3144652815754838,0.3058545513443472,0.3699275812698065,0.276785876255264,0.8754579321572118,0.0,0.3435477584849502,0.2856894194241133,0.3724351767775414
Digits38,ACP-Gini,42,3,0.9154929577464788,0.9154761904761904,0.9642857142857144,0.3492557482215375,0.2316467684616167,0.2509847748623258,0.2793379285295639,0.2200857974225321,0.8938856307091602,0.0076923076923076,0.2926269656473114,0.2244327282694629,0.2738426799972299
Digits38,CART,42,4,0.943661971830986,0.9436507936507936,0.9932539682539684,0.3916381564944368,0.3155903393481834,0.3232332361516035,0.4082670711194029,0.3064124061879164,0.865800457379089,0.0173426573426573,0.357905095599964,0.3131984817903185,0.408575706751147
Digits38,VIF+CART,42,4,0.943661971830986,0.9436507936507936,0.9932539682539684,0.3893438625730479,0.3026821978348173,0.3321561386459346,0.4176066340349706,0.3127415690885078,0.8660980915176595,0.0,0.3554108672679046,0.3138397045131739,0.4107316895758964
Digits38,RRF-style,42,4,0.943661971830986,0.9436507936507936,0.9805555555555556,0.3943963596315758,0.3318436751182151,0.3308409459021704,0.4283940557367222,0.3214139216792278,0.8729101537384851,0.0173426573426573,0.3592233995148112,0.3281802460577971,0.4294551794703755
Digits38,ACP-Gini,42,4,0.943661971830986,0.9436507936507936,0.953968253968254,0.3691291723844127,0.2605840113432547,0.292331713637836,0.3488727582110459,0.2612015648750342,0.8885170042042791,0.0173426573426573,0.3319938342130679,0.2656226471940757,0.3458386501413592
Digits38,CART,43,0,0.9027777777777778,0.9012345679012346,0.9521235521235522,0.3738503237658304,0.2897062492331966,0.2896297376093294,0.3818199002456401,0.2802045097759383,0.8696952807096865,0.0109473684210526,0.3347042613623577,0.2965006648680117,0.3953681602285474
Digits38,VIF+CART,43,0,0.9027777777777778,0.9012345679012346,0.9521235521235522,0.3625154279803773,0.2773890683615481,0.2939666342727566,0.3750697521164015,0.275692987284824,0.8791953877683012,0.0,0.3210840840219054,0.2781597767312053,0.3698410012110075
Digits38,RRF-style,43,0,0.9027777777777778,0.9012345679012346,0.9521235521235522,0.3728302462869826,0.2998356760707752,0.2874635568513119,0.3834539609331229,0.2772694992082747,0.8730614278345371,0.0015438596491228,0.3366897496777012,0.2896139574711003,0.3925923955256932
Digits38,ACP-Gini,43,0,0.9305555555555556,0.9298928919182085,0.962934362934363,0.3508306223148711,0.2394747614856498,0.2569290573372205,0.3165792270414875,0.2350302507949566,0.8852078130619546,0.0098947368421052,0.2997222427071841,0.2401832686454535,0.3147708632236709
Digits38,CART,43,1,0.9305555555555556,0.9305421570519004,0.981081081081081,0.3503834838897341,0.2730067036354127,0.2631551668286362,0.3180769876008439,0.2500160315874601,0.8805692878550021,0.0,0.3214751477072504,0.26575116266953,0.3266266693462934
Digits38,VIF+CART,43,1,0.9305555555555556,0.9305421570519004,0.981081081081081,0.3466312778599649,0.2629048885414049,0.2693747975380628,0.3344363596897954,0.2636610634263696,0.8762070571152205,0.0,0.3153251650698538,0.26776673779735,0.3281940930337167
Digits38,RRF-style,43,1,0.9444444444444444,0.9444015444015444,0.9687258687258686,0.3531369434424332,0.2890184574163705,0.2621153223194039,0.3240334055438441,0.2512438287336246,0.8859811009985079,0.0,0.3244382635329612,0.263479740214434,0.3290802501122492
Digits38,ACP-Gini,43,1,0.9583333333333334,0.9583252942311402,0.9837837837837836,0.3270749165771414,0.2292170900569165,0.2302980239714933,0.2590946350060824,0.2106966253700947,0.8917965926963526,0.0,0.2950551552054987,0.217671079487406,0.2554270941295138
Digits38,CART,43,2,0.8591549295774648,0.8584529505582137,0.9463434022257552,0.3881207463740183,0.3178930627294459,0.3696890184645287,0.4685353294699392,0.3471025776944144,0.7795134476701104,0.0,0.3429530327232525,0.3593073887563683,0.4776370198915396
Digits38,VIF+CART,43,2,0.8591549295774648,0.8584529505582137,0.9463434022257552,0.3822558262209993,0.3047265810187621,0.3744800777453838,0.4555692677405308,0.3333267073062991,0.7897596614403337,0.0,0.3387976645921725,0.3374470472837819,0.4551642452769416
Digits38,RRF-style,43,2,0.8591549295774648,0.8584529505582137,0.9439586645468998,0.3920220116523864,0.3274955333690261,0.3631509556203433,0.4621688684810652,0.3363825675458329,0.7983048196967765,0.0,0.3433525106665693,0.3439325572386796,0.4665798993227601
Digits38,ACP-Gini,43,2,0.9154929577464788,0.9150717703349284,0.9483306836248012,0.3632220819222047,0.2438615507255017,0.3337544541626174,0.386425311936255,0.2785267702818723,0.8119834755080854,0.0,0.3006577136372707,0.2813097809220258,0.3829883637846186
Digits38,CART,43,3,0.943661971830986,0.9436507936507936,0.9511904761904764,0.3873963640043201,0.3179176697251861,0.3075850340136054,0.3841073112891396,0.2917240288056614,0.8381264993509892,0.0,0.3819054117847761,0.2924016210546822,0.3767682797272292
Digits38,VIF+CART,43,3,0.943661971830986,0.9436507936507936,0.9511904761904764,0.3740549595276276,0.2992597277624315,0.2974891480401684,0.3763476289345432,0.2877002294757397,0.8422330300085402,0.0,0.3729959806444537,0.2883400680951701,0.368565282817127
Digits38,RRF-style,43,3,0.9295774647887324,0.9295215405995632,0.9507936507936507,0.391516784720369,0.3345952308991469,0.3157771298995788,0.3961730530775222,0.3012290453310862,0.8397223793280216,0.0,0.3864986616559214,0.3017216389053124,0.3894902294031475
Digits38,ACP-Gini,43,3,0.9577464788732394,0.9577464788732394,0.9670634920634922,0.3497569417757338,0.254030762753034,0.2490900550696468,0.29948348681513,0.2276369843308618,0.8739080851121669,0.0,0.3212772844592637,0.2289286586429443,0.291908102325324
Digits38,CART,43,4,0.943661971830986,0.9435612082670906,0.9654761904761904,0.3794699633951435,0.2837414345650443,0.3635212180110139,0.425959377671016,0.326389093899298,0.8287391967776122,0.0067832167832167,0.3316250056519091,0.3303363212750967,0.4222580754845071
Digits38,VIF+CART,43,4,0.943661971830986,0.9435612082670906,0.9654761904761904,0.370601353206906,0.2705370775619303,0.3646530612244897,0.4157866695389904,0.3148193711050854,0.8269070685883412,0.0,0.3237076612018355,0.319431606941811,0.4132309144739484
Digits38,RRF-style,43,4,0.943661971830986,0.9435612082670906,0.9682539682539684,0.3820178288325703,0.2953012918012849,0.3608519598315516,0.4237017213330146,0.3271433962862534,0.8335404941197259,0.0067832167832167,0.332730679434417,0.3315659895659896,0.4208388157112357
Digits38,ACP-Gini,43,4,0.943661971830986,0.9435612082670906,0.9547619047619048,0.3477749374151391,0.2266344716889954,0.3026339488176223,0.3236569473907117,0.2517920718737045,0.8609799642800843,0.0067832167832167,0.2966444649402304,0.2554423648913445,0.3172920309120515
Digits38,CART,44,0,0.9583333333333334,0.9583252942311402,0.9980694980694982,0.3807415397461743,0.2953683375311264,0.287175251052802,0.3810281824059409,0.2880536323087343,0.8803863196960435,0.007859649122807,0.3358439608018786,0.2973354513966759,0.3836042580703694
Digits38,VIF+CART,44,0,0.9583333333333334,0.9583252942311402,0.9980694980694982,0.3722595065300909,0.2798025981443756,0.2989083252348559,0.3628923526577304,0.2748230794149161,0.8908978048761963,0.0,0.3245642712779464,0.2798923163004795,0.3592581656735301
Digits38,RRF-style,44,0,0.9583333333333334,0.9583252942311402,0.9857142857142858,0.3875087684794498,0.3147214078577378,0.3029429867184969,0.3973968433291387,0.2972061272061271,0.8830604479554058,0.007859649122807,0.3442801230691424,0.305738871106218,0.4003219885573579
Digits38,ACP-Gini,44,0,0.9583333333333334,0.9583252942311402,0.9841698841698844,0.3518973111697117,0.2467854737778281,0.2525202461937155,0.289031833210788,0.2237987571318903,0.9015903361011404,0.007859649122807,0.3011403487081109,0.2275321688448939,0.2833047741849109
Digits38,CART,44,1,0.9444444444444444,0.9442724458204336,0.9555984555984556,0.3668693520839133,0.2878753927596478,0.3430835762876579,0.4196042575329059,0.3180450490552531,0.8447611570102568,0.0089122807017543,0.3332214025451209,0.3243788524400769,0.4197449460717689
Digits38,VIF+CART,44,1,0.9444444444444444,0.9442724458204336,0.9555984555984556,0.3587704947909657,0.2783529167498809,0.3728309037900875,0.4513717398968537,0.341584587747853,0.8392206654223461,0.0,0.327613449566946,0.3437049888886623,0.4463710918967007
Digits38,RRF-style,44,1,0.9444444444444444,0.9442724458204336,0.9555984555984556,0.3691937081984641,0.3101093910398924,0.3499092970521541,0.4380089322785197,0.3301005751617996,0.8518409093241027,0.0089122807017543,0.3399119398194431,0.3339996579384334,0.4360808030958093
Digits38,ACP-Gini,44,1,0.9166666666666666,0.916083916083916,0.9548262548262548,0.3381957848709235,0.2379093569125999,0.2927777777777777,0.3454789523947363,0.2626434789700095,0.8661084585682426,0.0089122807017543,0.2933218120083811,0.2651016670404426,0.3393825115221233
Digits38,CART,44,2,0.9295774647887324,0.9290709290709293,0.9578696343402224,0.3659427347304372,0.2807538910753093,0.315821185617104,0.3743125552930461,0.2838017934446505,0.8664768869918931,0.0,0.3274793913545952,0.2921762307986797,0.3776622336144626
Digits38,VIF+CART,44,2,0.9295774647887324,0.9290709290709293,0.9578696343402224,0.3600646292946534,0.2727002104672119,0.3357240038872691,0.3924669082673274,0.2945819463982729,0.8536246402656966,0.0,0.3259202827010947,0.2974559046395781,0.387927305791715
Digits38,RRF-style,44,2,0.9295774647887324,0.9290709290709293,0.9888712241653418,0.3693990382668834,0.2988599647507025,0.3193388402980239,0.383215117310581,0.2881500200479792,0.8707781238369473,0.0,0.3297065355723247,0.2958318597502271,0.3867069188402582
Digits38,ACP-Gini,44,2,0.9295774647887324,0.9290709290709293,0.9852941176470588,0.3402522202553009,0.2321842183742924,0.2715257531584062,0.3105018213237892,0.2377299347977619,0.8841535317423673,0.0,0.2988791644720875,0.2426731774961066,0.308662270352133
Digits38,CART,44,3,0.9577464788732394,0.957712924359738,0.9674603174603174,0.3868648526204361,0.2978904518741865,0.3154910916747651,0.3937265257188657,0.2938921464023504,0.8402414241087712,0.0104195804195804,0.3322880248214566,0.3029589820610229,0.3974012102321919
Digits38,VIF+CART,44,3,0.9577464788732394,0.957712924359738,0.9674603174603174,0.3700727909851452,0.2804915662435119,0.3042299967606089,0.3815416270290064,0.2858413242086711,0.8541667970551524,0.0083916083916083,0.3224525921367378,0.2944162322937833,0.3842067899709015
Digits38,RRF-style,44,3,0.971830985915493,0.9718253968253968,0.9666666666666668,0.3895420749617829,0.3109308660180307,0.3126264982183349,0.403461090969092,0.2990432266146552,0.8462022829777932,0.0104195804195804,0.3377369081521001,0.3087733490998797,0.4082046642915833
Digits38,ACP-Gini,44,3,0.971830985915493,0.9718253968253968,0.965079365079365,0.3564445455503445,0.2483081474052828,0.288421120829284,0.3453411941433311,0.2579976452119309,0.8634812239914281,0.0197902097902097,0.2975554077659874,0.266351260983914,0.3468858725476498
Digits38,CART,44,4,0.9295774647887324,0.9293532338308458,0.9686507936507937,0.3740394988420127,0.2979863434246453,0.3369808875931324,0.4119516690746295,0.3090553799941555,0.8381025064038271,0.0084615384615384,0.3318094569413194,0.3175601835805917,0.4145418034237127
Digits38,VIF+CART,44,4,0.9295774647887324,0.9293532338308458,0.9686507936507937,0.3684129669589536,0.2887271812676484,0.359310009718173,0.4336355320796678,0.3250255753316977,0.8182000773003174,0.0,0.3271181370088697,0.3277115718748372,0.4294080318480635
Digits38,RRF-style,44,4,0.9295774647887324,0.9293532338308458,0.9714285714285714,0.3782199859717642,0.3113924338278709,0.3457327502429543,0.4288476682357893,0.3190158254443968,0.8363730534504845,0.0084615384615384,0.3391300963186335,0.3263181535018269,0.430589823862157
Digits38,ACP-Gini,44,4,0.9295774647887324,0.9293532338308458,0.9698412698412698,0.3515661183605001,0.2449201346482458,0.3014480077745384,0.334445520292796,0.2507931456298803,0.8553406893893087,0.0088111888111888,0.2965768824554036,0.2554123756062532,0.3316234108713502
WDBC,ACP-Gini (nested),42,0,0.912280701754386,0.9074675324675324,0.9664264657713724,0.4727503296593079,0.3109327447908686,0.2166504697116942,0.2491640785318583,0.284509338600575,0.9014924845915177,0.7095824175824176,0.3831545103943188,0.5038198558810804,0.517365390018077
WDBC,Cluster+CART,42,0,0.9385964912280702,0.9359910162829872,0.9559449721585328,0.4969804937940257,0.3319282761634231,0.2778137350178166,0.2967795047389683,0.2919202294304334,0.8943867874560019,0.7395164835164835,0.4157942291598948,0.5028945408333164,0.5606931298907583
WDBC,RandomForest (reference),42,0,0.9649122807017544,0.9629870129870132,0.9977071732721914,,,,,,,,,,
WDBC,ACP-Gini (nested),42,1,0.8859649122807017,0.8708496732026143,0.9154929577464788,0.619989351879754,0.3325472478339529,0.2628756073858114,0.2940003413850903,0.2822497638416006,0.890014374637108,0.7981098901098901,0.4617408425607636,0.4757816650469711,0.5340062578513052
WDBC,Cluster+CART,42,1,0.9210526315789472,0.912836632401665,0.9421880117916804,0.5354606271136806,0.3135915285967604,0.2693932620667315,0.3295689984104926,0.3216503405891161,0.8956232078943407,0.6307692307692309,0.4433033601013928,0.4412482551462143,0.3690850029910845
WDBC,RandomForest (reference),42,1,0.9298245614035088,0.922972972972973,0.9810022928267278,,,,,,,,,,
WDBC,ACP-Gini (nested),42,2,0.9649122807017544,0.9619111259605746,0.976686507936508,0.5102634722049134,0.3300209576129058,0.2271493359248461,0.2426098278616799,0.2584234668892531,0.8931903855571007,0.6158241758241758,0.3936057301981123,0.4451841808984666,0.4826280939066972
WDBC,Cluster+CART,42,2,0.9473684210526316,0.9422297297297296,0.9495701058201058,0.5107094730154796,0.3447010250493595,0.2437933268545513,0.2700090784761044,0.2580910291522536,0.8874065352623872,0.6458901098901099,0.4489973507080745,0.4792636864269516,0.5357546333439729
WDBC,RandomForest (reference),42,2,0.956140350877193,0.951575906889814,0.9877645502645502,,,,,,,,,,
WDBC,ACP-Gini (nested),42,3,0.9298245614035088,0.9265700483091788,0.9756944444444444,0.5671256138641868,0.3358847912351528,0.217168772270813,0.2342767517202185,0.2702819576048867,0.913559490454924,0.7725714285714287,0.412279113989557,0.486948484621954,0.5186388503055197
WDBC,Cluster+CART,42,3,0.8947368421052632,0.8906649616368286,0.9657738095238096,0.535053056731326,0.3328945804436158,0.2442546161321671,0.2667039267691907,0.2746327753878774,0.9121532175714764,0.6763516483516483,0.4247998527982077,0.4910615257758114,0.5097880230268665
WDBC,RandomForest (reference),42,3,0.9385964912280702,0.9354943011882628,0.9927248677248676,,,,,,,,,,
WDBC,ACP-Gini (nested),42,4,0.9469026548672568,0.9425813008130082,0.9557344064386318,0.5672895477068475,0.3470293496581385,0.2196177518626498,0.2184263749372514,0.2608226327494035,0.9124980760905708,0.7666666666666667,0.4711582796040277,0.4758360211217354,0.5144732246779656
WDBC,Cluster+CART,42,4,0.9469026548672568,0.9425813008130082,0.9792085848423876,0.5372492595013901,0.3365654704917222,0.2527217363135731,0.2934068599452426,0.3014083342960894,0.8976184393250368,0.7556140350877193,0.4700334288554292,0.5279613266552041,0.5278481987886832
WDBC,RandomForest (reference),42,4,0.9646017699115044,0.961720867208672,0.9912810194500336,,,,,,,,,,
WDBC,ACP-Gini (nested),43,0,0.912280701754386,0.9047778149014368,0.9372748116606616,0.2666194289343347,0.2411595889997999,0.1863543893747975,0.182542065272461,0.2325853488914713,0.9192918791778948,0.0571868131868132,0.2113046369372831,0.3752254502866747,0.2286523744078654
WDBC,Cluster+CART,43,0,0.9298245614035088,0.9246031746031746,0.9402227317392728,0.532105254757279,0.3463012261286383,0.2176462585034013,0.2426732482586465,0.2602070038804732,0.9158628657919564,0.7493186813186813,0.4819464178812271,0.4712144771328444,0.4888820720046158
WDBC,RandomForest (reference),43,0,0.956140350877193,0.9531057178116,0.989190959711759,,,,,,,,,,
WDBC,ACP-Gini (nested),43,1,0.9385964912280702,0.933693394266722,0.9649525057320668,0.5522967953776721,0.330011526143153,0.236261742792355,0.2572594611124215,0.2746761099378146,0.9172229758908412,0.7108131868131867,0.3970313508634882,0.4740682628029566,0.4998698144961703
WDBC,Cluster+CART,43,1,0.9210526315789472,0.9163609684519444,0.9428431051424828,0.5004361783301595,0.3040231417508607,0.2400958859734369,0.2614651233397184,0.2677257934808955,0.9145691978639264,0.6046593406593407,0.3986112494179636,0.432616555779821,0.3954805330037109
WDBC,RandomForest (reference),43,1,0.956140350877193,0.9531057178116,0.9901735997379626,,,,,,,,,,
WDBC,ACP-Gini (nested),43,2,0.9035087719298246,0.8921475875118259,0.91385582010582,0.5441701569931773,0.3458937534563077,0.2519080012957563,0.3004113848110067,0.3005560176784667,0.8822809857349885,0.7287912087912087,0.4608581587621318,0.4813753276202254,0.5429071852761019
WDBC,Cluster+CART,43,2,0.8947368421052632,0.8879790370127743,0.9361772486772488,0.5589737999458793,0.368381943738517,0.2268856494978944,0.2575631072416204,0.2587131870397176,0.9042801728586972,0.7555604395604395,0.4896714674112421,0.5017154931236564,0.5499705608611682
WDBC,RandomForest (reference),43,2,0.956140350877193,0.951575906889814,0.982473544973545,,,,,,,,,,
WDBC,ACP-Gini (nested),43,3,0.9385964912280702,0.933693394266722,0.9791666666666666,0.3965149816476414,0.2737892354108694,0.1857725947521866,0.2208621238933922,0.266487451324186,0.9059002153097712,0.5603076923076923,0.3064127869238718,0.4381038847773541,0.3313517429930485
WDBC,Cluster+CART,43,3,0.9210526315789472,0.9155902920608804,0.9814814814814816,0.5346181477643681,0.3326920152343803,0.3007489471979268,0.3989131352043709,0.3691935320914913,0.8705863076695095,0.7525714285714287,0.4289150726104271,0.5312369172777336,0.5189377322228612
WDBC,RandomForest (reference),43,3,0.9473684210526316,0.9434523809523808,0.9933862433862434,,,,,,,,,,
WDBC,ACP-Gini (nested),43,4,0.9734513274336284,0.9717146433041302,0.9788732394366196,0.5427083920984659,0.3455111506134131,0.2042695173307418,0.2010439571700803,0.2613791016239996,0.9188925895994622,0.8132456140350878,0.4198337775806408,0.5125576237821136,0.5687653069916175
WDBC,Cluster+CART,43,4,0.9292035398230089,0.9255599472990776,0.9671361502347418,0.5257302700839069,0.3204219673805754,0.2456009070294784,0.2644912146010726,0.2783267118369159,0.9120137330904596,0.788859649122807,0.4231272233461193,0.4968046058250139,0.5302021611426085
WDBC,RandomForest (reference),43,4,0.9646017699115044,0.9624584717607974,0.9976525821596244,,,,,,,,,,
WDBC,ACP-Gini (nested),44,0,0.9210526315789472,0.9163609684519444,0.9385849983622666,0.2519092350978099,0.2388562927102844,0.1861324910916747,0.1781652695779118,0.2296882595862187,0.9186165579196618,0.1174065934065934,0.2217710349039249,0.3738342700383517,0.2120289899532005
WDBC,Cluster+CART,44,0,0.9473684210526316,0.9439895185063872,0.9582377988863412,0.5450169269986684,0.3518232763335577,0.238354713313897,0.2634022510427524,0.2631464589831936,0.9001632638014563,0.6861098901098902,0.4573292542241548,0.4745624760726801,0.4997445634391306
WDBC,RandomForest (reference),44,0,0.9473684210526316,0.9422297297297296,0.9908286930887652,,,,,,,,,,
WDBC,ACP-Gini (nested),44,1,0.912280701754386,0.9082125603864736,0.95004913200131,0.4319172767074192,0.2966072545143451,0.1968804664723032,0.2229138818966067,0.2664886292845476,0.9082471442594418,0.5478681318681319,0.3461287029174099,0.447408426041079,0.3600020615655481
WDBC,Cluster+CART,44,1,0.956140350877193,0.9535338713621913,0.9877169996724532,0.5113585502049693,0.313560142361118,0.3132879818594104,0.416086108975043,0.370584195849502,0.8807536840866588,0.7823296703296703,0.4293996139473771,0.4950122575836861,0.4854778592896194
WDBC,RandomForest (reference),44,1,0.956140350877193,0.9531057178116,0.9950867998689812,,,,,,,,,,
WDBC,ACP-Gini (nested),44,2,0.956140350877193,0.9531057178116,0.9654431216931216,0.5367645536131116,0.3463661161075212,0.2169420149011985,0.2190185451769104,0.255496106268015,0.916675179665705,0.7798681318681318,0.4222874076526055,0.4474164361715382,0.4790767891130652
WDBC,Cluster+CART,44,2,0.9385964912280702,0.9343480049362404,0.9666005291005292,0.5050667437003046,0.3193054960794685,0.2344062196307094,0.2655610079552393,0.2744511588185058,0.9075797544990803,0.6840879120879122,0.4145523967010276,0.4519176786931889,0.4294406189367378
WDBC,RandomForest (reference),44,2,0.9473684210526316,0.9444805194805196,0.992063492063492,,,,,,,,,,
WDBC,ACP-Gini (nested),44,3,0.956140350877193,0.9526381387619444,0.9647817460317462,0.5361865955560287,0.32605043011318,0.2296080336896663,0.2154243064680606,0.2496506062964646,0.9176165001850856,0.8067692307692308,0.420106057722808,0.487061786286276,0.5471146950175615
WDBC,Cluster+CART,44,3,0.956140350877193,0.9531057178116,0.9732142857142856,0.5247717876314737,0.3312290010306774,0.2708746355685131,0.3040396714702356,0.300267818349451,0.902789225348902,0.6996043956043957,0.4512505993685319,0.5210840474718026,0.5583437024667413
WDBC,RandomForest (reference),44,3,0.9649122807017544,0.9619111259605746,0.9808201058201058,,,,,,,,,,
WDBC,ACP-Gini (nested),44,4,0.9469026548672568,0.943687707641196,0.9699865861837692,0.5079241187223388,0.3248597716982902,0.1870366051182377,0.2061302081034968,0.2523382561815935,0.9171789212978896,0.7306140350877192,0.4004533947292663,0.4672641576110963,0.4327104681101232
WDBC,Cluster+CART,44,4,0.9292035398230089,0.9249169435215948,0.949027498323273,0.5321092359103963,0.3290175754462888,0.2441933916423712,0.3021121127497029,0.2968647995994934,0.9030661410207454,0.7200438596491229,0.4373559683160444,0.4605916872243402,0.424380150249041
WDBC,RandomForest (reference),44,4,0.9646017699115044,0.9624584717607974,0.9956405097250168,,,,,,,,,,
Wine,ACP-Gini (nested),42,0,0.7315384615384616,0.7093751341185393,0.7892279358383578,0.1306154125244506,0.2150542050356365,0.6933722060252673,0.8751965797579975,0.921806019377448,0.5208766825492029,0.0011776024629593,0.1552103575175145,0.9566462585034016,0.8708604315687187
Wine,Cluster+CART,42,0,0.7292307692307692,0.703347197875717,0.7795749049216574,0.1612241888554817,0.2231615119143557,0.576734693877551,0.6497551831341337,0.856120387548959,0.587132124707858,0.0,0.2017245975875348,0.9448344671201816,0.7086671544776266
Wine,RandomForest (reference),42,0,0.7592307692307693,0.7301135327269677,0.8400977148082767,,,,,,,,,,
Wine,ACP-Gini (nested),42,1,0.7438461538461538,0.7208665324195243,0.7971780900779732,0.1312879736622279,0.2277576961626239,0.6650340136054422,0.8111062226345042,0.8708967223252937,0.5290967179749448,0.0012276313257648,0.1589317685921601,0.9122448979591836,0.8336631082772672
Wine,Cluster+CART,42,1,0.7438461538461538,0.7197766239718184,0.797604764488462,0.1653195336806797,0.2308488514260755,0.5241496598639456,0.5695030285984835,0.8787458256029684,0.5877778289814005,0.0,0.2029435127056048,0.969877551020408,0.6414001236858379
Wine,RandomForest (reference),42,1,0.7676923076923077,0.737015562033782,0.8433378930180783,,,,,,,,,,
Wine,ACP-Gini (nested),42,2,0.7513471901462664,0.7318827197375426,0.799352961279693,0.1289297130140461,0.2194867874959173,0.6437220602526725,0.8407414154850105,0.9060977118119976,0.4907989032540463,0.0003308964986533,0.1547172886082269,0.950938775510204,0.8297961526876617
Wine,Cluster+CART,42,2,0.7498075442648191,0.7289929843413889,0.7755550964819662,0.1748697032088169,0.2370351387382446,0.5619339164237123,0.6342975140827006,0.9067755102040818,0.5740153312993816,0.0,0.2069371831862685,0.9697959183673468,0.6502461348175633
Wine,RandomForest (reference),42,2,0.7721324095458044,0.7433519159297706,0.835493529612797,,,,,,,,,,
Wine,ACP-Gini (nested),42,3,0.7390300230946882,0.722835086747587,0.8045710977469688,0.1297631433671472,0.2237543943571827,0.6518950437317785,0.8098006529405881,0.8938742527313956,0.5000241768389757,0.0,0.1553603744479043,0.940244897959184,0.8364587152521284
Wine,Cluster+CART,42,3,0.7444187836797537,0.7247797053207674,0.8002417787571348,0.1651309282877299,0.2242634738526184,0.5794849368318756,0.6380648437960637,0.8791985157699446,0.580743818168954,0.0,0.2050879317561156,0.9529795918367348,0.7194904143475571
Wine,RandomForest (reference),42,3,0.7644341801385681,0.7398939929328623,0.8370926359495426,,,,,,,,,,
Wine,ACP-Gini (nested),42,4,0.7421093148575828,0.725448122745664,0.7912676006003859,0.1302306112345336,0.2211768645052888,0.7229154518950438,0.8647694482574239,0.9187301587301588,0.5005053156229391,0.0003578299345902,0.1567634461656673,0.9673469387755104,0.8685856006790921
Wine,Cluster+CART,42,4,0.7359507313317937,0.721073794244526,0.7855994159510706,0.1682599784589335,0.2274353200993117,0.6116715257531584,0.6581016143587437,0.9056326530612244,0.5744910576962761,0.0,0.2065377903227316,0.9725714285714286,0.7477402597402597
Wine,RandomForest (reference),42,4,0.7713625866050808,0.7471465732335297,0.8275702747684737,,,,,,,,,,
Wine,ACP-Gini (nested),43,0,0.7461538461538462,0.7326663077291218,0.8123778883310279,0.1320132183899333,0.2180994244341356,0.6628862973760933,0.8142576454302204,0.8948979591836734,0.5201470216551515,0.0,0.1596517781455468,0.942312925170068,0.8349635448213191
Wine,Cluster+CART,43,0,0.7261538461538461,0.7072923913730946,0.7994337330062588,0.1729314769119069,0.2251315702715225,0.554178814382896,0.6443391850983908,0.9157179962894252,0.5784567659916623,0.0,0.2118641732311873,0.9649795918367348,0.6734693877551019
Wine,RandomForest (reference),43,0,0.7746153846153846,0.7440874389192682,0.8519299693558617,,,,,,,,,,
Wine,ACP-Gini (nested),43,1,0.7430769230769231,0.728420636528988,0.7988682302054915,0.1234920595023024,0.2156900346257975,0.6572983479105928,0.8521784025612074,0.8898177695320552,0.5308531086975071,0.0,0.151539955879319,0.926219954648526,0.8411481126276498
Wine,Cluster+CART,43,1,0.7461538461538462,0.7316730839957069,0.7976238693128122,0.1618898848742052,0.2276411670695997,0.5452575315840622,0.613475317115488,0.857491651205937,0.5890566549337296,0.0,0.2011466647379736,0.9489795918367347,0.6709066171923314
Wine,RandomForest (reference),43,1,0.7569230769230769,0.7349889428200582,0.823137725405086,,,,,,,,,,
Wine,ACP-Gini (nested),43,2,0.7621247113163973,0.7418549686315241,0.7984756206419891,0.1274097388066646,0.2152820436906144,0.6830709426627795,0.8622790454185634,0.9291133786848074,0.4977884370339663,0.0,0.1536686255752796,0.9671088435374152,0.858727784503819
Wine,Cluster+CART,43,2,0.75211701308699,0.7224020026865308,0.8010273046769395,0.1659725847560166,0.2302757336205515,0.5861516034985422,0.6235322785794724,0.8704489795918369,0.59519760819746,0.0,0.201414067817764,0.9607346938775512,0.6906468769325912
Wine,RandomForest (reference),43,2,0.7659738260200154,0.7348580882194959,0.8434253010757625,,,,,,,,,,
Wine,ACP-Gini (nested),43,3,0.7244033872209392,0.7047682290740844,0.8014340948854102,0.1291458670906646,0.2230687668200794,0.7020699708454811,0.8435180106932737,0.8908785817357247,0.506762632444256,0.0004501731435167,0.1563341928816726,0.9368321995464852,0.8496507252134821
Wine,Cluster+CART,43,3,0.7336412625096228,0.712403186092583,0.8030332012221559,0.1719649696025223,0.2319018572778293,0.5831778425655977,0.6091330401795247,0.8800890538033396,0.5907078809328108,0.0,0.2060654222481055,0.9714285714285714,0.7112875695732838
Wine,RandomForest (reference),43,3,0.775211701308699,0.753316788412312,0.847409039669059,,,,,,,,,,
Wine,ACP-Gini (nested),43,4,0.7451886066204773,0.7190819196581699,0.7861010139171101,0.1305160575785321,0.2198656099995034,0.6896404275996113,0.8549362238133936,0.9141084312512884,0.5152438176213777,0.0,0.1520503763255029,0.9602675736961452,0.8640025746447445
Wine,Cluster+CART,43,4,0.7367205542725174,0.7058205753032791,0.7652712968541,0.1613848227454531,0.2283507932146387,0.5476190476190476,0.5952450557834786,0.8656846011131726,0.5762590500800865,0.0,0.1971582537831374,0.9571428571428572,0.7004526901669759
Wine,RandomForest (reference),43,4,0.7544264819091608,0.7238890254847989,0.8171477582527544,,,,,,,,,,
Wine,ACP-Gini (nested),44,0,0.7630769230769231,0.7396449704142012,0.8088562323757996,0.1257188769568743,0.2156400158144241,0.6716909620991255,0.8542925517648109,0.9106757369614512,0.5205673011426925,3.8483740619588224e-05,0.1496974290909808,0.9541950113378684,0.8561253160364705
Wine,Cluster+CART,44,0,0.76,0.732620320855615,0.7899793922628009,0.1612780322136504,0.2295798803940033,0.5695626822157435,0.653391722208393,0.8624860853432283,0.5867586618854961,0.0,0.196301294664056,0.9515918367346936,0.7334619666048237
Wine,RandomForest (reference),44,0,0.7784615384615384,0.7531879884821062,0.8375147425561236,,,,,,,,,,
Wine,ACP-Gini (nested),44,1,0.7607692307692308,0.7347723719799442,0.8099439337088068,0.1292074866314492,0.2213205189026955,0.627240038872692,0.8264025799968739,0.8842820037105752,0.5338021851458039,0.0,0.1605205617152483,0.927816326530612,0.824693040638636
Wine,Cluster+CART,44,1,0.7530769230769231,0.718950343853108,0.8091619095654035,0.1642666331111066,0.2278936142764406,0.5339261418853255,0.6204681855541352,0.8739666048237478,0.5850332770454056,0.0,0.2057124310050032,0.9493061224489796,0.6498008658008658
Wine,RandomForest (reference),44,1,0.7753846153846153,0.7429152703994972,0.8391093585618907,,,,,,,,,,
Wine,ACP-Gini (nested),44,2,0.7544264819091608,0.7374844868644366,0.8123970272434671,0.1288113327264436,0.2256121277423788,0.6726919339164237,0.8311157844095197,0.9049622758194186,0.498197975205817,0.0,0.1551832792955883,0.9503968253968256,0.8476740580746785
Wine,Cluster+CART,44,2,0.7767513471901463,0.7576143242464174,0.8256017689635649,0.1697802460003603,0.2295142976174002,0.5491739552964042,0.586289164960441,0.8691948051948054,0.5946830011276478,0.0,0.2074229310967294,0.9607346938775512,0.6688385899814471
Wine,RandomForest (reference),44,2,0.7775211701308699,0.7509917917253959,0.8445270776905538,,,,,,,,,,
Wine,ACP-Gini (nested),44,3,0.7528868360277137,0.727000964383289,0.8045851249955368,0.1408925372667233,0.229840284515921,0.7290573372206026,0.8469651305257675,0.9033593073593076,0.5206763420009773,0.001462100808003,0.1646762846060538,0.9429478458049888,0.8685576838219989
Wine,Cluster+CART,44,3,0.7474980754426482,0.7273648700530845,0.7935291027151652,0.1688522399779407,0.2257306365603252,0.6262876579203109,0.6690662260424608,0.9002374768089055,0.5811369075277807,0.0,0.2015148715992182,0.9587755102040816,0.7692418058132343
Wine,RandomForest (reference),44,3,0.7628945342571208,0.738466405890474,0.8343483960478865,,,,,,,,,,
Wine,ACP-Gini (nested),44,4,0.7405696689761355,0.72290271594748,0.7936607206673679,0.1403525986816413,0.2292678540409749,0.6467249757045676,0.7737086386838861,0.8638152958152958,0.5432477264115746,0.0051250480954213,0.1655661484637396,0.9039591836734696,0.7844446794492453
Wine,Cluster+CART,44,4,0.7498075442648191,0.7329907502569373,0.7906383695641076,0.1676791622199099,0.2286411181972688,0.5569679300291545,0.5990004771121844,0.8609276437847867,0.592511237523857,0.0,0.2041192717753862,0.9508571428571428,0.6442498453927024
Wine,RandomForest (reference),44,4,0.75211701308699,0.729317557038502,0.8237183087086597,,,,,,,,,,
Ionosphere,ACP-Gini (nested),42,0,0.8873239436619719,0.8786324786324786,0.932051282051282,0.1247305367051732,0.1387139661936053,0.2788581146744412,0.3573614803048258,0.3078009416886968,0.8949806383663675,0.0,0.1059297505329551,0.3078009416886968,0.3493916580325082
Ionosphere,Cluster+CART,42,0,0.9014084507042254,0.8961337513061651,0.9824786324786324,0.1613050171316274,0.1804090854172768,0.3091642371234208,0.3821727877787111,0.3302009496579535,0.8851783828987916,0.0,0.1513486482170905,0.3308497113271234,0.3740177225613418
Ionosphere,RandomForest (reference),42,0,0.943661971830986,0.9382608695652176,0.994017094017094,,,,,,,,,,
Ionosphere,ACP-Gini (nested),42,1,0.9,0.8878975062914665,0.9133333333333332,0.1294606896916764,0.1473720655488182,0.3056883705863297,0.4361806722445088,0.3786929691623569,0.8578580001992208,0.0,0.1016754605867585,0.3790825795519673,0.4284038526735905
Ionosphere,Cluster+CART,42,1,0.9285714285714286,0.9215070643642072,0.9079999999999998,0.1600083271849706,0.1724950534799448,0.3292840945902169,0.4300850835585563,0.3694035382384722,0.872993579203228,0.0,0.13763145258653,0.3700570751777234,0.4230164817543591
Ionosphere,RandomForest (reference),42,1,0.9571428571428572,0.9519560741249142,0.9457777777777776,,,,,,,,,,
Ionosphere,ACP-Gini (nested),42,2,0.8714285714285714,0.8526315789473684,0.8537777777777777,0.1335449292077492,0.1489484379470557,0.2356579203109815,0.2949954444580819,0.2823914784695097,0.9040323821020744,0.0,0.1240714723031712,0.2823914784695097,0.2844274205039294
Ionosphere,Cluster+CART,42,2,0.8857142857142857,0.8731884057971014,0.8755555555555555,0.1819753537397441,0.1853141221735665,0.2842176870748299,0.3673182955768847,0.3327010891602728,0.8952345537755914,0.0,0.176004532273441,0.3327010891602728,0.3574209392714997
Ionosphere,RandomForest (reference),42,2,0.9142857142857144,0.9028677150786308,0.976,,,,,,,,,,
Ionosphere,ACP-Gini (nested),42,3,0.9,0.8901098901098901,0.9475555555555556,0.1465580170178901,0.1581796028679531,0.306012309685779,0.3909525029553913,0.3351725763898633,0.885203414897721,0.0,0.1379685624570245,0.3354861641626347,0.3832000546480708
Ionosphere,Cluster+CART,42,3,0.9,0.8901098901098901,0.9106666666666668,0.1605467699082998,0.1736525720749518,0.3241561386459345,0.4149479903247903,0.3583939429251553,0.8830267942406874,0.0,0.1645757093703974,0.3588719547092897,0.4069984590657681
Ionosphere,RandomForest (reference),42,3,0.9571428571428572,0.9519560741249142,0.9804444444444445,,,,,,,,,,
Ionosphere,ACP-Gini (nested),42,4,0.8571428571428571,0.8470279720279721,0.8648888888888888,0.1562145613781469,0.1630145552873164,0.3056138645934564,0.3927636263743751,0.329404907750646,0.8633743869118106,0.0,0.1295533081239499,0.3295466435658513,0.3855361448476554
Ionosphere,Cluster+CART,42,4,0.8571428571428571,0.8470279720279721,0.891111111111111,0.1809225613054257,0.1956594384960808,0.3178555231616456,0.4300398289643707,0.3586423920217437,0.8480877249592298,0.0,0.1554153517437798,0.3601789597623931,0.4244293769893092
Ionosphere,RandomForest (reference),42,4,0.9142857142857144,0.9066666666666668,0.9457777777777778,,,,,,,,,,
Ionosphere,ACP-Gini (nested),43,0,0.8591549295774648,0.8505892255892256,0.9303418803418804,0.1387321454069819,0.1463280253602563,0.3131746031746031,0.4235614244798277,0.3583769803625746,0.8775052059376501,0.0,0.1071953071046039,0.3589866926457562,0.4165293417888237
Ionosphere,Cluster+CART,43,0,0.8732394366197183,0.8623141564318035,0.8965811965811965,0.1680412374388971,0.170322727894024,0.3143634596695821,0.4059937932498821,0.346501182824112,0.8833361049257962,0.0,0.1439852261888705,0.3475875794207126,0.3990513433677532
Ionosphere,RandomForest (reference),43,0,1.0,1.0,1.0,,,,,,,,,,
Ionosphere,ACP-Gini (nested),43,1,0.9285714285714286,0.91812865497076,0.971111111111111,0.1498823202569286,0.1601528069762473,0.2865208940719144,0.3258168826446663,0.29419091126294,0.9093792532575652,0.0,0.1323860782069355,0.2943247933872184,0.31637687230205
Ionosphere,Cluster+CART,43,1,0.9,0.8853801169590643,0.9084444444444444,0.1721132489599775,0.1831873236737415,0.3229251700680272,0.3945149683435189,0.3430728393886605,0.8962267223279557,0.0,0.1608134820039475,0.3430728393886605,0.3853787078246813
Ionosphere,RandomForest (reference),43,1,0.9,0.8853801169590643,0.968,,,,,,,,,,
Ionosphere,ACP-Gini (nested),43,2,0.8571428571428571,0.8414855072463767,0.8835555555555555,0.1246758311160457,0.1339226103545535,0.3352154195011338,0.4697776715415801,0.3785034036258525,0.8290676851494703,0.0,0.094948967363122,0.3785034036258525,0.4646003532546067
Ionosphere,Cluster+CART,43,2,0.8714285714285714,0.858712715855573,0.9128888888888887,0.1570111950637,0.1696844302020925,0.3444282474894719,0.447079800492238,0.3663812535337145,0.8290262094532329,0.0,0.1399211955572997,0.3665567922806818,0.4409436102606156
Ionosphere,RandomForest (reference),43,2,0.9142857142857144,0.9048913043478262,0.952,,,,,,,,,,
Ionosphere,ACP-Gini (nested),43,3,0.8857142857142857,0.8776223776223776,0.9133333333333332,0.1466034168222517,0.1636055905179842,0.2689666342727567,0.3236359339298046,0.2915566077913016,0.9035268923314984,0.0,0.1474974677001265,0.2925456459640133,0.3153958172847979
Ionosphere,Cluster+CART,43,3,0.8857142857142857,0.8776223776223776,0.9311111111111112,0.1643400252166366,0.1752721611163802,0.2931114350502106,0.3546089878618171,0.3116043611583827,0.8938039414444292,0.0,0.1590046868997684,0.3123097102310787,0.3465167870300761
Ionosphere,RandomForest (reference),43,3,0.9142857142857144,0.9028677150786308,0.9333333333333332,,,,,,,,,,
Ionosphere,ACP-Gini (nested),43,4,0.8857142857142857,0.8776223776223776,0.8826666666666667,0.1402200671867893,0.1516888881473645,0.2855814706835115,0.3614584936297223,0.3134988566855313,0.8743460275656549,0.0,0.1132231318174497,0.3137289667115597,0.3535972530843312
Ionosphere,Cluster+CART,43,4,0.8857142857142857,0.8794142980189492,0.9275555555555556,0.1640217533990326,0.1690753471417795,0.2962001943634597,0.383357187202064,0.3285054544628374,0.864892316232938,0.0,0.1350248494527627,0.3291553623780515,0.3760543594691767
Ionosphere,RandomForest (reference),43,4,0.9285714285714286,0.9215070643642072,0.9795555555555556,,,,,,,,,,
Ionosphere,ACP-Gini (nested),44,0,0.9154929577464788,0.908974358974359,0.9363247863247864,0.1352553968684643,0.1600738161875071,0.2660349854227405,0.3362245158488339,0.2961288357500842,0.8824510329944838,0.0,0.1182665874251622,0.2966984701972697,0.3280169998692048
Ionosphere,Cluster+CART,44,0,0.8732394366197183,0.8623141564318035,0.9794871794871796,0.1567285114107746,0.1767199161148052,0.2766439909297052,0.340274936072634,0.3068759382540895,0.8779297131104264,0.0,0.1507735398030397,0.307164119460638,0.3309848367300637
Ionosphere,RandomForest (reference),44,0,0.9577464788732394,0.9532587228439764,0.9735042735042736,,,,,,,,,,
Ionosphere,ACP-Gini (nested),44,1,0.8285714285714286,0.8057354301572618,0.8404444444444443,0.1242782698310665,0.1432723081109923,0.2917687074829931,0.3862454808726786,0.325654154902054,0.872428853986747,0.0,0.1053259618395229,0.325654154902054,0.3787312863146868
Ionosphere,Cluster+CART,44,1,0.8714285714285714,0.8612029081295439,0.88,0.1599979118138413,0.1781855310709213,0.2995432458697765,0.3814743217732849,0.32467880638769,0.8537145384586975,0.0,0.1473418765319729,0.3253262677698452,0.3738660299977563
Ionosphere,RandomForest (reference),44,1,0.9285714285714286,0.9215070643642072,0.9457777777777776,,,,,,,,,,
Ionosphere,ACP-Gini (nested),44,2,0.8571428571428571,0.8444444444444444,0.8582222222222222,0.1320711777857234,0.1516032998589048,0.3445513443472626,0.4427948194599402,0.3539492401023013,0.8730996541503462,0.0,0.1258965838550209,0.3539492401023013,0.4373051522337595
Ionosphere,Cluster+CART,44,2,0.8714285714285714,0.8526315789473684,0.8604444444444446,0.1609485309729006,0.1882777247670325,0.3206025267249757,0.4424227513331117,0.3655364012404828,0.8862886949300988,0.0,0.1616761815558636,0.3657342985812373,0.4356572348102999
Ionosphere,RandomForest (reference),44,2,0.9142857142857144,0.9028677150786308,0.944,,,,,,,,,,
Ionosphere,ACP-Gini (nested),44,3,0.8714285714285714,0.8612029081295439,0.9266666666666666,0.1289948432021012,0.1542611501986382,0.2500945902170392,0.3024423953521149,0.2714990134581971,0.8882324997082016,0.0,0.1231721094925077,0.2718495472781187,0.2939782908500572
Ionosphere,Cluster+CART,44,3,0.9,0.8878975062914665,0.8902222222222221,0.1685714450475219,0.1837674719188926,0.2717460317460318,0.3819204272229921,0.3345193396039734,0.8836883999828913,0.0,0.1603813349718785,0.3361504420616065,0.3745475135540442
Ionosphere,RandomForest (reference),44,3,0.9285714285714286,0.9228905045164132,0.9733333333333334,,,,,,,,,,
Ionosphere,ACP-Gini (nested),44,4,0.9142857142857144,0.9048913043478262,0.9195555555555556,0.1381987288202999,0.1428134663772179,0.3183673469387755,0.420369857678695,0.3558397815336591,0.8774105258580623,0.0,0.1093861721670065,0.3561428118366894,0.4133221058693226
Ionosphere,Cluster+CART,44,4,0.8714285714285714,0.858712715855573,0.8888888888888888,0.1663163955390059,0.1714004987764628,0.3235082604470359,0.427042222680989,0.3555511597246291,0.8816842496134818,0.0,0.1441639570640758,0.3562021549878693,0.4201467843747383
Ionosphere,RandomForest (reference),44,4,0.9428571428571428,0.9365942028985508,0.9884444444444443,,,,,,,,,,
Sonar,ACP-Gini (nested),42,0,0.7142857142857143,0.7136363636363636,0.6920454545454545,0.1891052562327757,0.2065349569820548,0.108364107547781,0.098926348564198,0.1252804112548852,0.9561884443729036,0.0520481927710843,0.1599488211609469,0.217835802985863,0.1988068489844183
Sonar,Cluster+CART,42,0,0.6190476190476191,0.6181818181818182,0.7227272727272728,0.205562571481203,0.2188810825940455,0.1204308390022675,0.1332644827608577,0.1511185127748279,0.9543817623116414,0.1074698795180723,0.1984589775714733,0.2461610016634026,0.2164309936977965
Sonar,RandomForest (reference),42,0,0.7619047619047619,0.7569444444444444,0.9090909090909092,,,,,,,,,,
Sonar,ACP-Gini (nested),42,1,0.6904761904761905,0.6888888888888889,0.7681818181818183,0.1729702769828734,0.1912102121548248,0.1220181405895691,0.1266654037530615,0.1402234794333107,0.9393003848730592,0.0,0.1480328824622838,0.2180456146494561,0.1951172395896914
Sonar,Cluster+CART,42,1,0.8095238095238095,0.8077803203661327,0.8056818181818182,0.2234027512727884,0.2253517756936269,0.1432069970845481,0.1875752317070141,0.1769588204877268,0.9358284358948564,0.223855421686747,0.2290849671584724,0.2490784509643105,0.2392221360232438
Sonar,RandomForest (reference),42,1,0.8333333333333334,0.8253119429590018,0.9363636363636364,,,,,,,,,,
Sonar,ACP-Gini (nested),42,2,0.7142857142857143,0.7136363636363636,0.7425629290617849,0.1862177068744992,0.1951070574796487,0.1118658892128279,0.0916259874322861,0.1167737068853515,0.9485451238665368,0.0659036144578313,0.1644870217416356,0.1759731898753507,0.1290257272911511
Sonar,Cluster+CART,42,2,0.6904761904761905,0.690300623936472,0.7906178489702518,0.2021789022691109,0.2109978176755877,0.1214901198574668,0.1492846303099229,0.152422650259606,0.9413943521183998,0.1080722891566265,0.2074951347027918,0.2171612474493627,0.1834377365782501
Sonar,RandomForest (reference),42,2,0.7142857142857143,0.7142857142857143,0.8535469107551488,,,,,,,,,,
Sonar,ACP-Gini (nested),42,3,0.6341463414634146,0.6341463414634146,0.7069377990430622,0.1874555706508069,0.2031746274618426,0.1043310657596372,0.0925157260822512,0.1281297236352521,0.9476894005071568,0.0079041916167664,0.1548223024396506,0.2333995931197548,0.2050905002137774
Sonar,Cluster+CART,42,3,0.7804878048780488,0.7799642218246869,0.8600478468899522,0.2200087874879562,0.2311031548720781,0.1261030126336249,0.1445974474968562,0.158987808036617,0.9396243828214336,0.1620359281437125,0.2219534019279528,0.2629466342472282,0.2381021312238101
Sonar,RandomForest (reference),42,3,0.8292682926829268,0.8225108225108224,0.9425837320574164,,,,,,,,,,
Sonar,ACP-Gini (nested),42,4,0.7804878048780488,0.7799642218246869,0.8325358851674642,0.1672144694615681,0.1929591618415287,0.0880272108843537,0.0514840748896782,0.1001452415061753,0.9585652336192552,0.0,0.1483457164038205,0.1731448284941682,0.1161625754131105
Sonar,Cluster+CART,42,4,0.6829268292682927,0.67987987987988,0.7595693779904307,0.1888207720531311,0.2111431210062333,0.1030774214447683,0.1097591606835391,0.137647288696224,0.9496321698086486,0.0706586826347305,0.2045463776153624,0.2328655639061275,0.1968641488407257
Sonar,RandomForest (reference),42,4,0.8048780487804879,0.7990196078431373,0.916267942583732,,,,,,,,,,
Sonar,ACP-Gini (nested),43,0,0.5952380952380952,0.5931623931623932,0.6431818181818182,0.1736542179460363,0.1980054227188115,0.1333009394233884,0.140382264099901,0.1414897518781072,0.9337316614326472,0.0524096385542168,0.1600329229640883,0.2133909870974697,0.1964517589391775
Sonar,Cluster+CART,43,0,0.5238095238095238,0.5227272727272727,0.5977272727272727,0.2002384992504448,0.2230025007129676,0.1349011985746679,0.1639170804834045,0.1565217804562279,0.9336256086780192,0.1687951807228915,0.2147002258865913,0.2292856781074068,0.2074705284656093
Sonar,RandomForest (reference),43,0,0.7142857142857143,0.7116704805491991,0.775,,,,,,,,,,
Sonar,ACP-Gini (nested),43,1,0.8095238095238095,0.8090909090909091,0.9125,0.1719853790542039,0.198734881249792,0.0866375121477162,0.060722609936304,0.1046535344214626,0.9633238340141748,0.0,0.1423202043988848,0.1846474133442921,0.1283046921769254
Sonar,Cluster+CART,43,1,0.8571428571428571,0.8571428571428571,0.8772727272727273,0.2031552227175878,0.2142618346833384,0.0999287333981211,0.1187229814628098,0.1513999579396053,0.9534917076561474,0.079156626506024,0.2004647772048474,0.2248711900344553,0.1491535965692564
Sonar,RandomForest (reference),43,1,0.9047619047619048,0.9027777777777776,0.9840909090909092,,,,,,,,,,
Sonar,ACP-Gini (nested),43,2,0.7380952380952381,0.7343300747556067,0.8226544622425629,0.1941907656245643,0.2026482744455609,0.1085908649173955,0.0988890478083593,0.1291388256092875,0.9511113687111928,0.0818072289156626,0.1700728348091428,0.2108171998560891,0.1750287953660981
Sonar,Cluster+CART,43,2,0.7857142857142857,0.7846153846153847,0.8135011441647597,0.2126471016447907,0.22447334867857,0.0969679300291545,0.1214584627328475,0.1432434620552394,0.9498415824916384,0.1404819277108434,0.2100918634728583,0.2305184210214221,0.2023213168528709
Sonar,RandomForest (reference),43,2,0.8571428571428571,0.8541666666666667,0.9221967963386728,,,,,,,,,,
Sonar,ACP-Gini (nested),43,3,0.7804878048780488,0.7756838905775076,0.8133971291866029,0.187538585610308,0.1992057336340196,0.082089407191448,0.067145419213892,0.1130296831528587,0.9612417735556882,0.0788023952095808,0.1671889651984511,0.2191005626990968,0.1948286179164946
Sonar,Cluster+CART,43,3,0.7804878048780488,0.7756838905775076,0.8157894736842106,0.2180601075186924,0.2267648624846168,0.0883414318108195,0.122388457274749,0.1530446358889525,0.9562965425424432,0.1714970059880239,0.2171646585272993,0.2577594112570102,0.2217264973351403
Sonar,RandomForest (reference),43,3,0.7560975609756098,0.7487745098039216,0.8995215311004785,,,,,,,,,,
Sonar,ACP-Gini (nested),43,4,0.7560975609756098,0.7547846889952152,0.8169856459330143,0.1863896142080905,0.1968303863684387,0.0990281827016521,0.0839674098818285,0.1215569531491373,0.9590156301556952,0.0422754491017964,0.1638709901738884,0.2143713325104302,0.169305786043577
Sonar,Cluster+CART,43,4,0.6829268292682927,0.6821705426356589,0.7619617224880384,0.2029815016877673,0.2177800419709365,0.1111402656300615,0.1292620974388888,0.1508906711325363,0.9523361628443862,0.1329341317365269,0.1993067198281423,0.2322631554996816,0.1827815512491095
Sonar,RandomForest (reference),43,4,0.8048780487804879,0.8019323671497585,0.9282296650717704,,,,,,,,,,
Sonar,ACP-Gini (nested),44,0,0.8333333333333334,0.8324786324786324,0.8681818181818182,0.188901160227363,0.2009587842727441,0.1175736961451247,0.0948111946039398,0.1274915250009077,0.9525479006752464,0.0980722891566265,0.1647561868579068,0.2097668884228244,0.1669208932116043
Sonar,Cluster+CART,44,0,0.7857142857142857,0.7855927396483267,0.8181818181818181,0.1981614147591067,0.2123095908196779,0.1225137674117266,0.1518021551607297,0.1617264191443441,0.9495876896845756,0.1237349397590361,0.1992266176227638,0.2418243683894154,0.1970220263182222
Sonar,RandomForest (reference),44,0,0.8095238095238095,0.8023529411764705,0.9227272727272728,,,,,,,,,,
Sonar,ACP-Gini (nested),44,1,0.6428571428571429,0.6426545660805445,0.6636363636363636,0.1939072821400822,0.2015475635298301,0.1030061548428895,0.0907532317564729,0.1238780127996656,0.9570802042814426,0.0391566265060241,0.1724189523772228,0.2297848239528911,0.2040164466104803
Sonar,Cluster+CART,44,1,0.6428571428571429,0.6377228292121909,0.7068181818181818,0.2103179704024258,0.2283491814012304,0.1212892776158082,0.1735332899841933,0.1772359162007863,0.9448397319331936,0.1366265060240963,0.2139877241888333,0.249435779240101,0.2148282844349857
Sonar,RandomForest (reference),44,1,0.8095238095238095,0.8077803203661327,0.8818181818181818,,,,,,,,,,
Sonar,ACP-Gini (nested),44,2,0.6904761904761905,0.690300623936472,0.7425629290617849,0.1655700837230047,0.1909441274384252,0.0961062520246193,0.0774652756886094,0.1137852119448126,0.9519072791629196,0.0,0.1429655850079374,0.1935791021492986,0.1428884002882023
Sonar,Cluster+CART,44,2,0.7380952380952381,0.7379466817923993,0.7276887871853548,0.2055621285101081,0.2232851970446292,0.1106446388079041,0.1256542422465142,0.1463714976359823,0.9481507116578514,0.1521686746987951,0.205413159237765,0.2166133724499492,0.1660329826322205
Sonar,RandomForest (reference),44,2,0.9047619047619048,0.9027777777777776,0.9702517162471396,,,,,,,,,,
Sonar,ACP-Gini (nested),44,3,0.6341463414634146,0.6341463414634146,0.6818181818181819,0.1696782333183815,0.1944400175890009,0.1172983479105928,0.1076945018663935,0.1282903459752199,0.946821199031334,0.0,0.1491375525746775,0.2214570104432049,0.2036770296386689
Sonar,Cluster+CART,44,3,0.6829268292682927,0.6821705426356589,0.715311004784689,0.2110786755244434,0.2283428667622909,0.1295238095238095,0.1729167012066393,0.1730210683323402,0.939356230251176,0.1276646706586826,0.2164644334152774,0.2482452938376044,0.2260280955081564
Sonar,RandomForest (reference),44,3,0.8048780487804879,0.8038277511961722,0.8899521531100478,,,,,,,,,,
Sonar,ACP-Gini (nested),44,4,0.7073170731707317,0.7028985507246377,0.7667464114832536,0.1639732552339514,0.1940522005669159,0.1018853255587949,0.0830212661738762,0.1175479565540221,0.9527094599746642,0.008502994011976,0.1332408135766187,0.1920735064413272,0.1376888542089866
Sonar,Cluster+CART,44,4,0.7804878048780488,0.7783783783783784,0.8157894736842106,0.2051340379377313,0.2224763442825614,0.1041302235179786,0.1281856385277715,0.1522453699709023,0.9496585648018904,0.1334131736526946,0.2127581319176822,0.2419904803676206,0.1880747651337966
Sonar,RandomForest (reference),44,4,0.7804878048780488,0.7666034155597723,0.9473684210526316,,,,,,,,,,
Pima,ACP-Gini (nested),42,0,0.7532467532467533,0.7055152979066023,0.774537037037037,0.1729822595590111,0.1682643034754161,0.6324781341107872,0.6259980688344696,0.9102186588921284,0.6642450054796911,0.0,0.1592197889254356,0.9102186588921284,0.6259980688344696
Pima,Cluster+CART,42,0,0.7662337662337663,0.7210144927536233,0.7722222222222221,0.1777852453576283,0.1697839100421438,0.6254907677356658,0.6343245869776483,0.9498979591836736,0.6729182351768864,0.0,0.1666788894185118,0.9498979591836736,0.6343245869776483
Pima,RandomForest (reference),42,0,0.7792207792207793,0.7397096838337642,0.8601851851851852,,,,,,,,,,
Pima,ACP-Gini (nested),42,1,0.7532467532467533,0.7156462585034014,0.7858333333333334,0.1816964973437548,0.1691413814947457,0.647648202137998,0.6726645090427408,0.915116618075802,0.6675563448218336,0.0,0.1718122552670162,0.915116618075802,0.6726645090427408
Pima,Cluster+CART,42,1,0.7532467532467533,0.7186538461538461,0.7899074074074075,0.1834600994823889,0.1694862889005681,0.6280563654033042,0.6465111758989311,0.9313265306122448,0.6678365052591715,0.0,0.176187604010922,0.9313265306122448,0.6465111758989311
Pima,RandomForest (reference),42,1,0.7987012987012987,0.7640721522115147,0.8662962962962962,,,,,,,,,,
Pima,ACP-Gini (nested),42,2,0.7532467532467533,0.7156462585034014,0.7712037037037037,0.173074632725698,0.1695719055631448,0.7236151603498543,0.7529135626742541,0.895860058309038,0.6670543026748605,0.0,0.1596152861235146,0.895860058309038,0.7529135626742541
Pima,Cluster+CART,42,2,0.7532467532467533,0.7156462585034014,0.7656481481481483,0.17549027975338,0.1693336157991153,0.7233041788143829,0.7654004436154761,0.9363556851311956,0.6687741294520149,0.0,0.1659152041314759,0.9363556851311956,0.7654004436154761
Pima,RandomForest (reference),42,2,0.7597402597402597,0.7114498404820986,0.8205555555555556,,,,,,,,,,
Pima,ACP-Gini (nested),42,3,0.6862745098039216,0.6397174254317112,0.7466037735849056,0.1698227474544732,0.1652505637736209,0.6877842565597668,0.7469397390706269,0.8240038872691934,0.6407276491726807,0.0,0.1507246140821591,0.8240038872691934,0.7469397390706269
Pima,Cluster+CART,42,3,0.7124183006535948,0.6621838619028503,0.7520754716981132,0.1775103059500569,0.169682517453747,0.6695043731778425,0.6966718628104924,0.889139941690962,0.6600929052364858,0.0,0.168174649500424,0.889139941690962,0.6966718628104924
Pima,RandomForest (reference),42,3,0.738562091503268,0.6964285714285714,0.8141509433962264,,,,,,,,,,
Pima,ACP-Gini (nested),42,4,0.6928104575163399,0.6276601253041992,0.6861320754716982,0.1810658198437188,0.1698810397827146,0.6921963070942663,0.7721421262062975,0.8620699708454812,0.6656893779195022,0.0,0.1657049892051177,0.8620699708454812,0.7721421262062975
Pima,Cluster+CART,42,4,0.7124183006535948,0.6732038834951457,0.6789622641509434,0.1831456531692278,0.1703668351515189,0.6829057337220603,0.7597469138338091,0.9165451895043734,0.654068894736232,0.0,0.1690184916187745,0.9165451895043734,0.7597469138338091
Pima,RandomForest (reference),42,4,0.738562091503268,0.7113207547169811,0.8077358490566038,,,,,,,,,,
Pima,ACP-Gini (nested),43,0,0.7792207792207793,0.7331294597349644,0.7761111111111111,0.1773776795245111,0.1678717296354401,0.6592905733722061,0.6964115805686265,0.8710689990281827,0.6603069861825215,0.0,0.1581112867783135,0.8710689990281827,0.6964115805686265
Pima,Cluster+CART,43,0,0.7337662337662337,0.66190093708166,0.7828703703703703,0.1809917341257828,0.1682066716896827,0.6661807580174928,0.6998056365403306,0.9039795918367348,0.6510811083845482,0.0,0.167701664103908,0.9039795918367348,0.6998056365403306
Pima,RandomForest (reference),43,0,0.7727272727272727,0.7234621107177672,0.8403703703703704,,,,,,,,,,
Pima,ACP-Gini (nested),43,1,0.6818181818181818,0.6226056514128533,0.7516666666666667,0.1762580340050941,0.1680219800368409,0.6765014577259476,0.731192656308799,0.8312342079689019,0.6537780145781791,0.0,0.1545772772052591,0.8312342079689019,0.731192656308799
Pima,Cluster+CART,43,1,0.7012987012987013,0.6594230769230769,0.7814814814814814,0.1801773658060339,0.1694279975153772,0.6551603498542274,0.6960722255601902,0.9262390670553936,0.6484613279165707,0.0,0.1647348598520315,0.9262390670553936,0.6960722255601902
Pima,RandomForest (reference),43,1,0.7922077922077922,0.7578616352201257,0.872037037037037,,,,,,,,,,
Pima,ACP-Gini (nested),43,2,0.7207792207792207,0.7016445145302996,0.7396296296296296,0.1747041830790434,0.1679089999315844,0.6949484936831876,0.7649348853129128,0.849997084548105,0.6617619676055122,0.0,0.1633889554278872,0.849997084548105,0.7649348853129128
Pima,Cluster+CART,43,2,0.7272727272727273,0.6979263964132263,0.7511111111111112,0.1820251319262947,0.1712778139100349,0.6852380952380953,0.7295380526968004,0.9434110787172012,0.6893440676478579,0.0,0.1741623391621665,0.9434110787172012,0.7295380526968004
Pima,RandomForest (reference),43,2,0.7792207792207793,0.745578231292517,0.8307407407407408,,,,,,,,,,
Pima,ACP-Gini (nested),43,3,0.7777777777777778,0.7474757281553398,0.8102830188679246,0.1809686048097521,0.1689274168303715,0.6964431486880467,0.7411283311650408,0.9054081632653062,0.6637314433793038,0.0,0.1675728420911375,0.9054081632653062,0.7411283311650408
Pima,Cluster+CART,43,3,0.7843137254901961,0.7536231884057971,0.830754716981132,0.1826182000666045,0.1696600876610625,0.6941010689990282,0.7296826581077065,0.9348396501457727,0.6644645132844637,0.0,0.172556611733616,0.9348396501457727,0.7296826581077065
Pima,RandomForest (reference),43,3,0.7908496732026143,0.7623300970873786,0.819622641509434,,,,,,,,,,
Pima,ACP-Gini (nested),43,4,0.7450980392156863,0.7118087418497947,0.7165094339622642,0.1657949268982965,0.1669334040561654,0.6799708454810496,0.7324847053097587,0.8853206997084548,0.6487356868802903,0.0,0.148460608263002,0.8853206997084548,0.7324847053097587
Pima,Cluster+CART,43,4,0.7450980392156863,0.7118087418497947,0.7764150943396226,0.1742464034560162,0.1682732682320314,0.6754713313896987,0.6664766531032141,0.9225072886297376,0.6648771223679862,0.0,0.1657965714573524,0.9225072886297376,0.6664766531032141
Pima,RandomForest (reference),43,4,0.7320261437908496,0.6833257610177192,0.8154716981132075,,,,,,,,,,
Pima,ACP-Gini (nested),44,0,0.7142857142857143,0.6806184012066365,0.7491666666666666,0.1788491407055654,0.1699598853983267,0.647240038872692,0.641997668565897,0.9098833819241984,0.6536765206521007,0.0,0.1652482221337386,0.9098833819241984,0.641997668565897
Pima,Cluster+CART,44,0,0.7142857142857143,0.6806184012066365,0.7264814814814815,0.1820264619858869,0.1697865453638466,0.6468318756073859,0.6407630395812818,0.9299271137026238,0.6553172563410957,0.0,0.1735507635000638,0.9299271137026238,0.6407630395812818
Pima,RandomForest (reference),44,0,0.7792207792207793,0.7508090614886731,0.8085185185185186,,,,,,,,,,
Pima,ACP-Gini (nested),44,1,0.7142857142857143,0.6775176089853416,0.7965740740740741,0.1663283214594204,0.1665208113971721,0.7005636540330418,0.7467235846458784,0.8346209912536443,0.6470397479713677,0.0,0.145999412507648,0.8346209912536443,0.7467235846458784
Pima,Cluster+CART,44,1,0.7272727272727273,0.6890384615384615,0.7948148148148148,0.1703803989485087,0.1688883219935423,0.7364528668610302,0.7367261446359723,0.9040962099125366,0.6629557429258159,0.0,0.158391613178488,0.9040962099125366,0.7367261446359723
Pima,RandomForest (reference),44,1,0.7597402597402597,0.7150287571892973,0.835,,,,,,,,,,
Pima,ACP-Gini (nested),44,2,0.7662337662337663,0.7410797683541939,0.8109259259259259,0.1797594854501216,0.1690287631862864,0.6775413022351798,0.7107888639589064,0.9029008746355688,0.6593095945510115,0.0,0.1631151975357571,0.9029008746355688,0.7107888639589064
Pima,Cluster+CART,44,2,0.7857142857142857,0.7569235184388003,0.8314814814814815,0.1830490178326675,0.1711754478188786,0.6346064139941691,0.6758794946550051,0.9706122448979592,0.6648499709454908,0.0,0.1687021449648106,0.9706122448979592,0.6758794946550051
Pima,RandomForest (reference),44,2,0.7857142857142857,0.7615763546798029,0.8422222222222222,,,,,,,,,,
Pima,ACP-Gini (nested),44,3,0.7647058823529411,0.7352941176470589,0.8004716981132076,0.1745751130286974,0.1663683396143181,0.6703304178814383,0.7269545002775353,0.8406608357628766,0.6464932816433734,0.0,0.1535052383678881,0.8406608357628766,0.7269545002775353
Pima,Cluster+CART,44,3,0.6862745098039216,0.6357142857142857,0.7583018867924529,0.1841529391854076,0.1700863170765638,0.6297473275024295,0.6777797638019519,0.9314285714285714,0.6605846805655059,0.0,0.1742803088486698,0.9314285714285714,0.6777797638019519
Pima,RandomForest (reference),44,3,0.7712418300653595,0.7296683325761018,0.8422641509433962,,,,,,,,,,
Pima,ACP-Gini (nested),44,4,0.7581699346405228,0.7341379796177148,0.8270754716981132,0.1790980501789499,0.1693281320370746,0.6740816326530612,0.6944013718193812,0.903804664723032,0.6798986192083977,0.0,0.1642088239273413,0.903804664723032,0.6944013718193812
Pima,Cluster+CART,44,4,0.7581699346405228,0.7341379796177148,0.8183962264150944,0.1807915467134346,0.1700863181086487,0.6637803692905735,0.7096085315355047,0.9267930029154516,0.6753240813804348,0.0,0.1694410148611558,0.9267930029154516,0.7096085315355047
Pima,RandomForest (reference),44,4,0.7777777777777778,0.7389602569249298,0.8424528301886792,,,,,,,,,,
Diabetes,ACP-Gini (nested),42,0,0.6629213483146067,0.659438775510204,0.7679292929292929,0.3465824397223194,0.3056649408292277,0.5552283770651117,0.6174339381913204,0.8068642695173307,0.7550715311375751,0.0288951841359773,0.3310741554104602,0.8522157434402333,0.6495240308691529
Diabetes,Cluster+CART,42,0,0.6629213483146067,0.6608231707317074,0.7494949494949494,0.3551041476284691,0.3018221742098298,0.5626239067055393,0.6139962278587845,0.7086812439261417,0.7535073807033293,0.0,0.343799004969157,0.8396501457725948,0.6093258643762844
Diabetes,RandomForest (reference),42,0,0.7528089887640449,0.7525278058645096,0.845959595959596,,,,,,,,,,
Diabetes,ACP-Gini (nested),42,1,0.7078651685393258,0.7075328614762386,0.776010101010101,0.3369335418157644,0.3011359528547224,0.5197084548104955,0.5065257228741203,0.8325413022351799,0.7346482147166481,0.0359206798866855,0.3275608813500404,0.9043877551020408,0.4629381689273904
Diabetes,Cluster+CART,42,1,0.6853932584269663,0.6843971631205674,0.7439393939393939,0.3504342694242873,0.3089230057513406,0.5577421444768383,0.5375871861575728,0.7251130547457079,0.744595739760358,0.0,0.3442862431479957,0.921715257531584,0.5445432740114322
Diabetes,RandomForest (reference),42,1,0.797752808988764,0.7977272727272727,0.8732323232323232,,,,,,,,,,
Diabetes,ACP-Gini (nested),42,2,0.6477272727272727,0.6465863453815262,0.7156508264462811,0.3469498172827293,0.2963174580199305,0.5186005830903789,0.5351244170905889,0.8243968253968254,0.7440976144664746,0.015367231638418,0.3318147695562943,0.9006559766763848,0.5396796552259304
Diabetes,Cluster+CART,42,2,0.6477272727272727,0.647317388493859,0.7014462809917356,0.3585430508738896,0.3060280004637739,0.5462649821833495,0.5549533848943693,0.711980563654033,0.7507252472429666,0.0,0.3515670162974282,0.8840136054421769,0.5861415469747269
Diabetes,RandomForest (reference),42,2,0.7272727272727273,0.7267080745341614,0.7897727272727272,,,,,,,,,,
Diabetes,ACP-Gini (nested),42,3,0.6590909090909091,0.6502384737678856,0.7355371900826446,0.3278578154990271,0.28033063852961,0.5729381276320051,0.5726903790750655,0.7662244897959184,0.7212601949469718,0.0,0.3007940953583717,0.8262050534499514,0.4736668190536021
Diabetes,Cluster+CART,42,3,0.75,0.7488323819408407,0.7577479338842975,0.3574672708277349,0.2970294781338762,0.5782993197278912,0.561036577927515,0.7154444444444444,0.732920034979393,0.0,0.3433904463197874,0.8852769679300292,0.5769245831455093
Diabetes,RandomForest (reference),42,3,0.6818181818181818,0.6818181818181818,0.756198347107438,,,,,,,,,,
Diabetes,ACP-Gini (nested),42,4,0.6818181818181818,0.681159420289855,0.7510330578512396,0.3312561817007109,0.2932527109318787,0.576096533851636,0.6162830591188161,0.793195335276968,0.7402375487771894,0.0085875706214689,0.3160012093459829,0.8686151603498543,0.5857356374914586
Diabetes,Cluster+CART,42,4,0.7613636363636364,0.7610859728506787,0.7740185950413223,0.3574356583104335,0.3127735263586736,0.5724748947197926,0.6064354039374124,0.7075902170391967,0.741488103028852,0.0,0.3519730044990307,0.8527405247813411,0.62722864814765
Diabetes,RandomForest (reference),42,4,0.7159090909090909,0.7158724008782126,0.8047520661157025,,,,,,,,,,
Diabetes,ACP-Gini (nested),43,0,0.6629213483146067,0.6618541033434651,0.6936868686868687,0.3379280263565212,0.278027989461954,0.5747392290249433,0.6375378697192251,0.806229996760609,0.7382181926214543,0.0,0.3013283161787703,0.8684256559766763,0.6039546205126614
Diabetes,Cluster+CART,43,0,0.6067415730337079,0.6059456040480709,0.6696969696969697,0.3726289592944938,0.3102803153307384,0.569297052154195,0.6229783303471872,0.703840621963071,0.7318642105223012,0.0,0.3514871510953326,0.8414139941690962,0.6513125908028194
Diabetes,RandomForest (reference),43,0,0.6179775280898876,0.617929292929293,0.7191919191919193,,,,,,,,,,
Diabetes,ACP-Gini (nested),43,1,0.651685393258427,0.6500951173113507,0.6992424242424242,0.3356457450418954,0.2869559490591667,0.5639585357952704,0.5833313805946744,0.7755581470683512,0.7402828860775353,0.0006232294617563,0.3062449071486156,0.8479543245869777,0.540923827549961
Diabetes,Cluster+CART,43,1,0.651685393258427,0.6488481608756522,0.7378787878787878,0.3596893425026895,0.3088898658434291,0.5686588921282799,0.6069945970849729,0.7164687398769031,0.7533797108003438,0.0,0.3511081081120566,0.8598542274052479,0.6234364052994565
Diabetes,RandomForest (reference),43,1,0.7528089887640449,0.7527777777777778,0.8424242424242424,,,,,,,,,,
Diabetes,ACP-Gini (nested),43,2,0.7045454545454546,0.7039337474120082,0.7840909090909092,0.3379614711956912,0.2939288874628948,0.5801198574667963,0.599040307941598,0.8183362487852284,0.7453498521242179,0.0203954802259887,0.3259374280496684,0.8841836734693878,0.5774476935545932
Diabetes,Cluster+CART,43,2,0.7272727272727273,0.7267080745341614,0.7698863636363636,0.3581288396227481,0.306392350331389,0.5718950437317785,0.6085207937091229,0.7078153547133139,0.7399326868932651,0.0033333333333333,0.3471947401242732,0.8543391642371234,0.5916715164312248
Diabetes,RandomForest (reference),43,2,0.7045454545454546,0.7045454545454546,0.8088842975206612,,,,,,,,,,
Diabetes,ACP-Gini (nested),43,3,0.7613636363636364,0.7613328167376985,0.8261880165289256,0.3294705604835116,0.2872569909919177,0.5508163265306123,0.5876328707215623,0.8275691609977324,0.7443062982659259,0.0,0.3120545199814907,0.8818658892128279,0.5453747228086816
Diabetes,Cluster+CART,43,3,0.6363636363636364,0.634665282823041,0.7182334710743802,0.3448406980730597,0.3021946317691635,0.556977648202138,0.5680384981482783,0.7241153223194039,0.7493893211344211,0.0,0.3386658394529277,0.8821137026239068,0.5392320597686723
Diabetes,RandomForest (reference),43,3,0.7727272727272727,0.772609819121447,0.8858471074380165,,,,,,,,,,
Diabetes,ACP-Gini (nested),43,4,0.5909090909090909,0.5906976744186047,0.6820764462809917,0.3335351290687254,0.3039936436732475,0.5615711046323291,0.507088885069613,0.7855419501133787,0.7382271676174975,0.0144632768361581,0.3203624448953936,0.8704081632653061,0.4953712135426955
Diabetes,Cluster+CART,43,4,0.6363636363636364,0.6316064887493459,0.6805268595041323,0.3572979094876533,0.3209415959935734,0.5665597667638483,0.5932006863757722,0.7455503725299644,0.7413392996631571,0.0011299435028248,0.3512306079944223,0.9019241982507288,0.6089596303457561
Diabetes,RandomForest (reference),43,4,0.75,0.75,0.8274793388429753,,,,,,,,,,
Diabetes,ACP-Gini (nested),44,0,0.6741573033707865,0.6734977862112588,0.753030303030303,0.3434188016750905,0.2838019617313697,0.545092322643343,0.6229925149785774,0.8317379332685455,0.7179312504049441,0.005099150141643,0.3063949818460267,0.8940864917395531,0.6217132543276189
Diabetes,Cluster+CART,44,0,0.6966292134831461,0.6964759378552483,0.7881313131313131,0.3558696372929774,0.3093335861071784,0.5771525753158406,0.6452744931851276,0.7532001943634596,0.7218219775086597,0.0068555240793201,0.3364725628478868,0.8637463556851313,0.6040185987689776
Diabetes,RandomForest (reference),44,0,0.651685393258427,0.651685393258427,0.7838383838383838,,,,,,,,,,
Diabetes,ACP-Gini (nested),44,1,0.6966292134831461,0.6964759378552483,0.7262626262626263,0.3232398564137144,0.2835044433392361,0.5258665370910269,0.4906034468720604,0.7387369614512471,0.7426009524578213,0.0,0.3032595667455002,0.7978814382896016,0.4091450539712985
Diabetes,Cluster+CART,44,1,0.6853932584269663,0.6853535353535354,0.7477272727272728,0.3592251463286051,0.3191698310299774,0.586550048590865,0.596532028702451,0.7089812115322319,0.7468193094553268,0.0,0.3510044323928294,0.8699951409135084,0.6128243816155324
Diabetes,RandomForest (reference),44,1,0.7415730337078652,0.7414424655803966,0.7934343434343434,,,,,,,,,,
Diabetes,ACP-Gini (nested),44,2,0.6818181818181818,0.6791666666666667,0.784349173553719,0.3247293071754067,0.2853486385324642,0.5451117589893101,0.5611392815273593,0.8569225785552317,0.73677718265259,0.0207344632768361,0.3140203251931012,0.9334839650145774,0.4797138200954208
Diabetes,Cluster+CART,44,2,0.6363636363636364,0.6356107660455487,0.7592975206611571,0.35380933789859,0.3038011768044081,0.583449951409135,0.627061133777627,0.7833968253968254,0.7385695414773817,0.0021468926553672,0.3483957047805355,0.8845481049562683,0.5358166341345001
Diabetes,RandomForest (reference),44,2,0.8409090909090909,0.8408268733850129,0.9023760330578512,,,,,,,,,,
Diabetes,ACP-Gini (nested),44,3,0.6136363636363636,0.6136363636363636,0.6673553719008265,0.328563480488928,0.2777504166978971,0.6063977972141238,0.6342066695062852,0.7735724003887269,0.7136174149093981,0.0,0.3060318324162431,0.8229154518950437,0.5835108833534678
Diabetes,Cluster+CART,44,3,0.5454545454545454,0.5433316035288013,0.6012396694214875,0.3655667944821793,0.3152774344307834,0.5572108843537414,0.6180918931743651,0.7018247489471979,0.7539948783229524,0.0,0.3557573805358542,0.8661370262390672,0.664153533851694
Diabetes,RandomForest (reference),44,3,0.6590909090909091,0.6590909090909091,0.7128099173553719,,,,,,,,,,
Diabetes,ACP-Gini (nested),44,4,0.7159090909090909,0.7113997113997115,0.8060433884297521,0.3415807196005737,0.3009144280769106,0.5109620991253645,0.5362805210673566,0.8287482993197278,0.7582686276187188,0.0396610169491525,0.3276187191030613,0.9035568513119534,0.538612054043576
Diabetes,Cluster+CART,44,4,0.6704545454545454,0.6704119850187266,0.7554235537190083,0.3502681727682135,0.3026866671851513,0.537470035633301,0.5510904884236848,0.7187298347910592,0.7383969608537115,0.0,0.3463323155757324,0.895,0.5472694180856859
Diabetes,RandomForest (reference),44,4,0.7954545454545454,0.7953488372093023,0.881198347107438,,,,,,,,,,
Cultivar,ACP-Gini (nested),42,0,1.0,1.0,1.0,0.3688474964585412,0.3407924697388814,0.330734693877551,0.3945959788844104,0.330734693877551,0.7939977324263038,0.0,0.2793195616509249,0.3476462585034013,0.4068892246007194
Cultivar,Cluster+CART,42,0,1.0,1.0,1.0,0.4511587920282784,0.3935202917569345,0.4726841593780369,0.5680988696496685,0.4726841593780369,0.7475830903790088,0.0126760563380281,0.3668486675627626,0.4726841593780369,0.5618259721953359
Cultivar,RandomForest (reference),42,0,1.0,1.0,1.0,,,,,,,,,,
Cultivar,ACP-Gini (nested),42,1,0.9444444444444444,0.939799331103679,0.9583333333333334,0.3142789383898282,0.3026790811519653,0.4369757045675413,0.5631312487450718,0.4369757045675413,0.6990638160025915,0.0,0.1740539169723936,0.4453177842565597,0.5699387536267629
Cultivar,Cluster+CART,42,1,0.9722222222222222,0.9693617021276596,0.9791666666666666,0.4229870990738435,0.3732329330854842,0.4291020408163266,0.5446091458457896,0.4291020408163266,0.7005983155166828,0.0638028169014084,0.3193204958759277,0.4291020408163266,0.5403706415301957
Cultivar,RandomForest (reference),42,1,0.9722222222222222,0.9693617021276596,0.9965277777777778,,,,,,,,,,
Cultivar,ACP-Gini (nested),42,2,1.0,1.0,1.0,0.3296451022346417,0.3093514040493688,0.2605072886297376,0.273783169422875,0.2605072886297376,0.8330304797243573,0.0014084507042253,0.1874772769272837,0.269648202137998,0.2757987110261111
Cultivar,Cluster+CART,42,2,0.9722222222222222,0.9680567879325644,0.9565972222222222,0.4354930669440061,0.3649743503320521,0.4238396501457726,0.5068695923411547,0.4238396501457726,0.7732847424684159,0.0139436619718309,0.3044650671891706,0.4238396501457726,0.4988740944881812
Cultivar,RandomForest (reference),42,2,0.9722222222222222,0.9680567879325644,1.0,,,,,,,,,,
Cultivar,ACP-Gini (nested),42,3,0.8857142857142857,0.8674242424242424,0.8659420289855073,0.3991121487396625,0.3605359679193821,0.3698639455782313,0.5031810328466082,0.3698639455782313,0.7035315840621963,0.0,0.1574731870246569,0.3733197278911565,0.5043570912820047
Cultivar,Cluster+CART,42,3,0.8857142857142857,0.8674242424242424,0.8659420289855073,0.478523960116674,0.4482323000423697,0.464952380952381,0.6041745073990077,0.464952380952381,0.6669679300291544,0.0,0.1948051733393297,0.464952380952381,0.6031867434850106
Cultivar,RandomForest (reference),42,3,0.9428571428571428,0.9337121212121212,1.0,,,,,,,,,,
Cultivar,ACP-Gini (nested),42,4,1.0,1.0,1.0,0.429585776505973,0.3511927274409147,0.3834810495626822,0.5007099229334626,0.3834810495626822,0.7186112730806609,0.0124475524475524,0.2765049543918239,0.4296501457725947,0.5469600284682845
Cultivar,Cluster+CART,42,4,1.0,1.0,1.0,0.492112707909312,0.3920272306074231,0.5255296404275996,0.6527185939284155,0.5255296404275996,0.6342951085195984,0.0,0.35730055674807,0.5255296404275996,0.6499993726883779
Cultivar,RandomForest (reference),42,4,0.9714285714285714,0.9659863945578232,0.9962121212121212,,,,,,,,,,
Cultivar,ACP-Gini (nested),43,0,1.0,1.0,1.0,0.3725967320906994,0.3444740283916804,0.3270913508260447,0.4101329091639196,0.3270913508260447,0.7814320758606472,0.0,0.233717365738404,0.3594256559766764,0.442770646890948
Cultivar,Cluster+CART,43,0,1.0,1.0,1.0,0.454969586199384,0.3839393423245736,0.4529310009718173,0.54898594588782,0.4529310009718173,0.7389562682215743,0.0154929577464788,0.3196974890675035,0.4529310009718173,0.5426485238648495
Cultivar,RandomForest (reference),43,0,1.0,1.0,1.0,,,,,,,,,,
Cultivar,ACP-Gini (nested),43,1,1.0,1.0,1.0,0.35321128250346,0.3055113619798887,0.3682137998056365,0.4997144182725347,0.3682137998056365,0.7265850045645964,0.0,0.2504004300175557,0.3883751214771623,0.517971031004235
Cultivar,Cluster+CART,43,1,1.0,1.0,1.0,0.4233327987567143,0.3520096213519839,0.4065490767735665,0.5302493379810453,0.4065490767735665,0.7224356980887593,0.0133802816901408,0.3351121527991754,0.4065490767735665,0.5260912419949618
Cultivar,RandomForest (reference),43,1,1.0,1.0,1.0,,,,,,,,,,
Cultivar,ACP-Gini (nested),43,2,0.8611111111111112,0.8468085106382979,0.8888888888888888,0.3146659579584505,0.2931686217165013,0.359156462585034,0.4675779596128914,0.359156462585034,0.7033819241982507,0.0,0.1729944789853444,0.359156462585034,0.4640332066921206
Cultivar,Cluster+CART,43,2,0.9444444444444444,0.9375,0.9461805555555556,0.4295377219010102,0.3641129243420128,0.3889601554907677,0.5022171449880787,0.3889601554907677,0.6886783284742468,0.0,0.2474923346089172,0.3889601554907677,0.4983827099882429
Cultivar,RandomForest (reference),43,2,0.9722222222222222,0.9680567879325644,1.0,,,,,,,,,,
Cultivar,ACP-Gini (nested),43,3,0.8285714285714286,0.8164335664335665,0.9311594202898552,0.3293157569662647,0.2915694749339155,0.4290709426627793,0.5361214210503393,0.4290709426627793,0.7089384515711047,0.0135664335664335,0.1790940024761189,0.4290709426627793,0.5328136185412953
Cultivar,Cluster+CART,43,3,0.8285714285714286,0.8164335664335665,0.9311594202898552,0.4095089318722288,0.3687159035561819,0.4226219630709426,0.5238186428075469,0.4226219630709426,0.7124195011337869,0.119020979020979,0.3203618821002264,0.4226219630709426,0.5178295430395706
Cultivar,RandomForest (reference),43,3,0.9428571428571428,0.9365942028985508,0.992753623188406,,,,,,,,,,
Cultivar,ACP-Gini (nested),43,4,0.9142857142857144,0.891640866873065,0.8693181818181819,0.4011539185137327,0.3496000325843797,0.356891156462585,0.4416181026539034,0.356891156462585,0.7609850988014254,0.0132867132867132,0.2447688741671183,0.3710262390670554,0.4521373340918647
Cultivar,Cluster+CART,43,4,0.9142857142857144,0.891640866873065,0.8693181818181819,0.4850573080860709,0.4064817695017842,0.5060359572400388,0.6308882276042025,0.5060359572400388,0.6902468415937804,0.0117482517482517,0.326063358237538,0.5060359572400388,0.6278926525022624
Cultivar,RandomForest (reference),43,4,1.0,1.0,1.0,,,,,,,,,,
Cultivar,ACP-Gini (nested),44,0,0.9444444444444444,0.9345454545454546,0.9131944444444444,0.3082713713691623,0.2995252024776102,0.3641350826044703,0.4678368788436417,0.3641350826044703,0.7264703595724005,0.0,0.1322498158482989,0.3641350826044703,0.4633151929714824
Cultivar,Cluster+CART,44,0,0.9444444444444444,0.9345454545454546,0.9565972222222222,0.4740565546907183,0.3840420606516612,0.4389436345966958,0.5561621134452952,0.4389436345966958,0.7474295137968607,0.0257746478873239,0.2948480556211202,0.4389436345966958,0.5519585277539217
Cultivar,RandomForest (reference),44,0,1.0,1.0,1.0,,,,,,,,,,
Cultivar,ACP-Gini (nested),44,1,0.9444444444444444,0.939799331103679,0.96875,0.3089799490743169,0.3133413731793137,0.3327939747327502,0.408371164427129,0.3327939747327502,0.7703462908973113,0.0,0.1833175573379271,0.3407696793002915,0.4120578933511713
Cultivar,Cluster+CART,44,1,0.9444444444444444,0.939799331103679,0.9583333333333331,0.4480817873831996,0.3869443859307935,0.5310874635568512,0.6536459485020097,0.5310874635568512,0.6874039520570133,0.0138028169014084,0.3364116539258511,0.5310874635568512,0.6506988603125362
Cultivar,RandomForest (reference),44,1,0.9722222222222222,0.9693617021276596,0.9965277777777778,,,,,,,,,,
Cultivar,ACP-Gini (nested),44,2,0.9722222222222222,0.9680567879325644,0.9513888888888888,0.4001163232349051,0.3502134843198525,0.3411000971817299,0.403235030508827,0.3411000971817299,0.7857479753806285,0.0,0.2692864519121701,0.3481030126336249,0.4051429971072665
Cultivar,Cluster+CART,44,2,0.9722222222222222,0.9680567879325644,0.9565972222222222,0.4477270245590051,0.3790847310892264,0.4480330417881438,0.5487826477103733,0.4480330417881438,0.7663670229996761,0.0,0.3100846711806563,0.4480330417881438,0.5427352001981376
Cultivar,RandomForest (reference),44,2,1.0,1.0,1.0,,,,,,,,,,
Cultivar,ACP-Gini (nested),44,3,0.9714285714285714,0.9688888888888888,1.0,0.3431720771340463,0.3120378815786124,0.3738347910592808,0.4938524067269009,0.3738347910592808,0.735456430191124,0.0131468531468531,0.2592065132249052,0.3878347910592808,0.5051555460246536
Cultivar,Cluster+CART,44,3,0.9714285714285714,0.9688888888888888,0.9963768115942028,0.4412455638612161,0.3852568381464861,0.4218697764820214,0.521391181841225,0.4218697764820214,0.7189514091350826,0.0141258741258741,0.3511856002504185,0.4218697764820214,0.515261216622634
Cultivar,RandomForest (reference),44,3,1.0,1.0,1.0,,,,,,,,,,
Cultivar,ACP-Gini (nested),44,4,0.9714285714285714,0.9659863945578232,0.9488636363636364,0.4376052529174336,0.3721079329536673,0.3693955296404276,0.4868953231872049,0.3693955296404276,0.7223916423712342,0.0116083916083916,0.2353133018710621,0.381354713313897,0.4971890117197382
Cultivar,Cluster+CART,44,4,0.9714285714285714,0.9659863945578232,0.9507575757575756,0.4824136153720838,0.4098589690221405,0.4577278911564626,0.5757547841753187,0.4577278911564626,0.6724687398769031,0.0,0.2893933568966693,0.4577278911564626,0.5722246272992589
Cultivar,RandomForest (reference),44,4,0.9428571428571428,0.93,1.0,,,,,,,,,,
Digits38,ACP-Gini (nested),42,0,0.9583333333333334,0.9583252942311402,0.9694980694980696,0.3472689899853532,0.2405162361878837,0.2910787172011662,0.3461174352841008,0.2565736995430873,0.8470916227296781,0.0106666666666666,0.2925843898650233,0.2603749663035377,0.3419626731783654
Digits38,Cluster+CART,42,0,0.9722222222222222,0.9722007722007722,0.96988416988417,0.373283112970477,0.269633530585635,0.3138581146744411,0.4011261567998691,0.2968942780575433,0.8418967512588222,0.0,0.3161885175548499,0.3016415579884968,0.3989001345379317
Digits38,RandomForest (reference),42,0,1.0,1.0,1.0,,,,,,,,,,
Digits38,ACP-Gini (nested),42,1,0.9166666666666666,0.91640866873065,0.9235521235521236,0.2726123893685653,0.1942453559775869,0.2233171363783609,0.2547025313729403,0.205998837896797,0.8725843728942232,0.0,0.2475303620712965,0.2092310931698686,0.2481525168932633
Digits38,Cluster+CART,42,1,0.9305555555555556,0.9302190346966466,0.9826254826254828,0.3553110253335632,0.2972260464886112,0.2961953352769679,0.3746279876769586,0.2823530811592036,0.8656622339911656,0.0,0.3362760799114218,0.2849292951946013,0.3698584719912207
Digits38,RandomForest (reference),42,1,0.9722222222222222,0.9722007722007722,0.9984555984555984,,,,,,,,,,
Digits38,ACP-Gini (nested),42,2,0.9154929577464788,0.915341812400636,0.9395866454689984,0.3252096509744842,0.2103914254654715,0.2570310981535471,0.3049115493545491,0.2354257012828441,0.877244612996714,0.0,0.271184239292219,0.2389530288305798,0.2992274233463757
Digits38,Cluster+CART,42,2,0.9295774647887324,0.9295215405995632,0.940779014308426,0.3512449086777156,0.2633227994933819,0.2626744412050534,0.3461239089016569,0.2607547894282588,0.8808601849664275,0.0,0.3076865934319788,0.2684468184876348,0.3468583615084181
Digits38,RandomForest (reference),42,2,0.9859154929577464,0.9859043081199126,1.0,,,,,,,,,,
Digits38,ACP-Gini (nested),42,3,0.9154929577464788,0.9154761904761904,0.9642857142857144,0.3492557482215375,0.2316467684616167,0.2509847748623258,0.2793379285295639,0.2200857974225321,0.8938856307091602,0.0076923076923076,0.2926269656473114,0.2244327282694629,0.2738426799972299
Digits38,Cluster+CART,42,3,0.943661971830986,0.9435612082670906,0.9583333333333334,0.3690257766826463,0.2878893363547627,0.2654512471655328,0.3261308527116064,0.2498826275765051,0.8935437435713546,0.0,0.3255621278967477,0.2533813737283125,0.3210799148865293
Digits38,RandomForest (reference),42,3,0.971830985915493,0.9718253968253968,0.9992063492063492,,,,,,,,,,
Digits38,ACP-Gini (nested),42,4,0.943661971830986,0.9436507936507936,0.953968253968254,0.3691291723844127,0.2605840113432547,0.292331713637836,0.3488727582110459,0.2612015648750342,0.8885170042042791,0.0173426573426573,0.3319938342130679,0.2656226471940757,0.3458386501413592
Digits38,Cluster+CART,42,4,0.943661971830986,0.9436507936507936,0.9932539682539684,0.3950117770400658,0.3084530575575393,0.3337790735341755,0.4086579669389129,0.3034228673820511,0.8756078162200612,0.0086713286713286,0.3626192891008145,0.3070869221481466,0.4054499165651522
Digits38,RandomForest (reference),42,4,0.971830985915493,0.9718253968253968,0.9992063492063492,,,,,,,,,,
Digits38,ACP-Gini (nested),43,0,0.9305555555555556,0.9298928919182085,0.962934362934363,0.3508306223148711,0.2394747614856498,0.2569290573372205,0.3165792270414875,0.2350302507949566,0.8852078130619546,0.0098947368421052,0.2997222427071841,0.2401832686454535,0.3147708632236709
Digits38,Cluster+CART,43,0,0.9027777777777778,0.9012345679012346,0.9521235521235522,0.3679427235277234,0.2789742696973547,0.3081613216715257,0.3969967672401332,0.2901231784088927,0.8641850381178112,0.0109473684210526,0.3258240037619309,0.29231078671895,0.391803792920903
Digits38,RandomForest (reference),43,0,0.9861111111111112,0.9860869565217392,1.0,,,,,,,,,,
Digits38,ACP-Gini (nested),43,1,0.9583333333333334,0.9583252942311402,0.9837837837837836,0.3044749076010973,0.2167653530538162,0.2122513767411726,0.2258498210695038,0.191538143262633,0.8981424606472626,0.0,0.2689117682944651,0.2016645270828944,0.226176692163296
Digits38,Cluster+CART,43,1,0.9305555555555556,0.9305421570519004,0.981081081081081,0.346510984499234,0.2688712220014103,0.2416942014901199,0.3144886549377541,0.2491873861765818,0.8995013587852724,0.0,0.318030042224063,0.2534646395354678,0.3077805709547488
Digits38,RandomForest (reference),43,1,1.0,1.0,1.0,,,,,,,,,,
Digits38,ACP-Gini (nested),43,2,0.9154929577464788,0.9150717703349284,0.9483306836248012,0.3632220819222047,0.2438615507255017,0.3337544541626174,0.386425311936255,0.2785267702818723,0.8119834755080854,0.0,0.3006577136372707,0.2813097809220258,0.3829883637846186
Digits38,Cluster+CART,43,2,0.8732394366197183,0.8728358208955224,0.9471383147853736,0.3718346156702056,0.2954868879423524,0.314172335600907,0.4056983996419105,0.2994694159382034,0.8235196285991131,0.0,0.3272334096241742,0.3068264853060771,0.4088110235133077
Digits38,RandomForest (reference),43,2,0.971830985915493,0.9718253968253968,1.0,,,,,,,,,,
Digits38,ACP-Gini (nested),43,3,0.9577464788732394,0.9577464788732394,0.9670634920634922,0.3497569417757338,0.254030762753034,0.2490900550696468,0.29948348681513,0.2276369843308618,0.8739080851121669,0.0,0.3212772844592637,0.2289286586429443,0.291908102325324
Digits38,Cluster+CART,43,3,0.943661971830986,0.9436507936507936,0.9511904761904764,0.3862151397461296,0.3111787734041877,0.3002526724975704,0.380014965304616,0.2866385338017991,0.8487431248223565,0.0,0.3780953426330153,0.2868178782668578,0.3721293938048418
Digits38,RandomForest (reference),43,3,0.9295774647887324,0.9295215405995632,0.9944444444444444,,,,,,,,,,
Digits38,ACP-Gini (nested),43,4,0.943661971830986,0.9435612082670906,0.9547619047619048,0.3477749374151391,0.2266344716889954,0.3026339488176223,0.3236569473907117,0.2517920718737045,0.8609799642800843,0.0067832167832167,0.2966444649402304,0.2554423648913445,0.3172920309120515
Digits38,Cluster+CART,43,4,0.943661971830986,0.9435612082670906,0.9654761904761904,0.3629187549113352,0.286642685512629,0.3111166180758017,0.3762812800011933,0.2828034301299607,0.8715549961576371,0.0067832167832167,0.3337400117530714,0.2851718349677533,0.3705457040264723
Digits38,RandomForest (reference),43,4,0.9859154929577464,0.9859154929577464,1.0,,,,,,,,,,
Digits38,ACP-Gini (nested),44,0,0.9583333333333334,0.9583252942311402,0.9841698841698844,0.3518973111697117,0.2467854737778281,0.2525202461937155,0.289031833210788,0.2237987571318903,0.9015903361011404,0.007859649122807,0.3011403487081109,0.2275321688448939,0.2833047741849109
Digits38,Cluster+CART,44,0,0.9583333333333334,0.9583252942311402,0.9980694980694982,0.3846137773405514,0.2937798893052885,0.2990605766115969,0.3796288018851143,0.2846738907351152,0.8893352198022066,0.007859649122807,0.3410071206225885,0.2906447860529493,0.3782094727669276
Digits38,RandomForest (reference),44,0,1.0,1.0,1.0,,,,,,,,,,
Digits38,ACP-Gini (nested),44,1,0.9166666666666666,0.916083916083916,0.9548262548262548,0.3328619296592865,0.2289686334921995,0.287082928409459,0.3381585604134673,0.2600855946774314,0.8643219732781557,0.0089122807017543,0.2877685599441427,0.2630257860053778,0.3323300507892908
Digits38,Cluster+CART,44,1,0.9444444444444444,0.9442724458204336,0.9555984555984556,0.3630251611338791,0.2865697344656709,0.3191201814058957,0.391607065909726,0.296209935189527,0.8621577822604232,0.0089122807017543,0.3293266133227887,0.2998185691859161,0.3871518227659966
Digits38,RandomForest (reference),44,1,0.9722222222222222,0.9722007722007722,0.9992277992277993,,,,,,,,,,
Digits38,ACP-Gini (nested),44,2,0.9295774647887324,0.9290709290709293,0.9852941176470588,0.3402522202553009,0.2321842183742924,0.2715257531584062,0.3105018213237892,0.2377299347977619,0.8841535317423673,0.0,0.2988791644720875,0.2426731774961066,0.308662270352133
Digits38,Cluster+CART,44,2,0.9295774647887324,0.9290709290709293,0.958664546899841,0.3610114007055691,0.2736528270135657,0.2776514415289925,0.3630195546221011,0.2787302584037277,0.8858280060608993,0.0,0.3275957233409309,0.2841169691986018,0.3603793218316132
Digits38,RandomForest (reference),44,2,0.9577464788732394,0.9577464788732394,0.9976152623211446,,,,,,,,,,
Digits38,ACP-Gini (nested),44,3,0.971830985915493,0.9718253968253968,0.965079365079365,0.3564445455503445,0.2483081474052828,0.288421120829284,0.3453411941433311,0.2579976452119309,0.8634812239914281,0.0197902097902097,0.2975554077659874,0.266351260983914,0.3468858725476498
Digits38,Cluster+CART,44,3,0.9577464788732394,0.957712924359738,0.9674603174603174,0.3867540014586968,0.2962613195030311,0.3097000323939099,0.3732509178851735,0.2773613484021647,0.8568923897231221,0.0104195804195804,0.3335949970639188,0.2810446764120233,0.3692510809280011
Digits38,RandomForest (reference),44,3,0.9859154929577464,0.9859154929577464,1.0,,,,,,,,,,
Digits38,ACP-Gini (nested),44,4,0.9295774647887324,0.9293532338308458,0.9698412698412698,0.3515661183605001,0.2449201346482458,0.3014480077745384,0.334445520292796,0.2507931456298803,0.8553406893893087,0.0088111888111888,0.2965768824554036,0.2554123756062532,0.3316234108713502
Digits38,Cluster+CART,44,4,0.9295774647887324,0.9293532338308458,0.9797619047619048,0.3674444639271119,0.2937464686858455,0.3008357628765792,0.373778817157113,0.2804525349933513,0.8672946174806918,0.0084615384615384,0.3270409829083412,0.2840179015995343,0.3690852622861068
Digits38,RandomForest (reference),44,4,0.971830985915493,0.9718253968253968,0.9984126984126984,,,,,,,,,,
