dataset,alpha,seed,fold,accuracy,macro_f1,auc,set_redundancy,weighted_redundancy
WDBC,0.0,42,0,0.9210526315789473,0.9147486497714998,0.9480838519489028,0.45982996069107684,0.5747660247667089
WDBC,0.2,42,0,0.9122807017543859,0.9074675324675325,0.9664264657713725,0.3064445952390178,0.4279522275104779
WDBC,0.4,42,0,0.9035087719298246,0.8986339018672702,0.9593842122502457,0.24962108769266275,0.28212922534490537
WDBC,0.6,42,0,0.9035087719298246,0.8986339018672702,0.9485751719620047,0.24882747547361256,0.2790747057220495
WDBC,0.8,42,0,0.9210526315789473,0.918796992481203,0.9729773992793973,0.21811086421849554,0.2684876673215251
WDBC,1.0,42,0,0.9210526315789473,0.918796992481203,0.9729773992793973,0.21811086421849554,0.2684876673215251
WDBC,0.0,42,1,0.9035087719298246,0.8946837994457042,0.9297412381264331,0.35662934417792286,0.7696611101148404
WDBC,0.2,42,1,0.8859649122807017,0.8708496732026143,0.9154929577464788,0.27209534897246035,0.6289605343319085
WDBC,0.4,42,1,0.8859649122807017,0.8708496732026143,0.9154929577464788,0.27209534897246035,0.6289605343319085
WDBC,0.6,42,1,0.9035087719298246,0.8934669951575906,0.9472649852603996,0.20847458498868027,0.2501250746377212
WDBC,0.8,42,1,0.8947368421052632,0.8830769230769231,0.9122174909924663,0.2149106622736933,0.2210044007576007
WDBC,1.0,42,1,0.8947368421052632,0.8830769230769231,0.9109073042908613,0.17643763313795371,0.21277208578126758
WDBC,0.0,42,2,0.9298245614035088,0.9220512820512821,0.9327050264550265,0.45519864245380376,0.5888463550855364
WDBC,0.2,42,2,0.9649122807017544,0.9619111259605746,0.9766865079365079,0.3433256876714797,0.380162308765716
WDBC,0.4,42,2,0.9649122807017544,0.9619111259605746,0.9766865079365079,0.3433256876714797,0.380162308765716
WDBC,0.6,42,2,0.9649122807017544,0.9619111259605746,0.9770171957671958,0.3511927484089628,0.34096230917123543
WDBC,0.8,42,2,0.9649122807017544,0.9619111259605746,0.976851851851852,0.26364960665597925,0.2779310777827669
WDBC,1.0,42,2,0.9649122807017544,0.9619111259605746,0.9661044973544974,0.2180032131129236,0.22975202719187107
WDBC,0.0,42,3,0.9298245614035088,0.9265700483091788,0.9606481481481481,0.49932581405257337,0.7166163625754075
WDBC,0.2,42,3,0.9298245614035088,0.9265700483091788,0.9756944444444445,0.39270091996119905,0.7029059737063265
WDBC,0.4,42,3,0.9298245614035088,0.9259740259740259,0.9713955026455027,0.3204524624890078,0.6859858265796756
WDBC,0.6,42,3,0.9122807017543859,0.9082125603864735,0.9593253968253967,0.27227667184397103,0.4296359148525311
WDBC,0.8,42,3,0.9210526315789473,0.9170641015277665,0.9500661375661376,0.306003600995818,0.4337910822351903
WDBC,1.0,42,3,0.9122807017543859,0.9082125603864735,0.9611441798941799,0.28791672365443116,0.4160737484543141
WDBC,0.0,42,4,0.9469026548672567,0.9425813008130082,0.9694835680751175,0.5205283335367202,0.6293884879799336
WDBC,0.2,42,4,0.9469026548672567,0.9425813008130082,0.9557344064386318,0.5205283335367202,0.6321856126318535
WDBC,0.4,42,4,0.9469026548672567,0.9425813008130082,0.9565727699530517,0.439231004537866,0.6181013359169727
WDBC,0.6,42,4,0.9469026548672567,0.9431589537223339,0.960093896713615,0.2961760506696846,0.4559091733401599
WDBC,0.8,42,4,0.9380530973451328,0.9326521924223073,0.931924882629108,0.3210999935123117,0.3743643565555532
WDBC,1.0,42,4,0.8938053097345132,0.8851626016260162,0.897887323943662,0.2412621801450492,0.2561405946270187
WDBC,0.0,43,0,0.9298245614035088,0.9246031746031746,0.9402227317392728,0.3628791637572742,0.5952394387808934
WDBC,0.2,43,0,0.9298245614035088,0.9246031746031746,0.9400589584015723,0.34936012096172037,0.5791278079383553
WDBC,0.4,43,0,0.9385964912280702,0.9343480049362403,0.9412053717654766,0.34936012096172037,0.5487817282623213
WDBC,0.6,43,0,0.9385964912280702,0.9343480049362403,0.9412053717654766,0.34936012096172037,0.5487817282623213
WDBC,0.8,43,0,0.9122807017543859,0.9047778149014367,0.9356370782836554,0.26579175950413714,0.21347155485761843
WDBC,1.0,43,0,0.9122807017543859,0.9047778149014367,0.9372748116606616,0.2647072583440598,0.20976940800024815
WDBC,0.0,43,1,0.9210526315789473,0.9155902920608803,0.9585653455617426,0.4504836048290781,0.6518248208021722
WDBC,0.2,43,1,0.9385964912280702,0.933693394266722,0.9649525057320668,0.3576840363505165,0.5876298768276845
WDBC,0.4,43,1,0.9122807017543859,0.9074675324675325,0.9438257451686866,0.24775243196526175,0.36910841060271427
WDBC,0.6,43,1,0.9122807017543859,0.9074675324675325,0.9412053717654766,0.24775243196526175,0.3724008216127816
WDBC,0.8,43,1,0.9122807017543859,0.9074675324675325,0.9652800524074681,0.21610929282244018,0.30918479595871307
WDBC,1.0,43,1,0.9122807017543859,0.9074675324675325,0.9652800524074681,0.21610929282244018,0.30918479595871307
WDBC,0.0,43,2,0.9122807017543859,0.9037162162162162,0.9161706349206349,0.3981857336566756,0.6157359375824251
WDBC,0.2,43,2,0.9035087719298246,0.8921475875118259,0.91385582010582,0.3519493629574954,0.5821798056278223
WDBC,0.4,43,2,0.9035087719298246,0.8921475875118259,0.91385582010582,0.3519493629574954,0.5821798056278223
WDBC,0.6,43,2,0.8947368421052632,0.8869047619047619,0.929728835978836,0.2773141011238851,0.3628566465557492
WDBC,0.8,43,2,0.9210526315789473,0.9147486497714998,0.951058201058201,0.3743356127195421,0.3050290011083452
WDBC,1.0,43,2,0.9210526315789473,0.9147486497714998,0.951058201058201,0.2656909851010251,0.2811800836924095
WDBC,0.0,43,3,0.9298245614035088,0.922972972972973,0.9680886243386244,0.5139252043716027,0.6372661531290542
WDBC,0.2,43,3,0.9122807017543859,0.9066491975106452,0.9743716931216931,0.3362143367480026,0.6087824100502781
WDBC,0.4,43,3,0.9122807017543859,0.9066491975106452,0.9743716931216931,0.3362143367480026,0.6087824100502781
WDBC,0.6,43,3,0.9385964912280702,0.933693394266722,0.9791666666666666,0.3263026582424756,0.5629634058502805
WDBC,0.8,43,3,0.9473684210526315,0.9434523809523809,0.9781746031746033,0.31932022859288695,0.5125539147341089
WDBC,1.0,43,3,0.9122807017543859,0.9047778149014367,0.9386574074074074,0.22023523152740201,0.29482461679664695
WDBC,0.0,43,4,0.9646017699115044,0.9627799736495388,0.9750167672702884,0.4062295182380819,0.6564743320408203
WDBC,0.2,43,4,0.9734513274336283,0.9717146433041302,0.9788732394366197,0.3603953038545684,0.6457708472568591
WDBC,0.4,43,4,0.9734513274336283,0.9717146433041302,0.9730046948356808,0.2059836108100221,0.2513251846443095
WDBC,0.6,43,4,0.9734513274336283,0.9717146433041302,0.9730046948356808,0.2059836108100221,0.2513251846443095
WDBC,0.8,43,4,0.9734513274336283,0.9717146433041302,0.9730046948356808,0.2059836108100221,0.2513251846443095
WDBC,1.0,43,4,0.9734513274336283,0.9717146433041302,0.9730046948356808,0.2059836108100221,0.2513251846443095
WDBC,0.0,44,0,0.9473684210526315,0.9439895185063871,0.9572551588601376,0.3861322174249918,0.5620138828238765
WDBC,0.2,44,0,0.9385964912280702,0.9349474199070678,0.9569276121847363,0.30011663885366446,0.5415155486561302
WDBC,0.4,44,0,0.9385964912280702,0.9349474199070678,0.9569276121847363,0.30011663885366446,0.5415155486561302
WDBC,0.6,44,0,0.9298245614035088,0.9253193580085162,0.9493940386505078,0.3036870409102125,0.3490497287882127
WDBC,0.8,44,0,0.9210526315789473,0.9163609684519443,0.9459547985587946,0.27009722137978276,0.259605968958889
WDBC,1.0,44,0,0.9210526315789473,0.9163609684519443,0.9385849983622666,0.23652838645914778,0.23407354149641152
WDBC,0.0,44,1,0.9473684210526315,0.9439895185063871,0.9814936128398296,0.43359986568536635,0.5713968833451434
WDBC,0.2,44,1,0.9385964912280702,0.9343480049362403,0.9489027186374057,0.36112585821959287,0.47830286596413146
WDBC,0.4,44,1,0.9122807017543859,0.9082125603864735,0.9500491320013101,0.3166154481750204,0.3739614364951094
WDBC,0.6,44,1,0.9035087719298246,0.8986339018672702,0.937929905011464,0.28904138196815654,0.33324377148384865
WDBC,0.8,44,1,0.9035087719298246,0.8986339018672702,0.937929905011464,0.2958614886634726,0.3293333104379399
WDBC,1.0,44,1,0.8859649122807017,0.8791880655416973,0.9425155584670817,0.2754728477109709,0.35171493495120276
WDBC,0.0,44,2,0.956140350877193,0.9531057178116001,0.9639550264550265,0.48963441843023064,0.6838023132594118
WDBC,0.2,44,2,0.956140350877193,0.9531057178116001,0.9654431216931217,0.33104493248958516,0.6410428481040524
WDBC,0.4,44,2,0.9649122807017544,0.9623015873015872,0.9712301587301587,0.2876318870781747,0.5079266457619932
WDBC,0.6,44,2,0.956140350877193,0.9531057178116001,0.9636243386243386,0.29081189679273967,0.5065328408309651
WDBC,0.8,44,2,0.9473684210526315,0.9439895185063871,0.9642857142857143,0.28487432634553006,0.48522057609082403
WDBC,1.0,44,2,0.8947368421052632,0.8898550724637682,0.9565145502645502,0.22844699451480643,0.21849777464555029
WDBC,0.0,44,3,0.956140350877193,0.9526381387619444,0.9647817460317462,0.3743522688396112,0.6181002020251355
WDBC,0.2,44,3,0.956140350877193,0.9526381387619444,0.9647817460317462,0.2945321194122507,0.5346086570901585
WDBC,0.4,44,3,0.956140350877193,0.9526381387619444,0.9530423280423281,0.28335350841867457,0.5338209676250435
WDBC,0.6,44,3,0.956140350877193,0.9526381387619444,0.9530423280423281,0.28335350841867457,0.5338209676250435
WDBC,0.8,44,3,0.9473684210526315,0.9439895185063871,0.965112433862434,0.271483811070201,0.24959708240991493
WDBC,1.0,44,3,0.9473684210526315,0.9439895185063871,0.9657738095238096,0.27609892792959057,0.20439096870989448
WDBC,0.0,44,4,0.911504424778761,0.9052649228705567,0.9248826291079812,0.3812343908786143,0.64042368014524
WDBC,0.2,44,4,0.9292035398230089,0.9249169435215947,0.9595908786049632,0.2913389791930062,0.6058861826832721
WDBC,0.4,44,4,0.9469026548672567,0.943687707641196,0.9699865861837693,0.25937033777444507,0.5497628873941509
WDBC,0.6,44,4,0.9469026548672567,0.943687707641196,0.9579141515761235,0.2295220999836738,0.27405789543241643
WDBC,0.8,44,4,0.9469026548672567,0.943687707641196,0.9579141515761235,0.2295220999836738,0.27405789543241643
WDBC,1.0,44,4,0.9469026548672567,0.943687707641196,0.9579141515761235,0.2295220999836738,0.27405789543241643
Wine,0.0,42,0,0.7330769230769231,0.7085674452199182,0.7828583873999861,0.24478904535766594,0.15867026951797755
Wine,0.2,42,0,0.7376923076923076,0.7052994903070589,0.7903054479317118,0.24478904535766594,0.14505182381166415
Wine,0.4,42,0,0.7361538461538462,0.7021931116378444,0.7911868171617363,0.24478904535766594,0.14195464519658102
Wine,0.6,42,0,0.7315384615384616,0.6948067367191825,0.7906531557348861,0.24478904535766594,0.13193481057361173
Wine,0.8,42,0,0.7315384615384616,0.6990722777051492,0.7923700426164948,0.22702900516982558,0.12288409020178298
Wine,1.0,42,0,0.7315384615384616,0.7093751341185393,0.7892279358383578,0.20808853407600383,0.10544446070280433
Wine,0.0,42,1,0.7476923076923077,0.7254523211641234,0.7919331789663526,0.24478904535766594,0.1718210242468791
Wine,0.2,42,1,0.7446153846153846,0.7228899572649573,0.7997037478570754,0.24478904535766594,0.17372087910255282
Wine,0.4,42,1,0.7415384615384616,0.7182160910998088,0.8002030206000952,0.24478904535766594,0.17135388121535414
Wine,0.6,42,1,0.7446153846153846,0.7190718696951709,0.7985778368753677,0.24478904535766594,0.1495436360177395
Wine,0.8,42,1,0.7438461538461538,0.7208665324195243,0.7971780900779732,0.23790855503152927,0.12880681770814467
Wine,1.0,42,1,0.7384615384615385,0.7128855907541365,0.8032215828474338,0.20555957190457047,0.11285770967345177
Wine,0.0,42,2,0.7598152424942263,0.7408975834292291,0.8019403510382714,0.24478904535766594,0.17827269051936787
Wine,0.2,42,2,0.7598152424942263,0.7356159879761401,0.8031849505475728,0.24478904535766594,0.16917296773316576
Wine,0.4,42,2,0.76058506543495,0.7360558217936279,0.8066662586012538,0.24478904535766594,0.15897147933671749
Wine,0.6,42,2,0.7505773672055427,0.7262830117999626,0.796514356251307,0.24478904535766594,0.13933789004857894
Wine,0.8,42,2,0.7505773672055427,0.7279011311269376,0.7970588685366263,0.23790855503152927,0.13406484363505586
Wine,1.0,42,2,0.7513471901462664,0.7318827197375426,0.799352961279693,0.23790855503152927,0.1230468549755798
Wine,0.0,42,3,0.7467282525019245,0.7266569747175722,0.8065553158171254,0.24478904535766594,0.1646053483672142
Wine,0.2,42,3,0.745958429561201,0.7264376589031725,0.8056818007926672,0.24478904535766594,0.15286646947028307
Wine,0.4,42,3,0.7528868360277137,0.7325749709633622,0.8089373976648457,0.24478904535766594,0.14770254953789097
Wine,0.6,42,3,0.7397998460354118,0.7198058445735525,0.8006727978494953,0.20808853407600383,0.13025877485003318
Wine,0.8,42,3,0.7359507313317937,0.7195647042903315,0.8052622585400439,0.20808853407600383,0.12391736445625312
Wine,1.0,42,3,0.7390300230946882,0.722835086747587,0.8045710977469688,0.20808853407600383,0.12194625932154944
Wine,0.0,42,4,0.7344110854503464,0.7163247388779839,0.788654951652593,0.24478904535766594,0.17435524409250952
Wine,0.2,42,4,0.7428791377983064,0.7257095821405812,0.7953135689269631,0.24478904535766594,0.16134036846065897
Wine,0.4,42,4,0.7397998460354118,0.7219648420679349,0.7825655778714888,0.23790855503152927,0.14233870804553625
Wine,0.6,42,4,0.7451886066204773,0.7293758516620983,0.7931565700399235,0.23790855503152927,0.1421781770093561
Wine,0.8,42,4,0.7482678983833718,0.7313476164123647,0.7957105077754065,0.20808853407600383,0.1200629808503534
Wine,1.0,42,4,0.7421093148575828,0.725448122745664,0.7912676006003859,0.20808853407600383,0.11858884924631274
Wine,0.0,43,0,0.7346153846153847,0.7180619509358646,0.8047932730639809,0.24478904535766594,0.16913541295424964
Wine,0.2,43,0,0.7430769230769231,0.7313145414401838,0.8066464410259545,0.23790855503152927,0.14777162210672465
Wine,0.4,43,0,0.7384615384615385,0.7243639792362513,0.80551161445955,0.23790855503152927,0.12893757769512168
Wine,0.6,43,0,0.7484615384615385,0.7368569290318427,0.8068107425153667,0.23790855503152927,0.12816636416999463
Wine,0.8,43,0,0.7446153846153846,0.7321916108215438,0.8093389476043824,0.23790855503152927,0.113916649240131
Wine,1.0,43,0,0.7461538461538462,0.7326663077291218,0.8123778883310279,0.2414093143213143,0.10714046355018766
Wine,0.0,43,1,0.7384615384615385,0.7241610001098363,0.788905701134317,0.24478904535766594,0.16947669123088216
Wine,0.2,43,1,0.7453846153846154,0.7307580883636562,0.7980709222026081,0.24478904535766594,0.14877975413475283
Wine,0.4,43,1,0.7415384615384616,0.7289650037230082,0.7956751772290871,0.24478904535766594,0.14446090501975825
Wine,0.6,43,1,0.7376923076923076,0.7244487265155164,0.792868041704558,0.20808853407600383,0.1318022767301245
Wine,0.8,43,1,0.7446153846153846,0.7298420615128844,0.797336023292602,0.20808853407600383,0.13328160878207373
Wine,1.0,43,1,0.7430769230769231,0.728420636528988,0.7988682302054915,0.20808853407600383,0.12357528308946257
Wine,0.0,43,2,0.745958429561201,0.7164580908032596,0.794880819395349,0.24478904535766594,0.15406380476846457
Wine,0.2,43,2,0.7505773672055427,0.7234266818772046,0.8029171576203665,0.24478904535766594,0.14951723556628765
Wine,0.4,43,2,0.7567359507313318,0.7319508729404144,0.7987778440884075,0.24478904535766594,0.14070227452948214
Wine,0.6,43,2,0.7644341801385681,0.747435558560253,0.7984182364433019,0.20343822829930588,0.11479317073878363
Wine,0.8,43,2,0.7644341801385681,0.747435558560253,0.7984182364433019,0.20343822829930588,0.11479317073878363
Wine,1.0,43,2,0.7621247113163973,0.7418549686315241,0.7984756206419891,0.19474722280360318,0.10683438679148763
Wine,0.0,43,3,0.7405696689761355,0.7142846886595112,0.8027539314552123,0.24478904535766594,0.17920938047565127
Wine,0.2,43,3,0.7397998460354118,0.7037752194047735,0.7987880457237295,0.24478904535766594,0.17345833108582906
Wine,0.4,43,3,0.7421093148575828,0.7047641145569375,0.7964582472570354,0.24478904535766594,0.15799862768450637
Wine,0.6,43,3,0.7382602001539645,0.7223451605602635,0.8008054191086832,0.23790855503152927,0.15273332902562378
Wine,0.8,43,3,0.7397998460354118,0.723543234502977,0.8055542803511402,0.23790855503152927,0.14552119760871748
Wine,1.0,43,3,0.7244033872209392,0.7047682290740844,0.8014340948854102,0.20808853407600383,0.13049867124023692
Wine,0.0,43,4,0.7428791377983064,0.7133382490525347,0.7752011497186967,0.24478904535766594,0.16696914970449533
Wine,0.2,43,4,0.7359507313317937,0.7091977691697695,0.7804838824958903,0.24478904535766594,0.15828578539095295
Wine,0.4,43,4,0.7336412625096228,0.707990509207524,0.7815240920183383,0.24478904535766594,0.14846331195504897
Wine,0.6,43,4,0.7397998460354118,0.7150265591492764,0.7758125121251416,0.20808853407600383,0.13463665073664166
Wine,0.8,43,4,0.7421093148575828,0.717132354614032,0.784861696805089,0.20808853407600383,0.13079963110992907
Wine,1.0,43,4,0.7451886066204773,0.7190819196581699,0.7861010139171101,0.20808853407600383,0.12196331622148973
Wine,0.0,44,0,0.7546153846153846,0.7299340757812668,0.7979117153330225,0.23790855503152927,0.14231797087159848
Wine,0.2,44,0,0.7615384615384615,0.7392598343685299,0.8046671812232693,0.24478904535766594,0.13445221476195876
Wine,0.4,44,0,0.76,0.7349019607843137,0.8007939964999962,0.20808853407600383,0.12732495227694113
Wine,0.6,44,0,0.7615384615384615,0.7363248791543553,0.8019492015457077,0.20808853407600383,0.12142336585304675
Wine,0.8,44,0,0.7569230769230769,0.7317830550615175,0.7974264527945264,0.20808853407600383,0.11738023428596155
Wine,1.0,44,0,0.7630769230769231,0.7396449704142012,0.8088562323757996,0.20808853407600383,0.10748744373873625
Wine,0.0,44,1,0.7507692307692307,0.7168403361344537,0.8054784994306762,0.24478904535766594,0.15457760023590453
Wine,0.2,44,1,0.7423076923076923,0.7172502046770907,0.8024395587040308,0.24478904535766594,0.14277725786071893
Wine,0.4,44,1,0.7438461538461538,0.7224428872864224,0.7992579686222365,0.24478904535766594,0.13733445862974655
Wine,0.6,44,1,0.7484615384615385,0.7205273361870094,0.7946575269186975,0.23790855503152927,0.13722451613083161
Wine,0.8,44,1,0.7607692307692308,0.7350546371991677,0.8091287945365297,0.23790855503152927,0.13058541508677496
Wine,1.0,44,1,0.7607692307692308,0.7347723719799442,0.8099439337088068,0.23790855503152927,0.12406825567915329
Wine,0.0,44,2,0.7729022324865281,0.754235565215551,0.8242946844379153,0.24478904535766594,0.16992270071691662
Wine,0.2,44,2,0.7713625866050808,0.7532435303681426,0.8233752620545074,0.24478904535766594,0.16229139689356098
Wine,0.4,44,2,0.7675134719014627,0.7519889036121423,0.8214178232770712,0.24478904535766594,0.16232828865021223
Wine,0.6,44,2,0.7675134719014627,0.7517842771020302,0.8214305753212239,0.24478904535766594,0.15570166277817507
Wine,0.8,44,2,0.7644341801385681,0.7491138377641445,0.8226318178804062,0.20343822829930588,0.11491739606195735
Wine,1.0,44,2,0.7544264819091608,0.7374844868644366,0.8123970272434671,0.23376351541823873,0.12011092016642504
Wine,0.0,44,3,0.7536566589684373,0.7315200429898623,0.7989053645299342,0.24478904535766594,0.17188721527108797
Wine,0.2,44,3,0.7474980754426482,0.7271176193306417,0.8017681984422103,0.24478904535766594,0.1691980383712535
Wine,0.4,44,3,0.7451886066204773,0.7224246086388981,0.8023866725836151,0.24478904535766594,0.1711778530035784
Wine,0.6,44,3,0.7505773672055427,0.7248802451575116,0.8029299096645192,0.23790855503152927,0.15326878929575238
Wine,0.8,44,3,0.7528868360277137,0.727000964383289,0.8045851249955368,0.23790855503152927,0.14651026854415655
Wine,1.0,44,3,0.7505773672055427,0.7260064579969794,0.7972871301269594,0.20808853407600383,0.12281456384714914
Wine,0.0,44,4,0.75211701308699,0.7318648266100496,0.7962950672371014,0.24478904535766594,0.16456467355867838
Wine,0.2,44,4,0.7490377213240954,0.7223106744166528,0.7969345089189989,0.24478904535766594,0.15598185914844762
Wine,0.4,44,4,0.7490377213240954,0.7223106744166528,0.7965733073302224,0.24478904535766594,0.15535117868214454
Wine,0.6,44,4,0.7421093148575828,0.7179749073396582,0.797556081971063,0.24478904535766594,0.14390795111129606
Wine,0.8,44,4,0.7405696689761355,0.72290271594748,0.7936607206673679,0.23790855503152927,0.13315381885110772
Wine,1.0,44,4,0.7405696689761355,0.7210039099718621,0.7901189029682346,0.23790855503152927,0.1194521275819515
Ionosphere,0.0,42,0,0.9014084507042254,0.8961337513061651,0.9824786324786324,0.17465905955465055,0.17383841136382772
Ionosphere,0.2,42,0,0.8873239436619719,0.8786324786324786,0.9465811965811965,0.13299424003209362,0.14218119954709382
Ionosphere,0.4,42,0,0.8873239436619719,0.8786324786324786,0.9465811965811965,0.13299424003209362,0.14218119954709382
Ionosphere,0.6,42,0,0.8873239436619719,0.8786324786324786,0.9465811965811965,0.13299424003209362,0.14218119954709382
Ionosphere,0.8,42,0,0.8873239436619719,0.8786324786324786,0.941025641025641,0.13893498133004212,0.14666758845032898
Ionosphere,1.0,42,0,0.8873239436619719,0.8786324786324786,0.9320512820512821,0.15650993839461075,0.15333980707971806
Ionosphere,0.0,42,1,0.9285714285714286,0.9215070643642072,0.9079999999999998,0.15914593900827465,0.1612674781438672
Ionosphere,0.2,42,1,0.9285714285714286,0.9215070643642072,0.9079999999999998,0.15893884775119535,0.14236607216318883
Ionosphere,0.4,42,1,0.9,0.8878975062914665,0.8973333333333333,0.16032367601012473,0.12647909626069542
Ionosphere,0.6,42,1,0.9,0.8878975062914665,0.9133333333333332,0.1518621794407952,0.12527798869356463
Ionosphere,0.8,42,1,0.9,0.8878975062914665,0.9133333333333332,0.1518621794407952,0.12527798869356463
Ionosphere,1.0,42,1,0.9,0.8878975062914665,0.9133333333333332,0.1518621794407952,0.12527798869356463
Ionosphere,0.0,42,2,0.8857142857142857,0.8731884057971014,0.8755555555555555,0.21881490447256632,0.24704243710294674
Ionosphere,0.2,42,2,0.8857142857142857,0.8731884057971014,0.8937777777777777,0.2004779743877375,0.24594550791124262
Ionosphere,0.4,42,2,0.8857142857142857,0.8731884057971014,0.8937777777777777,0.2004779743877375,0.24594550791124262
Ionosphere,0.6,42,2,0.8571428571428571,0.8414855072463767,0.8524444444444443,0.18377685667579047,0.18085097858035126
Ionosphere,0.8,42,2,0.8714285714285714,0.8526315789473684,0.8888888888888888,0.1532725480622689,0.19354702555157888
Ionosphere,1.0,42,2,0.8714285714285714,0.8526315789473684,0.8537777777777777,0.20002479365726433,0.22023669169856153
Ionosphere,0.0,42,3,0.9,0.8901098901098901,0.9106666666666667,0.17053276398572556,0.15423496221191804
Ionosphere,0.2,42,3,0.9142857142857143,0.9082167832167831,0.9457777777777778,0.14292857053907887,0.14572675054866288
Ionosphere,0.4,42,3,0.9,0.8901098901098901,0.9475555555555555,0.128949421075814,0.14533423758454975
Ionosphere,0.6,42,3,0.9,0.8901098901098901,0.9475555555555555,0.128949421075814,0.14533423758454975
Ionosphere,0.8,42,3,0.9285714285714286,0.9228905045164133,0.9359999999999999,0.1279713324034053,0.13337511434569246
Ionosphere,1.0,42,3,0.9142857142857143,0.9066666666666667,0.9137777777777778,0.1279713324034053,0.13312511882672984
Ionosphere,0.0,42,4,0.8571428571428571,0.8470279720279721,0.891111111111111,0.1659994583769335,0.17880549358034437
Ionosphere,0.2,42,4,0.8571428571428571,0.8470279720279721,0.8719999999999999,0.1787201746037037,0.17285874940848664
Ionosphere,0.4,42,4,0.8571428571428571,0.8470279720279721,0.8648888888888888,0.17354778560632825,0.1595082624141579
Ionosphere,0.6,42,4,0.8571428571428571,0.8470279720279721,0.8648888888888888,0.17354778560632825,0.1595082624141579
Ionosphere,0.8,42,4,0.8571428571428571,0.8470279720279721,0.8648888888888888,0.17354778560632825,0.1595082624141579
Ionosphere,1.0,42,4,0.8571428571428571,0.8470279720279721,0.8648888888888888,0.17354778560632825,0.1595082624141579
Ionosphere,0.0,43,0,0.8732394366197183,0.8623141564318035,0.8965811965811965,0.1241421770863946,0.15543360662691919
Ionosphere,0.2,43,0,0.8732394366197183,0.8623141564318035,0.8965811965811965,0.1241421770863946,0.15543360662691919
Ionosphere,0.4,43,0,0.8732394366197183,0.8623141564318035,0.8965811965811965,0.1241421770863946,0.15543360662691919
Ionosphere,0.6,43,0,0.8591549295774648,0.8505892255892256,0.9141025641025642,0.15283901369541822,0.16782374120111979
Ionosphere,0.8,43,0,0.8591549295774648,0.8505892255892256,0.9303418803418804,0.15428718843729175,0.16974527030592015
Ionosphere,1.0,43,0,0.8591549295774648,0.8505892255892256,0.9273504273504274,0.14448829568075922,0.1527627755856782
Ionosphere,0.0,43,1,0.9,0.8853801169590643,0.9084444444444443,0.17287483662404907,0.1454765808892212
Ionosphere,0.2,43,1,0.9428571428571428,0.9352451433857539,0.9497777777777777,0.14565909290605467,0.1357375601266104
Ionosphere,0.4,43,1,0.9428571428571428,0.9352451433857539,0.9497777777777777,0.14565909290605467,0.1357375601266104
Ionosphere,0.6,43,1,0.9285714285714286,0.9181286549707601,0.971111111111111,0.16918945622758158,0.14208801268249371
Ionosphere,0.8,43,1,0.9285714285714286,0.9181286549707601,0.971111111111111,0.16918945622758158,0.14208801268249371
Ionosphere,1.0,43,1,0.9285714285714286,0.9181286549707601,0.971111111111111,0.16918945622758158,0.14208801268249371
Ionosphere,0.0,43,2,0.8714285714285714,0.858712715855573,0.9128888888888889,0.15167737088042457,0.16504568691225674
Ionosphere,0.2,43,2,0.8714285714285714,0.858712715855573,0.8826666666666666,0.16668109300249725,0.15320933720010008
Ionosphere,0.4,43,2,0.8714285714285714,0.858712715855573,0.8826666666666666,0.16668109300249725,0.15320933720010008
Ionosphere,0.6,43,2,0.8714285714285714,0.858712715855573,0.8826666666666666,0.16668109300249725,0.15320933720010008
Ionosphere,0.8,43,2,0.8571428571428571,0.8414855072463767,0.8826666666666665,0.13949101106606304,0.13506891688551878
Ionosphere,1.0,43,2,0.8571428571428571,0.8414855072463767,0.8835555555555555,0.1310382148246045,0.12171508408061718
Ionosphere,0.0,43,3,0.8857142857142857,0.8776223776223776,0.9311111111111111,0.17902294059426183,0.1607513517041195
Ionosphere,0.2,43,3,0.8857142857142857,0.8776223776223776,0.9133333333333332,0.18091150191907476,0.15923635991946367
Ionosphere,0.4,43,3,0.8714285714285714,0.863370201691607,0.9146666666666666,0.16244145375650829,0.14286607719919886
Ionosphere,0.6,43,3,0.8714285714285714,0.863370201691607,0.8924444444444444,0.13924745645158393,0.11854677094750843
Ionosphere,0.8,43,3,0.8714285714285714,0.863370201691607,0.8924444444444444,0.13924745645158393,0.11854677094750843
Ionosphere,1.0,43,3,0.8714285714285714,0.863370201691607,0.8924444444444444,0.1439226344613159,0.11315292902688853
Ionosphere,0.0,43,4,0.8857142857142857,0.8794142980189492,0.9275555555555556,0.17122760375815613,0.15228166450720743
Ionosphere,0.2,43,4,0.8857142857142857,0.8776223776223776,0.8826666666666667,0.16180003427545187,0.16707105651048254
Ionosphere,0.4,43,4,0.8857142857142857,0.8776223776223776,0.8826666666666667,0.16180003427545187,0.16707105651048254
Ionosphere,0.6,43,4,0.8857142857142857,0.8776223776223776,0.8826666666666667,0.16180003427545187,0.16707105651048254
Ionosphere,0.8,43,4,0.8714285714285714,0.8612029081295439,0.8453333333333334,0.14705204344943193,0.16960576459224427
Ionosphere,1.0,43,4,0.8714285714285714,0.8612029081295439,0.8453333333333334,0.14705204344943193,0.16960576459224427
Ionosphere,0.0,44,0,0.8732394366197183,0.8623141564318035,0.9794871794871796,0.17915275010485665,0.18137085637468006
Ionosphere,0.2,44,0,0.8873239436619719,0.8820598006644518,0.9504273504273504,0.13716348338165082,0.1488743738820556
Ionosphere,0.4,44,0,0.9154929577464789,0.908974358974359,0.9363247863247863,0.16006230630654364,0.16904296187756807
Ionosphere,0.6,44,0,0.9154929577464789,0.908974358974359,0.9363247863247863,0.16006230630654364,0.16904296187756807
Ionosphere,0.8,44,0,0.9154929577464789,0.908974358974359,0.9363247863247863,0.16006230630654364,0.16904296187756807
Ionosphere,1.0,44,0,0.9154929577464789,0.908974358974359,0.9350427350427349,0.13977968427440784,0.15387918710234463
Ionosphere,0.0,44,1,0.8714285714285714,0.8612029081295439,0.88,0.18482620665288627,0.1917778333182113
Ionosphere,0.2,44,1,0.8714285714285714,0.858712715855573,0.8635555555555555,0.1615842235707748,0.16785391252252566
Ionosphere,0.4,44,1,0.8571428571428571,0.8414855072463767,0.8644444444444443,0.174628980413429,0.16276302187205766
Ionosphere,0.6,44,1,0.8285714285714286,0.8057354301572618,0.8404444444444443,0.174628980413429,0.14437516765144603
Ionosphere,0.8,44,1,0.8142857142857143,0.7871345029239767,0.8191111111111111,0.13383250243383188,0.12852696064886807
Ionosphere,1.0,44,1,0.8142857142857143,0.7871345029239767,0.82,0.14831768629169959,0.16398213561543745
Ionosphere,0.0,44,2,0.8714285714285714,0.8526315789473684,0.8604444444444446,0.1662344489636363,0.1606044123976368
Ionosphere,0.2,44,2,0.8714285714285714,0.8526315789473684,0.8564444444444445,0.17098540444180965,0.1603110799079603
Ionosphere,0.4,44,2,0.8285714285714286,0.8133333333333334,0.8333333333333334,0.15764681424809468,0.14505917729694257
Ionosphere,0.6,44,2,0.8285714285714286,0.8133333333333334,0.8328888888888889,0.15764681424809468,0.1471620530937444
Ionosphere,0.8,44,2,0.8571428571428571,0.8444444444444444,0.8582222222222222,0.13679232852372833,0.11646900810899577
Ionosphere,1.0,44,2,0.8571428571428571,0.8444444444444444,0.8582222222222222,0.13679232852372833,0.11646900810899577
Ionosphere,0.0,44,3,0.9,0.8878975062914665,0.8902222222222221,0.1605378895103491,0.14424461146414053
Ionosphere,0.2,44,3,0.8714285714285714,0.8612029081295439,0.8822222222222222,0.1612580141394895,0.13018681123817827
Ionosphere,0.4,44,3,0.9142857142857143,0.9082167832167831,0.9466666666666668,0.12961828991673408,0.13773011438168
Ionosphere,0.6,44,3,0.9,0.8937323790934721,0.9546666666666668,0.12235318824304524,0.12722194311062926
Ionosphere,0.8,44,3,0.8714285714285714,0.8612029081295439,0.9266666666666666,0.11512816930960908,0.10609478593506931
Ionosphere,1.0,44,3,0.8714285714285714,0.8612029081295439,0.9266666666666666,0.11512816930960908,0.10609478593506931
Ionosphere,0.0,44,4,0.8714285714285714,0.858712715855573,0.8888888888888888,0.16215497116928498,0.1593343325835564
Ionosphere,0.2,44,4,0.8857142857142857,0.8755555555555555,0.9097777777777778,0.14154583061593154,0.1608385466097648
Ionosphere,0.4,44,4,0.9,0.8901098901098901,0.9097777777777778,0.14154583061593154,0.15956481494554609
Ionosphere,0.6,44,4,0.9,0.8901098901098901,0.9097777777777778,0.14154583061593154,0.15956481494554609
Ionosphere,0.8,44,4,0.9142857142857143,0.9048913043478262,0.9195555555555555,0.1825362841180687,0.16197916582713542
Ionosphere,1.0,44,4,0.9285714285714286,0.9215070643642072,0.9257777777777777,0.14791650033065354,0.1615957823041948
Sonar,0.0,42,0,0.7619047619047619,0.7619047619047619,0.7306818181818183,0.2454301999133616,0.20714876579526642
Sonar,0.2,42,0,0.7142857142857143,0.7136363636363636,0.6920454545454545,0.20659925828304643,0.17055710367415808
Sonar,0.4,42,0,0.7142857142857143,0.7136363636363636,0.6920454545454545,0.20659925828304643,0.17055710367415808
Sonar,0.6,42,0,0.7380952380952381,0.7379466817923993,0.7306818181818182,0.22810476552315004,0.18029835152362841
Sonar,0.8,42,0,0.6904761904761905,0.690300623936472,0.7795454545454545,0.19873937160656024,0.17715958566780765
Sonar,1.0,42,0,0.6904761904761905,0.690300623936472,0.7795454545454545,0.19873937160656024,0.17715958566780765
Sonar,0.0,42,1,0.8095238095238095,0.8090909090909091,0.8181818181818182,0.21075693357046787,0.1826271597589587
Sonar,0.2,42,1,0.8095238095238095,0.8090909090909091,0.8295454545454546,0.21054050606924374,0.17200428527127093
Sonar,0.4,42,1,0.6904761904761905,0.6888888888888889,0.7681818181818183,0.1855645793127361,0.13581564392407727
Sonar,0.6,42,1,0.6904761904761905,0.6888888888888889,0.7681818181818183,0.1855645793127361,0.13581564392407727
Sonar,0.8,42,1,0.6904761904761905,0.6888888888888889,0.7681818181818183,0.1855645793127361,0.13581564392407727
Sonar,1.0,42,1,0.6904761904761905,0.6888888888888889,0.7681818181818183,0.1855645793127361,0.13581564392407727
Sonar,0.0,42,2,0.7142857142857143,0.7136363636363636,0.788329519450801,0.25298824407591636,0.2602673514483867
Sonar,0.2,42,2,0.7142857142857143,0.7136363636363636,0.7425629290617849,0.21321491450923782,0.19854975625862892
Sonar,0.4,42,2,0.7142857142857143,0.7136363636363636,0.7425629290617849,0.21321491450923782,0.19854975625862892
Sonar,0.6,42,2,0.7142857142857143,0.7136363636363636,0.7425629290617849,0.21321491450923782,0.19854975625862892
Sonar,0.8,42,2,0.7142857142857143,0.7136363636363636,0.7425629290617849,0.21321491450923782,0.19854975625862892
Sonar,1.0,42,2,0.7142857142857143,0.7136363636363636,0.7551487414187643,0.19321368127893335,0.18468579111565514
Sonar,0.0,42,3,0.7317073170731707,0.731067382230173,0.667464114832536,0.23525327480993155,0.2308479614065562
Sonar,0.2,42,3,0.6341463414634146,0.6341463414634146,0.7069377990430622,0.1953645507188214,0.17641246694592538
Sonar,0.4,42,3,0.6341463414634146,0.6341463414634146,0.7069377990430622,0.1953645507188214,0.17641246694592538
Sonar,0.6,42,3,0.6341463414634146,0.6341463414634146,0.7069377990430622,0.1953645507188214,0.17641246694592538
Sonar,0.8,42,3,0.6341463414634146,0.6341463414634146,0.7069377990430622,0.1953645507188214,0.17641246694592538
Sonar,1.0,42,3,0.6341463414634146,0.6341463414634146,0.7069377990430622,0.1953645507188214,0.17641246694592538
Sonar,0.0,42,4,0.7560975609756098,0.7547846889952152,0.7966507177033493,0.2311882922566558,0.20874379844333876
Sonar,0.2,42,4,0.7560975609756098,0.7547846889952152,0.819377990430622,0.2147141202914935,0.20401228213808947
Sonar,0.4,42,4,0.6829268292682927,0.67987987987988,0.7739234449760766,0.20850761122430925,0.19742516257886714
Sonar,0.6,42,4,0.7804878048780488,0.7804878048780488,0.7954545454545454,0.1989177289100688,0.18188537477336406
Sonar,0.8,42,4,0.7804878048780488,0.7799642218246869,0.8325358851674642,0.22636949848289642,0.18922336314474547
Sonar,1.0,42,4,0.7804878048780488,0.7799642218246869,0.8325358851674642,0.22636949848289642,0.18922336314474547
Sonar,0.0,43,0,0.5952380952380952,0.5894192064404831,0.5920454545454545,0.23415977886966252,0.1794322319198214
Sonar,0.2,43,0,0.5952380952380952,0.5931623931623932,0.6431818181818182,0.2075551526136729,0.1550843024357651
Sonar,0.4,43,0,0.5952380952380952,0.5931623931623932,0.6431818181818182,0.2075551526136729,0.1550843024357651
Sonar,0.6,43,0,0.5952380952380952,0.5931623931623932,0.6431818181818182,0.2075551526136729,0.1550843024357651
Sonar,0.8,43,0,0.5952380952380952,0.5894192064404831,0.6147727272727272,0.21552659319886902,0.18505693295366082
Sonar,1.0,43,0,0.5952380952380952,0.5894192064404831,0.6147727272727272,0.21552659319886902,0.18505693295366082
Sonar,0.0,43,1,0.8333333333333334,0.8332387975042541,0.8738636363636365,0.24026132088844873,0.22458832122731953
Sonar,0.2,43,1,0.8571428571428571,0.8571428571428571,0.8795454545454546,0.18820254878245318,0.1824047807022024
Sonar,0.4,43,1,0.8571428571428571,0.8571428571428571,0.8795454545454546,0.18820254878245318,0.1824047807022024
Sonar,0.6,43,1,0.8571428571428571,0.8568181818181818,0.8965909090909091,0.23888227526869615,0.23041176376970882
Sonar,0.8,43,1,0.8571428571428571,0.8568181818181818,0.8965909090909091,0.23403110939376096,0.22849884319105226
Sonar,1.0,43,1,0.8095238095238095,0.8090909090909091,0.9125,0.19464485013476196,0.2016370923831013
Sonar,0.0,43,2,0.7619047619047619,0.7597254004576659,0.8215102974828374,0.21802641768439687,0.2592606408814016
Sonar,0.2,43,2,0.7380952380952381,0.7343300747556067,0.8226544622425629,0.21097439541561966,0.23591424186913496
Sonar,0.4,43,2,0.7380952380952381,0.7367521367521368,0.7997711670480548,0.21013190289920258,0.18692124409995975
Sonar,0.6,43,2,0.7380952380952381,0.7367521367521368,0.7860411899313501,0.20775709919770294,0.19200250018078363
Sonar,0.8,43,2,0.7380952380952381,0.7367521367521368,0.7860411899313501,0.20775709919770294,0.19200250018078363
Sonar,1.0,43,2,0.7857142857142857,0.7855927396483267,0.8123569794050344,0.200257694478769,0.17670161378312427
Sonar,0.0,43,3,0.7804878048780488,0.7756838905775076,0.8301435406698565,0.21427583274624062,0.2388012392947312
Sonar,0.2,43,3,0.7804878048780488,0.7756838905775076,0.8133971291866029,0.20854971124074997,0.23551913325274118
Sonar,0.4,43,3,0.7804878048780488,0.7756838905775076,0.8133971291866029,0.20854971124074997,0.23551913325274118
Sonar,0.6,43,3,0.8048780487804879,0.7990196078431373,0.8385167464114833,0.20029257866905925,0.21509253601229675
Sonar,0.8,43,3,0.8048780487804879,0.7990196078431373,0.8385167464114833,0.1905625673952291,0.20925894927257596
Sonar,1.0,43,3,0.7560975609756098,0.7524154589371981,0.8050239234449761,0.19047287275171884,0.1907650680887234
Sonar,0.0,43,4,0.7317073170731707,0.731067382230173,0.7691387559808613,0.22429747270590836,0.22508281227294086
Sonar,0.2,43,4,0.7560975609756098,0.7547846889952152,0.8169856459330143,0.2013729296400195,0.16441198878961183
Sonar,0.4,43,4,0.7560975609756098,0.7547846889952152,0.8169856459330143,0.2013729296400195,0.16441198878961183
Sonar,0.6,43,4,0.7560975609756098,0.7547846889952152,0.8169856459330143,0.2013729296400195,0.16441198878961183
Sonar,0.8,43,4,0.7317073170731707,0.7291291291291291,0.8038277511961722,0.19996258449076265,0.17413058932216904
Sonar,1.0,43,4,0.7317073170731707,0.7291291291291291,0.8110047846889952,0.20802287214977447,0.16619861235713337
Sonar,0.0,44,0,0.8095238095238095,0.8090909090909091,0.8295454545454546,0.26388480358286104,0.24827897498366291
Sonar,0.2,44,0,0.8333333333333334,0.8324786324786324,0.8681818181818182,0.2034264458907247,0.20414702439088966
Sonar,0.4,44,0,0.8333333333333334,0.8324786324786324,0.8681818181818182,0.2034264458907247,0.20414702439088966
Sonar,0.6,44,0,0.8333333333333334,0.8324786324786324,0.8681818181818182,0.2034264458907247,0.20414702439088966
Sonar,0.8,44,0,0.8333333333333334,0.8324786324786324,0.8625,0.21340486860258362,0.1719919112174361
Sonar,1.0,44,0,0.6666666666666666,0.6659090909090909,0.7125,0.18809542969541904,0.15507567641863132
Sonar,0.0,44,1,0.6428571428571429,0.6426545660805445,0.6681818181818182,0.22683925814034098,0.21394902233491367
Sonar,0.2,44,1,0.6428571428571429,0.6426545660805445,0.6636363636363636,0.2022395764441964,0.2049477275655442
Sonar,0.4,44,1,0.6428571428571429,0.6377228292121909,0.7170454545454545,0.20019490199775034,0.20111582614112206
Sonar,0.6,44,1,0.5238095238095238,0.5194508009153318,0.5829545454545454,0.19664198183950798,0.192238571174306
Sonar,0.8,44,1,0.5238095238095238,0.5194508009153318,0.5829545454545454,0.19664198183950798,0.192238571174306
Sonar,1.0,44,1,0.5238095238095238,0.5194508009153318,0.5829545454545454,0.19664198183950798,0.192238571174306
Sonar,0.0,44,2,0.7380952380952381,0.7379466817923993,0.7276887871853548,0.23404100670599218,0.2451431901306459
Sonar,0.2,44,2,0.7619047619047619,0.7613636363636364,0.7814645308924486,0.21142952807176654,0.1821081666290263
Sonar,0.4,44,2,0.7619047619047619,0.7613636363636364,0.7814645308924486,0.21142952807176654,0.1821081666290263
Sonar,0.6,44,2,0.6904761904761905,0.690300623936472,0.7425629290617849,0.20986274223442758,0.18216250277140858
Sonar,0.8,44,2,0.6904761904761905,0.690300623936472,0.7425629290617849,0.20986274223442758,0.18216250277140858
Sonar,1.0,44,2,0.6904761904761905,0.690300623936472,0.7482837528604118,0.20737245309244734,0.16437004350266607
Sonar,0.0,44,3,0.7317073170731707,0.731067382230173,0.6758373205741628,0.26020277376940676,0.21853259777605025
Sonar,0.2,44,3,0.6829268292682927,0.6821705426356589,0.6973684210526316,0.22448412712737997,0.1978628146442565
Sonar,0.4,44,3,0.7560975609756098,0.7547846889952152,0.819377990430622,0.2307317191250322,0.20795289924485766
Sonar,0.6,44,3,0.6341463414634146,0.6332737030411449,0.6901913875598087,0.2268045295240755,0.1985213969192103
Sonar,0.8,44,3,0.6341463414634146,0.6341463414634146,0.6818181818181819,0.2110863490198502,0.1633456582984392
Sonar,1.0,44,3,0.6829268292682927,0.6759878419452887,0.7069377990430622,0.21732651918568371,0.17424201604298914
Sonar,0.0,44,4,0.6585365853658537,0.6533816425120773,0.69377990430622,0.2717107753012573,0.2712151092523321
Sonar,0.2,44,4,0.6829268292682927,0.6703772418058133,0.6854066985645934,0.2146144322694812,0.21614680203920683
Sonar,0.4,44,4,0.6829268292682927,0.6703772418058133,0.7332535885167464,0.19940098190630307,0.2171896347959513
Sonar,0.6,44,4,0.7073170731707317,0.7028985507246377,0.7667464114832536,0.20175830955168653,0.18004918795480632
Sonar,0.8,44,4,0.7073170731707317,0.7028985507246377,0.7667464114832536,0.20175830955168653,0.18004918795480632
Sonar,1.0,44,4,0.7073170731707317,0.7028985507246377,0.7667464114832536,0.20175830955168653,0.18004918795480632
Pima,0.0,42,0,0.7662337662337663,0.7210144927536233,0.7722222222222221,0.15870315609498722,0.1831177846283969
Pima,0.2,42,0,0.7597402597402597,0.7114498404820986,0.7669444444444444,0.15870315609498722,0.1845955856252718
Pima,0.4,42,0,0.7532467532467533,0.7055152979066023,0.774537037037037,0.15870315609498722,0.17869137030543483
Pima,0.6,42,0,0.7467532467532467,0.6996249062265567,0.7686111111111111,0.17165678897092665,0.17985143350223778
Pima,0.8,42,0,0.7467532467532467,0.6996249062265567,0.7681481481481481,0.17165678897092665,0.17710466010391815
Pima,1.0,42,0,0.7467532467532467,0.6996249062265567,0.7681481481481481,0.17165678897092665,0.17710466010391815
Pima,0.0,42,1,0.7532467532467533,0.7186538461538461,0.7899074074074075,0.15870315609498722,0.18614254162931693
Pima,0.2,42,1,0.7532467532467533,0.7156462585034014,0.7858333333333334,0.15870315609498722,0.18900330207862778
Pima,0.4,42,1,0.7142857142857143,0.6806184012066365,0.7962037037037037,0.15870315609498722,0.19761623524529226
Pima,0.6,42,1,0.7142857142857143,0.6806184012066365,0.7962037037037037,0.15870315609498722,0.19761623524529226
Pima,0.8,42,1,0.7142857142857143,0.6806184012066365,0.8008333333333334,0.15870315609498722,0.19451996187781376
Pima,1.0,42,1,0.7142857142857143,0.6806184012066365,0.8016666666666667,0.15870315609498722,0.19099223680489225
Pima,0.0,42,2,0.7532467532467533,0.7156462585034014,0.7656481481481483,0.17165678897092665,0.1736252473388351
Pima,0.2,42,2,0.7532467532467533,0.7156462585034014,0.7780555555555555,0.17165678897092665,0.17308673556280263
Pima,0.4,42,2,0.7532467532467533,0.7156462585034014,0.7712037037037037,0.17165678897092665,0.16949204658467093
Pima,0.6,42,2,0.7467532467532467,0.7065520105535741,0.7584259259259261,0.17165678897092665,0.16583883110900305
Pima,0.8,42,2,0.7402597402597403,0.6973270440251573,0.754537037037037,0.15870315609498722,0.16780960255363836
Pima,1.0,42,2,0.7402597402597403,0.6973270440251573,0.754537037037037,0.15870315609498722,0.16780960255363836
Pima,0.0,42,3,0.7124183006535948,0.6621838619028503,0.7520754716981132,0.17165678897092665,0.19022367285185668
Pima,0.2,42,3,0.7189542483660131,0.6717884759291595,0.7631132075471698,0.17165678897092665,0.1867846064725957
Pima,0.4,42,3,0.7189542483660131,0.6717884759291595,0.7631132075471698,0.17165678897092665,0.1867846064725957
Pima,0.6,42,3,0.7058823529411765,0.6603857347210575,0.7435849056603774,0.17165678897092665,0.18887762006114212
Pima,0.8,42,3,0.7058823529411765,0.6603857347210575,0.7435849056603774,0.17165678897092665,0.18887762006114212
Pima,1.0,42,3,0.6862745098039216,0.6397174254317112,0.7466037735849056,0.15870315609498722,0.18983668297498274
Pima,0.0,42,4,0.7124183006535948,0.6732038834951457,0.6789622641509434,0.1739817346301192,0.18467978983908417
Pima,0.2,42,4,0.6928104575163399,0.6276601253041992,0.6861320754716982,0.17165678897092665,0.18439553593896296
Pima,0.4,42,4,0.7124183006535948,0.6490825688073394,0.699433962264151,0.16092321566354162,0.1806639763526019
Pima,0.6,42,4,0.7189542483660131,0.6547000472366556,0.7207547169811321,0.16092321566354162,0.18314279884003856
Pima,0.8,42,4,0.7450980392156863,0.7088274044795784,0.7875471698113208,0.15912327949627167,0.1711353259660555
Pima,1.0,42,4,0.738562091503268,0.7029126213592233,0.780188679245283,0.15912327949627167,0.1731700944512071
Pima,0.0,43,0,0.7337662337662337,0.66190093708166,0.7828703703703703,0.17165678897092665,0.18538471465471137
Pima,0.2,43,0,0.7337662337662337,0.66190093708166,0.7811111111111111,0.16431854657258682,0.18497234784614627
Pima,0.4,43,0,0.7532467532467533,0.6977272727272728,0.784537037037037,0.16431854657258682,0.17966572021100802
Pima,0.6,43,0,0.7792207792207793,0.7331294597349644,0.7761111111111111,0.15912327949627167,0.17729659861654934
Pima,0.8,43,0,0.7792207792207793,0.7331294597349644,0.7761111111111111,0.15912327949627167,0.17729659861654934
Pima,1.0,43,0,0.7727272727272727,0.7156423107359535,0.7675000000000001,0.15912327949627167,0.17745553502950845
Pima,0.0,43,1,0.7012987012987013,0.6594230769230769,0.7814814814814814,0.17165678897092665,0.1791310262094014
Pima,0.2,43,1,0.7012987012987013,0.6594230769230769,0.7888888888888889,0.17165678897092665,0.17900227650311892
Pima,0.4,43,1,0.6948051948051948,0.6380095023755938,0.7891666666666666,0.17165678897092665,0.1791158961526335
Pima,0.6,43,1,0.6883116883116883,0.6280193236714976,0.7549074074074074,0.16092321566354162,0.17760215699274975
Pima,0.8,43,1,0.6818181818181818,0.6226056514128533,0.7516666666666667,0.15573784877759472,0.17648985086597993
Pima,1.0,43,1,0.6818181818181818,0.6226056514128533,0.7520370370370371,0.15573784877759472,0.17654051237603494
Pima,0.0,43,2,0.7272727272727273,0.6979263964132263,0.7511111111111112,0.17165678897092665,0.17799203747380643
Pima,0.2,43,2,0.7142857142857143,0.6957614942528736,0.7379629629629629,0.17165678897092665,0.17642965429022142
Pima,0.4,43,2,0.7207792207792207,0.7016445145302996,0.7359259259259259,0.17165678897092665,0.17712619065278817
Pima,0.6,43,2,0.7207792207792207,0.7016445145302996,0.7396296296296296,0.17165678897092665,0.17653942597192462
Pima,0.8,43,2,0.7207792207792207,0.7016445145302996,0.7396296296296296,0.17165678897092665,0.17653942597192462
Pima,1.0,43,2,0.7207792207792207,0.6799574694311536,0.7193518518518519,0.17165678897092665,0.1686837139452121
Pima,0.0,43,3,0.7843137254901961,0.7536231884057971,0.830754716981132,0.17165678897092665,0.19278330299977994
Pima,0.2,43,3,0.7777777777777778,0.7474757281553398,0.8102830188679246,0.17165678897092665,0.19511633398019815
Pima,0.4,43,3,0.7450980392156863,0.7023197804938888,0.7902830188679245,0.17165678897092665,0.19656637155896295
Pima,0.6,43,3,0.7450980392156863,0.7023197804938888,0.7902830188679246,0.15870315609498722,0.19749583710297033
Pima,0.8,43,3,0.7450980392156863,0.7023197804938888,0.7902830188679246,0.15870315609498722,0.19749583710297033
Pima,1.0,43,3,0.7581699346405228,0.7237593324549847,0.7916981132075471,0.15870315609498722,0.18566608911431962
Pima,0.0,43,4,0.7450980392156863,0.7118087418497947,0.7764150943396226,0.17165678897092665,0.18701946457119026
Pima,0.2,43,4,0.7450980392156863,0.70566763675825,0.7747169811320755,0.17165678897092665,0.18565257590562742
Pima,0.4,43,4,0.7450980392156863,0.70566763675825,0.7741509433962264,0.17165678897092665,0.18553683477280897
Pima,0.6,43,4,0.7450980392156863,0.70566763675825,0.7724528301886793,0.17165678897092665,0.18249942313022743
Pima,0.8,43,4,0.7516339869281046,0.7116071428571429,0.7722641509433963,0.16431854657258682,0.17892267199781833
Pima,1.0,43,4,0.7450980392156863,0.7118087418497947,0.7165094339622642,0.15573784877759472,0.17605484837409724
Pima,0.0,44,0,0.7142857142857143,0.6806184012066365,0.7264814814814815,0.17165678897092665,0.18250837878399478
Pima,0.2,44,0,0.7142857142857143,0.6806184012066365,0.7491666666666666,0.17165678897092665,0.18082611498741277
Pima,0.4,44,0,0.7142857142857143,0.6806184012066365,0.7491666666666666,0.17165678897092665,0.18082611498741277
Pima,0.6,44,0,0.7012987012987013,0.672037037037037,0.7382407407407408,0.17165678897092665,0.18338337744804864
Pima,0.8,44,0,0.6818181818181818,0.6665046183762762,0.7320370370370369,0.17165678897092665,0.1741022957426949
Pima,1.0,44,0,0.6818181818181818,0.6665046183762762,0.7011111111111111,0.17165678897092665,0.17049796844415607
Pima,0.0,44,1,0.7272727272727273,0.6890384615384615,0.7948148148148148,0.15870315609498722,0.1727667270307922
Pima,0.2,44,1,0.7272727272727273,0.6890384615384615,0.7948148148148148,0.15870315609498722,0.1727667270307922
Pima,0.4,44,1,0.7272727272727273,0.6890384615384615,0.8141666666666667,0.15870315609498722,0.17315214490666234
Pima,0.6,44,1,0.7272727272727273,0.6890384615384615,0.8015740740740741,0.15870315609498722,0.17247822116713102
Pima,0.8,44,1,0.7142857142857143,0.6775176089853416,0.7965740740740741,0.15870315609498722,0.1726953165196981
Pima,1.0,44,1,0.7402597402597403,0.7171717171717171,0.7921296296296296,0.15870315609498722,0.17609844192344323
Pima,0.0,44,2,0.7857142857142857,0.7569235184388003,0.8314814814814815,0.17165678897092665,0.18311912330490182
Pima,0.2,44,2,0.7597402597402597,0.7326765188834155,0.8072222222222223,0.17165678897092665,0.17961038085683148
Pima,0.4,44,2,0.7662337662337663,0.7410797683541939,0.8109259259259259,0.17165678897092665,0.1809908963259492
Pima,0.6,44,2,0.7727272727272727,0.7493839215139257,0.8308333333333333,0.15870315609498722,0.17845441594932568
Pima,0.8,44,2,0.7727272727272727,0.7493839215139257,0.8308333333333333,0.15870315609498722,0.17845441594932568
Pima,1.0,44,2,0.7727272727272727,0.7493839215139257,0.8282407407407406,0.15870315609498722,0.17893671516625723
Pima,0.0,44,3,0.6862745098039216,0.6357142857142857,0.7583018867924529,0.17165678897092665,0.18632475953003474
Pima,0.2,44,3,0.6862745098039216,0.6357142857142857,0.7523584905660378,0.17165678897092665,0.18426359831167238
Pima,0.4,44,3,0.6862745098039216,0.6357142857142857,0.7513207547169811,0.17165678897092665,0.1843980779422528
Pima,0.6,44,3,0.7320261437908496,0.6751928752653653,0.7810377358490566,0.17165678897092665,0.19005074920182538
Pima,0.8,44,3,0.7320261437908496,0.6751928752653653,0.7810377358490566,0.17165678897092665,0.19005074920182538
Pima,1.0,44,3,0.7647058823529411,0.7352941176470589,0.8004716981132076,0.18023314578029118,0.19647053194801273
Pima,0.0,44,4,0.7581699346405228,0.7341379796177148,0.8183962264150944,0.16431854657258682,0.17669118108893142
Pima,0.2,44,4,0.7581699346405228,0.7341379796177148,0.8270754716981132,0.16431854657258682,0.17671136163345813
Pima,0.4,44,4,0.7581699346405228,0.7317697228144989,0.8239622641509434,0.16431854657258682,0.17735016174986076
Pima,0.6,44,4,0.7647058823529411,0.740188679245283,0.8268867924528303,0.16431854657258682,0.17830230609466072
Pima,0.8,44,4,0.7777777777777778,0.7389602569249298,0.8238679245283019,0.17165678897092665,0.18101171603949415
Pima,1.0,44,4,0.7516339869281046,0.7046932141405933,0.820377358490566,0.1739817346301192,0.17907491720288382
Diabetes,0.0,42,0,0.6966292134831461,0.6927502876869965,0.7813131313131313,0.28599755772912794,0.3247893301511559
Diabetes,0.2,42,0,0.6629213483146067,0.659438775510204,0.7679292929292929,0.28599755772912794,0.3270613137378559
Diabetes,0.4,42,0,0.7078651685393258,0.7075328614762386,0.7873737373737374,0.2756761069613713,0.3303326264472549
Diabetes,0.6,42,0,0.7078651685393258,0.7075328614762386,0.7924242424242424,0.2756761069613713,0.3283010424209298
Diabetes,0.8,42,0,0.6966292134831461,0.6964759378552483,0.7755050505050505,0.2732948057383693,0.3294322168544978
Diabetes,1.0,42,0,0.6966292134831461,0.6966292134831461,0.7664141414141414,0.2732948057383693,0.32387848393759516
Diabetes,0.0,42,1,0.7191011235955056,0.7189592017178223,0.7608585858585859,0.28599755772912794,0.3221436036861644
Diabetes,0.2,42,1,0.7078651685393258,0.7075328614762386,0.776010101010101,0.2756761069613713,0.3187406571463056
Diabetes,0.4,42,1,0.7191011235955056,0.7178186429930247,0.7909090909090909,0.2756761069613713,0.32747799497131425
Diabetes,0.6,42,1,0.7191011235955056,0.7178186429930247,0.7969696969696969,0.2756761069613713,0.32456639697539924
Diabetes,0.8,42,1,0.6067415730337079,0.6065428824049515,0.6744949494949495,0.2756761069613713,0.331337390130174
Diabetes,1.0,42,1,0.6404494382022472,0.6400404448938322,0.7113636363636363,0.2756761069613713,0.3306457005434454
Diabetes,0.0,42,2,0.6363636363636364,0.6356107660455487,0.7200413223140496,0.28599755772912794,0.3482243803997849
Diabetes,0.2,42,2,0.625,0.6237854644383988,0.7474173553719008,0.2732948057383693,0.34747303056114204
Diabetes,0.4,42,2,0.6477272727272727,0.6465863453815262,0.7156508264462811,0.257190010971659,0.34709251000335495
Diabetes,0.6,42,2,0.6590909090909091,0.6574987026466009,0.7169421487603306,0.257190010971659,0.34274766590120875
Diabetes,0.8,42,2,0.6704545454545454,0.6700711053652231,0.7133264462809917,0.2756761069613713,0.3469812512777249
Diabetes,1.0,42,2,0.6477272727272727,0.6476817770889836,0.6712293388429752,0.28599755772912794,0.33832966969167144
Diabetes,0.0,42,3,0.6931818181818182,0.6928248222365869,0.7120351239669422,0.28599755772912794,0.358509171875924
Diabetes,0.2,42,3,0.7045454545454546,0.7043927648578812,0.7143595041322315,0.28599755772912794,0.34960787297487106
Diabetes,0.4,42,3,0.7045454545454546,0.7043927648578812,0.7143595041322315,0.28599755772912794,0.34960787297487106
Diabetes,0.6,42,3,0.7045454545454546,0.7043927648578812,0.7073863636363636,0.28599755772912794,0.3497499829978624
Diabetes,0.8,42,3,0.6704545454545454,0.6652236652236652,0.7153925619834711,0.28599755772912794,0.33022186031776174
Diabetes,1.0,42,3,0.6590909090909091,0.6502384737678856,0.7355371900826446,0.28599755772912794,0.32301644019366627
Diabetes,0.0,42,4,0.6931818181818182,0.6928248222365869,0.7590392561983471,0.3217536158295439,0.35712211818274037
Diabetes,0.2,42,4,0.7272727272727273,0.7271317829457364,0.7716942148760331,0.3155478985687785,0.34022990715737356
Diabetes,0.4,42,4,0.7272727272727273,0.7271317829457364,0.7716942148760331,0.3155478985687785,0.34022990715737356
Diabetes,0.6,42,4,0.6818181818181818,0.681159420289855,0.7510330578512396,0.28599755772912794,0.3388102775476077
Diabetes,0.8,42,4,0.6818181818181818,0.681159420289855,0.7412190082644629,0.2756761069613713,0.3364397726508184
Diabetes,1.0,42,4,0.6363636363636364,0.634665282823041,0.7228822314049587,0.3080204096517953,0.35281912314202596
Diabetes,0.0,43,0,0.6292134831460674,0.6292134831460674,0.6719696969696969,0.3217536158295439,0.35191316868305855
Diabetes,0.2,43,0,0.6292134831460674,0.6244725738396624,0.6704545454545454,0.3217536158295439,0.3354608192086435
Diabetes,0.4,43,0,0.6067415730337079,0.6017133358905511,0.6497474747474747,0.28599755772912794,0.330206798868037
Diabetes,0.6,43,0,0.651685393258427,0.6500951173113507,0.6893939393939393,0.2732948057383693,0.32968058085467816
Diabetes,0.8,43,0,0.6629213483146067,0.6618541033434651,0.6936868686868687,0.31716786336230585,0.343906043134955
Diabetes,1.0,43,0,0.6179775280898876,0.612051282051282,0.653030303030303,0.28599755772912794,0.3362605264836036
Diabetes,0.0,43,1,0.6179775280898876,0.612051282051282,0.7373737373737373,0.3459397854138753,0.3987988738562938
Diabetes,0.2,43,1,0.651685393258427,0.6452359521666452,0.7093434343434343,0.28599755772912794,0.3667312311621465
Diabetes,0.4,43,1,0.651685393258427,0.6452359521666452,0.7093434343434343,0.28599755772912794,0.3667312311621465
Diabetes,0.6,43,1,0.6292134831460674,0.6261932035127911,0.6957070707070706,0.28599755772912794,0.36356941048934643
Diabetes,0.8,43,1,0.651685393258427,0.6500951173113507,0.6992424242424242,0.29913642076971086,0.3630964965983989
Diabetes,1.0,43,1,0.6629213483146067,0.6618541033434651,0.6982323232323233,0.2732948057383693,0.3363244186907194
Diabetes,0.0,43,2,0.7386363636363636,0.7383322559793148,0.8029442148760328,0.2732948057383693,0.3268101216960931
Diabetes,0.2,43,2,0.75,0.7494824016563147,0.8016528925619835,0.2732948057383693,0.3253702636205642
Diabetes,0.4,43,2,0.7045454545454546,0.7039337474120082,0.7840909090909092,0.2732948057383693,0.3429097280411834
Diabetes,0.6,43,2,0.7045454545454546,0.7039337474120082,0.7895144628099173,0.2732948057383693,0.3341913210105134
Diabetes,0.8,43,2,0.7045454545454546,0.7039337474120082,0.7895144628099173,0.2732948057383693,0.3341913210105134
Diabetes,1.0,43,2,0.6590909090909091,0.6589147286821706,0.7585227272727272,0.2732948057383693,0.33869547531415073
Diabetes,0.0,43,3,0.7045454545454546,0.7031655422937209,0.7910640495867768,0.3217536158295439,0.3358232698903225
Diabetes,0.2,43,3,0.6590909090909091,0.6574987026466009,0.7990702479338843,0.28599755772912794,0.32894936353090354
Diabetes,0.4,43,3,0.7045454545454546,0.7039337474120082,0.828254132231405,0.2756761069613713,0.3304596210159117
Diabetes,0.6,43,3,0.7613636363636364,0.7613328167376985,0.8261880165289256,0.257190010971659,0.2983671014809591
Diabetes,0.8,43,3,0.7386363636363636,0.7386026088079556,0.796745867768595,0.2732948057383693,0.3023138213946461
Diabetes,1.0,43,3,0.7045454545454546,0.7043927648578812,0.7892561983471074,0.257190010971659,0.2959917731468027
Diabetes,0.0,43,4,0.6590909090909091,0.6574987026466009,0.7554235537190083,0.28599755772912794,0.34096364622919784
Diabetes,0.2,43,4,0.6590909090909091,0.6574987026466009,0.7505165289256198,0.2756761069613713,0.33746977946135176
Diabetes,0.4,43,4,0.6022727272727273,0.6018099547511313,0.7081611570247934,0.2756761069613713,0.3436322408168946
Diabetes,0.6,43,4,0.5909090909090909,0.5906976744186047,0.6820764462809917,0.2756761069613713,0.34029067500294713
Diabetes,0.8,43,4,0.6363636363636364,0.6363636363636364,0.702995867768595,0.30172598903456505,0.32380517874163994
Diabetes,1.0,43,4,0.6477272727272727,0.6476817770889836,0.6443698347107438,0.3067821777384128,0.3302985103093595
Diabetes,0.0,44,0,0.6853932584269663,0.6834349593495935,0.797979797979798,0.257190010971659,0.33797083665587974
Diabetes,0.2,44,0,0.6966292134831461,0.691011958338691,0.7883838383838383,0.257190010971659,0.34396617515795047
Diabetes,0.4,44,0,0.6741573033707865,0.673992673992674,0.7373737373737373,0.28599755772912794,0.3475674089683349
Diabetes,0.6,44,0,0.6741573033707865,0.6734977862112588,0.753030303030303,0.28599755772912794,0.3386232983854503
Diabetes,0.8,44,0,0.651685393258427,0.6509803921568627,0.7247474747474747,0.28599755772912794,0.34481531880520333
Diabetes,1.0,44,0,0.6853932584269663,0.6843971631205674,0.7257575757575758,0.257190010971659,0.3329025031997695
Diabetes,0.0,44,1,0.7078651685393258,0.7060467479674797,0.7679292929292929,0.3170696440671623,0.37868821077674353
Diabetes,0.2,44,1,0.6966292134831461,0.6960151802656547,0.748989898989899,0.3170696440671623,0.374729929272731
Diabetes,0.4,44,1,0.6966292134831461,0.6966292134831461,0.7287878787878788,0.3067821777384128,0.3624443413534771
Diabetes,0.6,44,1,0.6966292134831461,0.6941580756013745,0.7608585858585859,0.2732948057383693,0.3582092250431529
Diabetes,0.8,44,1,0.6966292134831461,0.6964759378552483,0.7262626262626263,0.2732948057383693,0.357975195723074
Diabetes,1.0,44,1,0.6966292134831461,0.6964759378552483,0.7262626262626263,0.2732948057383693,0.357975195723074
Diabetes,0.0,44,2,0.6477272727272727,0.647317388493859,0.7704028925619835,0.28599755772912794,0.35931632332217045
Diabetes,0.2,44,2,0.6363636363636364,0.6363636363636364,0.753357438016529,0.28599755772912794,0.3662809952106151
Diabetes,0.4,44,2,0.6477272727272727,0.6465863453815262,0.7652376033057852,0.3217536158295439,0.3464536417208086
Diabetes,0.6,44,2,0.6818181818181818,0.6791666666666667,0.784349173553719,0.3217536158295439,0.3428088206752582
Diabetes,0.8,44,2,0.7045454545454546,0.7039337474120082,0.7975206611570248,0.2732948057383693,0.33120860209706166
Diabetes,1.0,44,2,0.7045454545454546,0.7039337474120082,0.7476756198347108,0.2732948057383693,0.32631267356338123
Diabetes,0.0,44,3,0.625,0.6249515691592407,0.672004132231405,0.3099958760982113,0.37327413135304155
Diabetes,0.2,44,3,0.6136363636363636,0.6134366925064599,0.6668388429752066,0.30172598903456505,0.36845867780132024
Diabetes,0.4,44,3,0.6363636363636364,0.6363636363636364,0.6738119834710743,0.2756761069613713,0.343463667002171
Diabetes,0.6,44,3,0.6363636363636364,0.6363636363636364,0.7079028925619835,0.257190010971659,0.3378287591522041
Diabetes,0.8,44,3,0.625,0.6249515691592407,0.6701962809917356,0.2756761069613713,0.33957111955020974
Diabetes,1.0,44,3,0.6136363636363636,0.6136363636363636,0.6673553719008265,0.2756761069613713,0.3312837156304564
Diabetes,0.0,44,4,0.6590909090909091,0.65625,0.7884814049586777,0.28599755772912794,0.33156019206643267
Diabetes,0.2,44,4,0.7159090909090909,0.7113997113997115,0.8060433884297521,0.28599755772912794,0.332449470767526
Diabetes,0.4,44,4,0.7159090909090909,0.7129061725172909,0.8068181818181817,0.28599755772912794,0.33321991760904224
Diabetes,0.6,44,4,0.7159090909090909,0.7129061725172909,0.7745351239669421,0.28599755772912794,0.3340999434490963
Diabetes,0.8,44,4,0.7045454545454546,0.7006802721088435,0.7704028925619835,0.28599755772912794,0.33300605478306516
Diabetes,1.0,44,4,0.6704545454545454,0.6683560753736193,0.7456095041322313,0.2732948057383693,0.3353395428517753
Cultivar,0.0,42,0,1.0,1.0,1.0,0.4128216700990958,0.4989213818673722
Cultivar,0.2,42,0,1.0,1.0,1.0,0.327557546049881,0.48641636937395544
Cultivar,0.4,42,0,1.0,1.0,1.0,0.327557546049881,0.48641636937395544
Cultivar,0.6,42,0,1.0,1.0,1.0,0.41857375954949155,0.47543961450577654
Cultivar,0.8,42,0,1.0,1.0,1.0,0.41857375954949155,0.47543961450577654
Cultivar,1.0,42,0,0.9444444444444444,0.9345454545454546,0.9861111111111112,0.34337551854210696,0.32861108254652127
Cultivar,0.0,42,1,0.9722222222222222,0.9693617021276595,0.9791666666666666,0.45824269742764434,0.5010939126293232
Cultivar,0.2,42,1,0.9444444444444444,0.939799331103679,0.9583333333333333,0.531382701508016,0.3479424462703114
Cultivar,0.4,42,1,0.9444444444444444,0.939799331103679,0.9583333333333334,0.41857375954949155,0.3282853199269265
Cultivar,0.6,42,1,0.9444444444444444,0.939799331103679,0.9583333333333334,0.38741495717926117,0.318493231852857
Cultivar,0.8,42,1,0.9444444444444444,0.939799331103679,0.9583333333333334,0.38741495717926117,0.318493231852857
Cultivar,1.0,42,1,0.9444444444444444,0.939799331103679,0.9583333333333334,0.38741495717926117,0.318493231852857
Cultivar,0.0,42,2,0.9722222222222222,0.9680567879325643,0.9565972222222222,0.3724434895724889,0.493839078983725
Cultivar,0.2,42,2,0.9722222222222222,0.9680567879325643,0.953125,0.327557546049881,0.48744132155703385
Cultivar,0.4,42,2,0.9722222222222222,0.9680567879325643,0.953125,0.327557546049881,0.48744132155703385
Cultivar,0.6,42,2,0.9722222222222222,0.9680567879325643,0.953125,0.327557546049881,0.48744132155703385
Cultivar,0.8,42,2,0.9722222222222222,0.9680567879325643,0.9583333333333333,0.327557546049881,0.48735987438182643
Cultivar,1.0,42,2,1.0,1.0,1.0,0.3968568438330498,0.27743233010781193
Cultivar,0.0,42,3,0.8857142857142857,0.8674242424242424,0.8659420289855073,0.45824269742764434,0.4974826845772781
Cultivar,0.2,42,3,0.8857142857142857,0.8674242424242424,0.8659420289855073,0.327557546049881,0.4860317401053351
Cultivar,0.4,42,3,0.8857142857142857,0.8674242424242424,0.8659420289855073,0.327557546049881,0.4860317401053351
Cultivar,0.6,42,3,0.8857142857142857,0.8674242424242424,0.8659420289855073,0.327557546049881,0.4860317401053351
Cultivar,0.8,42,3,0.8571428571428571,0.8299319727891157,0.8242753623188406,0.35255870997881494,0.31596788812261656
Cultivar,1.0,42,3,0.8571428571428571,0.8299319727891157,0.8242753623188406,0.35255870997881494,0.31596788812261656
Cultivar,0.0,42,4,1.0,1.0,1.0,0.5044179324346004,0.5060211298856859
Cultivar,0.2,42,4,1.0,1.0,1.0,0.327557546049881,0.48694286444557044
Cultivar,0.4,42,4,1.0,1.0,1.0,0.327557546049881,0.48694286444557044
Cultivar,0.6,42,4,1.0,1.0,1.0,0.327557546049881,0.4868028901053238
Cultivar,0.8,42,4,1.0,1.0,1.0,0.41857375954949155,0.33842668119927555
Cultivar,1.0,42,4,1.0,1.0,1.0,0.41857375954949155,0.33842668119927555
Cultivar,0.0,43,0,1.0,1.0,1.0,0.4059088684928355,0.4779658742813804
Cultivar,0.2,43,0,1.0,1.0,1.0,0.327557546049881,0.486896953981294
Cultivar,0.4,43,0,1.0,1.0,1.0,0.327557546049881,0.486896953981294
Cultivar,0.6,43,0,1.0,1.0,1.0,0.327557546049881,0.486896953981294
Cultivar,0.8,43,0,0.9722222222222222,0.9680567879325643,0.9913194444444444,0.35255870997881494,0.31634400758514525
Cultivar,1.0,43,0,0.9722222222222222,0.9680567879325643,0.9913194444444444,0.35255870997881494,0.31634400758514525
Cultivar,0.0,43,1,1.0,1.0,1.0,0.3724434895724889,0.4984967447261249
Cultivar,0.2,43,1,1.0,1.0,1.0,0.327557546049881,0.4857568805608216
Cultivar,0.4,43,1,1.0,1.0,1.0,0.41857375954949155,0.47194024744781604
Cultivar,0.6,43,1,1.0,1.0,1.0,0.41857375954949155,0.47194024744781604
Cultivar,0.8,43,1,1.0,1.0,1.0,0.41857375954949155,0.47194024744781604
Cultivar,1.0,43,1,1.0,1.0,1.0,0.41857375954949155,0.47194024744781604
Cultivar,0.0,43,2,0.9166666666666666,0.9080851063829787,0.9427083333333333,0.3325144061968592,0.4861464809836551
Cultivar,0.2,43,2,0.8611111111111112,0.8468085106382979,0.8888888888888888,0.22831083054551046,0.2446003623961226
Cultivar,0.4,43,2,0.8611111111111112,0.8468085106382979,0.8888888888888888,0.22831083054551046,0.2446003623961226
Cultivar,0.6,43,2,0.8611111111111112,0.8468085106382979,0.8888888888888888,0.22831083054551046,0.2446003623961226
Cultivar,0.8,43,2,0.8611111111111112,0.8468085106382979,0.8888888888888888,0.22831083054551046,0.2446003623961226
Cultivar,1.0,43,2,0.8611111111111112,0.8468085106382979,0.8611111111111109,0.23618344665043703,0.23618344665043703
Cultivar,0.0,43,3,0.8285714285714286,0.8164335664335665,0.9311594202898551,0.42450437616718834,0.3617503618325615
Cultivar,0.2,43,3,0.8285714285714286,0.8164335664335665,0.9311594202898551,0.531382701508016,0.33193319854077574
Cultivar,0.4,43,3,0.8285714285714286,0.8164335664335665,0.9311594202898551,0.531382701508016,0.33193319854077574
Cultivar,0.6,43,3,0.8285714285714286,0.8164335664335665,0.9239130434782609,0.2835052060827465,0.306317675919691
Cultivar,0.8,43,3,0.8285714285714286,0.8164335664335665,0.9311594202898551,0.21084417207576478,0.30064692784082564
Cultivar,1.0,43,3,0.8285714285714286,0.8164335664335665,0.9311594202898551,0.21084417207576478,0.30064692784082564
Cultivar,0.0,43,4,0.9142857142857143,0.891640866873065,0.8693181818181819,0.2901533324628613,0.48525050817158927
Cultivar,0.2,43,4,0.9142857142857143,0.891640866873065,0.8693181818181819,0.3057791890821926,0.4832816410598753
Cultivar,0.4,43,4,0.9142857142857143,0.891640866873065,0.8693181818181819,0.3057791890821926,0.4832816410598753
Cultivar,0.6,43,4,0.9142857142857143,0.891640866873065,0.8693181818181819,0.3057791890821926,0.4832816410598753
Cultivar,0.8,43,4,0.9142857142857143,0.891640866873065,0.8693181818181819,0.3057791890821926,0.4832816410598753
Cultivar,1.0,43,4,0.9428571428571428,0.9299999999999999,0.928030303030303,0.3460647249882465,0.28507093139964834
Cultivar,0.0,44,0,0.9444444444444444,0.9345454545454546,0.9565972222222222,0.34201959543145277,0.4896241519380292
Cultivar,0.2,44,0,0.9444444444444444,0.9345454545454546,0.9565972222222222,0.2988952350835717,0.4806637353895618
Cultivar,0.4,44,0,0.9444444444444444,0.9345454545454546,0.9097222222222222,0.327557546049881,0.48640781340602585
Cultivar,0.6,44,0,0.9444444444444444,0.9345454545454546,0.9097222222222222,0.327557546049881,0.48640781340602585
Cultivar,0.8,44,0,0.9444444444444444,0.9345454545454546,0.9131944444444445,0.35255870997881494,0.3193145883853644
Cultivar,1.0,44,0,0.9444444444444444,0.9345454545454546,0.9131944444444445,0.35255870997881494,0.3193145883853644
Cultivar,0.0,44,1,0.9444444444444444,0.939799331103679,0.9583333333333333,0.45824269742764434,0.4995601319003173
Cultivar,0.2,44,1,0.9444444444444444,0.939799331103679,0.9583333333333333,0.49419312720437375,0.49419312720437375
Cultivar,0.4,44,1,0.9444444444444444,0.939799331103679,0.9583333333333333,0.49419312720437375,0.49419312720437375
Cultivar,0.6,44,1,0.9444444444444444,0.939799331103679,0.9583333333333333,0.49419312720437375,0.49419312720437375
Cultivar,0.8,44,1,0.9444444444444444,0.939799331103679,0.96875,0.4011188849958911,0.3348782219584191
Cultivar,1.0,44,1,0.9444444444444444,0.939799331103679,0.96875,0.29116068945999896,0.30941097366225645
Cultivar,0.0,44,2,0.9722222222222222,0.9680567879325643,0.9565972222222222,0.4128216700990958,0.49677164575661775
Cultivar,0.2,44,2,0.9722222222222222,0.9680567879325643,0.9513888888888888,0.327557546049881,0.4870816847454407
Cultivar,0.4,44,2,0.9722222222222222,0.9680567879325643,0.9513888888888888,0.327557546049881,0.4870816847454407
Cultivar,0.6,44,2,0.9722222222222222,0.9680567879325643,0.9548611111111109,0.41857375954949155,0.4789887102471204
Cultivar,0.8,44,2,0.9722222222222222,0.9680567879325643,0.9548611111111109,0.41857375954949155,0.4789887102471204
Cultivar,1.0,44,2,1.0,1.0,1.0,0.3968568438330498,0.2798749318662864
Cultivar,0.0,44,3,0.9428571428571428,0.9388111888111889,0.9710144927536232,0.41714690415084776,0.5165285191886158
Cultivar,0.2,44,3,0.9714285714285714,0.9688888888888889,1.0,0.29896226517354546,0.31840736257769314
Cultivar,0.4,44,3,0.9714285714285714,0.9688888888888889,1.0,0.29896226517354546,0.31840736257769314
Cultivar,0.6,44,3,0.9714285714285714,0.9688888888888889,1.0,0.35255870997881494,0.3159426170846962
Cultivar,0.8,44,3,0.9714285714285714,0.9688888888888889,1.0,0.35255870997881494,0.3159426170846962
Cultivar,1.0,44,3,0.9714285714285714,0.9688888888888889,1.0,0.3127610754527235,0.3127610754527236
Cultivar,0.0,44,4,0.9714285714285714,0.9659863945578231,0.9507575757575757,0.3208293719027037,0.4851568696209493
Cultivar,0.2,44,4,0.9714285714285714,0.9659863945578231,0.9488636363636364,0.327557546049881,0.4857965205444128
Cultivar,0.4,44,4,0.9714285714285714,0.9659863945578231,0.9488636363636364,0.327557546049881,0.4857965205444128
Cultivar,0.6,44,4,0.9714285714285714,0.9659863945578231,0.9488636363636364,0.327557546049881,0.4857965205444128
Cultivar,0.8,44,4,0.9714285714285714,0.9659863945578231,0.9488636363636364,0.327557546049881,0.4857965205444128
Cultivar,1.0,44,4,0.9428571428571428,0.9299999999999999,0.9526515151515151,0.35255870997881494,0.31895032355154657
Digits38,0.0,42,0,0.9722222222222222,0.9722007722007722,0.9702702702702702,0.2279704166456142,0.3546570149386389
Digits38,0.2,42,0,0.9583333333333334,0.9583252942311402,0.9694980694980695,0.19108898633617127,0.33233729492058456
Digits38,0.4,42,0,0.9583333333333334,0.9583252942311402,0.9814671814671815,0.15667940347066073,0.32734362672980993
Digits38,0.6,42,0,0.9583333333333334,0.9583252942311402,0.9814671814671815,0.15667940347066073,0.32734362672980993
Digits38,0.8,42,0,0.9583333333333334,0.9583252942311402,0.9552123552123553,0.16877794911855745,0.2571701425005825
Digits38,1.0,42,0,0.9583333333333334,0.9583252942311402,0.9552123552123553,0.16877794911855745,0.2571701425005825
Digits38,0.0,42,1,0.9027777777777778,0.9023066485753053,0.9528957528957528,0.32058750833819033,0.38477360570919034
Digits38,0.2,42,1,0.9027777777777778,0.9023066485753053,0.9393822393822393,0.28471228726308034,0.37765922093491194
Digits38,0.4,42,1,0.9305555555555556,0.9304347826086956,0.9359073359073359,0.2556716085749294,0.3750859670998443
Digits38,0.6,42,1,0.9305555555555556,0.9304347826086956,0.9347490347490347,0.18576337456470385,0.3633179472729001
Digits38,0.8,42,1,0.9166666666666666,0.9164086687306501,0.9235521235521235,0.14719292009550788,0.2148316293892874
Digits38,1.0,42,1,0.9166666666666666,0.9164086687306501,0.937065637065637,0.17152371632909005,0.22910543405290118
Digits38,0.0,42,2,0.9295774647887324,0.9295215405995632,0.940779014308426,0.2710517045401783,0.35024408837432414
Digits38,0.2,42,2,0.9154929577464789,0.915341812400636,0.9395866454689984,0.1816117055893156,0.3138718041338177
Digits38,0.4,42,2,0.9154929577464789,0.915341812400636,0.9395866454689984,0.1816117055893156,0.3138718041338177
Digits38,0.6,42,2,0.9154929577464789,0.915341812400636,0.9395866454689984,0.1816117055893156,0.3138718041338177
Digits38,0.8,42,2,0.9154929577464789,0.915341812400636,0.9395866454689984,0.1816117055893156,0.3138718041338177
Digits38,1.0,42,2,0.9295774647887324,0.9293532338308458,0.9554848966613673,0.23932925423054166,0.27903114989178723
Digits38,0.0,42,3,0.9436619718309859,0.9436507936507936,0.9674603174603175,0.2574154884346875,0.37576598926232485
Digits38,0.2,42,3,0.9154929577464789,0.9154761904761904,0.9642857142857143,0.2377300186098464,0.3695925286462495
Digits38,0.4,42,3,0.9154929577464789,0.9154761904761904,0.9642857142857143,0.2377300186098464,0.3695925286462495
Digits38,0.6,42,3,0.8873239436619719,0.8873015873015873,0.9587301587301588,0.15777320864987274,0.33793276474073486
Digits38,0.8,42,3,0.9436619718309859,0.9436507936507936,0.9706349206349206,0.15482709204040257,0.25997451326493615
Digits38,1.0,42,3,0.9859154929577465,0.9859154929577465,0.986111111111111,0.15482709204040257,0.2695161155600795
Digits38,0.0,42,4,0.9436619718309859,0.9436507936507936,0.9932539682539683,0.2652780463830247,0.3525533803891086
Digits38,0.2,42,4,0.9436619718309859,0.9436507936507936,0.953968253968254,0.1768469888539502,0.33472432542138975
Digits38,0.4,42,4,0.9436619718309859,0.9436507936507936,0.953968253968254,0.1768469888539502,0.33472432542138975
Digits38,0.6,42,4,0.9436619718309859,0.9436507936507936,0.953968253968254,0.1768469888539502,0.33472432542138975
Digits38,0.8,42,4,0.9154929577464789,0.9154761904761904,0.9111111111111111,0.19645117298650389,0.31209423225304306
Digits38,1.0,42,4,0.9577464788732394,0.9577464788732394,0.9563492063492063,0.16789117408742626,0.26385181087499093
Digits38,0.0,43,0,0.9027777777777778,0.9012345679012346,0.9521235521235522,0.31843640254814815,0.33367360451425154
Digits38,0.2,43,0,0.9305555555555556,0.9298928919182083,0.962934362934363,0.21013450253399127,0.309010905726989
Digits38,0.4,43,0,0.9305555555555556,0.9298928919182083,0.962934362934363,0.21013450253399127,0.309010905726989
Digits38,0.6,43,0,0.9305555555555556,0.9298928919182083,0.962934362934363,0.21013450253399127,0.309010905726989
Digits38,0.8,43,0,0.9305555555555556,0.9298928919182083,0.962934362934363,0.21013450253399127,0.309010905726989
Digits38,1.0,43,0,0.875,0.873807205452775,0.9212355212355212,0.2046049836329579,0.21342503465537002
Digits38,0.0,43,1,0.9305555555555556,0.9305421570519004,0.981081081081081,0.22105046256181657,0.34216120792332066
Digits38,0.2,43,1,0.9583333333333334,0.9583252942311402,0.9837837837837837,0.18260402640872878,0.33555936790018076
Digits38,0.4,43,1,0.9583333333333334,0.9583252942311402,0.9837837837837837,0.18260402640872878,0.33555936790018076
Digits38,0.6,43,1,0.9583333333333334,0.9583252942311402,0.9722007722007722,0.20609030102066092,0.2795626801876976
Digits38,0.8,43,1,0.9583333333333334,0.9583252942311402,0.9722007722007722,0.20609030102066092,0.2795626801876976
Digits38,1.0,43,1,0.9583333333333334,0.9583252942311402,0.9722007722007722,0.20609030102066092,0.2795626801876976
Digits38,0.0,43,2,0.8591549295774648,0.8584529505582137,0.9463434022257552,0.2889649374217768,0.3907899801590177
Digits38,0.2,43,2,0.9154929577464789,0.9150717703349283,0.9483306836248012,0.24558974980377088,0.37164285014625303
Digits38,0.4,43,2,0.9154929577464789,0.9150717703349283,0.9483306836248012,0.24558974980377088,0.37164285014625303
Digits38,0.6,43,2,0.9154929577464789,0.9150717703349283,0.9483306836248012,0.24558974980377088,0.37164285014625303
Digits38,0.8,43,2,0.9154929577464789,0.9150717703349283,0.9483306836248012,0.24558974980377088,0.37164285014625303
Digits38,1.0,43,2,0.9154929577464789,0.9150717703349283,0.9483306836248012,0.24558974980377088,0.37164285014625303
Digits38,0.0,43,3,0.9436619718309859,0.9436507936507936,0.9511904761904763,0.28076778087368215,0.36581187373318164
Digits38,0.2,43,3,0.9577464788732394,0.9577464788732394,0.9670634920634922,0.2298910247823115,0.3495978646141323
Digits38,0.4,43,3,0.9577464788732394,0.9577464788732394,0.9670634920634922,0.2298910247823115,0.3495978646141323
Digits38,0.6,43,3,0.9577464788732394,0.9577464788732394,0.96984126984127,0.2229352255651608,0.2891660305384973
Digits38,0.8,43,3,0.9295774647887324,0.9295774647887324,0.9265873015873016,0.1928580350773727,0.26039963561261015
Digits38,1.0,43,3,0.9295774647887324,0.9295215405995632,0.9357142857142857,0.18491358079681713,0.2330930304362838
Digits38,0.0,43,4,0.9436619718309859,0.9435612082670906,0.9654761904761904,0.3028103917785707,0.38669745051658405
Digits38,0.2,43,4,0.9436619718309859,0.9435612082670906,0.9547619047619047,0.23723536601478634,0.3661830153019152
Digits38,0.4,43,4,0.9154929577464789,0.9150717703349283,0.9543650793650793,0.2529238921520099,0.37217446863580794
Digits38,0.6,43,4,0.9436619718309859,0.9435612082670906,0.9543650793650793,0.18623955189384414,0.35927806284913427
Digits38,0.8,43,4,0.9436619718309859,0.9435612082670906,0.9543650793650793,0.18623955189384414,0.35927806284913427
Digits38,1.0,43,4,0.9436619718309859,0.9435612082670906,0.9531746031746031,0.1765338571302465,0.3596669095454363
Digits38,0.0,44,0,0.9583333333333334,0.9583252942311402,0.9980694980694982,0.3238650849396585,0.3581289594012175
Digits38,0.2,44,0,0.9583333333333334,0.9583252942311402,0.9841698841698843,0.26892247057050483,0.3405663216509742
Digits38,0.4,44,0,0.9444444444444444,0.9444015444015443,0.971042471042471,0.20934742873486936,0.253743164446435
Digits38,0.6,44,0,0.9583333333333334,0.9583252942311402,0.9702702702702702,0.2599971027748588,0.2963337989536126
Digits38,0.8,44,0,0.9583333333333334,0.9583252942311402,0.9818532818532819,0.18136689541463574,0.2514308015995243
Digits38,1.0,44,0,0.9583333333333334,0.9583252942311402,0.9818532818532819,0.18136689541463574,0.2514308015995243
Digits38,0.0,44,1,0.9444444444444444,0.9442724458204335,0.9555984555984556,0.3113743508803865,0.3787389212585662
Digits38,0.2,44,1,0.9166666666666666,0.916083916083916,0.9548262548262547,0.2529238921520099,0.36353930611384844
Digits38,0.4,44,1,0.9166666666666666,0.916083916083916,0.9548262548262547,0.2529238921520099,0.36353930611384844
Digits38,0.6,44,1,0.9444444444444444,0.9442724458204335,0.9548262548262547,0.21201435850837833,0.35192918149154845
Digits38,0.8,44,1,0.9444444444444444,0.9442724458204335,0.9548262548262547,0.18623955189384414,0.3512823619162234
Digits38,1.0,44,1,0.9305555555555556,0.9298928919182083,0.9285714285714286,0.1588329241428736,0.23123458507714187
Digits38,0.0,44,2,0.9295774647887324,0.9290709290709291,0.9578696343402225,0.2832306024614414,0.3762424314310263
Digits38,0.2,44,2,0.9295774647887324,0.9290709290709291,0.9852941176470588,0.1868725102883871,0.35653648989494735
Digits38,0.4,44,2,0.9295774647887324,0.9290709290709291,0.9852941176470588,0.1868725102883871,0.35653648989494735
Digits38,0.6,44,2,0.9295774647887324,0.9290709290709291,0.9856915739268679,0.1749819481888582,0.3545752606683888
Digits38,0.8,44,2,0.9295774647887324,0.9290709290709291,0.9856915739268679,0.1749819481888582,0.3545752606683888
Digits38,1.0,44,2,0.9436619718309859,0.9433811802232854,0.9678060413354531,0.17120474007178807,0.2614888862576078
Digits38,0.0,44,3,0.9577464788732394,0.957712924359738,0.9674603174603174,0.21826542044393216,0.37943020445407954
Digits38,0.2,44,3,0.971830985915493,0.9718253968253968,0.965079365079365,0.183556461367077,0.3639477178953955
Digits38,0.4,44,3,0.971830985915493,0.9718253968253968,0.965079365079365,0.183556461367077,0.3639477178953955
Digits38,0.6,44,3,0.971830985915493,0.9718253968253968,0.9666666666666667,0.16711589113798883,0.36296967298420685
Digits38,0.8,44,3,0.971830985915493,0.9718253968253968,0.9666666666666667,0.16711589113798883,0.36296967298420685
Digits38,1.0,44,3,0.971830985915493,0.9718253968253968,0.9805555555555556,0.19776085913176994,0.2488218806129108
Digits38,0.0,44,4,0.9295774647887324,0.9293532338308458,0.9686507936507937,0.24774818317919767,0.3456657358924755
Digits38,0.2,44,4,0.9295774647887324,0.9293532338308458,0.9698412698412698,0.19267461639877517,0.34559362769711266
Digits38,0.4,44,4,0.9295774647887324,0.9293532338308458,0.9698412698412698,0.19267461639877517,0.34559362769711266
Digits38,0.6,44,4,0.9295774647887324,0.9293532338308458,0.9813492063492063,0.1737519261074211,0.34487306263910694
Digits38,0.8,44,4,0.9295774647887324,0.9293532338308458,0.9813492063492063,0.1737519261074211,0.34487306263910694
Digits38,1.0,44,4,0.9577464788732394,0.957712924359738,0.9555555555555555,0.13225946561770227,0.21478285951029646
Parkinsons,0.0,42,0,0.8974358974358975,0.8555555555555556,0.9074074074074073,0.316965158145199,0.32830996370567417
Parkinsons,0.2,42,0,0.8974358974358975,0.8555555555555556,0.9111111111111111,0.2899446144965848,0.32659581818052513
Parkinsons,0.4,42,0,0.8974358974358975,0.8555555555555556,0.9111111111111111,0.2899446144965848,0.32659581818052513
Parkinsons,0.6,42,0,0.9230769230769231,0.8956289027653881,0.9166666666666666,0.27974002807486065,0.31694342077153875
Parkinsons,0.8,42,0,0.9230769230769231,0.8956289027653881,0.9166666666666666,0.27974002807486065,0.2938294966816092
Parkinsons,1.0,42,0,0.8974358974358975,0.8655172413793104,0.9148148148148149,0.29744132357548236,0.27593643171549315
Parkinsons,0.0,42,1,0.8461538461538461,0.7833333333333333,0.7944444444444445,0.29487457853063465,0.3462281844958317
Parkinsons,0.2,42,1,0.8461538461538461,0.7833333333333333,0.7944444444444445,0.29487457853063465,0.34484850528976546
Parkinsons,0.4,42,1,0.8461538461538461,0.7833333333333333,0.7944444444444445,0.29487457853063465,0.34484850528976546
Parkinsons,0.6,42,1,0.7948717948717948,0.7310344827586206,0.7777777777777779,0.2887058135161334,0.3390032169470739
Parkinsons,0.8,42,1,0.7948717948717948,0.7310344827586206,0.7777777777777779,0.2887058135161334,0.3390032169470739
Parkinsons,1.0,42,1,0.7948717948717948,0.7310344827586206,0.7666666666666667,0.2887058135161334,0.33541290268466584
Parkinsons,0.0,42,2,0.8461538461538461,0.7982758620689655,0.9293103448275861,0.35172812219561583,0.47536031091977515
Parkinsons,0.2,42,2,0.8461538461538461,0.7982758620689655,0.9293103448275861,0.35172812219561583,0.4697937940692135
Parkinsons,0.4,42,2,0.7948717948717948,0.7467532467532467,0.8137931034482758,0.32979916971401446,0.37174126210021335
Parkinsons,0.6,42,2,0.8461538461538461,0.8100649350649352,0.8517241379310343,0.3537714740943816,0.40176332238894225
Parkinsons,0.8,42,2,0.8461538461538461,0.8100649350649352,0.8517241379310343,0.3537714740943816,0.40176332238894225
Parkinsons,1.0,42,2,0.8461538461538461,0.8100649350649352,0.8448275862068965,0.3123465118279347,0.3440921215037405
Parkinsons,0.0,42,3,0.7948717948717948,0.7310344827586206,0.7534482758620689,0.2981380311303886,0.37515652258044113
Parkinsons,0.2,42,3,0.8205128205128205,0.7719298245614035,0.8103448275862069,0.2908775329782284,0.3627794061762372
Parkinsons,0.4,42,3,0.8461538461538461,0.7641129032258065,0.7706896551724138,0.29942961513572,0.3404922157936742
Parkinsons,0.6,42,3,0.8461538461538461,0.7388392857142857,0.7586206896551724,0.3016451849520047,0.27074667469851843
Parkinsons,0.8,42,3,0.8461538461538461,0.7388392857142857,0.7586206896551724,0.3016451849520047,0.27074667469851843
Parkinsons,1.0,42,3,0.8461538461538461,0.7388392857142857,0.7586206896551724,0.3016451849520047,0.27074667469851843
Parkinsons,0.0,42,4,0.8717948717948718,0.8260481712756467,0.8275862068965517,0.5126883150329558,0.4514143302512306
Parkinsons,0.2,42,4,0.8717948717948718,0.8260481712756467,0.8275862068965517,0.5126883150329558,0.4514143302512306
Parkinsons,0.4,42,4,0.8717948717948718,0.8260481712756467,0.7896551724137931,0.46878897300250805,0.4503818875333181
Parkinsons,0.6,42,4,0.8717948717948718,0.8260481712756467,0.7896551724137931,0.46878897300250805,0.4503818875333181
Parkinsons,0.8,42,4,0.7435897435897436,0.6637931034482758,0.7034482758620689,0.35689678054621615,0.43143520437962135
Parkinsons,1.0,42,4,0.7435897435897436,0.6637931034482758,0.7120689655172414,0.30745233976921776,0.2927211284023741
Parkinsons,0.0,43,0,0.8717948717948718,0.7936507936507936,0.9018518518518519,0.30688895145727796,0.3436867778251766
Parkinsons,0.2,43,0,0.8461538461538461,0.7641129032258065,0.8888888888888888,0.27486810065335343,0.3396549858164565
Parkinsons,0.4,43,0,0.8205128205128205,0.676923076923077,0.7555555555555555,0.26246388512652785,0.3177120345323036
Parkinsons,0.6,43,0,0.8205128205128205,0.676923076923077,0.7611111111111111,0.2958942663417464,0.35415690370054215
Parkinsons,0.8,43,0,0.7435897435897436,0.6388888888888888,0.7703703703703704,0.2796436086017441,0.2577111684822133
Parkinsons,1.0,43,0,0.7435897435897436,0.6388888888888888,0.7703703703703704,0.2796436086017441,0.2577111684822133
Parkinsons,0.0,43,1,0.9230769230769231,0.8871745419479267,0.8592592592592593,0.4274671627378488,0.4226656676388217
Parkinsons,0.2,43,1,0.9230769230769231,0.8871745419479267,0.8555555555555556,0.3231418571275007,0.40095348774066547
Parkinsons,0.4,43,1,0.9487179487179487,0.9277777777777778,0.9185185185185186,0.27296553222478587,0.2896064204828788
Parkinsons,0.6,43,1,0.9487179487179487,0.9277777777777778,0.914814814814815,0.28815008656003394,0.2585077515423777
Parkinsons,0.8,43,1,0.9487179487179487,0.9277777777777778,0.914814814814815,0.26310236319988095,0.2519257590221531
Parkinsons,1.0,43,1,0.9487179487179487,0.9277777777777778,0.914814814814815,0.263553591638357,0.24168995447200792
Parkinsons,0.0,43,2,0.9230769230769231,0.9022556390977443,0.9310344827586208,0.4126425457196536,0.4504503466986788
Parkinsons,0.2,43,2,0.9230769230769231,0.9022556390977443,0.9189655172413793,0.3062475573286519,0.36286166170410683
Parkinsons,0.4,43,2,0.8461538461538461,0.7833333333333333,0.906896551724138,0.29744132357548236,0.2528561568206585
Parkinsons,0.6,43,2,0.8461538461538461,0.7833333333333333,0.906896551724138,0.29744132357548236,0.2528561568206585
Parkinsons,0.8,43,2,0.8461538461538461,0.7833333333333333,0.8982758620689655,0.3107420275564576,0.24994330736762094
Parkinsons,1.0,43,2,0.8461538461538461,0.7833333333333333,0.8982758620689655,0.3107420275564576,0.24994330736762094
Parkinsons,0.0,43,3,0.9230769230769231,0.8956289027653881,0.9172413793103449,0.37081670813852424,0.3988696559463983
Parkinsons,0.2,43,3,0.9230769230769231,0.8956289027653881,0.9172413793103449,0.37081670813852424,0.3988696559463983
Parkinsons,0.4,43,3,0.9230769230769231,0.8956289027653881,0.9310344827586207,0.306414663463241,0.363152001647463
Parkinsons,0.6,43,3,0.9230769230769231,0.8956289027653881,0.9310344827586207,0.2644535088421654,0.27496514648627884
Parkinsons,0.8,43,3,0.9230769230769231,0.8956289027653881,0.9310344827586207,0.2644535088421654,0.27496514648627884
Parkinsons,1.0,43,3,0.9230769230769231,0.8956289027653881,0.9258620689655173,0.29942961513572,0.24923191011074133
Parkinsons,0.0,43,4,0.8974358974358975,0.8733766233766234,0.9275862068965518,0.5223765981996452,0.5261650320145784
Parkinsons,0.2,43,4,0.8974358974358975,0.8655172413793104,0.9000000000000001,0.30467617660742297,0.4036665237604433
Parkinsons,0.4,43,4,0.8974358974358975,0.8655172413793104,0.8948275862068966,0.26829805464001194,0.3884131668659702
Parkinsons,0.6,43,4,0.9743589743589743,0.9674185463659147,0.9793103448275863,0.35793913564579527,0.2896377552063763
Parkinsons,0.8,43,4,0.9743589743589743,0.9674185463659147,0.9775862068965518,0.2644535088421654,0.174069317301156
Parkinsons,1.0,43,4,0.8717948717948718,0.8458498023715415,0.906896551724138,0.23278956582323454,0.13838991793672312
Parkinsons,0.0,44,0,0.8461538461538461,0.7045454545454546,0.6555555555555556,0.29803278436396263,0.3769117488672218
Parkinsons,0.2,44,0,0.8205128205128205,0.676923076923077,0.6555555555555556,0.2880817645474254,0.3197749276055634
Parkinsons,0.4,44,0,0.8205128205128205,0.676923076923077,0.6555555555555556,0.2880817645474254,0.3197749276055634
Parkinsons,0.6,44,0,0.9487179487179487,0.9277777777777778,0.9240740740740742,0.29803278436396263,0.29696228209024184
Parkinsons,0.8,44,0,0.9487179487179487,0.9277777777777778,0.9240740740740742,0.27486810065335343,0.27916360572582405
Parkinsons,1.0,44,0,0.7948717948717948,0.6517857142857143,0.7222222222222223,0.25115434426171324,0.1971412898751725
Parkinsons,0.0,44,1,0.8461538461538461,0.8100649350649352,0.9037037037037036,0.3397313792653679,0.354916435563687
Parkinsons,0.2,44,1,0.8461538461538461,0.8100649350649352,0.9518518518518517,0.3068104285685111,0.35098938875188085
Parkinsons,0.4,44,1,0.8461538461538461,0.8100649350649352,0.9481481481481482,0.2710030465422377,0.2865585401661883
Parkinsons,0.6,44,1,0.8461538461538461,0.8100649350649352,0.9018518518518519,0.2710030465422377,0.2839979087159464
Parkinsons,0.8,44,1,0.9230769230769231,0.8956289027653881,0.9055555555555556,0.29942961513572,0.256040003372527
Parkinsons,1.0,44,1,0.9230769230769231,0.8956289027653881,0.9055555555555556,0.3141778685005364,0.2506272875162852
Parkinsons,0.0,44,2,0.8717948717948718,0.8260481712756467,0.8586206896551724,0.33907394637585303,0.44412824154956604
Parkinsons,0.2,44,2,0.8717948717948718,0.8260481712756467,0.836206896551724,0.5186756554895036,0.4598180819918096
Parkinsons,0.4,44,2,0.8205128205128205,0.7719298245614035,0.7913793103448277,0.28909651540199144,0.3132133382228464
Parkinsons,0.6,44,2,0.8205128205128205,0.7719298245614035,0.7913793103448277,0.28909651540199144,0.3132133382228464
Parkinsons,0.8,44,2,0.8205128205128205,0.7719298245614035,0.7913793103448277,0.28909651540199144,0.3132133382228464
Parkinsons,1.0,44,2,0.7948717948717948,0.7467532467532467,0.7948275862068965,0.2901342832741822,0.29614497311209315
Parkinsons,0.0,44,3,0.8205128205128205,0.784189723320158,0.853448275862069,0.37348233760317245,0.4527115772347157
Parkinsons,0.2,44,3,0.8205128205128205,0.7939622641509434,0.8982758620689655,0.286814842869445,0.3255096029549183
Parkinsons,0.4,44,3,0.8205128205128205,0.7939622641509434,0.8982758620689655,0.286814842869445,0.3255096029549183
Parkinsons,0.6,44,3,0.8205128205128205,0.7939622641509434,0.8982758620689655,0.286814842869445,0.3255096029549183
Parkinsons,0.8,44,3,0.8205128205128205,0.7939622641509434,0.8982758620689655,0.286814842869445,0.3255096029549183
Parkinsons,1.0,44,3,0.8461538461538461,0.8100649350649352,0.9051724137931034,0.29744132357548236,0.26378167028259025
Parkinsons,0.0,44,4,0.8717948717948718,0.8370927318295739,0.8706896551724137,0.4552722177932883,0.433294213438667
Parkinsons,0.2,44,4,0.8717948717948718,0.8370927318295739,0.8396551724137931,0.2915645225759744,0.35391063514143517
Parkinsons,0.4,44,4,0.8461538461538461,0.7833333333333333,0.7379310344827587,0.3055571934617643,0.26620473648990267
Parkinsons,0.6,44,4,0.9230769230769231,0.8956289027653881,0.8741379310344828,0.3055571934617643,0.19019889964184172
Parkinsons,0.8,44,4,0.9230769230769231,0.8956289027653881,0.8741379310344828,0.3055571934617643,0.19019889964184172
Parkinsons,1.0,44,4,0.8717948717948718,0.8370927318295739,0.9,0.3259721540145064,0.27591724331080897
Musk1,0.0,42,0,0.7291666666666666,0.7248677248677249,0.8183421516754851,0.22106089896715633,0.19599434931668983
Musk1,0.2,42,0,0.7395833333333334,0.734718691278877,0.8075396825396826,0.17589508744488463,0.1828174741748046
Musk1,0.4,42,0,0.75,0.7386569872958257,0.7511022927689595,0.1625113530515223,0.13794918692644872
Musk1,0.6,42,0,0.7395833333333334,0.7330663997330664,0.7665343915343915,0.1443242306174591,0.14463657780789266
Musk1,0.8,42,0,0.6979166666666666,0.6827350427350427,0.7526455026455027,0.13925234385383475,0.1299104082606405
Musk1,1.0,42,0,0.6979166666666666,0.6827350427350427,0.7526455026455027,0.13925234385383475,0.1299104082606405
Musk1,0.0,42,1,0.7789473684210526,0.775363134782119,0.793351302785265,0.21695422221777352,0.17592766718585928
Musk1,0.2,42,1,0.7684210526315789,0.7652740341419587,0.7866127583108715,0.18652187825308103,0.16777676817464973
Musk1,0.4,42,1,0.7894736842105263,0.7854561878952122,0.8115453728661276,0.1913598031576145,0.17021858191140793
Musk1,0.6,42,1,0.7368421052631579,0.7246376811594203,0.7996406109613657,0.15261757691184835,0.1450355721728888
Musk1,0.8,42,1,0.7684210526315789,0.7511904761904762,0.8169362084456424,0.1802257957718961,0.11408560938795512
Musk1,1.0,42,1,0.7578947368421053,0.7413895135518996,0.7841419586702605,0.14970883559213916,0.09867601805635105
Musk1,0.0,42,2,0.7789473684210526,0.7638773819386909,0.820460704607046,0.24298268277397647,0.18595388070311616
Musk1,0.2,42,2,0.7894736842105263,0.7738095238095238,0.834010840108401,0.21326513768550376,0.18149887945443277
Musk1,0.4,42,2,0.7684210526315789,0.7663237924865831,0.8093947606142728,0.17323301689100498,0.1534858526277697
Musk1,0.6,42,2,0.7473684210526316,0.7439353099730459,0.7795844625112918,0.15740181820502058,0.1400445428601891
Musk1,0.8,42,2,0.7473684210526316,0.7425474254742548,0.7827461607949414,0.11030928554699791,0.11331733654352634
Musk1,1.0,42,2,0.7368421052631579,0.7189016451651082,0.7935862691960254,0.1175587274773329,0.12196982725161663
Musk1,0.0,42,3,0.7684210526315789,0.7677777777777778,0.8274616079494128,0.1925720048181134,0.1387139006239516
Musk1,0.2,42,3,0.7473684210526316,0.7466666666666666,0.7938121047877145,0.19292773849905015,0.1318510382411762
Musk1,0.4,42,3,0.6947368421052632,0.6947368421052632,0.7843270099367661,0.20628439130123938,0.1285480204135551
Musk1,0.6,42,3,0.7368421052631579,0.7363747363747364,0.7901987353206865,0.18411864671710473,0.12666634220874512
Musk1,0.8,42,3,0.7578947368421053,0.7574647574647575,0.8039747064137308,0.17964076918387872,0.14013092566043395
Musk1,1.0,42,3,0.7894736842105263,0.7866127583108715,0.819557362240289,0.1692400918498346,0.1315207326898885
Musk1,0.0,42,4,0.7578947368421053,0.7382920110192837,0.824977416440831,0.23920128320456205,0.18697897362697213
Musk1,0.2,42,4,0.7789473684210526,0.7579177284310157,0.8322041553748871,0.16760451307414825,0.13856567742204462
Musk1,0.4,42,4,0.8105263157894737,0.8007921714818267,0.8299457994579945,0.17557862858913775,0.1332118453089107
Musk1,0.6,42,4,0.8,0.7907246376811594,0.8028455284552846,0.19640290537770227,0.12032666758816989
Musk1,0.8,42,4,0.8,0.7925525801631996,0.8315266485998194,0.21533493300002918,0.11602100935606628
Musk1,1.0,42,4,0.7473684210526316,0.7450805008944543,0.8039747064137308,0.17682170302389275,0.12268171262864573
Musk1,0.0,43,0,0.78125,0.7771637006742567,0.8154761904761904,0.29205927683757793,0.19763099659454098
Musk1,0.2,43,0,0.78125,0.7741682536126359,0.8112874779541445,0.22226897259381698,0.16893010275601664
Musk1,0.4,43,0,0.7916666666666666,0.7883597883597884,0.8414902998236331,0.16687573904728065,0.13315602907368113
Musk1,0.6,43,0,0.7395833333333334,0.7289666854884247,0.8152557319223986,0.14803780878897507,0.1164175371646597
Musk1,0.8,43,0,0.7291666666666666,0.7192982456140351,0.7848324514991182,0.14703049312273914,0.11344268430659338
Musk1,1.0,43,0,0.7395833333333334,0.7289666854884247,0.7905643738977073,0.11927221313085465,0.10266315324492109
Musk1,0.0,43,1,0.8526315789473684,0.8488636363636364,0.8459119496855347,0.2506928831218724,0.2027482414837588
Musk1,0.2,43,1,0.8526315789473684,0.8488636363636364,0.8353548966756513,0.18659726663452902,0.18567557231658202
Musk1,0.4,43,1,0.8421052631578947,0.8374957235716729,0.8548966756513926,0.1810679807682636,0.17929821156680595
Musk1,0.6,43,1,0.8315789473684211,0.8306595365418895,0.855121293800539,0.1374849867358649,0.14472995874388492
Musk1,0.8,43,1,0.8210526315789474,0.8207348207348207,0.8587151841868823,0.12492207410382528,0.12386138298531028
Musk1,1.0,43,1,0.7894736842105263,0.7892635314995564,0.8674752920035939,0.12539006756246296,0.09574909341195087
Musk1,0.0,43,2,0.7263157894736842,0.7059523809523809,0.7515808491418249,0.24967418425859292,0.1914134213531873
Musk1,0.2,43,2,0.7157894736842105,0.7074923024290113,0.7676151761517614,0.18989431187516573,0.15874812426713714
Musk1,0.4,43,2,0.7263157894736842,0.7149122807017544,0.7786811201445347,0.13274419273863222,0.13194709553739925
Musk1,0.6,43,2,0.7368421052631579,0.715534794586178,0.7780036133694671,0.16745165162164774,0.13400145402274735
Musk1,0.8,43,2,0.7368421052631579,0.711806819560733,0.7748419150858176,0.1454557868496081,0.13215193649621276
Musk1,1.0,43,2,0.7578947368421053,0.7413895135518996,0.8229448961156278,0.14044424420411636,0.1280107163364542
Musk1,0.0,43,3,0.7473684210526316,0.736842105263158,0.7691960252935863,0.22410991162424224,0.20578332694804416
Musk1,0.2,43,3,0.6842105263157895,0.681350626118068,0.7502258355916893,0.17640994532179935,0.1619947431908252
Musk1,0.4,43,3,0.6736842105263158,0.6585507246376812,0.7271906052393857,0.16643486470082228,0.156409994278379
Musk1,0.6,43,3,0.6526315789473685,0.6524775523777852,0.7093495934959351,0.15960604845682302,0.14288662842395602
Musk1,0.8,43,3,0.6631578947368421,0.6628216503992901,0.717479674796748,0.1502623273623037,0.1353703713994723
Musk1,1.0,43,3,0.6631578947368421,0.6628216503992901,0.7154471544715447,0.15605326382247167,0.13499170526673768
Musk1,0.0,43,4,0.7789473684210526,0.775363134782119,0.8642728093947607,0.26063892669920996,0.19160639643063468
Musk1,0.2,43,4,0.8,0.7967571219457268,0.8730803974706414,0.20088356754947112,0.161837955205861
Musk1,0.4,43,4,0.7894736842105263,0.7786579683131407,0.8459801264679312,0.1805766016689528,0.14108947435551208
Musk1,0.6,43,4,0.7157894736842105,0.7137596250418481,0.796070460704607,0.12955026469164505,0.12078760922301257
Musk1,0.8,43,4,0.7368421052631579,0.7310001132631102,0.7682926829268293,0.11854888075331106,0.11720510233874316
Musk1,1.0,43,4,0.7368421052631579,0.7310001132631102,0.7682926829268293,0.11854888075331106,0.11720510233874316
Musk1,0.0,44,0,0.7708333333333334,0.7683194383501536,0.8256172839506173,0.2750136059163332,0.20748003163897893
Musk1,0.2,44,0,0.7291666666666666,0.7192982456140351,0.8040123456790124,0.16884967388367575,0.16459706457167442
Musk1,0.4,44,0,0.7291666666666666,0.7192982456140351,0.7916666666666666,0.16877014914781344,0.16398820883418713
Musk1,0.6,44,0,0.7708333333333334,0.7604355716878403,0.8403880070546736,0.15105296512097433,0.14213298018051845
Musk1,0.8,44,0,0.78125,0.7723320158102767,0.861111111111111,0.15149471541532428,0.13861667834031918
Musk1,1.0,44,0,0.8333333333333334,0.8297117516629712,0.8908730158730158,0.16585179181571807,0.15016083158184482
Musk1,0.0,44,1,0.7789473684210526,0.7740400951410126,0.8185085354896676,0.2758530286622437,0.23855045061462393
Musk1,0.2,44,1,0.8105263157894737,0.8079514824797844,0.8834231805929919,0.2009974875589267,0.19111154136048097
Musk1,0.4,44,1,0.7473684210526316,0.7471162377994676,0.8245732255166218,0.1280564992308569,0.12936875853614313
Musk1,0.6,44,1,0.7473684210526316,0.7471162377994676,0.8245732255166218,0.1280564992308569,0.12936875853614313
Musk1,0.8,44,1,0.7368421052631579,0.7310001132631102,0.827717879604672,0.12664457307973245,0.1271718839181003
Musk1,1.0,44,1,0.7368421052631579,0.7310001132631102,0.827717879604672,0.12664457307973245,0.1271718839181003
Musk1,0.0,44,2,0.7578947368421053,0.7508267761432319,0.8288166214995483,0.26871031462010075,0.16530617065265157
Musk1,0.2,44,2,0.8210526315789474,0.8181511091093345,0.8484643179765132,0.23803313751733685,0.1539264819072141
Musk1,0.4,44,2,0.8105263157894737,0.8056818181818182,0.8453026196928637,0.19658247239927576,0.14665948936752135
Musk1,0.6,44,2,0.8105263157894737,0.8079514824797844,0.8200090334236676,0.2136508815732981,0.13795792414976216
Musk1,0.8,44,2,0.8,0.7925525801631996,0.8172990063233966,0.20098497010563898,0.13824289348369498
Musk1,1.0,44,2,0.7789473684210526,0.7724940130003422,0.8233965672990063,0.15721488983159676,0.13068445325992392
Musk1,0.0,44,3,0.7578947368421053,0.7508267761432319,0.7798102981029811,0.2687834910434933,0.19190549256095107
Musk1,0.2,44,3,0.7894736842105263,0.7825091575091575,0.8635953026196929,0.1943785769479461,0.18411307672720828
Musk1,0.4,44,3,0.7894736842105263,0.7786579683131407,0.8622402890695574,0.18647753659733204,0.17106270723874636
Musk1,0.6,44,3,0.7894736842105263,0.7807017543859649,0.8507226738934056,0.14224555073365358,0.14120915732634629
Musk1,0.8,44,3,0.7578947368421053,0.7348622739958743,0.7895212285456188,0.11543050596390295,0.11346261060156858
Musk1,1.0,44,3,0.7578947368421053,0.7348622739958743,0.7940379403794038,0.11758932659129097,0.11321872348980108
Musk1,0.0,44,4,0.7052631578947368,0.6793635486981677,0.7486449864498644,0.3815979631595158,0.20971853647818967
Musk1,0.2,44,4,0.6736842105263158,0.6683931989640806,0.7432249322493225,0.2065563587810514,0.1604090521645363
Musk1,0.4,44,4,0.7052631578947368,0.6869114877589454,0.763550135501355,0.1814479675795192,0.13498514777051035
Musk1,0.6,44,4,0.6947368421052632,0.6739259083915257,0.7820686540198735,0.17731664200138728,0.13097881975598
Musk1,0.8,44,4,0.6947368421052632,0.6739259083915257,0.7734869015356821,0.14529566654703524,0.12223529479251104
Musk1,1.0,44,4,0.6842105263157895,0.66454802259887,0.7633242999096658,0.1403870136335752,0.11977962720395177
Landsat,0.0,42,0,0.9642579642579643,0.9511324990920197,0.9696021799817446,0.4967492020023294,0.5840188474239725
Landsat,0.2,42,0,0.965034965034965,0.95224737861484,0.9761114775505852,0.4924664174058188,0.5507389710583847
Landsat,0.4,42,0,0.9704739704739704,0.9587082066869301,0.9792228818132758,0.47987301645634445,0.5488753864545205
Landsat,0.6,42,0,0.9564879564879565,0.9410255235302204,0.966542410372236,0.5154543413035327,0.2841563607667313
Landsat,0.8,42,0,0.951048951048951,0.9344251555846708,0.9704316657005989,0.5437806785894362,0.2636195811346611
Landsat,1.0,42,0,0.9494949494949495,0.9323434144921207,0.9735380730613687,0.4930205649134806,0.257905099948745
Landsat,0.0,42,1,0.9728049728049728,0.9631011272402887,0.9793111604138767,0.5023181342959446,0.5432090166234771
Landsat,0.2,42,1,0.9689199689199689,0.9578753739501574,0.9809384848060869,0.4759778367858139,0.5332783049611987
Landsat,0.4,42,1,0.972027972027972,0.9620057599832055,0.9810434197464238,0.4935811225172682,0.5217030275537218
Landsat,0.6,42,1,0.9627039627039627,0.9491197090295714,0.9782851298861373,0.5502133648429706,0.3297516147797515
Landsat,0.8,42,1,0.9634809634809635,0.9500150808374204,0.9739877942342415,0.5163821651058954,0.3188641214456301
Landsat,1.0,42,1,0.9564879564879565,0.9416500427472214,0.9764579294170949,0.49046899049943443,0.2903028339432599
Landsat,0.0,42,2,0.9572649572649573,0.9423881274859541,0.9644967759090608,0.4868633185041147,0.6144210504890311
Landsat,0.2,42,2,0.9595959595959596,0.9442645559752953,0.9593698065545435,0.4715450908840491,0.539239653350079
Landsat,0.4,42,2,0.9595959595959596,0.9442645559752953,0.9671940437412749,0.4753859124763536,0.5424845919656673
Landsat,0.6,42,2,0.9588189588189588,0.9448338610474215,0.9773715349331915,0.539320837282552,0.29759516440263123
Landsat,0.8,42,2,0.9494949494949495,0.9317677419775814,0.9794871368742937,0.5484105166354089,0.2425517073048369
Landsat,1.0,42,2,0.9526029526029526,0.9356905360473603,0.9794771654590175,0.5504033876258826,0.2413634938746908
Landsat,0.0,42,3,0.9673659673659674,0.9550837598883202,0.9760187462607193,0.5033605895406434,0.6509950115380456
Landsat,0.2,42,3,0.9689199689199689,0.9572226284650668,0.9803014691218507,0.48076400212578224,0.5745773671846567
Landsat,0.4,42,3,0.9712509712509713,0.9601170549654137,0.9904091604068337,0.47240173821310666,0.5746542488529419
Landsat,0.6,42,3,0.9611499611499611,0.9472302221988965,0.9806571162667022,0.5257974225969864,0.29317564219541953
Landsat,0.8,42,3,0.9611499611499611,0.9473442174376968,0.977733829688227,0.5479705226287187,0.27874551784751794
Landsat,1.0,42,3,0.9665889665889665,0.9542691165108314,0.9806122448979592,0.5073249798576438,0.2808827001498723
Landsat,0.0,42,4,0.9704739704739704,0.9588036497678463,0.9808166589111215,0.47974485111302323,0.5676668460074634
Landsat,0.2,42,4,0.9696969696969697,0.957768236443354,0.9822508808083494,0.47214711115198515,0.546830456573541
Landsat,0.4,42,4,0.9704739704739704,0.9588983763068545,0.9861380708635246,0.4899428795806582,0.5481369112597738
Landsat,0.6,42,4,0.9728049728049728,0.963180631107442,0.9801186598417869,0.47844889884861674,0.33515072104232274
Landsat,0.8,42,4,0.9673659673659674,0.9553818469970614,0.9746393671475104,0.48235753698911593,0.29228913075359914
Landsat,1.0,42,4,0.9588189588189588,0.9433832592537258,0.973038954995679,0.5112951048362275,0.27580899554971333
Landsat,0.0,43,0,0.9658119658119658,0.952298962889085,0.9854673435803135,0.5130137852346758,0.5775034987817389
Landsat,0.2,43,0,0.9665889665889665,0.9535435615679395,0.9862068850645933,0.5004618530934929,0.5657269106656005
Landsat,0.4,43,0,0.9634809634809635,0.9492220324114686,0.9777871053280299,0.48332972027322313,0.5573904691052411
Landsat,0.6,43,0,0.9642579642579643,0.9520696779709319,0.9758249885071256,0.48350057455713424,0.32810353485458166
Landsat,0.8,43,0,0.9533799533799534,0.9383789891664485,0.9724354233708434,0.4748150323991688,0.3136681040871757
Landsat,1.0,43,0,0.9603729603729604,0.9469156021399716,0.9739195032413237,0.49603153238414815,0.29752513209359416
Landsat,0.0,43,1,0.9673659673659674,0.9555769230769231,0.9823276235400717,0.5006688730683577,0.5294576689523518
Landsat,0.2,43,1,0.9658119658119658,0.953562595535029,0.9803238658698274,0.47333836742197416,0.5186283380588145
Landsat,0.4,43,1,0.9665889665889665,0.9544695768643153,0.9674535121557968,0.48966033074572884,0.5198558887470924
Landsat,0.6,43,1,0.9603729603729604,0.9462330711215636,0.9752586729561006,0.527486399524416,0.33340423960745647
Landsat,0.8,43,1,0.9712509712509713,0.9603865923851149,0.9784750121591279,0.6306446757945487,0.32464697271342013
Landsat,1.0,43,1,0.9564879564879565,0.9415269583503709,0.9785199842764153,0.5021323121643347,0.2866193746981017
Landsat,0.0,43,2,0.9696969696969697,0.9589727032340067,0.9835621219171709,0.5210677959154195,0.6175416156044339
Landsat,0.2,43,2,0.9704739704739704,0.9594520647891435,0.9798943029980722,0.49033591543253924,0.5375107690712928
Landsat,0.4,43,2,0.9735819735819736,0.9634753430603319,0.986977331649272,0.4837281794066279,0.5295661495054081
Landsat,0.6,43,2,0.9704739704739704,0.9588983763068545,0.9862610516519311,0.4781212541512921,0.3002720952037075
Landsat,0.8,43,2,0.9689199689199689,0.9570298153650963,0.9857093000066477,0.4965435728134989,0.28854159619407155
Landsat,1.0,43,2,0.9611499611499611,0.9480109229576008,0.9792993418865916,0.49631814089901294,0.2277279965951957
Landsat,0.0,43,3,0.9603729603729604,0.9452748181788622,0.9724805557402114,0.5158495185379751,0.5434067126929911
Landsat,0.2,43,3,0.9611499611499611,0.945794276010324,0.9757461942431696,0.5154898026978867,0.5409094069868529
Landsat,0.4,43,3,0.9572649572649573,0.9409826470556356,0.9755318088147311,0.5004818998872156,0.5417713407206544
Landsat,0.6,43,3,0.9642579642579643,0.950130733929498,0.9734909924882005,0.5248413842385925,0.3459709672863675
Landsat,0.8,43,3,0.9673659673659674,0.9555769230769231,0.9777670677391478,0.4965193268527788,0.3391993777172291
Landsat,1.0,43,3,0.9681429681429682,0.9560052459869284,0.9815811340822974,0.4766014673384043,0.29255092156023693
Landsat,0.0,43,4,0.9634809634809635,0.9493378806317416,0.9721149371800837,0.49816711703592703,0.6391834670477515
Landsat,0.2,43,4,0.9642579642579643,0.9496632996632997,0.9771920494582198,0.4835125830600913,0.557501698833757
Landsat,0.4,43,4,0.965034965034965,0.9508154954756032,0.9749235524828824,0.468035013616707,0.5474039874190462
Landsat,0.6,43,4,0.9595959595959596,0.9455884744219324,0.9659260120986505,0.4925950430329768,0.29622209026179386
Landsat,0.8,43,4,0.958041958041958,0.9433752884276942,0.9710878814066344,0.476244104309914,0.2902809967379415
Landsat,1.0,43,4,0.9549339549339549,0.93878705775072,0.9702486206208867,0.5954701681317197,0.22676843500495933
Landsat,0.0,44,0,0.9603729603729604,0.9464639206285639,0.9760048769762747,0.49615814575036254,0.6339252341409619
Landsat,0.2,44,0,0.9611499611499611,0.945794276010324,0.9795476804381283,0.477724817795943,0.5631999983930094
Landsat,0.4,44,0,0.9611499611499611,0.9455421580707621,0.9807019647818352,0.48311631307667496,0.5628277097593176
Landsat,0.6,44,0,0.9712509712509713,0.9608226591623179,0.9731233302019415,0.49305672465476696,0.29846338643405845
Landsat,0.8,44,0,0.9712509712509713,0.9608226591623179,0.9823742612913328,0.5010813524801548,0.28909320843455655
Landsat,1.0,44,0,0.9634809634809635,0.9499043039614268,0.9786365786545675,0.48390743935648234,0.2531406726396229
Landsat,0.0,44,1,0.9642579642579643,0.9514518044229848,0.9755251743918769,0.5065378780405497,0.6213193534771748
Landsat,0.2,44,1,0.9634809634809635,0.948629517496741,0.9726402963495966,0.48689826804354897,0.5517742662682659
Landsat,0.4,44,1,0.9728049728049728,0.9620996993722408,0.9856455664154891,0.4836044227251303,0.5504367658783488
Landsat,0.6,44,1,0.9557109557109557,0.9402931503036251,0.9701868175064793,0.5108022968003528,0.30312851008962755
Landsat,0.8,44,1,0.9541569541569541,0.9359632914562905,0.9802255934653848,0.4849935723471058,0.2942118011142356
Landsat,1.0,44,1,0.9432789432789432,0.9238565844510236,0.9721106247459909,0.49509880417558316,0.270323542634163
Landsat,0.0,44,2,0.9681429681429682,0.9565872709636496,0.9792029515389219,0.5143024435640114,0.5755228594840924
Landsat,0.2,44,2,0.9549339549339549,0.9401898003922926,0.9774729109884996,0.5706789600245733,0.5058606959346638
Landsat,0.4,44,2,0.9526029526029526,0.9367711715136438,0.9713936714751047,0.5462905281039422,0.5019084126189531
Landsat,0.6,44,2,0.9564879564879565,0.9410255235302204,0.9692963504620089,0.5363533578891118,0.31834584939224436
Landsat,0.8,44,2,0.9595959595959596,0.9457036041824873,0.9712723525892442,0.5263769002434412,0.31935686548277387
Landsat,1.0,44,2,0.951048951048951,0.9342871893207464,0.9591304925879145,0.5635746351322775,0.28459126609113844
Landsat,0.0,44,3,0.9642579642579643,0.9503592127505434,0.9761201223160274,0.5102381068676647,0.5624121724596998
Landsat,0.2,44,3,0.9658119658119658,0.9526255554960648,0.9731885262248222,0.49978607387946583,0.5746686470090459
Landsat,0.4,44,3,0.9619269619269619,0.946939579121137,0.9758774845443063,0.5059627145254657,0.5601475042952485
Landsat,0.6,44,3,0.9603729603729604,0.9466914108660605,0.978593033304527,0.48695415332837827,0.28084447772481486
Landsat,0.8,44,3,0.9572649572649573,0.9425103450516339,0.9762597221298944,0.5302222101386976,0.2819546738946191
Landsat,1.0,44,3,0.958041958041958,0.9431317548327125,0.9724240510536462,0.46944263735974784,0.27754067152133716
Landsat,0.0,44,4,0.9743589743589743,0.9644287246988825,0.9801053646214186,0.525561413073201,0.5741235942274805
Landsat,0.2,44,4,0.9766899766899767,0.9681998181434821,0.9841620687362892,0.4887016252210207,0.5474764797524588
Landsat,0.4,44,4,0.9759129759129759,0.9671037497124453,0.9878149305324736,0.4938064335379745,0.5233012188339506
Landsat,0.6,44,4,0.9751359751359752,0.9661538461538461,0.9880409492787343,0.51634997006628,0.3406066626386129
Landsat,0.8,44,4,0.9681429681429682,0.9567756061957668,0.9675696337166788,0.47912508763165534,0.29795403828628403
Landsat,1.0,44,4,0.9689199689199689,0.9577841777591172,0.9742770723924749,0.4688065215901682,0.2934053723616104
Ozone,0.0,42,0,0.9329388560157791,0.6282349896480331,0.7260526315789473,0.30636193068141676,0.3004302125951033
Ozone,0.2,42,0,0.9349112426035503,0.6163054695562435,0.7022039473684211,0.2688052818086394,0.2772556773628561
Ozone,0.4,42,0,0.9329388560157791,0.6554054054054055,0.7020065789473684,0.24530104469453554,0.252245913004472
Ozone,0.6,42,0,0.9250493096646942,0.6002904564315352,0.6823026315789474,0.24506286834906382,0.22757581900489585
Ozone,0.8,42,0,0.9289940828402367,0.5529100529100529,0.7801315789473684,0.22713145093694329,0.21538818500634413
Ozone,1.0,42,0,0.9270216962524654,0.5507149186884774,0.7671381578947368,0.21494507083791484,0.20667600082306486
Ozone,0.0,42,1,0.9250493096646942,0.6148648648648649,0.7286513157894737,0.35183649389267313,0.4082353031330796
Ozone,0.2,42,1,0.9191321499013807,0.6310764042949685,0.775921052631579,0.32057029832029577,0.3752476566792686
Ozone,0.4,42,1,0.9230769230769231,0.5973978376397288,0.6847368421052631,0.2480277391553702,0.25591172207574425
Ozone,0.6,42,1,0.9171597633136095,0.6279874213836478,0.7178289473684211,0.2316865074743537,0.2411916578377917
Ozone,0.8,42,1,0.9270216962524654,0.6670689502174105,0.7286184210526316,0.23516859635920212,0.2459375891601323
Ozone,1.0,42,1,0.9329388560157791,0.6554054054054055,0.7267105263157895,0.22751465015399414,0.19583543615371868
Ozone,0.0,42,2,0.9072978303747534,0.6022732962796054,0.6745723684210525,0.3620910569550197,0.3745392885092222
Ozone,0.2,42,2,0.9191321499013807,0.6310764042949685,0.7022697368421053,0.28619382635151785,0.31364276359433985
Ozone,0.4,42,2,0.9171597633136095,0.6392314990512334,0.6882565789473685,0.27335918283598226,0.29083504602691407
Ozone,0.6,42,2,0.9151873767258383,0.6465753424657534,0.6951315789473684,0.25981406842358057,0.26392667808774306
Ozone,0.8,42,2,0.9112426035502958,0.6301369863013699,0.6695065789473684,0.2482580444429228,0.2564371967157828
Ozone,1.0,42,2,0.9368836291913215,0.663402489626556,0.6923684210526315,0.2116622556675824,0.1900972963462714
Ozone,0.0,42,3,0.9329388560157791,0.6891141249458953,0.8238157894736842,0.3003692979516585,0.36406061730702144
Ozone,0.2,42,3,0.9250493096646942,0.683125,0.816875,0.2643552812167768,0.3134036626197879
Ozone,0.4,42,3,0.9270216962524654,0.6180441023761529,0.7159210526315789,0.26425968384860055,0.21079169698945185
Ozone,0.6,42,3,0.9270216962524654,0.6180441023761529,0.6804276315789473,0.26714877694127653,0.21160813291271502
Ozone,0.8,42,3,0.9270216962524654,0.6180441023761529,0.714375,0.25513746798769077,0.20903689285711535
Ozone,1.0,42,3,0.9368836291913215,0.650103519668737,0.7427302631578947,0.2543219463901935,0.20185337924342792
Ozone,0.0,42,4,0.9446640316205533,0.7054469854469855,0.7184862869198313,0.3311922629949202,0.39891267242939743
Ozone,0.2,42,4,0.9209486166007905,0.5792099792099792,0.775514240506329,0.2873463170744946,0.33835732079130054
Ozone,0.4,42,4,0.9308300395256917,0.6386525473873212,0.709915611814346,0.29589698454570784,0.3097376190824296
Ozone,0.6,42,4,0.9347826086956522,0.6714738229681075,0.7168051160337553,0.24661346501007889,0.23865923435089034
Ozone,0.8,42,4,0.9288537549407114,0.6597429766885834,0.7423523206751055,0.22989616880974292,0.20398842956247412
Ozone,1.0,42,4,0.9308300395256917,0.6635318704284221,0.7920292721518987,0.24538144455173067,0.19213657268674125
Ozone,0.0,43,0,0.9191321499013807,0.6058962934875344,0.7348355263157895,0.31553766859106236,0.342225114772797
Ozone,0.2,43,0,0.9230769230769231,0.6490726772561896,0.7096381578947368,0.27943062930068224,0.2559176501521731
Ozone,0.4,43,0,0.9151873767258383,0.6249806478248154,0.7389144736842106,0.2765250525770119,0.2575992009030128
Ozone,0.6,43,0,0.9191321499013807,0.6630136986301369,0.7314144736842105,0.2734376938628359,0.2506761679885604
Ozone,0.8,43,0,0.9191321499013807,0.6424234083911031,0.66875,0.24011507116829936,0.20684865977439734
Ozone,1.0,43,0,0.9191321499013807,0.6424234083911031,0.6699671052631577,0.2400536688980137,0.208659768276817
Ozone,0.0,43,1,0.9329388560157791,0.6674768518518519,0.7076973684210526,0.29904254324740787,0.30315252554126015
Ozone,0.2,43,1,0.9211045364891519,0.6457023060796646,0.751546052631579,0.2780209387657174,0.2954408439147902
Ozone,0.4,43,1,0.9309664694280079,0.651601123043999,0.7253947368421052,0.26939327907512983,0.28593215070692574
Ozone,0.6,43,1,0.9368836291913215,0.6356449874236436,0.6404605263157894,0.23574857139454888,0.2518910253592567
Ozone,0.8,43,1,0.9289940828402367,0.6063664596273293,0.6657236842105263,0.22032915149483895,0.19952427610565387
Ozone,1.0,43,1,0.9349112426035503,0.631873088516799,0.6475657894736844,0.2423995619634742,0.19410383068868362
Ozone,0.0,43,2,0.9112426035502958,0.5674471513887572,0.7185855263157895,0.28730781180027665,0.35727529240283856
Ozone,0.2,43,2,0.9230769230769231,0.6883638828035115,0.7443421052631579,0.2696769777136561,0.2679132182598882
Ozone,0.4,43,2,0.9211045364891519,0.6758726505561948,0.6964802631578947,0.2754472401459998,0.2614642946800281
Ozone,0.6,43,2,0.9211045364891519,0.6758726505561948,0.6887828947368421,0.2628659028641692,0.25062394369813384
Ozone,0.8,43,2,0.9289940828402367,0.6907698563296286,0.7490131578947369,0.27077158227947384,0.24630532917065834
Ozone,1.0,43,2,0.9309664694280079,0.651601123043999,0.7712171052631578,0.26070008069872225,0.2143407340778146
Ozone,0.0,43,3,0.9132149901380671,0.610272536687631,0.7468421052631578,0.28734789852965537,0.31396919120597794
Ozone,0.2,43,3,0.9211045364891519,0.5626293995859213,0.791578947368421,0.2708323975420924,0.32623933293178164
Ozone,0.4,43,3,0.9289940828402367,0.6213278008298755,0.8264473684210527,0.2536720603119982,0.2992720502655658
Ozone,0.6,43,3,0.9368836291913215,0.7074015293608427,0.8068421052631579,0.2562773125629849,0.23976173868755948
Ozone,0.8,43,3,0.9329388560157791,0.6554054054054055,0.8299342105263158,0.2712634285515154,0.23693573769663434
Ozone,1.0,43,3,0.9289940828402367,0.6213278008298755,0.7936842105263158,0.26363280453360494,0.21782124981385442
Ozone,0.0,43,4,0.9268774703557312,0.6180041215237395,0.792095200421941,0.31790762316910665,0.30240235353587935
Ozone,0.2,43,4,0.9209486166007905,0.6342080532061014,0.8065994198312236,0.2702365613144154,0.2714232358171088
Ozone,0.4,43,4,0.9288537549407114,0.6350961538461539,0.8184335443037976,0.256071525610985,0.2553658996461888
Ozone,0.6,43,4,0.9268774703557312,0.6032381800072054,0.809104694092827,0.24024831404193758,0.23708949285754458
Ozone,0.8,43,4,0.9347826086956522,0.6162702516373664,0.8261141877637131,0.2447698421402859,0.23804056139366214
Ozone,1.0,43,4,0.9387351778656127,0.6235390116879065,0.8548589135021097,0.24303035902324416,0.22708465009719336
Ozone,0.0,44,0,0.9506903353057199,0.7319445913080258,0.7970723684210527,0.3170848701486007,0.32653802358109757
Ozone,0.2,44,0,0.9388560157790927,0.7118737282076665,0.820921052631579,0.26594056381522385,0.27882401268378093
Ozone,0.4,44,0,0.9289940828402367,0.6708267205309479,0.7889144736842105,0.24842467571775506,0.25253522950659674
Ozone,0.6,44,0,0.9270216962524654,0.6561073530220536,0.7293421052631579,0.2677323404705589,0.24938476338841759
Ozone,0.8,44,0,0.9289940828402367,0.6708267205309479,0.7737171052631578,0.2685708997330862,0.22487617743685556
Ozone,1.0,44,0,0.9289940828402367,0.6597822845213241,0.808125,0.2628801218140386,0.22358558457365152
Ozone,0.0,44,1,0.9191321499013807,0.6530469180311451,0.7600986842105263,0.4234386940467558,0.437508340810074
Ozone,0.2,44,1,0.9191321499013807,0.6310764042949685,0.7394736842105264,0.30956041991465366,0.3527916410756798
Ozone,0.4,44,1,0.9230769230769231,0.625120864536923,0.7722697368421053,0.2665558620579766,0.23941379007631028
Ozone,0.6,44,1,0.9151873767258383,0.6249806478248154,0.7362171052631579,0.2567034903297831,0.2562050147916108
Ozone,0.8,44,1,0.9171597633136095,0.6279874213836478,0.6761842105263158,0.23267526214342282,0.21991587727801037
Ozone,1.0,44,1,0.9250493096646942,0.6408813003280645,0.690625,0.2263346005813129,0.1948326272605879
Ozone,0.0,44,2,0.9250493096646942,0.6525393161160006,0.8192763157894737,0.31761077248322506,0.36828751040653623
Ozone,0.2,44,2,0.9191321499013807,0.6189297695649782,0.7809868421052631,0.2839764367516754,0.27692432265725087
Ozone,0.4,44,2,0.9270216962524654,0.6443454355863115,0.8774342105263158,0.2476595379448181,0.22756176639513823
Ozone,0.6,44,2,0.9329388560157791,0.6674768518518519,0.8287828947368421,0.24908907353201976,0.23360611065570644
Ozone,0.8,44,2,0.9388560157790927,0.667611293221952,0.8356250000000001,0.23656376187145398,0.20766124026570493
Ozone,1.0,44,2,0.9388560157790927,0.7020191487344772,0.8385855263157894,0.2271761950469707,0.19670851899731046
Ozone,0.0,44,3,0.9191321499013807,0.6310764042949685,0.7743421052631578,0.38911047052500697,0.406874435914784
Ozone,0.2,44,3,0.9171597633136095,0.615964507286106,0.7266118421052632,0.3154741394640685,0.32706441047952417
Ozone,0.4,44,3,0.9250493096646942,0.6148648648648649,0.6840131578947368,0.2534761426102756,0.24027063731555498
Ozone,0.6,44,3,0.9270216962524654,0.6443454355863115,0.7433552631578947,0.24675000860717586,0.2517160117586377
Ozone,0.8,44,3,0.9309664694280079,0.6635700066357001,0.7482894736842105,0.22177395099795577,0.21119962244264776
Ozone,1.0,44,3,0.9329388560157791,0.6554054054054055,0.7682236842105263,0.21145834362277988,0.19840037435044475
Ozone,0.0,44,4,0.9347826086956522,0.6932488288784788,0.7616033755274262,0.38496043545522246,0.4561733076922879
Ozone,0.2,44,4,0.932806324110672,0.6553685897435897,0.7378032700421941,0.26972177897719374,0.3173734756209255
Ozone,0.4,44,4,0.9308300395256917,0.6246847648716807,0.8617154535864979,0.269732653662341,0.24586288919494165
Ozone,0.6,44,4,0.9367588932806324,0.6756410256410257,0.8827795358649789,0.26082540121684583,0.22366075993681542
Ozone,0.8,44,4,0.9308300395256917,0.6635318704284221,0.8403217299578059,0.24968921919843973,0.2294747817631624
Ozone,1.0,44,4,0.9367588932806324,0.6756410256410257,0.8579905063291139,0.24674380662494483,0.19717807449561164
