dataset,method,seed,fold,accuracy,macro_f1,auc,wred_pearson,wred_spearman,wred_nmi,n_features_kept
WDBC,CART,42,0,0.9210526315789473,0.9147486497714998,0.9480838519489028,0.5747660247667089,0.5777241335537225,0.15818310688201542,30
WDBC,ACP-Gini,42,0,0.9122807017543859,0.9074675324675325,0.9664264657713725,0.4279522275104779,0.44275887210354026,0.13063255907959623,30
WDBC,Tree-global corr.,42,0,0.956140350877193,0.9535338713621913,0.9508679986898133,0.5560762503612239,0.578080076110586,0.1561750761455406,30
WDBC,VIF@5,42,0,0.9298245614035088,0.9246031746031746,0.9785456927612185,0.2798569701628208,0.3135121953134988,0.07029491673077032,13
WDBC,VIF@10,42,0,0.8947368421052632,0.888961038961039,0.973960039305601,0.528431992167927,0.523579763316543,0.13929395770027295,17
WDBC,VIF@20,42,0,0.9035087719298246,0.8977745169968208,0.9680641991483787,0.5668455460448526,0.565137904074818,0.1492908680672679,20
WDBC,Cluster@0.5,42,0,0.9385964912280702,0.9359910162829871,0.9636423190304618,0.40615911071364613,0.4280344199303577,0.10181977573886085,10
WDBC,Cluster@0.6,42,0,0.9385964912280702,0.9359910162829871,0.9636423190304618,0.40615911071364613,0.4280344199303577,0.10181977573886085,10
WDBC,Cluster@0.7,42,0,0.9385964912280702,0.9359910162829871,0.9559449721585327,0.41728139703675954,0.43986942829359904,0.10710388027019989,13
WDBC,Cluster@0.8,42,0,0.9385964912280702,0.9359910162829871,0.9559449721585327,0.4101784391865361,0.43212973202858773,0.10409373218253726,18
WDBC,Cluster@0.9,42,0,0.956140350877193,0.9539245008487591,0.9628234523419588,0.5433720838934128,0.5657122657841417,0.158894817945901,21
WDBC,CART,42,1,0.9035087719298246,0.8946837994457042,0.9297412381264331,0.7696611101148404,0.7718519070736704,0.29976306696249766,30
WDBC,ACP-Gini,42,1,0.8859649122807017,0.8708496732026143,0.9154929577464788,0.6289605343319085,0.6463765925812064,0.19504760877298655,30
WDBC,Tree-global corr.,42,1,0.8859649122807017,0.8708496732026143,0.9102522109400589,0.63153097255376,0.6486751765289244,0.19395354535661996,30
WDBC,VIF@5,42,1,0.8596491228070176,0.8506387160170324,0.903701277432034,0.2195850214633943,0.25293000157582896,0.05305055007504095,12
WDBC,VIF@10,42,1,0.8947368421052632,0.881578947368421,0.9073042908614477,0.45828946890479066,0.4720009333718342,0.12389350308440451,17
WDBC,VIF@20,42,1,0.9122807017543859,0.9047778149014367,0.9118899443170652,0.46896424163383466,0.4897046067772287,0.12917506387614844,20
WDBC,Cluster@0.5,42,1,0.9210526315789473,0.912836632401665,0.9403865050769735,0.2540312283248094,0.2623372104623486,0.05866168358051537,10
WDBC,Cluster@0.6,42,1,0.9210526315789473,0.912836632401665,0.9421880117916803,0.26019668963789994,0.2686067325176944,0.061393400139076654,11
WDBC,Cluster@0.7,42,1,0.9210526315789473,0.912836632401665,0.9421880117916803,0.26019668963789994,0.2686067325176944,0.061393400139076654,13
WDBC,Cluster@0.8,42,1,0.8771929824561403,0.8652027027027027,0.9095971175892565,0.6331417879942388,0.6508525875024723,0.1980857361376668,16
WDBC,Cluster@0.9,42,1,0.8771929824561403,0.8652027027027027,0.9146740910579757,0.6339645652296524,0.6508199885092617,0.19796178858456012,20
WDBC,CART,42,2,0.9298245614035088,0.9220512820512821,0.9327050264550265,0.5888463550855364,0.6255042018973398,0.19137869058382792,30
WDBC,ACP-Gini,42,2,0.9649122807017544,0.9619111259605746,0.9766865079365079,0.380162308765716,0.3834265943035608,0.0842935119337607,30
WDBC,Tree-global corr.,42,2,0.9649122807017544,0.9619111259605746,0.9766865079365079,0.380162308765716,0.3834265943035608,0.0842935119337607,30
WDBC,VIF@5,42,2,0.9122807017543859,0.9047778149014367,0.9295634920634921,0.21785323282465707,0.2177452031770153,0.04771771156769175,13
WDBC,VIF@10,42,2,0.9473684210526315,0.9422297297297297,0.9837962962962963,0.5006403240090488,0.5083793831330651,0.13364074155863406,17
WDBC,VIF@20,42,2,0.9473684210526315,0.942866688940862,0.9695767195767196,0.5344450728095265,0.5396993783509156,0.1384125240114367,21
WDBC,Cluster@0.5,42,2,0.9473684210526315,0.9422297297297297,0.9381613756613757,0.4568944863136018,0.4570712260479692,0.11872253023042927,10
WDBC,Cluster@0.6,42,2,0.9473684210526315,0.9422297297297297,0.9381613756613757,0.4568944863136018,0.4570712260479692,0.11872253023042927,10
WDBC,Cluster@0.7,42,2,0.9473684210526315,0.9422297297297297,0.9495701058201058,0.46550915935762016,0.4642634685434658,0.12138180418766131,14
WDBC,Cluster@0.8,42,2,0.9298245614035088,0.9220512820512821,0.9459325396825398,0.4638601798292735,0.4665936824832228,0.12101279396848247,16
WDBC,Cluster@0.9,42,2,0.9298245614035088,0.9220512820512821,0.9221230158730158,0.5620308805639337,0.5983021892745233,0.17181994978016132,21
WDBC,CART,42,3,0.9298245614035088,0.9265700483091788,0.9606481481481481,0.7166163625754075,0.7040730874531911,0.22096429000036505,30
WDBC,ACP-Gini,42,3,0.9298245614035088,0.9265700483091788,0.9756944444444445,0.7029059737063265,0.6939700982142473,0.21596238887376643,30
WDBC,Tree-global corr.,42,3,0.9298245614035088,0.9265700483091788,0.9662698412698413,0.663055536377465,0.6571797792102879,0.18459793608983618,30
WDBC,VIF@5,42,3,0.8859649122807017,0.8791880655416973,0.9386574074074074,0.31466331471781755,0.33837097578020536,0.09492151175054389,13
WDBC,VIF@10,42,3,0.9298245614035088,0.9259740259740259,0.9614748677248678,0.4862802942703572,0.5276502828331813,0.1346363147997418,16
WDBC,VIF@20,42,3,0.9035087719298246,0.8994144541589797,0.9495701058201057,0.6220168386559641,0.6522030771865185,0.18877801843772749,21
WDBC,Cluster@0.5,42,3,0.9298245614035088,0.9265700483091788,0.9699074074074076,0.6876329423772524,0.6564727190822909,0.20016267507519486,9
WDBC,Cluster@0.6,42,3,0.9298245614035088,0.9265700483091788,0.9699074074074076,0.6876329423772524,0.6564727190822909,0.20016267507519486,10
WDBC,Cluster@0.7,42,3,0.8947368421052632,0.8906649616368286,0.9657738095238095,0.776176829168467,0.7766680488730514,0.2427555266824434,13
WDBC,Cluster@0.8,42,3,0.8947368421052632,0.8906649616368286,0.9657738095238095,0.7761768291684669,0.7766680488730513,0.24275552668244338,17
WDBC,Cluster@0.9,42,3,0.8947368421052632,0.8906649616368286,0.963128306878307,0.7665945050045818,0.7650605306111373,0.23656643967783927,21
WDBC,CART,42,4,0.9469026548672567,0.9425813008130082,0.9694835680751175,0.6293884879799336,0.6407488583840656,0.18212566056402174,30
WDBC,ACP-Gini,42,4,0.9469026548672567,0.9425813008130082,0.9557344064386318,0.6321856126318535,0.6432456019942796,0.1832569504177466,30
WDBC,Tree-global corr.,42,4,0.9380530973451328,0.9318866787221217,0.9361167002012072,0.6180021891221985,0.6165214576999221,0.17369292669493036,30
WDBC,VIF@5,42,4,0.9469026548672567,0.9425813008130082,0.9904426559356136,0.2374095633763143,0.29534202394311576,0.07386282109352431,13
WDBC,VIF@10,42,4,0.9469026548672567,0.943687707641196,0.9735077129443326,0.5186372269101001,0.5171122227287369,0.14036255617819693,17
WDBC,VIF@20,42,4,0.9380530973451328,0.9340008343763038,0.9656270959087861,0.5953712428453718,0.592336760979959,0.15495980924735692,21
WDBC,Cluster@0.5,42,4,0.9469026548672567,0.9425813008130082,0.9671361502347418,0.524278582727486,0.5594242392779347,0.15671488049250512,10
WDBC,Cluster@0.6,42,4,0.9469026548672567,0.9425813008130082,0.9671361502347418,0.524278582727486,0.5594242392779347,0.15671488049250512,10
WDBC,Cluster@0.7,42,4,0.9469026548672567,0.9425813008130082,0.9792085848423877,0.6306687146416311,0.6468500946443814,0.18514955612365347,14
WDBC,Cluster@0.8,42,4,0.9469026548672567,0.9425813008130082,0.9792085848423877,0.6306687146416311,0.6468500946443814,0.18514955612365347,17
WDBC,Cluster@0.9,42,4,0.9469026548672567,0.9425813008130082,0.9792085848423877,0.6306687146416311,0.6468500946443814,0.18514955612365347,21
WDBC,CART,43,0,0.9298245614035088,0.9246031746031746,0.9402227317392728,0.5952394387808934,0.6133083277991784,0.17845940774896626,30
WDBC,ACP-Gini,43,0,0.9298245614035088,0.9246031746031746,0.9400589584015723,0.5791278079383553,0.5966855342911092,0.16684076370078837,30
WDBC,Tree-global corr.,43,0,0.9385964912280702,0.9343480049362403,0.9412053717654766,0.5487817282623213,0.5646995992993518,0.15810257818474796,30
WDBC,VIF@5,43,0,0.9385964912280702,0.9322062696457395,0.9539796921061251,0.18209347248421046,0.2119923950272689,0.060754522258461056,12
WDBC,VIF@10,43,0,0.9736842105263158,0.9715828832571666,0.9864068129708484,0.5080807834679749,0.5134036400218377,0.13476098558487462,17
WDBC,VIF@20,43,0,0.9473684210526315,0.9434523809523809,0.9734687192924992,0.548658848410547,0.5554410349238813,0.1421042707886781,21
WDBC,Cluster@0.5,43,0,0.9473684210526315,0.9439895185063871,0.9561087454962331,0.54635162286387,0.5740334658809708,0.17007019464004364,10
WDBC,Cluster@0.6,43,0,0.9473684210526315,0.9439895185063871,0.9561087454962331,0.54635162286387,0.5740334658809708,0.17007019464004364,10
WDBC,Cluster@0.7,43,0,0.9298245614035088,0.9246031746031746,0.9402227317392728,0.581613030080656,0.6223018423309543,0.18191008283397425,14
WDBC,Cluster@0.8,43,0,0.9298245614035088,0.9246031746031746,0.9402227317392728,0.581613030080656,0.6223018423309543,0.18191008283397425,16
WDBC,Cluster@0.9,43,0,0.9298245614035088,0.9246031746031746,0.9402227317392728,0.581613030080656,0.6223018423309543,0.18191008283397425,21
WDBC,CART,43,1,0.9210526315789473,0.9155902920608803,0.9585653455617426,0.6518248208021722,0.6544888869535065,0.2456883256879357,30
WDBC,ACP-Gini,43,1,0.9385964912280702,0.933693394266722,0.9649525057320668,0.5876298768276845,0.5844926260737339,0.16611066079003894,30
WDBC,Tree-global corr.,43,1,0.9385964912280702,0.933693394266722,0.9711758925646905,0.5700644421861857,0.5719419780331674,0.15733036200990405,30
WDBC,VIF@5,43,1,0.8947368421052632,0.8920454545454546,0.9755977726826073,0.26894423034351544,0.31589170956123747,0.06826498003718841,13
WDBC,VIF@10,43,1,0.9385964912280702,0.9354943011882628,0.9611857189649525,0.47083178663407893,0.4715544861525877,0.12530777168141638,17
WDBC,VIF@20,43,1,0.9210526315789473,0.9170641015277665,0.947101211922699,0.47173263085097855,0.4738981938136917,0.12092036489073825,22
WDBC,Cluster@0.5,43,1,0.9298245614035088,0.9253193580085162,0.9331804782181461,0.5898113773657654,0.597403824821997,0.1698080511113975,10
WDBC,Cluster@0.6,43,1,0.9298245614035088,0.9253193580085162,0.9403865050769735,0.5728952936035193,0.5820902936015624,0.16631074377864133,11
WDBC,Cluster@0.7,43,1,0.9210526315789473,0.9163609684519443,0.9428431051424827,0.6313367645286931,0.6406577167731095,0.19757466886004996,14
WDBC,Cluster@0.8,43,1,0.9122807017543859,0.9066491975106452,0.929741238126433,0.5732675877409545,0.5813136738155498,0.1769446919728647,17
WDBC,Cluster@0.9,43,1,0.9122807017543859,0.9066491975106452,0.9258106780216181,0.6202089399728371,0.6251117163256694,0.18741226269733147,21
WDBC,CART,43,2,0.9122807017543859,0.9037162162162162,0.9161706349206349,0.6157359375824251,0.6360813364020808,0.18558020636977038,30
WDBC,ACP-Gini,43,2,0.9035087719298246,0.8921475875118259,0.91385582010582,0.5821798056278223,0.597743865618775,0.17163796985845511,30
WDBC,Tree-global corr.,43,2,0.8859649122807017,0.8755353993449231,0.9203042328042328,0.6038028709096077,0.6150162441286395,0.17616858036323166,30
WDBC,VIF@5,43,2,0.8596491228070176,0.8421052631578947,0.8958333333333333,0.2892450083634204,0.301051843022571,0.06676914196909502,13
WDBC,VIF@10,43,2,0.8947368421052632,0.881578947368421,0.9553571428571428,0.500836393005457,0.5040201996410067,0.13258636466983065,17
WDBC,VIF@20,43,2,0.8947368421052632,0.8830769230769231,0.9250992063492063,0.3966936726093359,0.4478353269816583,0.11129259767515737,21
WDBC,Cluster@0.5,43,2,0.8947368421052632,0.8879790370127743,0.9204695767195767,0.5241619209276814,0.5580174038489402,0.15154526750887148,9
WDBC,Cluster@0.6,43,2,0.8947368421052632,0.8879790370127743,0.9186507936507937,0.5170736893828795,0.5521022926528588,0.15049412690887531,10
WDBC,Cluster@0.7,43,2,0.8947368421052632,0.8879790370127743,0.9361772486772487,0.6320888818995776,0.6519581893197829,0.19025235732300572,13
WDBC,Cluster@0.8,43,2,0.8947368421052632,0.8869047619047619,0.9247685185185186,0.633849531101524,0.6532379828467682,0.1896339472317748,17
WDBC,Cluster@0.9,43,2,0.8947368421052632,0.8869047619047619,0.9323743386243386,0.6607574537527755,0.6777459222610082,0.19505087439472252,21
WDBC,CART,43,3,0.9298245614035088,0.922972972972973,0.9680886243386244,0.6372661531290542,0.6635276485351074,0.19201841199356817,30
WDBC,ACP-Gini,43,3,0.9122807017543859,0.9066491975106452,0.9743716931216931,0.6087824100502781,0.6412921130499785,0.18271575348252256,30
WDBC,Tree-global corr.,43,3,0.9122807017543859,0.9074675324675325,0.9755291005291007,0.6100280957019385,0.631747530392989,0.17415097609969102,30
WDBC,VIF@5,43,3,0.9298245614035088,0.9238222519211494,0.9717261904761905,0.2506477168964607,0.2766018287853813,0.07016941802988212,13
WDBC,VIF@10,43,3,0.9210526315789473,0.9147486497714998,0.9403108465608466,0.23206577975574708,0.25083005104461586,0.06465134564097558,16
WDBC,VIF@20,43,3,0.9210526315789473,0.9155902920608803,0.970734126984127,0.6555886693503413,0.6767909269114074,0.19511742406614555,19
WDBC,Cluster@0.5,43,3,0.9385964912280702,0.9343480049362403,0.9783399470899471,0.6296424291359938,0.6566543477074093,0.18585920151584823,9
WDBC,Cluster@0.6,43,3,0.9122807017543859,0.9074675324675325,0.9738756613756614,0.6018416681829415,0.6304232147331991,0.1749372267538619,10
WDBC,Cluster@0.7,43,3,0.9210526315789473,0.9155902920608803,0.9814814814814816,0.5932412976164548,0.6267818860959187,0.17012698382991015,13
WDBC,Cluster@0.8,43,3,0.9210526315789473,0.9155902920608803,0.9814814814814816,0.5932412976164548,0.6267818860959187,0.17012698382991015,16
WDBC,Cluster@0.9,43,3,0.9122807017543859,0.9066491975106452,0.9728835978835979,0.6121171357352043,0.6482565866370482,0.18756270418205206,20
WDBC,CART,43,4,0.9646017699115044,0.9627799736495388,0.9750167672702884,0.6564743320408203,0.6555328693481542,0.21487634107931328,30
WDBC,ACP-Gini,43,4,0.9734513274336283,0.9717146433041302,0.9788732394366197,0.6457708472568591,0.6421466133148236,0.1870573247139592,30
WDBC,Tree-global corr.,43,4,0.9469026548672567,0.943687707641196,0.9706572769953051,0.5217720468794066,0.5299498422922877,0.1394756751877619,30
WDBC,VIF@5,43,4,0.9734513274336283,0.9719672537831804,0.9926224010731053,0.3009669709905138,0.3282962138028061,0.08877733831955827,13
WDBC,VIF@10,43,4,0.9557522123893806,0.9536619371770688,0.9785378940308518,0.23874720187347157,0.26137095782516534,0.08411787352916937,16
WDBC,VIF@20,43,4,0.9557522123893806,0.9528577388402169,0.9644533869885983,0.5072880214681329,0.5134688310129498,0.1362896494820951,21
WDBC,Cluster@0.5,43,4,0.9380530973451328,0.9345902588274209,0.9683098591549295,0.4765061449570196,0.49393076937567076,0.13769868965563173,10
WDBC,Cluster@0.6,43,4,0.9380530973451328,0.9345902588274209,0.9683098591549295,0.4765061449570196,0.49393076937567076,0.13769868965563173,10
WDBC,Cluster@0.7,43,4,0.9292035398230089,0.9255599472990776,0.9671361502347418,0.517761369159998,0.5412350855985657,0.15441546112187737,14
WDBC,Cluster@0.8,43,4,0.9380530973451328,0.9345902588274209,0.9617706237424548,0.519508655785241,0.528267207726639,0.1434806558820812,17
WDBC,Cluster@0.9,43,4,0.9380530973451328,0.9345902588274209,0.9654594232059022,0.5700478434331516,0.5895099555463271,0.15976632618922498,21
WDBC,CART,44,0,0.9473684210526315,0.9439895185063871,0.9572551588601376,0.5620138828238765,0.567527369248374,0.16031103961282217,30
WDBC,ACP-Gini,44,0,0.9385964912280702,0.9349474199070678,0.9569276121847363,0.5415155486561302,0.550994724112018,0.15664380048095372,30
WDBC,Tree-global corr.,44,0,0.9385964912280702,0.9349474199070678,0.9533245987553227,0.5543574667084147,0.5578916524204013,0.16196597412984884,30
WDBC,VIF@5,44,0,0.8771929824561403,0.8666889408620113,0.8946937438584999,0.26572397586390695,0.2785334922788746,0.06027410050129001,13
WDBC,VIF@10,44,0,0.9210526315789473,0.9147486497714998,0.9513593187029151,0.5291318217436305,0.5295261144546639,0.14074723417627075,17
WDBC,VIF@20,44,0,0.9385964912280702,0.9329805996472662,0.9577464788732394,0.5543907920727359,0.5512382951069472,0.14214338678360983,21
WDBC,Cluster@0.5,44,0,0.9473684210526315,0.9439895185063871,0.9518506387160169,0.5516700958734633,0.5611331226768449,0.15752162082877588,10
WDBC,Cluster@0.6,44,0,0.9473684210526315,0.9439895185063871,0.9518506387160169,0.5516700958734633,0.5611331226768449,0.15752162082877588,10
WDBC,Cluster@0.7,44,0,0.9473684210526315,0.9439895185063871,0.9582377988863413,0.5559522118010812,0.5606612858228934,0.15725609727972836,14
WDBC,Cluster@0.8,44,0,0.9473684210526315,0.9439895185063871,0.9579102522109401,0.5582956464309207,0.5638826962382477,0.15739438778363113,17
WDBC,Cluster@0.9,44,0,0.9473684210526315,0.9439895185063871,0.9579102522109401,0.5582956464309208,0.5638826962382478,0.15739438778363118,21
WDBC,CART,44,1,0.9473684210526315,0.9439895185063871,0.9814936128398296,0.5713968833451434,0.5871302260453014,0.17582876294342073,30
WDBC,ACP-Gini,44,1,0.9385964912280702,0.9343480049362403,0.9489027186374057,0.47830286596413146,0.5384087855485387,0.15499454302653107,30
WDBC,Tree-global corr.,44,1,0.9385964912280702,0.9343480049362403,0.9493940386505078,0.39036065916175977,0.45352265610597764,0.13308388218758782,30
WDBC,VIF@5,44,1,0.9035087719298246,0.8968325791855204,0.9233540779561087,0.3298822626646441,0.3586731295688896,0.09928831319279587,13
WDBC,VIF@10,44,1,0.9122807017543859,0.9074675324675325,0.9502129053390108,0.2596862671559994,0.29192039626900973,0.09631236036472295,16
WDBC,VIF@20,44,1,0.9035087719298246,0.8977745169968208,0.9331804782181461,0.44816996985811136,0.47276360080375357,0.1181003381549295,21
WDBC,Cluster@0.5,44,1,0.9736842105263158,0.9718634306869601,0.9977071732721913,0.5007804578615009,0.5471944644531364,0.14918046317293648,9
WDBC,Cluster@0.6,44,1,0.9736842105263158,0.9718634306869601,0.9977071732721913,0.5007804578615009,0.5471944644531364,0.14918046317293648,10
WDBC,Cluster@0.7,44,1,0.956140350877193,0.9535338713621913,0.9877169996724533,0.5355385271883037,0.5639828748574262,0.16002147958869978,13
WDBC,Cluster@0.8,44,1,0.956140350877193,0.9535338713621913,0.9877169996724533,0.5355385271883037,0.5639828748574262,0.16002147958869978,17
WDBC,Cluster@0.9,44,1,0.956140350877193,0.9535338713621913,0.9877169996724533,0.575569961276341,0.5957711837221435,0.16880737268845605,21
WDBC,CART,44,2,0.956140350877193,0.9531057178116001,0.9639550264550265,0.6838023132594118,0.6675807044538506,0.20871854765656936,30
WDBC,ACP-Gini,44,2,0.956140350877193,0.9531057178116001,0.9654431216931217,0.6410428481040524,0.6225499466740303,0.19376672896220795,30
WDBC,Tree-global corr.,44,2,0.9473684210526315,0.9434523809523809,0.9593253968253969,0.6030438448563635,0.5842674901184851,0.16577968653227967,30
WDBC,VIF@5,44,2,0.8771929824561403,0.8714975845410629,0.949074074074074,0.271781084667969,0.27764875935142264,0.06823541437491817,13
WDBC,VIF@10,44,2,0.9298245614035088,0.9253193580085162,0.9636243386243387,0.6309320018835174,0.6117043033090391,0.17018185003498387,17
WDBC,VIF@20,44,2,0.9298245614035088,0.9259740259740259,0.9702380952380952,0.5986598871352585,0.5840488991966925,0.15899042486712522,21
WDBC,Cluster@0.5,44,2,0.9298245614035088,0.9246031746031746,0.9451058201058201,0.6122772731486429,0.6021871233901164,0.1792305589885277,10
WDBC,Cluster@0.6,44,2,0.9298245614035088,0.9246031746031746,0.9451058201058201,0.6122772731486429,0.6021871233901164,0.1792305589885277,10
WDBC,Cluster@0.7,44,2,0.9385964912280702,0.9343480049362403,0.9666005291005292,0.6800230302901719,0.6753132644596969,0.2009615558597028,14
WDBC,Cluster@0.8,44,2,0.9649122807017544,0.9626596790042581,0.9790013227513228,0.7043691566848072,0.7159977238389572,0.21499779989618023,17
WDBC,Cluster@0.9,44,2,0.9649122807017544,0.9626596790042581,0.9790013227513228,0.7043691566848072,0.7159977238389572,0.21499779989618023,21
WDBC,CART,44,3,0.956140350877193,0.9526381387619444,0.9647817460317462,0.6181002020251355,0.6144163724236964,0.1759180270516152,30
WDBC,ACP-Gini,44,3,0.956140350877193,0.9526381387619444,0.9647817460317462,0.5346086570901585,0.5602705333829017,0.15428763406758467,30
WDBC,Tree-global corr.,44,3,0.956140350877193,0.9526381387619444,0.9647817460317462,0.5346086570901585,0.5602705333829017,0.15428763406758467,30
WDBC,VIF@5,44,3,0.8771929824561403,0.8693088765149034,0.9131944444444444,0.22813562191349687,0.2713151681697946,0.05735661357617115,12
WDBC,VIF@10,44,3,0.9385964912280702,0.9329805996472662,0.9649470899470899,0.5315294244597881,0.5282485553793625,0.14214454391624667,17
WDBC,VIF@20,44,3,0.9385964912280702,0.9329805996472662,0.9712301587301588,0.5345815170728936,0.5350666949048682,0.14401689916272717,20
WDBC,Cluster@0.5,44,3,0.9649122807017544,0.9623015873015872,0.964781746031746,0.3636954643778052,0.4255817848976628,0.10099906894436823,9
WDBC,Cluster@0.6,44,3,0.9649122807017544,0.9619111259605746,0.9718915343915344,0.3978395711635712,0.46049895139259744,0.1157591185351574,11
WDBC,Cluster@0.7,44,3,0.956140350877193,0.9531057178116001,0.9732142857142857,0.5140350181107853,0.5467336669240636,0.1455521115562312,13
WDBC,Cluster@0.8,44,3,0.956140350877193,0.9531057178116001,0.9666005291005292,0.5108888005213584,0.5428253697907423,0.1444891664710441,16
WDBC,Cluster@0.9,44,3,0.956140350877193,0.9531057178116001,0.966765873015873,0.6133056947403684,0.610527226758212,0.17064710877122716,21
WDBC,CART,44,4,0.911504424778761,0.9052649228705567,0.9248826291079812,0.64042368014524,0.6495710220512908,0.23006770876260668,30
WDBC,ACP-Gini,44,4,0.9292035398230089,0.9249169435215947,0.9595908786049632,0.6058861826832721,0.6197039211485906,0.19316006707886305,30
WDBC,Tree-global corr.,44,4,0.9380530973451328,0.9345902588274209,0.9483568075117372,0.6060975534842359,0.622653859658567,0.17562562394543005,30
WDBC,VIF@5,44,4,0.9557522123893806,0.9518944231587909,0.9518779342723005,0.26721603654512677,0.27925553109348894,0.06693642849070951,13
WDBC,VIF@10,44,4,0.9646017699115044,0.9627799736495388,0.9849094567404426,0.5008960723063343,0.4983689144262464,0.13235763540836953,17
WDBC,VIF@20,44,4,0.9292035398230089,0.9255599472990776,0.9684775318578137,0.6083785709293512,0.6615689737281432,0.1756266000227244,20
WDBC,Cluster@0.5,44,4,0.9380530973451328,0.9340008343763038,0.9496981891348089,0.5849138856247565,0.5987387755949658,0.17390963747309518,10
WDBC,Cluster@0.6,44,4,0.9380530973451328,0.9340008343763038,0.9496981891348089,0.5849138856247565,0.5987387755949658,0.17390963747309518,10
WDBC,Cluster@0.7,44,4,0.9292035398230089,0.9249169435215947,0.949027498323273,0.6090327433385698,0.6225743002661148,0.1819773491361089,14
WDBC,Cluster@0.8,44,4,0.9292035398230089,0.9249169435215947,0.949027498323273,0.6090327433385698,0.6225743002661149,0.1819773491361089,16
WDBC,Cluster@0.9,44,4,0.9292035398230089,0.9249169435215947,0.9567404426559357,0.6101889425925142,0.6200273579145974,0.18093811593899603,21
Wine,CART,42,0,0.7330769230769231,0.7085674452199182,0.7828583873999861,0.15867026951797755,0.15205880357884213,0.032844825186129516,11
Wine,ACP-Gini,42,0,0.7315384615384616,0.7093751341185393,0.7892279358383578,0.10544446070280433,0.10305409674749065,0.023610816168862604,11
Wine,Tree-global corr.,42,0,0.74,0.7176172396153322,0.7974888618874039,0.13110948349211754,0.128731206756427,0.029460578335087622,11
Wine,VIF@5,42,0,0.7338461538461538,0.7075232459847844,0.7840479811295281,0.15420668311218136,0.14974079091064882,0.03144333704640214,10
Wine,VIF@10,42,0,0.7338461538461538,0.7075232459847844,0.7840479811295281,0.15420668311218136,0.14974079091064882,0.03144333704640214,10
Wine,VIF@20,42,0,0.7330769230769231,0.7085674452199182,0.7828583873999861,0.15867026951797755,0.15205880357884213,0.032844825186129516,11
Wine,Cluster@0.5,42,0,0.73,0.7034469177781721,0.781517228730599,0.141364094725095,0.13346347504415063,0.028650587589762095,9
Wine,Cluster@0.6,42,0,0.73,0.7034469177781721,0.781517228730599,0.141364094725095,0.13346347504415063,0.028650587589762095,9
Wine,Cluster@0.7,42,0,0.7292307692307692,0.703347197875717,0.7795749049216574,0.1557620694299992,0.14820235262043027,0.03251704974125538,10
Wine,Cluster@0.8,42,0,0.7330769230769231,0.7085674452199182,0.7828583873999861,0.15867026951797755,0.15205880357884213,0.032844825186129516,11
Wine,Cluster@0.9,42,0,0.7330769230769231,0.7085674452199182,0.7828583873999861,0.15867026951797755,0.15205880357884213,0.032844825186129516,11
Wine,CART,42,1,0.7476923076923077,0.7254523211641234,0.7919331789663526,0.1718210242468791,0.17466228529468944,0.03685291311333971,11
Wine,ACP-Gini,42,1,0.7384615384615385,0.7128855907541365,0.8032215828474338,0.11285770967345177,0.10564267723156966,0.023932626843551467,11
Wine,Tree-global corr.,42,1,0.74,0.7115919807605465,0.7972124787618036,0.11748318317386128,0.1106342900245428,0.0247669048780153,11
Wine,VIF@5,42,1,0.75,0.7283501499057101,0.7980148813845138,0.15980827681998316,0.1613527285484312,0.033432494258048596,10
Wine,VIF@10,42,1,0.75,0.7283501499057101,0.7980148813845138,0.15980827681998316,0.1613527285484312,0.033432494258048596,10
Wine,VIF@20,42,1,0.7476923076923077,0.7254523211641234,0.7919331789663526,0.1718210242468791,0.17466228529468944,0.03685291311333971,11
Wine,Cluster@0.5,42,1,0.7415384615384616,0.7182160910998088,0.7938296511968537,0.13538857770781995,0.12227782835216935,0.02996361434247851,9
Wine,Cluster@0.6,42,1,0.7415384615384616,0.7182160910998088,0.7938296511968537,0.13538857770781995,0.12227782835216935,0.02996361434247851,9
Wine,Cluster@0.7,42,1,0.7438461538461538,0.7197766239718184,0.797604764488462,0.15221953441397756,0.14086629053698443,0.034788456317325134,10
Wine,Cluster@0.8,42,1,0.7476923076923077,0.7254523211641234,0.7919331789663526,0.1718210242468791,0.17466228529468944,0.03685291311333971,11
Wine,Cluster@0.9,42,1,0.7476923076923077,0.7254523211641234,0.7919331789663526,0.1718210242468791,0.17466228529468944,0.03685291311333971,11
Wine,CART,42,2,0.7598152424942263,0.7408975834292291,0.8019403510382714,0.17827269051936787,0.17327723837838027,0.03603425669318911,11
Wine,ACP-Gini,42,2,0.7513471901462664,0.7318827197375426,0.799352961279693,0.1230468549755798,0.11932335761738229,0.024672408088672066,11
Wine,Tree-global corr.,42,2,0.7474980754426482,0.7231817543932597,0.7914862252419063,0.12918415279824488,0.11907113274055871,0.028893538525178824,11
Wine,VIF@5,42,2,0.7590454195535027,0.7397151883540268,0.7968510102169377,0.17234300864424074,0.16750403875244393,0.03449794696330129,10
Wine,VIF@10,42,2,0.7590454195535027,0.7397151883540268,0.7968510102169377,0.17234300864424074,0.16750403875244393,0.03449794696330129,10
Wine,VIF@20,42,2,0.7598152424942263,0.7408975834292291,0.8019403510382714,0.17827269051936787,0.17327723837838027,0.03603425669318911,11
Wine,Cluster@0.5,42,2,0.7513471901462664,0.7304108247657831,0.7779588568047457,0.14845648176345838,0.13841139619710477,0.03195864668489971,9
Wine,Cluster@0.6,42,2,0.7513471901462664,0.7304108247657831,0.7779588568047457,0.14845648176345838,0.13841139619710477,0.03195864668489971,9
Wine,Cluster@0.7,42,2,0.7498075442648191,0.7289929843413889,0.7755550964819662,0.15896268689685694,0.1494390533027723,0.034698231591703925,10
Wine,Cluster@0.8,42,2,0.7598152424942263,0.7408975834292291,0.8019403510382714,0.17827269051936787,0.17327723837838027,0.03603425669318911,11
Wine,Cluster@0.9,42,2,0.7598152424942263,0.7408975834292291,0.8019403510382714,0.17827269051936787,0.17327723837838027,0.03603425669318911,11
Wine,CART,42,3,0.7467282525019245,0.7266569747175722,0.8065553158171254,0.1646053483672142,0.1643797786339128,0.03344518035313837,11
Wine,ACP-Gini,42,3,0.7390300230946882,0.722835086747587,0.8045710977469688,0.12194625932154944,0.11709010308897635,0.02539822246740207,11
Wine,Tree-global corr.,42,3,0.7490377213240954,0.7245934007616908,0.8048847980331246,0.13251329742085066,0.13162726653653778,0.0293652559051616,11
Wine,VIF@5,42,3,0.7490377213240954,0.729271192942079,0.8097637301259392,0.15616964310755652,0.1585187075494679,0.031103712662168933,10
Wine,VIF@10,42,3,0.7490377213240954,0.729271192942079,0.8097637301259392,0.15616964310755652,0.1585187075494679,0.031103712662168933,10
Wine,VIF@20,42,3,0.7467282525019245,0.7266569747175722,0.8065553158171254,0.1646053483672142,0.1643797786339128,0.03344518035313837,11
Wine,Cluster@0.5,42,3,0.745958429561201,0.7264376589031725,0.8043084056374236,0.14724086397126745,0.150662921492558,0.02934099623265139,9
Wine,Cluster@0.6,42,3,0.745958429561201,0.7264376589031725,0.8043084056374236,0.14724086397126745,0.150662921492558,0.02934099623265139,9
Wine,Cluster@0.7,42,3,0.7444187836797537,0.7247797053207674,0.8002417787571348,0.16835981296415548,0.16976206189037113,0.03425554023043742,10
Wine,Cluster@0.8,42,3,0.7467282525019245,0.7266569747175722,0.8065553158171254,0.1646053483672142,0.1643797786339128,0.03344518035313837,11
Wine,Cluster@0.9,42,3,0.7467282525019245,0.7266569747175722,0.8065553158171254,0.1646053483672142,0.1643797786339128,0.03344518035313837,11
Wine,CART,42,4,0.7344110854503464,0.7163247388779839,0.788654951652593,0.17435524409250952,0.17488909143872497,0.035948266446333164,11
Wine,ACP-Gini,42,4,0.7421093148575828,0.725448122745664,0.7912676006003859,0.11858884924631274,0.11300875165741689,0.02540803537434452,11
Wine,Tree-global corr.,42,4,0.74364896073903,0.7307805532302886,0.7984431318092242,0.13107814286661554,0.12705577101297358,0.030521195824657683,11
Wine,VIF@5,42,4,0.7344110854503464,0.7163247388779839,0.7853007545667113,0.16870588080788876,0.1691781298218013,0.03459392390787892,10
Wine,VIF@10,42,4,0.7344110854503464,0.7163247388779839,0.7853007545667113,0.16870588080788876,0.1691781298218013,0.03459392390787892,10
Wine,VIF@20,42,4,0.7344110854503464,0.7163247388779839,0.788654951652593,0.17435524409250952,0.17488909143872497,0.035948266446333164,11
Wine,Cluster@0.5,42,4,0.7359507313317937,0.721073794244526,0.7824851690372382,0.15090899823845785,0.14684250601128576,0.030174745741457128,9
Wine,Cluster@0.6,42,4,0.7359507313317937,0.721073794244526,0.7824851690372382,0.15090899823845785,0.14684250601128576,0.030174745741457128,9
Wine,Cluster@0.7,42,4,0.7359507313317937,0.721073794244526,0.7855994159510706,0.1627115500948612,0.15926854229065962,0.03282846655246086,10
Wine,Cluster@0.8,42,4,0.7344110854503464,0.7163247388779839,0.788654951652593,0.17435524409250952,0.17488909143872497,0.035948266446333164,11
Wine,Cluster@0.9,42,4,0.7344110854503464,0.7163247388779839,0.788654951652593,0.17435524409250952,0.17488909143872497,0.035948266446333164,11
Wine,CART,43,0,0.7346153846153847,0.7180619509358646,0.8047932730639809,0.16913541295424964,0.16965600293563982,0.03565414673847311,11
Wine,ACP-Gini,43,0,0.7461538461538462,0.7326663077291218,0.8123778883310279,0.10714046355018766,0.1015371979424162,0.023370538019118748,11
Wine,Tree-global corr.,43,0,0.7615384615384615,0.7366013071895425,0.8133000145196666,0.12619577535531723,0.10797907323003451,0.03022540786815271,11
Wine,VIF@5,43,0,0.7369230769230769,0.7180908804999544,0.8062707128137332,0.15868638430751436,0.15995461029501581,0.03318488797701376,10
Wine,VIF@10,43,0,0.7369230769230769,0.7180908804999544,0.8062707128137332,0.15868638430751436,0.15995461029501581,0.03318488797701376,10
Wine,VIF@20,43,0,0.7346153846153847,0.7180619509358646,0.8047932730639809,0.16913541295424964,0.16965600293563982,0.03565414673847311,11
Wine,Cluster@0.5,43,0,0.7307692307692307,0.712464990242768,0.8015008750009553,0.14196248768234623,0.13912790207622075,0.029032256182632114,9
Wine,Cluster@0.6,43,0,0.7307692307692307,0.712464990242768,0.8015008750009553,0.14196248768234623,0.13912790207622075,0.029032256182632114,9
Wine,Cluster@0.7,43,0,0.7261538461538461,0.7072923913730946,0.7994337330062588,0.14254507763577104,0.1385793008980124,0.028979329840115246,10
Wine,Cluster@0.8,43,0,0.7346153846153847,0.7180619509358646,0.8047932730639809,0.16913541295424964,0.16965600293563982,0.03565414673847311,11
Wine,Cluster@0.9,43,0,0.7346153846153847,0.7180619509358646,0.8047932730639809,0.16913541295424964,0.16965600293563982,0.03565414673847311,11
Wine,CART,43,1,0.7384615384615385,0.7241610001098363,0.788905701134317,0.16947669123088216,0.16476171821079802,0.03616655239138509,11
Wine,ACP-Gini,43,1,0.7430769230769231,0.728420636528988,0.7988682302054915,0.12357528308946257,0.11851111061269981,0.026720988711172764,11
Wine,Tree-global corr.,43,1,0.7246153846153847,0.6958169934640523,0.7790578010092442,0.12127597362552575,0.11945699010441262,0.027950974651434556,11
Wine,VIF@5,43,1,0.7338461538461538,0.7199078398405878,0.7865137771256664,0.15018406594515019,0.14397645944220167,0.03143508898774856,10
Wine,VIF@10,43,1,0.7338461538461538,0.7199078398405878,0.7865137771256664,0.15018406594515019,0.14397645944220167,0.03143508898774856,10
Wine,VIF@20,43,1,0.7384615384615385,0.7241610001098363,0.788905701134317,0.16947669123088216,0.16476171821079802,0.03616655239138509,11
Wine,Cluster@0.5,43,1,0.7415384615384616,0.7274061648144265,0.7951313265625836,0.13387428646021682,0.128793831797564,0.02841580717683834,9
Wine,Cluster@0.6,43,1,0.7415384615384616,0.7274061648144265,0.7951313265625836,0.13387428646021682,0.128793831797564,0.02841580717683834,9
Wine,Cluster@0.7,43,1,0.7461538461538462,0.7316730839957069,0.7976238693128122,0.15153102927637618,0.14795409282082764,0.032635030059958214,10
Wine,Cluster@0.8,43,1,0.7384615384615385,0.7241610001098363,0.788905701134317,0.16947669123088216,0.16476171821079802,0.03616655239138509,11
Wine,Cluster@0.9,43,1,0.7384615384615385,0.7241610001098363,0.788905701134317,0.16947669123088216,0.16476171821079802,0.03616655239138509,11
Wine,CART,43,2,0.745958429561201,0.7164580908032596,0.794880819395349,0.15406380476846457,0.15539559910523296,0.031149117905903714,11
Wine,ACP-Gini,43,2,0.7621247113163973,0.7418549686315241,0.7984756206419891,0.10683438679148763,0.10530283890359397,0.02195161225337857,11
Wine,Tree-global corr.,43,2,0.7582755966127791,0.7310934895888273,0.7853767208883584,0.11573373370123644,0.11050492217953317,0.02342317497681676,11
Wine,VIF@5,43,2,0.7505773672055427,0.7251648190908047,0.7978711737491518,0.1457439238042828,0.14689411330401703,0.029324790378095603,10
Wine,VIF@10,43,2,0.7505773672055427,0.7251648190908047,0.7978711737491518,0.1457439238042828,0.14689411330401703,0.029324790378095603,10
Wine,VIF@20,43,2,0.745958429561201,0.7164580908032596,0.794880819395349,0.15406380476846457,0.15539559910523296,0.031149117905903714,11
Wine,Cluster@0.5,43,2,0.7498075442648191,0.7212161033318035,0.8002532555968722,0.14727960638696155,0.14184060264229906,0.03179423003506168,9
Wine,Cluster@0.6,43,2,0.7498075442648191,0.7212161033318035,0.8002532555968722,0.14727960638696155,0.14184060264229906,0.03179423003506168,9
Wine,Cluster@0.7,43,2,0.75211701308699,0.7224020026865308,0.8010273046769395,0.1603883450633841,0.15662769597810822,0.034842666652989684,10
Wine,Cluster@0.8,43,2,0.745958429561201,0.7164580908032596,0.794880819395349,0.15406380476846457,0.15539559910523296,0.031149117905903714,11
Wine,Cluster@0.9,43,2,0.745958429561201,0.7164580908032596,0.794880819395349,0.15406380476846457,0.15539559910523296,0.031149117905903714,11
Wine,CART,43,3,0.7405696689761355,0.7142846886595112,0.8027539314552123,0.17920938047565127,0.17587975703422942,0.03752296931779707,11
Wine,ACP-Gini,43,3,0.7244033872209392,0.7047682290740844,0.8014340948854102,0.13049867124023692,0.1255432381643878,0.02842664486197947,11
Wine,Tree-global corr.,43,3,0.7397998460354118,0.7239784243216738,0.7982409830295796,0.13853448139101296,0.12849355590576192,0.030070736951801152,11
Wine,VIF@5,43,3,0.7421093148575828,0.7150944643875445,0.8040648415941076,0.17057399029741363,0.1679337682784417,0.035307490117241186,10
Wine,VIF@10,43,3,0.7421093148575828,0.7150944643875445,0.8040648415941076,0.17057399029741363,0.1679337682784417,0.035307490117241186,10
Wine,VIF@20,43,3,0.7405696689761355,0.7142846886595112,0.8027539314552123,0.17920938047565127,0.17587975703422942,0.03752296931779707,11
Wine,Cluster@0.5,43,3,0.7382602001539645,0.7144641499480209,0.8022464000979357,0.14958245283297777,0.1360148820238648,0.033074501220154956,9
Wine,Cluster@0.6,43,3,0.7382602001539645,0.7144641499480209,0.8022464000979357,0.14958245283297777,0.1360148820238648,0.033074501220154956,9
Wine,Cluster@0.7,43,3,0.7336412625096228,0.712403186092583,0.8030332012221559,0.16000568614037697,0.14684130020441982,0.03524907377339266,10
Wine,Cluster@0.8,43,3,0.7405696689761355,0.7142846886595112,0.8027539314552123,0.17920938047565127,0.17587975703422942,0.03752296931779707,11
Wine,Cluster@0.9,43,3,0.7405696689761355,0.7142846886595112,0.8027539314552123,0.17920938047565127,0.17587975703422942,0.03752296931779707,11
Wine,CART,43,4,0.7428791377983064,0.7133382490525347,0.7752011497186967,0.16696914970449533,0.16683108629349838,0.036800755948123785,11
Wine,ACP-Gini,43,4,0.7451886066204773,0.7190819196581699,0.7861010139171101,0.12196331622148973,0.11264251785556989,0.02706973399022918,11
Wine,Tree-global corr.,43,4,0.7382602001539645,0.7058815694840308,0.7798840070657668,0.12059947421041815,0.10593359885266289,0.027348767376790973,11
Wine,VIF@5,43,4,0.737490377213241,0.7074913576496769,0.779734676373587,0.1525991405588672,0.15234463940178816,0.03298962602678797,10
Wine,VIF@10,43,4,0.737490377213241,0.7074913576496769,0.779734676373587,0.1525991405588672,0.15234463940178816,0.03298962602678797,10
Wine,VIF@20,43,4,0.7428791377983064,0.7133382490525347,0.7752011497186967,0.16696914970449533,0.16683108629349838,0.036800755948123785,11
Wine,Cluster@0.5,43,4,0.7305619707467282,0.6999358490366796,0.7708182300866883,0.14065790424542535,0.1381792238392564,0.03235806311097218,9
Wine,Cluster@0.6,43,4,0.7305619707467282,0.6999358490366796,0.7708182300866883,0.14065790424542535,0.1381792238392564,0.03235806311097218,9
Wine,Cluster@0.7,43,4,0.7367205542725174,0.7058205753032791,0.7652712968541,0.14686559884589223,0.143236524058599,0.03400723194098752,10
Wine,Cluster@0.8,43,4,0.7428791377983064,0.7133382490525347,0.7752011497186967,0.16696914970449533,0.16683108629349838,0.036800755948123785,11
Wine,Cluster@0.9,43,4,0.7428791377983064,0.7133382490525347,0.7752011497186967,0.16696914970449533,0.16683108629349838,0.036800755948123785,11
Wine,CART,44,0,0.7546153846153846,0.7299340757812668,0.7979117153330225,0.14231797087159848,0.1349172640577668,0.03053926742492483,11
Wine,ACP-Gini,44,0,0.7630769230769231,0.7396449704142012,0.8088562323757996,0.10748744373873625,0.09892449675262469,0.025362725749740637,11
Wine,Tree-global corr.,44,0,0.7576923076923077,0.7393338531803497,0.8032113936077804,0.11886057730120049,0.10634578818100734,0.026746960032556652,11
Wine,VIF@5,44,0,0.7546153846153846,0.7299340757812668,0.7979117153330225,0.14231797087159848,0.1349172640577668,0.03053926742492483,10
Wine,VIF@10,44,0,0.7546153846153846,0.7299340757812668,0.7979117153330225,0.14231797087159848,0.1349172640577668,0.03053926742492483,10
Wine,VIF@20,44,0,0.7546153846153846,0.7299340757812668,0.7979117153330225,0.14231797087159848,0.1349172640577668,0.03053926742492483,11
Wine,Cluster@0.5,44,0,0.7584615384615384,0.7303118393234672,0.7933316521087906,0.1348517011063678,0.12183676469965317,0.031103367938197353,9
Wine,Cluster@0.6,44,0,0.7584615384615384,0.7303118393234672,0.7933316521087906,0.1348517011063678,0.12183676469965317,0.031103367938197353,9
Wine,Cluster@0.7,44,0,0.76,0.732620320855615,0.7899793922628009,0.14175258711759955,0.13024722481329096,0.032929353936491775,10
Wine,Cluster@0.8,44,0,0.7546153846153846,0.7299340757812668,0.7979117153330225,0.14231797087159848,0.1349172640577668,0.03053926742492483,11
Wine,Cluster@0.9,44,0,0.7546153846153846,0.7299340757812668,0.7979117153330225,0.14231797087159848,0.1349172640577668,0.03053926742492483,11
Wine,CART,44,1,0.7507692307692307,0.7168403361344537,0.8054784994306762,0.15457760023590453,0.14353482977913512,0.03339157445903242,11
Wine,ACP-Gini,44,1,0.7607692307692308,0.7347723719799442,0.8099439337088068,0.12406825567915329,0.11633217304196877,0.02857848675606468,11
Wine,Tree-global corr.,44,1,0.7507692307692307,0.7258412222326366,0.8079162750177675,0.10711269708816244,0.09696192356247388,0.025816674168031815,11
Wine,VIF@5,44,1,0.75,0.7161379441937277,0.8096700978931198,0.14724733625967487,0.13656207289204403,0.031725935197308354,10
Wine,VIF@10,44,1,0.75,0.7161379441937277,0.8096700978931198,0.14724733625967487,0.13656207289204403,0.031725935197308354,10
Wine,VIF@20,44,1,0.7507692307692307,0.7168403361344537,0.8054784994306762,0.15457760023590453,0.14353482977913512,0.03339157445903242,11
Wine,Cluster@0.5,44,1,0.7530769230769231,0.718950343853108,0.8091619095654035,0.12210246147783949,0.10617802808795516,0.028990410493634537,9
Wine,Cluster@0.6,44,1,0.7530769230769231,0.718950343853108,0.8091619095654035,0.12210246147783949,0.10617802808795516,0.028990410493634537,9
Wine,Cluster@0.7,44,1,0.7530769230769231,0.718950343853108,0.8091619095654035,0.12210246147783949,0.10617802808795516,0.028990410493634537,9
Wine,Cluster@0.8,44,1,0.7507692307692307,0.7168403361344537,0.8054784994306762,0.15457760023590453,0.14353482977913512,0.03339157445903242,11
Wine,Cluster@0.9,44,1,0.7507692307692307,0.7168403361344537,0.8054784994306762,0.15457760023590453,0.14353482977913512,0.03339157445903242,11
Wine,CART,44,2,0.7729022324865281,0.754235565215551,0.8242946844379153,0.16992270071691662,0.1677643000085204,0.036043183487669286,11
Wine,ACP-Gini,44,2,0.7544264819091608,0.7374844868644366,0.8123970272434671,0.12011092016642504,0.12209753702877517,0.02610937002970297,11
Wine,Tree-global corr.,44,2,0.7559661277906081,0.7339086606032212,0.806972307660918,0.13227011248402426,0.13848231337214567,0.02875493898964171,11
Wine,VIF@5,44,2,0.7736720554272517,0.7551809286439582,0.8225234255051086,0.16247026096807282,0.16049554039237662,0.033801736766081156,10
Wine,VIF@10,44,2,0.7736720554272517,0.7551809286439582,0.8225234255051086,0.16247026096807282,0.16049554039237662,0.033801736766081156,10
Wine,VIF@20,44,2,0.7729022324865281,0.754235565215551,0.8242946844379153,0.16992270071691662,0.1677643000085204,0.036043183487669286,11
Wine,Cluster@0.5,44,2,0.7775211701308699,0.7585633849013285,0.8225463791845833,0.1463985488065562,0.14749183766178983,0.030715350827622605,9
Wine,Cluster@0.6,44,2,0.7775211701308699,0.7585633849013285,0.8225463791845833,0.1463985488065562,0.14749183766178983,0.030715350827622605,9
Wine,Cluster@0.7,44,2,0.7767513471901463,0.7576143242464174,0.8256017689635649,0.16203620584280495,0.16365752677987136,0.03457808232817807,10
Wine,Cluster@0.8,44,2,0.7729022324865281,0.754235565215551,0.8242946844379153,0.16992270071691662,0.1677643000085204,0.036043183487669286,11
Wine,Cluster@0.9,44,2,0.7729022324865281,0.754235565215551,0.8242946844379153,0.16992270071691662,0.1677643000085204,0.036043183487669286,11
Wine,CART,44,3,0.7536566589684373,0.7315200429898623,0.7989053645299342,0.17188721527108797,0.170871057513506,0.035217161542339684,11
Wine,ACP-Gini,44,3,0.7505773672055427,0.7260064579969794,0.7972871301269594,0.12281456384714914,0.11631734150831226,0.02560968454958489,11
Wine,Tree-global corr.,44,3,0.7474980754426482,0.7308574720543348,0.79788520099772,0.11539151741531897,0.10982625657624467,0.023945532468711825,11
Wine,VIF@5,44,3,0.7451886066204773,0.7249953149894115,0.8008360240146496,0.16618045594169753,0.16349228053026707,0.0335295683638447,10
Wine,VIF@10,44,3,0.7451886066204773,0.7249953149894115,0.8008360240146496,0.16618045594169753,0.16349228053026707,0.0335295683638447,10
Wine,VIF@20,44,3,0.7536566589684373,0.7315200429898623,0.7989053645299342,0.17188721527108797,0.170871057513506,0.035217161542339684,11
Wine,Cluster@0.5,44,3,0.7397998460354118,0.7207837301587301,0.7937713915540662,0.1520183533806367,0.14836200240183023,0.03090393717889984,9
Wine,Cluster@0.6,44,3,0.7397998460354118,0.7207837301587301,0.7937713915540662,0.1520183533806367,0.14836200240183023,0.03090393717889984,9
Wine,Cluster@0.7,44,3,0.7474980754426482,0.7273648700530845,0.7935291027151652,0.16303523938521153,0.1610526085157139,0.03361326814815519,10
Wine,Cluster@0.8,44,3,0.7536566589684373,0.7315200429898623,0.7989053645299342,0.17188721527108797,0.170871057513506,0.035217161542339684,11
Wine,Cluster@0.9,44,3,0.7536566589684373,0.7315200429898623,0.7989053645299342,0.17188721527108797,0.170871057513506,0.035217161542339684,11
Wine,CART,44,4,0.75211701308699,0.7318648266100496,0.7962950672371014,0.16456467355867838,0.1644219787115634,0.0332417800481261,11
Wine,ACP-Gini,44,4,0.7405696689761355,0.7210039099718621,0.7901189029682346,0.1194521275819515,0.11436919150249852,0.02512089330361802,11
Wine,Tree-global corr.,44,4,0.7259430331023865,0.7032800349049098,0.7612431971573562,0.12591864596624933,0.11784297120188311,0.02742870643995474,11
Wine,VIF@5,44,4,0.75211701308699,0.7318648266100496,0.7947877206775784,0.16298138005852297,0.1628985719629744,0.03273859121361531,10
Wine,VIF@10,44,4,0.75211701308699,0.7318648266100496,0.7947877206775784,0.16298138005852297,0.1628985719629744,0.03273859121361531,10
Wine,VIF@20,44,4,0.75211701308699,0.7318648266100496,0.7962950672371014,0.16456467355867838,0.1644219787115634,0.0332417800481261,11
Wine,Cluster@0.5,44,4,0.7498075442648191,0.7329907502569373,0.789194839539704,0.13819263301025034,0.13627427056203484,0.02754303474320008,9
Wine,Cluster@0.6,44,4,0.7498075442648191,0.7329907502569373,0.789194839539704,0.13819263301025034,0.13627427056203484,0.02754303474320008,9
Wine,Cluster@0.7,44,4,0.7498075442648191,0.7329907502569373,0.7906383695641076,0.1398996252371233,0.13784196985618297,0.028058930681464297,10
Wine,Cluster@0.8,44,4,0.75211701308699,0.7318648266100496,0.7962950672371014,0.16456467355867838,0.1644219787115634,0.0332417800481261,11
Wine,Cluster@0.9,44,4,0.75211701308699,0.7318648266100496,0.7962950672371014,0.16456467355867838,0.1644219787115634,0.0332417800481261,11
Ionosphere,CART,42,0,0.9014084507042254,0.8961337513061651,0.9824786324786324,0.17383841136382772,0.23561020822195372,0.1822044612592396,34
Ionosphere,ACP-Gini,42,0,0.8873239436619719,0.8786324786324786,0.9465811965811965,0.14218119954709382,0.20201188272284493,0.1750213084431621,34
Ionosphere,Tree-global corr.,42,0,0.8873239436619719,0.8786324786324786,0.9452991452991453,0.14244798149229565,0.20202778170944777,0.17497837183549908,34
Ionosphere,VIF@5,42,0,0.9014084507042254,0.8961337513061651,0.9824786324786324,0.17383841136382772,0.23561020822195372,0.1822044612592396,31
Ionosphere,VIF@10,42,0,0.9014084507042254,0.8961337513061651,0.9824786324786324,0.17383841136382772,0.23561020822195372,0.1822044612592396,33
Ionosphere,VIF@20,42,0,0.9014084507042254,0.8961337513061651,0.9824786324786324,0.17383841136382772,0.23561020822195372,0.1822044612592396,33
Ionosphere,Cluster@0.5,42,0,0.8873239436619719,0.8804713804713804,0.9615384615384616,0.15743278512126047,0.21135800788803213,0.1759992342386471,24
Ionosphere,Cluster@0.6,42,0,0.8873239436619719,0.8804713804713804,0.9615384615384616,0.15743278512126047,0.21135800788803213,0.1759992342386471,27
Ionosphere,Cluster@0.7,42,0,0.9014084507042254,0.8961337513061651,0.9824786324786324,0.17383841136382772,0.23561020822195372,0.1822044612592396,32
Ionosphere,Cluster@0.8,42,0,0.9014084507042254,0.8961337513061651,0.9824786324786324,0.17383841136382772,0.23561020822195372,0.1822044612592396,33
Ionosphere,Cluster@0.9,42,0,0.9014084507042254,0.8961337513061651,0.9824786324786324,0.17383841136382772,0.23561020822195372,0.1822044612592396,34
Ionosphere,CART,42,1,0.9285714285714286,0.9215070643642072,0.9079999999999998,0.1612674781438672,0.24065060408299857,0.18613940406425095,34
Ionosphere,ACP-Gini,42,1,0.9,0.8878975062914665,0.8973333333333333,0.12647909626069542,0.1954442144955442,0.17472943224990478,34
Ionosphere,Tree-global corr.,42,1,0.9285714285714286,0.9215070643642072,0.9079999999999998,0.1411708405130586,0.21578442055609168,0.18053427837223546,34
Ionosphere,VIF@5,42,1,0.9285714285714286,0.9215070643642072,0.9079999999999998,0.1612674781438672,0.24065060408299857,0.18613940406425095,29
Ionosphere,VIF@10,42,1,0.9285714285714286,0.9215070643642072,0.9079999999999998,0.1612674781438672,0.24065060408299857,0.18613940406425095,33
Ionosphere,VIF@20,42,1,0.9285714285714286,0.9215070643642072,0.9079999999999998,0.1612674781438672,0.24065060408299857,0.18613940406425095,33
Ionosphere,Cluster@0.5,42,1,0.9428571428571428,0.9365942028985508,0.9262222222222222,0.14837430546162492,0.21768852928124785,0.18001934388350344,23
Ionosphere,Cluster@0.6,42,1,0.9285714285714286,0.9215070643642072,0.9079999999999998,0.1612674781438672,0.24065060408299863,0.18613940406425092,27
Ionosphere,Cluster@0.7,42,1,0.9285714285714286,0.9215070643642072,0.9079999999999998,0.1612674781438672,0.24065060408299863,0.18613940406425092,32
Ionosphere,Cluster@0.8,42,1,0.9285714285714286,0.9215070643642072,0.9079999999999998,0.1612674781438672,0.24065060408299857,0.18613940406425095,33
Ionosphere,Cluster@0.9,42,1,0.9285714285714286,0.9215070643642072,0.9079999999999998,0.1612674781438672,0.24065060408299857,0.18613940406425095,34
Ionosphere,CART,42,2,0.8857142857142857,0.8731884057971014,0.8755555555555555,0.24704243710294674,0.31211737056482536,0.22723735285194926,34
Ionosphere,ACP-Gini,42,2,0.8857142857142857,0.8731884057971014,0.8937777777777777,0.24594550791124262,0.3094714940494799,0.22473795502414468,34
Ionosphere,Tree-global corr.,42,2,0.8428571428571429,0.8153919923279789,0.8995555555555556,0.18111967597999254,0.24731702390499397,0.19362009911390174,34
Ionosphere,VIF@5,42,2,0.8857142857142857,0.8731884057971014,0.8755555555555555,0.24704243710294674,0.31211737056482536,0.22723735285194926,29
Ionosphere,VIF@10,42,2,0.8857142857142857,0.8731884057971014,0.8755555555555555,0.24704243710294674,0.31211737056482536,0.22723735285194926,33
Ionosphere,VIF@20,42,2,0.8857142857142857,0.8731884057971014,0.8755555555555555,0.24704243710294674,0.31211737056482536,0.22723735285194926,33
Ionosphere,Cluster@0.5,42,2,0.8571428571428571,0.8414855072463767,0.9062222222222223,0.17968021491038877,0.2397729511719567,0.1919944289610155,22
Ionosphere,Cluster@0.6,42,2,0.8571428571428571,0.8414855072463767,0.9062222222222223,0.17968021491038877,0.2397729511719567,0.1919944289610155,26
Ionosphere,Cluster@0.7,42,2,0.8857142857142857,0.8731884057971014,0.8755555555555555,0.24704243710294674,0.31211737056482536,0.22723735285194926,31
Ionosphere,Cluster@0.8,42,2,0.8857142857142857,0.8731884057971014,0.8755555555555555,0.24704243710294674,0.31211737056482536,0.22723735285194926,33
Ionosphere,Cluster@0.9,42,2,0.8857142857142857,0.8731884057971014,0.8755555555555555,0.24704243710294674,0.31211737056482536,0.22723735285194926,34
Ionosphere,CART,42,3,0.9,0.8901098901098901,0.9106666666666667,0.15423496221191804,0.2257172879926832,0.17861316293500012,34
Ionosphere,ACP-Gini,42,3,0.9,0.8901098901098901,0.9475555555555555,0.14533423758454975,0.22012378418797507,0.17653175807654822,34
Ionosphere,Tree-global corr.,42,3,0.9285714285714286,0.9240945564953372,0.9626666666666667,0.12505107485378467,0.19610767789887576,0.16999448466492398,34
Ionosphere,VIF@5,42,3,0.9,0.8901098901098901,0.9106666666666667,0.15423496221191804,0.2257172879926832,0.17861316293500012,29
Ionosphere,VIF@10,42,3,0.9,0.8901098901098901,0.9106666666666667,0.15423496221191804,0.2257172879926832,0.17861316293500012,33
Ionosphere,VIF@20,42,3,0.9,0.8901098901098901,0.9106666666666667,0.15423496221191804,0.2257172879926832,0.17861316293500012,33
Ionosphere,Cluster@0.5,42,3,0.9428571428571428,0.9365942028985508,0.9306666666666665,0.14887163600519412,0.21462985722325015,0.17538879088936585,22
Ionosphere,Cluster@0.6,42,3,0.9285714285714286,0.9199267902081903,0.911111111111111,0.14787343898139724,0.2109229546256371,0.1755668667512287,27
Ionosphere,Cluster@0.7,42,3,0.9,0.8901098901098901,0.9106666666666667,0.15423496221191804,0.2257172879926832,0.17861316293500012,31
Ionosphere,Cluster@0.8,42,3,0.9,0.8901098901098901,0.9106666666666667,0.15423496221191804,0.2257172879926832,0.17861316293500012,33
Ionosphere,Cluster@0.9,42,3,0.9,0.8901098901098901,0.9106666666666667,0.15423496221191804,0.2257172879926832,0.17861316293500012,34
Ionosphere,CART,42,4,0.8571428571428571,0.8470279720279721,0.891111111111111,0.17880549358034437,0.25423200638807475,0.17634879221994681,34
Ionosphere,ACP-Gini,42,4,0.8571428571428571,0.8470279720279721,0.8648888888888888,0.1595082624141579,0.2299881721443639,0.17479831894777909,34
Ionosphere,Tree-global corr.,42,4,0.8571428571428571,0.8470279720279721,0.8724444444444445,0.1612528281512627,0.2293143577717225,0.17233763575824185,34
Ionosphere,VIF@5,42,4,0.8142857142857143,0.7959183673469388,0.7991111111111112,0.17474615292623638,0.24869768305333764,0.1904986696515183,29
Ionosphere,VIF@10,42,4,0.8571428571428571,0.8470279720279721,0.891111111111111,0.17880549358034437,0.2542320063880747,0.1763487922199468,33
Ionosphere,VIF@20,42,4,0.8571428571428571,0.8470279720279721,0.891111111111111,0.17880549358034437,0.2542320063880747,0.1763487922199468,33
Ionosphere,Cluster@0.5,42,4,0.8571428571428571,0.8470279720279721,0.891111111111111,0.17880549358034437,0.25423200638807475,0.17634879221994681,24
Ionosphere,Cluster@0.6,42,4,0.8571428571428571,0.8470279720279721,0.891111111111111,0.17880549358034437,0.25423200638807475,0.17634879221994681,26
Ionosphere,Cluster@0.7,42,4,0.8571428571428571,0.8470279720279721,0.891111111111111,0.17880549358034437,0.25423200638807475,0.17634879221994681,32
Ionosphere,Cluster@0.8,42,4,0.8571428571428571,0.8470279720279721,0.891111111111111,0.17880549358034437,0.25423200638807475,0.17634879221994681,33
Ionosphere,Cluster@0.9,42,4,0.8571428571428571,0.8470279720279721,0.891111111111111,0.17880549358034437,0.25423200638807475,0.17634879221994681,34
Ionosphere,CART,43,0,0.8732394366197183,0.8623141564318035,0.8965811965811965,0.15543360662691919,0.2290018313180833,0.18463239751586558,34
Ionosphere,ACP-Gini,43,0,0.8732394366197183,0.8623141564318035,0.8965811965811965,0.15543360662691919,0.2290018313180833,0.18463239751586558,34
Ionosphere,Tree-global corr.,43,0,0.8732394366197183,0.8623141564318035,0.8965811965811965,0.15543360662691919,0.2290018313180833,0.18463239751586558,34
Ionosphere,VIF@5,43,0,0.8732394366197183,0.8623141564318035,0.8965811965811965,0.15543360662691916,0.2290018313180833,0.18463239751586558,29
Ionosphere,VIF@10,43,0,0.8732394366197183,0.8623141564318035,0.8965811965811965,0.15543360662691919,0.2290018313180833,0.18463239751586558,33
Ionosphere,VIF@20,43,0,0.8732394366197183,0.8623141564318035,0.8965811965811965,0.15543360662691919,0.2290018313180833,0.18463239751586558,33
Ionosphere,Cluster@0.5,43,0,0.9014084507042254,0.8946364214543142,0.941025641025641,0.1493217557915855,0.2109547395371698,0.17651624606832939,23
Ionosphere,Cluster@0.6,43,0,0.8732394366197183,0.8623141564318035,0.8965811965811965,0.15543360662691919,0.2290018313180833,0.18463239751586558,27
Ionosphere,Cluster@0.7,43,0,0.8732394366197183,0.8623141564318035,0.8965811965811965,0.15543360662691919,0.22900183131808335,0.1846323975158656,30
Ionosphere,Cluster@0.8,43,0,0.8732394366197183,0.8623141564318035,0.8965811965811965,0.15543360662691919,0.2290018313180833,0.18463239751586558,33
Ionosphere,Cluster@0.9,43,0,0.8732394366197183,0.8623141564318035,0.8965811965811965,0.15543360662691919,0.2290018313180833,0.18463239751586558,34
Ionosphere,CART,43,1,0.9,0.8853801169590643,0.9084444444444443,0.1454765808892212,0.20478277925156557,0.16587545926864464,34
Ionosphere,ACP-Gini,43,1,0.9428571428571428,0.9352451433857539,0.9497777777777777,0.1357375601266104,0.19087800269754307,0.16773903235514373,34
Ionosphere,Tree-global corr.,43,1,0.9428571428571428,0.9352451433857539,0.9497777777777777,0.13305598650564437,0.19149124608934234,0.1680325833299744,34
Ionosphere,VIF@5,43,1,0.9,0.8853801169590643,0.9084444444444443,0.14547658088922125,0.20478277925156568,0.16587545926864464,30
Ionosphere,VIF@10,43,1,0.9,0.8853801169590643,0.9084444444444443,0.14547658088922125,0.20478277925156568,0.16587545926864466,33
Ionosphere,VIF@20,43,1,0.9,0.8853801169590643,0.9084444444444443,0.14547658088922125,0.20478277925156568,0.16587545926864466,33
Ionosphere,Cluster@0.5,43,1,0.9142857142857143,0.9005681818181819,0.9013333333333333,0.13307401009167055,0.19574341252383146,0.1650409000722929,21
Ionosphere,Cluster@0.6,43,1,0.9,0.8853801169590643,0.9084444444444443,0.1454765808892212,0.20478277925156557,0.16587545926864464,26
Ionosphere,Cluster@0.7,43,1,0.9,0.8853801169590643,0.9084444444444443,0.14547658088922125,0.20478277925156568,0.16587545926864464,32
Ionosphere,Cluster@0.8,43,1,0.9,0.8853801169590643,0.9084444444444443,0.1454765808892212,0.20478277925156557,0.16587545926864464,33
Ionosphere,Cluster@0.9,43,1,0.9,0.8853801169590643,0.9084444444444443,0.1454765808892212,0.20478277925156557,0.16587545926864464,34
Ionosphere,CART,43,2,0.8714285714285714,0.858712715855573,0.9128888888888889,0.16504568691225674,0.24463510130295918,0.18632130924209991,34
Ionosphere,ACP-Gini,43,2,0.8714285714285714,0.858712715855573,0.8826666666666666,0.15320933720010008,0.22204485442028574,0.18311411627359953,34
Ionosphere,Tree-global corr.,43,2,0.8571428571428571,0.8444444444444444,0.8724444444444444,0.147254348604521,0.22186335851515837,0.18993377621076932,34
Ionosphere,VIF@5,43,2,0.8714285714285714,0.858712715855573,0.9128888888888889,0.16504568691225668,0.24463510130295918,0.1863213092420999,29
Ionosphere,VIF@10,43,2,0.8714285714285714,0.858712715855573,0.9128888888888889,0.16504568691225668,0.24463510130295918,0.1863213092420999,33
Ionosphere,VIF@20,43,2,0.8714285714285714,0.858712715855573,0.9128888888888889,0.16504568691225668,0.24463510130295918,0.1863213092420999,33
Ionosphere,Cluster@0.5,43,2,0.8714285714285714,0.858712715855573,0.9239999999999999,0.13769740368318936,0.20805580784819847,0.17724260513201434,22
Ionosphere,Cluster@0.6,43,2,0.8714285714285714,0.858712715855573,0.9128888888888889,0.16504568691225674,0.24463510130295918,0.18632130924209991,26
Ionosphere,Cluster@0.7,43,2,0.8714285714285714,0.858712715855573,0.9128888888888889,0.16504568691225674,0.24463510130295918,0.18632130924209991,32
Ionosphere,Cluster@0.8,43,2,0.8714285714285714,0.858712715855573,0.9128888888888889,0.16504568691225674,0.24463510130295918,0.18632130924209991,33
Ionosphere,Cluster@0.9,43,2,0.8714285714285714,0.858712715855573,0.9128888888888889,0.16504568691225674,0.24463510130295918,0.18632130924209991,34
Ionosphere,CART,43,3,0.8857142857142857,0.8776223776223776,0.9311111111111111,0.1607513517041195,0.23775475600389048,0.1930692377362257,34
Ionosphere,ACP-Gini,43,3,0.8714285714285714,0.863370201691607,0.9146666666666666,0.14286607719919886,0.21847951448749875,0.18218324044711914,34
Ionosphere,Tree-global corr.,43,3,0.8857142857142857,0.8776223776223776,0.9137777777777778,0.14143766092656707,0.2195916993996221,0.18012703681671408,34
Ionosphere,VIF@5,43,3,0.8857142857142857,0.8776223776223776,0.9311111111111111,0.16075135170411955,0.23775475600389057,0.19306923773622572,31
Ionosphere,VIF@10,43,3,0.8857142857142857,0.8776223776223776,0.9311111111111111,0.1607513517041195,0.23775475600389048,0.1930692377362257,33
Ionosphere,VIF@20,43,3,0.8857142857142857,0.8776223776223776,0.9311111111111111,0.1607513517041195,0.23775475600389048,0.1930692377362257,33
Ionosphere,Cluster@0.5,43,3,0.8857142857142857,0.8776223776223776,0.9311111111111111,0.16075135170411955,0.23775475600389057,0.19306923773622572,23
Ionosphere,Cluster@0.6,43,3,0.8857142857142857,0.8776223776223776,0.9311111111111111,0.16075135170411955,0.23775475600389057,0.19306923773622572,28
Ionosphere,Cluster@0.7,43,3,0.8857142857142857,0.8776223776223776,0.9311111111111111,0.1607513517041195,0.23775475600389048,0.1930692377362257,32
Ionosphere,Cluster@0.8,43,3,0.8857142857142857,0.8776223776223776,0.9311111111111111,0.1607513517041195,0.23775475600389048,0.1930692377362257,33
Ionosphere,Cluster@0.9,43,3,0.8857142857142857,0.8776223776223776,0.9311111111111111,0.1607513517041195,0.23775475600389048,0.1930692377362257,34
Ionosphere,CART,43,4,0.8857142857142857,0.8794142980189492,0.9275555555555556,0.15228166450720743,0.2151929314546585,0.18081317797421015,34
Ionosphere,ACP-Gini,43,4,0.8857142857142857,0.8776223776223776,0.8826666666666667,0.16707105651048254,0.2418653111292359,0.1840217830836426,34
Ionosphere,Tree-global corr.,43,4,0.8571428571428571,0.8470279720279721,0.8453333333333334,0.14891269207339558,0.2044757981965303,0.16892988794092278,34
Ionosphere,VIF@5,43,4,0.8857142857142857,0.8794142980189492,0.9275555555555556,0.15228166450720743,0.2151929314546585,0.18081317797421015,30
Ionosphere,VIF@10,43,4,0.8857142857142857,0.8794142980189492,0.9275555555555556,0.1522816645072074,0.21519293145465848,0.1808131779742101,33
Ionosphere,VIF@20,43,4,0.8857142857142857,0.8794142980189492,0.9275555555555556,0.1522816645072074,0.21519293145465848,0.1808131779742101,33
Ionosphere,Cluster@0.5,43,4,0.8857142857142857,0.8794142980189492,0.9275555555555556,0.15228166450720743,0.2151929314546585,0.18081317797421015,21
Ionosphere,Cluster@0.6,43,4,0.8857142857142857,0.8794142980189492,0.9275555555555556,0.15228166450720743,0.2151929314546585,0.18081317797421015,26
Ionosphere,Cluster@0.7,43,4,0.8857142857142857,0.8794142980189492,0.9275555555555556,0.15228166450720745,0.21519293145465845,0.18081317797421012,31
Ionosphere,Cluster@0.8,43,4,0.8857142857142857,0.8794142980189492,0.9275555555555556,0.15228166450720743,0.2151929314546585,0.18081317797421015,33
Ionosphere,Cluster@0.9,43,4,0.8857142857142857,0.8794142980189492,0.9275555555555556,0.15228166450720743,0.2151929314546585,0.18081317797421015,34
Ionosphere,CART,44,0,0.8732394366197183,0.8623141564318035,0.9794871794871796,0.18137085637468006,0.2445215448925391,0.18397772503914275,34
Ionosphere,ACP-Gini,44,0,0.9154929577464789,0.908974358974359,0.9363247863247863,0.16904296187756807,0.2509284871389848,0.18444719252762906,34
Ionosphere,Tree-global corr.,44,0,0.9014084507042254,0.8929110105580694,0.9162393162393162,0.1680040450877423,0.25328271086219595,0.1846655201509393,34
Ionosphere,VIF@5,44,0,0.8732394366197183,0.8623141564318035,0.9794871794871796,0.18137085637468006,0.2445215448925391,0.18397772503914275,30
Ionosphere,VIF@10,44,0,0.8732394366197183,0.8623141564318035,0.9794871794871796,0.18137085637468006,0.2445215448925391,0.18397772503914275,33
Ionosphere,VIF@20,44,0,0.8732394366197183,0.8623141564318035,0.9794871794871796,0.18137085637468006,0.2445215448925391,0.18397772503914275,33
Ionosphere,Cluster@0.5,44,0,0.8450704225352113,0.8317173023055375,0.9465811965811965,0.14116099409421873,0.20204983942585092,0.16761634705185027,23
Ionosphere,Cluster@0.6,44,0,0.8450704225352113,0.8317173023055375,0.9465811965811965,0.14116099409421876,0.2020498394258509,0.16761634705185025,26
Ionosphere,Cluster@0.7,44,0,0.8732394366197183,0.8623141564318035,0.9794871794871796,0.18137085637468006,0.2445215448925391,0.18397772503914275,31
Ionosphere,Cluster@0.8,44,0,0.8732394366197183,0.8623141564318035,0.9794871794871796,0.18137085637468006,0.2445215448925391,0.18397772503914275,33
Ionosphere,Cluster@0.9,44,0,0.8732394366197183,0.8623141564318035,0.9794871794871796,0.18137085637468006,0.2445215448925391,0.18397772503914275,34
Ionosphere,CART,44,1,0.8714285714285714,0.8612029081295439,0.88,0.1917778333182113,0.2675726783425049,0.1825337437965306,34
Ionosphere,ACP-Gini,44,1,0.8571428571428571,0.8414855072463767,0.8644444444444443,0.16276302187205766,0.23674344178776155,0.18232367480977754,34
Ionosphere,Tree-global corr.,44,1,0.8714285714285714,0.8558682223747426,0.8764444444444444,0.14991368915609518,0.20423880721585858,0.1709499028399812,34
Ionosphere,VIF@5,44,1,0.8714285714285714,0.8612029081295439,0.88,0.19177783331821133,0.26757267834250487,0.18253374379653062,30
Ionosphere,VIF@10,44,1,0.8714285714285714,0.8612029081295439,0.88,0.1917778333182113,0.2675726783425049,0.1825337437965306,33
Ionosphere,VIF@20,44,1,0.8714285714285714,0.8612029081295439,0.88,0.1917778333182113,0.2675726783425049,0.1825337437965306,33
Ionosphere,Cluster@0.5,44,1,0.8571428571428571,0.8444444444444444,0.8577777777777778,0.18741446705990727,0.26573293020246314,0.18190444286177937,23
Ionosphere,Cluster@0.6,44,1,0.8714285714285714,0.8612029081295439,0.88,0.1917778333182113,0.2675726783425049,0.1825337437965306,27
Ionosphere,Cluster@0.7,44,1,0.8714285714285714,0.8612029081295439,0.88,0.1917778333182113,0.2675726783425049,0.1825337437965306,32
Ionosphere,Cluster@0.8,44,1,0.8714285714285714,0.8612029081295439,0.88,0.1917778333182113,0.2675726783425049,0.1825337437965306,33
Ionosphere,Cluster@0.9,44,1,0.8714285714285714,0.8612029081295439,0.88,0.1917778333182113,0.2675726783425049,0.1825337437965306,34
Ionosphere,CART,44,2,0.8714285714285714,0.8526315789473684,0.8604444444444446,0.1606044123976368,0.23662093569826717,0.18652179128050503,34
Ionosphere,ACP-Gini,44,2,0.8285714285714286,0.8133333333333334,0.8333333333333334,0.14505917729694257,0.2317166431435097,0.18608879697720673,34
Ionosphere,Tree-global corr.,44,2,0.8714285714285714,0.858712715855573,0.8577777777777778,0.15189917596007407,0.22625625025959772,0.1801838866434431,34
Ionosphere,VIF@5,44,2,0.8714285714285714,0.8526315789473684,0.8604444444444446,0.1606044123976368,0.2366209356982672,0.18652179128050506,29
Ionosphere,VIF@10,44,2,0.8714285714285714,0.8526315789473684,0.8604444444444446,0.1606044123976368,0.23662093569826717,0.18652179128050503,33
Ionosphere,VIF@20,44,2,0.8714285714285714,0.8526315789473684,0.8604444444444446,0.1606044123976368,0.23662093569826717,0.18652179128050503,33
Ionosphere,Cluster@0.5,44,2,0.8714285714285714,0.8558682223747426,0.8573333333333334,0.15144213189696457,0.23569159099508738,0.18976774864725093,23
Ionosphere,Cluster@0.6,44,2,0.8714285714285714,0.8526315789473684,0.8604444444444446,0.1606044123976368,0.2366209356982672,0.18652179128050506,27
Ionosphere,Cluster@0.7,44,2,0.8714285714285714,0.8526315789473684,0.8604444444444446,0.1606044123976368,0.2366209356982672,0.18652179128050506,32
Ionosphere,Cluster@0.8,44,2,0.8714285714285714,0.8526315789473684,0.8604444444444446,0.1606044123976368,0.2366209356982672,0.18652179128050506,33
Ionosphere,Cluster@0.9,44,2,0.8714285714285714,0.8526315789473684,0.8604444444444446,0.1606044123976368,0.23662093569826717,0.18652179128050503,34
Ionosphere,CART,44,3,0.9,0.8878975062914665,0.8902222222222221,0.14424461146414053,0.21274014236324856,0.18211839499465615,34
Ionosphere,ACP-Gini,44,3,0.9142857142857143,0.9082167832167831,0.9466666666666668,0.13773011438168,0.2039843050320026,0.1818740586627505,34
Ionosphere,Tree-global corr.,44,3,0.8857142857142857,0.8776223776223776,0.9311111111111111,0.15205693040804744,0.21844241715281945,0.16887079615873982,34
Ionosphere,VIF@5,44,3,0.9142857142857143,0.9048913043478262,0.9146666666666666,0.1722628545128926,0.24013677768317385,0.1834832544661015,29
Ionosphere,VIF@10,44,3,0.9,0.8878975062914665,0.8902222222222221,0.14424461146414053,0.21274014236324856,0.18211839499465615,33
Ionosphere,VIF@20,44,3,0.9,0.8878975062914665,0.8902222222222221,0.14424461146414053,0.21274014236324856,0.18211839499465615,33
Ionosphere,Cluster@0.5,44,3,0.9,0.8920467063229787,0.932888888888889,0.17069940842614803,0.23950215173300887,0.1874714036988493,22
Ionosphere,Cluster@0.6,44,3,0.9,0.8878975062914665,0.8902222222222221,0.1442446114641405,0.21274014236324856,0.18211839499465612,27
Ionosphere,Cluster@0.7,44,3,0.9,0.8878975062914665,0.8902222222222221,0.14424461146414053,0.21274014236324856,0.18211839499465615,31
Ionosphere,Cluster@0.8,44,3,0.9,0.8878975062914665,0.8902222222222221,0.14424461146414053,0.21274014236324856,0.18211839499465615,33
Ionosphere,Cluster@0.9,44,3,0.9,0.8878975062914665,0.8902222222222221,0.14424461146414053,0.21274014236324856,0.18211839499465615,34
Ionosphere,CART,44,4,0.8714285714285714,0.858712715855573,0.8888888888888888,0.1593343325835564,0.2346016036928431,0.18429604163528807,34
Ionosphere,ACP-Gini,44,4,0.9,0.8901098901098901,0.9097777777777778,0.15956481494554609,0.23735318663553961,0.1810185992204504,34
Ionosphere,Tree-global corr.,44,4,0.9,0.8920467063229787,0.9031111111111111,0.1500023811208606,0.22221151856449706,0.18108811655058388,34
Ionosphere,VIF@5,44,4,0.8714285714285714,0.858712715855573,0.8888888888888888,0.1593343325835564,0.2346016036928431,0.18429604163528807,29
Ionosphere,VIF@10,44,4,0.8714285714285714,0.858712715855573,0.8888888888888888,0.1593343325835564,0.2346016036928431,0.18429604163528807,33
Ionosphere,VIF@20,44,4,0.8714285714285714,0.858712715855573,0.8888888888888888,0.1593343325835564,0.2346016036928431,0.18429604163528807,33
Ionosphere,Cluster@0.5,44,4,0.8714285714285714,0.858712715855573,0.8835555555555555,0.16007662795772148,0.23567858790535398,0.18481754535245473,21
Ionosphere,Cluster@0.6,44,4,0.8714285714285714,0.858712715855573,0.8888888888888888,0.1593343325835564,0.2346016036928431,0.18429604163528807,28
Ionosphere,Cluster@0.7,44,4,0.8714285714285714,0.858712715855573,0.8888888888888888,0.1593343325835564,0.2346016036928431,0.18429604163528807,31
Ionosphere,Cluster@0.8,44,4,0.8714285714285714,0.858712715855573,0.8888888888888888,0.1593343325835564,0.2346016036928431,0.18429604163528807,33
Ionosphere,Cluster@0.9,44,4,0.8714285714285714,0.858712715855573,0.8888888888888888,0.1593343325835564,0.2346016036928431,0.18429604163528807,34
Sonar,CART,42,0,0.7619047619047619,0.7619047619047619,0.7306818181818183,0.20714876579526642,0.21128212043107358,0.11718942910229091,60
Sonar,ACP-Gini,42,0,0.7142857142857143,0.7136363636363636,0.6920454545454545,0.17055710367415808,0.17926614164470323,0.11403477746220175,60
Sonar,Tree-global corr.,42,0,0.6666666666666666,0.6597222222222223,0.6659090909090909,0.1671764158004318,0.16695742781782677,0.11021947486269401,60
Sonar,VIF@5,42,0,0.7142857142857143,0.7116704805491991,0.7738636363636364,0.20195255341446672,0.18504604939198785,0.11968265909652079,37
Sonar,VIF@10,42,0,0.7142857142857143,0.7136363636363636,0.7806818181818183,0.20486234931832198,0.18772310617141855,0.11848279434780919,43
Sonar,VIF@20,42,0,0.7857142857142857,0.7855927396483267,0.7477272727272729,0.194948827919917,0.19719427767040734,0.11585413541515041,51
Sonar,Cluster@0.5,42,0,0.6666666666666666,0.6597222222222223,0.7806818181818183,0.1805174708816885,0.19034680233525436,0.12158348684177463,25
Sonar,Cluster@0.6,42,0,0.6190476190476191,0.6111111111111112,0.7454545454545455,0.22885754413557277,0.24576675259119102,0.1217567354136612,31
Sonar,Cluster@0.7,42,0,0.6190476190476191,0.6181818181818182,0.7227272727272728,0.22544732745644605,0.24417032816659798,0.12278812135575352,38
Sonar,Cluster@0.8,42,0,0.6190476190476191,0.6111111111111112,0.7238636363636364,0.22106090978747858,0.238199049137845,0.12018843218148757,45
Sonar,Cluster@0.9,42,0,0.7619047619047619,0.7619047619047619,0.7306818181818183,0.20714876579526642,0.21128212043107358,0.11718942910229091,57
Sonar,CART,42,1,0.8095238095238095,0.8090909090909091,0.8181818181818182,0.1826271597589587,0.17163459955239316,0.12239084087523591,60
Sonar,ACP-Gini,42,1,0.8095238095238095,0.8090909090909091,0.8295454545454546,0.17200428527127093,0.1601420582675485,0.12052737371698884,60
Sonar,Tree-global corr.,42,1,0.7619047619047619,0.7597254004576659,0.7534090909090909,0.2692430530011353,0.26329995786993216,0.13408401626664265,60
Sonar,VIF@5,42,1,0.7142857142857143,0.7142857142857143,0.7102272727272727,0.17000480573874466,0.15625610194354977,0.11621551483188318,37
Sonar,VIF@10,42,1,0.7142857142857143,0.7142857142857143,0.7102272727272727,0.1700672305433706,0.15672741819971275,0.11574404072302082,42
Sonar,VIF@20,42,1,0.7142857142857143,0.7142857142857143,0.7272727272727272,0.17128511652955303,0.15517070114877976,0.11502743474008367,53
Sonar,Cluster@0.5,42,1,0.8095238095238095,0.8077803203661327,0.8193181818181818,0.16707336663707012,0.1704547266725811,0.11733399586112574,23
Sonar,Cluster@0.6,42,1,0.8095238095238095,0.8077803203661327,0.8056818181818182,0.1668677710689188,0.16863958600937562,0.11742226012067954,32
Sonar,Cluster@0.7,42,1,0.8095238095238095,0.8077803203661327,0.8056818181818182,0.16686777106891879,0.16863958600937556,0.1174222601206795,37
Sonar,Cluster@0.8,42,1,0.8095238095238095,0.8090909090909091,0.8125,0.17657659728807007,0.16510055961785652,0.12167475681051738,45
Sonar,Cluster@0.9,42,1,0.8095238095238095,0.8090909090909091,0.8181818181818182,0.1826271597589587,0.17163459955239316,0.12239084087523591,57
Sonar,CART,42,2,0.7142857142857143,0.7136363636363636,0.788329519450801,0.2602673514483867,0.2646042270485612,0.12890079630530882,60
Sonar,ACP-Gini,42,2,0.7142857142857143,0.7136363636363636,0.7425629290617849,0.19854975625862892,0.17399474670267706,0.11683090672597592,60
Sonar,Tree-global corr.,42,2,0.6904761904761905,0.6888888888888889,0.7517162471395881,0.19160514524733327,0.20096191644459357,0.11821609256866114,60
Sonar,VIF@5,42,2,0.7142857142857143,0.7136363636363636,0.7665903890160183,0.1597482703991603,0.15496299697240823,0.11590649776064389,36
Sonar,VIF@10,42,2,0.7380952380952381,0.7367521367521368,0.7562929061784897,0.20958845243573304,0.21291760202982388,0.11575675907872121,44
Sonar,VIF@20,42,2,0.7142857142857143,0.7136363636363636,0.788329519450801,0.2511056414444002,0.2566603885679606,0.12769001786231762,52
Sonar,Cluster@0.5,42,2,0.6904761904761905,0.690300623936472,0.7437070938215102,0.1921620128979688,0.1640521953188693,0.11364064589822416,24
Sonar,Cluster@0.6,42,2,0.6428571428571429,0.641025641025641,0.7311212814645309,0.2291084582240858,0.22921273874787396,0.12690518270716075,32
Sonar,Cluster@0.7,42,2,0.6904761904761905,0.690300623936472,0.7906178489702518,0.23333763236198357,0.23425445518077506,0.12456381694338862,37
Sonar,Cluster@0.8,42,2,0.6904761904761905,0.690300623936472,0.7906178489702518,0.23333763236198357,0.23425445518077506,0.12456381694338862,44
Sonar,Cluster@0.9,42,2,0.7142857142857143,0.7136363636363636,0.788329519450801,0.25110564144440023,0.25666038856796064,0.1276900178623177,57
Sonar,CART,42,3,0.7317073170731707,0.731067382230173,0.667464114832536,0.2308479614065562,0.22713308967094695,0.11966898586837299,60
Sonar,ACP-Gini,42,3,0.6341463414634146,0.6341463414634146,0.7069377990430622,0.17641246694592538,0.1850599996689894,0.11534006436168591,60
Sonar,Tree-global corr.,42,3,0.7317073170731707,0.7291291291291291,0.7978468899521531,0.22458494834307813,0.232862267802649,0.12330582692739415,60
Sonar,VIF@5,42,3,0.6829268292682927,0.67987987987988,0.7452153110047847,0.20814624106067056,0.21835943724564238,0.11407497595276211,36
Sonar,VIF@10,42,3,0.7317073170731707,0.7291291291291291,0.7619617224880384,0.17723866713913605,0.178715028362236,0.11706438188156193,42
Sonar,VIF@20,42,3,0.7073170731707317,0.7028985507246377,0.6507177033492823,0.2536064492068713,0.2549509617496633,0.12486575353574579,53
Sonar,Cluster@0.5,42,3,0.7073170731707317,0.7071428571428571,0.7799043062200958,0.26222420481817094,0.2836545529116109,0.12348940550636606,26
Sonar,Cluster@0.6,42,3,0.7804878048780488,0.7799642218246869,0.8600478468899522,0.23357344850088507,0.23879895220129338,0.12091920018016744,32
Sonar,Cluster@0.7,42,3,0.7804878048780488,0.7799642218246869,0.8600478468899522,0.23357344850088507,0.23879895220129338,0.12091920018016744,36
Sonar,Cluster@0.8,42,3,0.7073170731707317,0.7071428571428571,0.6866028708133971,0.2732867575293082,0.28069886212433354,0.12870658591222178,44
Sonar,Cluster@0.9,42,3,0.7317073170731707,0.731067382230173,0.667464114832536,0.2308479614065562,0.22713308967094695,0.11966898586837299,57
Sonar,CART,42,4,0.7560975609756098,0.7547846889952152,0.7966507177033493,0.20874379844333876,0.18375555628376744,0.11508907967224102,60
Sonar,ACP-Gini,42,4,0.7560975609756098,0.7547846889952152,0.819377990430622,0.20401228213808947,0.1778340554437671,0.11466279341595292,60
Sonar,Tree-global corr.,42,4,0.7073170731707317,0.7057416267942584,0.7188995215311005,0.21108832996166738,0.2078009837336081,0.11758110152816034,60
Sonar,VIF@5,42,4,0.6341463414634146,0.6332737030411449,0.6698564593301436,0.1909306807449635,0.18735598123815358,0.11552595324075124,35
Sonar,VIF@10,42,4,0.6341463414634146,0.6332737030411449,0.6698564593301436,0.1909306807449635,0.18735598123815358,0.11552595324075124,42
Sonar,VIF@20,42,4,0.6585365853658537,0.6533816425120773,0.7535885167464116,0.21302022124319586,0.22062120418347173,0.12122930113896642,50
Sonar,Cluster@0.5,42,4,0.7560975609756098,0.7559523809523809,0.7655502392344496,0.20369517976035934,0.18429526280278452,0.11099467297731434,23
Sonar,Cluster@0.6,42,4,0.6585365853658537,0.6533816425120773,0.7511961722488039,0.22756851151142138,0.19672064036648954,0.1169236781516138,29
Sonar,Cluster@0.7,42,4,0.6829268292682927,0.67987987987988,0.7595693779904307,0.19801778439278803,0.17597354418035238,0.11373381066993636,37
Sonar,Cluster@0.8,42,4,0.6829268292682927,0.67987987987988,0.7595693779904307,0.19801778439278797,0.1759735441803524,0.11373381066993633,43
Sonar,Cluster@0.9,42,4,0.6829268292682927,0.67987987987988,0.7739234449760766,0.20607740224268195,0.18439500604938952,0.11385629044815367,56
Sonar,CART,43,0,0.5952380952380952,0.5894192064404831,0.5920454545454545,0.1794322319198214,0.17761878248695748,0.11735825932887994,60
Sonar,ACP-Gini,43,0,0.5952380952380952,0.5931623931623932,0.6431818181818182,0.1550843024357651,0.14757638619345076,0.11509767736995204,60
Sonar,Tree-global corr.,43,0,0.5714285714285714,0.5675057208237986,0.6147727272727272,0.1755098519667531,0.1781601269083738,0.11876532725455081,60
Sonar,VIF@5,43,0,0.6190476190476191,0.6181818181818182,0.6579545454545455,0.1693953914382437,0.16981101276057756,0.12190296641935697,35
Sonar,VIF@10,43,0,0.6190476190476191,0.6181818181818182,0.6443181818181818,0.1520467998492766,0.14984422700890063,0.11672900591188201,42
Sonar,VIF@20,43,0,0.5714285714285714,0.5675057208237986,0.5943181818181817,0.17839658048646068,0.1802994996385716,0.11848232083523952,49
Sonar,Cluster@0.5,43,0,0.5238095238095238,0.5058823529411764,0.6022727272727273,0.18250109403190368,0.1841194338294393,0.13634265576706825,25
Sonar,Cluster@0.6,43,0,0.5238095238095238,0.5227272727272727,0.5977272727272727,0.21046612958271463,0.20746927004003096,0.13599004682838653,31
Sonar,Cluster@0.7,43,0,0.5238095238095238,0.5227272727272727,0.5977272727272727,0.21046612958271468,0.20746927004003102,0.1359900468283865,37
Sonar,Cluster@0.8,43,0,0.5714285714285714,0.5704545454545455,0.5897727272727273,0.17945745774267527,0.17904422774069723,0.1207967761617114,45
Sonar,Cluster@0.9,43,0,0.5952380952380952,0.5894192064404831,0.5920454545454545,0.1794322319198214,0.17761878248695748,0.11735825932887994,56
Sonar,CART,43,1,0.8333333333333334,0.8332387975042541,0.8738636363636365,0.22458832122731953,0.22017370398704358,0.11776563230893514,60
Sonar,ACP-Gini,43,1,0.8571428571428571,0.8571428571428571,0.8795454545454546,0.1824047807022024,0.16787715873355896,0.12388890075312972,60
Sonar,Tree-global corr.,43,1,0.8571428571428571,0.8571428571428571,0.8977272727272727,0.1825545393410622,0.1669067700205606,0.12470430402074423,60
Sonar,VIF@5,43,1,0.8571428571428571,0.8558352402745995,0.9227272727272727,0.19111995770952236,0.17923167420739822,0.11901440727413323,36
Sonar,VIF@10,43,1,0.7619047619047619,0.7597254004576659,0.8647727272727272,0.23104156818889157,0.21520311197010814,0.1292088339048875,43
Sonar,VIF@20,43,1,0.8571428571428571,0.8571428571428571,0.8943181818181818,0.18462275680629744,0.16907580873867795,0.12528056383998504,52
Sonar,Cluster@0.5,43,1,0.8571428571428571,0.8568181818181818,0.8806818181818181,0.2134192119753437,0.21200044634023094,0.11622783633018516,24
Sonar,Cluster@0.6,43,1,0.8571428571428571,0.8568181818181818,0.8931818181818182,0.22291534466972987,0.22615630252934846,0.11899285010744352,34
Sonar,Cluster@0.7,43,1,0.8571428571428571,0.8571428571428571,0.8772727272727273,0.20600899748467014,0.21120311747798137,0.11576300851716366,37
Sonar,Cluster@0.8,43,1,0.8333333333333334,0.8332387975042541,0.8852272727272728,0.23153804604619088,0.21670426506110962,0.1240924581960824,44
Sonar,Cluster@0.9,43,1,0.8333333333333334,0.8332387975042541,0.8909090909090909,0.2339311385777676,0.22137019165438426,0.12448189413719807,58
Sonar,CART,43,2,0.7619047619047619,0.7597254004576659,0.8215102974828374,0.2592606408814016,0.26014950806842807,0.13162968444882983,60
Sonar,ACP-Gini,43,2,0.7380952380952381,0.7343300747556067,0.8226544622425629,0.23591424186913496,0.23576923574896502,0.12710857901468214,60
Sonar,Tree-global corr.,43,2,0.7857142857142857,0.7826336975273145,0.8386727688787184,0.19090458570582483,0.1758137073293847,0.11658133462868335,60
Sonar,VIF@5,43,2,0.6904761904761905,0.6860264519838988,0.71395881006865,0.18794059109744335,0.18796343058402487,0.12858606266342226,34
Sonar,VIF@10,43,2,0.6904761904761905,0.6860264519838988,0.702517162471396,0.19871394938119427,0.20093385139576314,0.13067386080776097,42
Sonar,VIF@20,43,2,0.7619047619047619,0.7597254004576659,0.8215102974828374,0.2592606408814016,0.26014950806842807,0.13162968444882983,53
Sonar,Cluster@0.5,43,2,0.7380952380952381,0.7379466817923993,0.7677345537757437,0.1899428429841602,0.18767954310497928,0.11690582528323204,25
Sonar,Cluster@0.6,43,2,0.7857142857142857,0.7846153846153847,0.8135011441647597,0.1866388305652253,0.18463810699792238,0.11680119349580328,32
Sonar,Cluster@0.7,43,2,0.7857142857142857,0.7846153846153847,0.8135011441647597,0.1866388305652253,0.18463810699792238,0.11680119349580328,36
Sonar,Cluster@0.8,43,2,0.8095238095238095,0.8077803203661327,0.8546910755148742,0.18943630574730616,0.17975324304454832,0.11862019265810754,43
Sonar,Cluster@0.9,43,2,0.6904761904761905,0.690300623936472,0.7356979405034326,0.20535886972042797,0.186953382395831,0.12067260277331487,56
Sonar,CART,43,3,0.7804878048780488,0.7756838905775076,0.8301435406698565,0.2388012392947312,0.2560576257256726,0.1241614361476604,60
Sonar,ACP-Gini,43,3,0.7804878048780488,0.7756838905775076,0.8133971291866029,0.23551913325274118,0.252089377533296,0.12382603916290177,60
Sonar,Tree-global corr.,43,3,0.7804878048780488,0.7756838905775076,0.8133971291866029,0.23558647473193328,0.25231959786955305,0.12367095516981068,60
Sonar,VIF@5,43,3,0.7073170731707317,0.6925,0.7045454545454546,0.1688209587016928,0.1780717839005008,0.11634389802104271,36
Sonar,VIF@10,43,3,0.6829268292682927,0.6703772418058133,0.7165071770334929,0.1949563227508112,0.19384337604800797,0.11907785990664585,45
Sonar,VIF@20,43,3,0.8048780487804879,0.8019323671497585,0.8708133971291867,0.20578594085781307,0.21238946778495713,0.11598923893339216,52
Sonar,Cluster@0.5,43,3,0.8048780487804879,0.8019323671497585,0.8433014354066986,0.24188438076558166,0.2574843918634934,0.12588914531211998,25
Sonar,Cluster@0.6,43,3,0.7804878048780488,0.7756838905775076,0.8157894736842106,0.23779792086917936,0.2565643853672003,0.12431732570752074,33
Sonar,Cluster@0.7,43,3,0.7804878048780488,0.7756838905775076,0.8157894736842106,0.23779792086917936,0.2565643853672003,0.12431732570752074,36
Sonar,Cluster@0.8,43,3,0.7804878048780488,0.7756838905775076,0.8157894736842106,0.23779792086917936,0.2565643853672003,0.12431732570752074,43
Sonar,Cluster@0.9,43,3,0.7804878048780488,0.7756838905775076,0.8301435406698565,0.23880123929473124,0.2560576257256726,0.12416143614766044,57
Sonar,CART,43,4,0.7317073170731707,0.731067382230173,0.7691387559808613,0.22508281227294086,0.24721310396990778,0.12916471075888497,60
Sonar,ACP-Gini,43,4,0.7560975609756098,0.7547846889952152,0.8169856459330143,0.16441198878961183,0.15626056504130797,0.11975231122325265,60
Sonar,Tree-global corr.,43,4,0.7073170731707317,0.7071428571428571,0.757177033492823,0.1743211248302124,0.19374080752719064,0.11866570865597123,60
Sonar,VIF@5,43,4,0.7317073170731707,0.7291291291291291,0.7894736842105263,0.19598700479998646,0.19536711066637613,0.11424304368574183,37
Sonar,VIF@10,43,4,0.7317073170731707,0.7291291291291291,0.7882775119617225,0.20921875531368708,0.2029216918780078,0.11775300832518995,43
Sonar,VIF@20,43,4,0.7317073170731707,0.731067382230173,0.7356459330143541,0.19079174869392035,0.20500727026798857,0.1207421029324311,53
Sonar,Cluster@0.5,43,4,0.7317073170731707,0.731067382230173,0.785885167464115,0.21254907565590678,0.20128734693431455,0.11721957755973146,24
Sonar,Cluster@0.6,43,4,0.6829268292682927,0.6821705426356589,0.7619617224880384,0.23795553715866508,0.26111182112290693,0.1276129447131873,31
Sonar,Cluster@0.7,43,4,0.6829268292682927,0.6821705426356589,0.7619617224880384,0.23795553715866505,0.261111821122907,0.12761294471318732,38
Sonar,Cluster@0.8,43,4,0.7073170731707317,0.7057416267942584,0.7846889952153111,0.23911617056429368,0.25870649162851705,0.12716490694820023,43
Sonar,Cluster@0.9,43,4,0.7317073170731707,0.731067382230173,0.7691387559808613,0.2250828122729409,0.24721310396990778,0.12916471075888497,57
Sonar,CART,44,0,0.8095238095238095,0.8090909090909091,0.8295454545454546,0.24827897498366291,0.2609259813919312,0.12671963340103043,60
Sonar,ACP-Gini,44,0,0.8333333333333334,0.8324786324786324,0.8681818181818182,0.20414702439088966,0.2050468458274937,0.12058966689480902,60
Sonar,Tree-global corr.,44,0,0.8333333333333334,0.8324786324786324,0.8852272727272728,0.2017857125197202,0.2078177888278948,0.12073639230713205,60
Sonar,VIF@5,44,0,0.7380952380952381,0.7343300747556067,0.8102272727272728,0.14717161122383576,0.13201694322772284,0.11324776794289629,36
Sonar,VIF@10,44,0,0.7380952380952381,0.7343300747556067,0.8102272727272728,0.1471716112238357,0.1320169432277228,0.11324776794289627,44
Sonar,VIF@20,44,0,0.6904761904761905,0.6888888888888889,0.7647727272727273,0.16581193139448566,0.15675116950861057,0.11329137110107547,50
Sonar,Cluster@0.5,44,0,0.7857142857142857,0.7855927396483267,0.8488636363636364,0.19264038718809043,0.18862251184163645,0.115018148831738,25
Sonar,Cluster@0.6,44,0,0.7857142857142857,0.7855927396483267,0.8636363636363638,0.18821121709624292,0.1820745710825951,0.11052651482495227,30
Sonar,Cluster@0.7,44,0,0.7857142857142857,0.7855927396483267,0.8181818181818181,0.1886050561687083,0.1826064704577119,0.11121728463202116,38
Sonar,Cluster@0.8,44,0,0.8095238095238095,0.8090909090909091,0.8250000000000001,0.2263625505688855,0.23253838914236002,0.12148615291035049,44
Sonar,Cluster@0.9,44,0,0.7857142857142857,0.7855927396483267,0.8102272727272728,0.2438714095913084,0.2554597112807177,0.12414488723928122,58
Sonar,CART,44,1,0.6428571428571429,0.6426545660805445,0.6681818181818182,0.21394902233491367,0.22824488374348206,0.12633541216970826,60
Sonar,ACP-Gini,44,1,0.6428571428571429,0.6426545660805445,0.6636363636363636,0.2049477275655442,0.22120796352730804,0.12375671663506434,60
Sonar,Tree-global corr.,44,1,0.6666666666666666,0.6636155606407322,0.6647727272727273,0.21442188939108422,0.2290068997930635,0.12528907811456258,60
Sonar,VIF@5,44,1,0.8095238095238095,0.8090909090909091,0.8386363636363636,0.18410494751042822,0.1818258228943458,0.1169295998319181,35
Sonar,VIF@10,44,1,0.8095238095238095,0.8090909090909091,0.8386363636363636,0.18410494751042822,0.1818258228943458,0.1169295998319181,43
Sonar,VIF@20,44,1,0.5952380952380952,0.595008508224617,0.6500000000000001,0.2088362052592303,0.22016266560419276,0.12476589145734134,52
Sonar,Cluster@0.5,44,1,0.7142857142857143,0.7142857142857143,0.7863636363636364,0.1843744165227936,0.16882531679602525,0.10647930144015011,24
Sonar,Cluster@0.6,44,1,0.6428571428571429,0.6377228292121909,0.7068181818181818,0.18745052956521505,0.1822793750219207,0.11825720337412271,30
Sonar,Cluster@0.7,44,1,0.6428571428571429,0.6377228292121909,0.7068181818181818,0.1879963037202719,0.18289920273939875,0.11826549541499873,37
Sonar,Cluster@0.8,44,1,0.6904761904761905,0.6888888888888889,0.6965909090909091,0.21341333812504526,0.22665520701713981,0.12476398986449339,42
Sonar,Cluster@0.9,44,1,0.6428571428571429,0.6426545660805445,0.6681818181818182,0.21222278372594325,0.22694646428390544,0.12437194429635401,57
Sonar,CART,44,2,0.7380952380952381,0.7379466817923993,0.7276887871853548,0.2451431901306459,0.22629640492639355,0.12394287679105376,60
Sonar,ACP-Gini,44,2,0.7619047619047619,0.7613636363636364,0.7814645308924486,0.1821081666290263,0.15992438316346494,0.1198640060332088,60
Sonar,Tree-global corr.,44,2,0.7857142857142857,0.7855927396483267,0.7894736842105263,0.17240904217511954,0.15504083766071255,0.11525311638812376,60
Sonar,VIF@5,44,2,0.7142857142857143,0.7116704805491991,0.7528604118993135,0.15310000826438597,0.13188956304267482,0.1149091748256546,38
Sonar,VIF@10,44,2,0.6904761904761905,0.690300623936472,0.7757437070938216,0.14487890068799614,0.12612498527745236,0.11705526758771698,44
Sonar,VIF@20,44,2,0.7857142857142857,0.7826336975273145,0.7871853546910755,0.16751660415930517,0.15736935129261811,0.11695129613402866,51
Sonar,Cluster@0.5,44,2,0.7380952380952381,0.7379466817923993,0.7276887871853548,0.19839083725093154,0.17762733402866873,0.11345880537473811,28
Sonar,Cluster@0.6,44,2,0.7380952380952381,0.7379466817923993,0.7276887871853548,0.19839083725093154,0.17762733402866873,0.11345880537473811,32
Sonar,Cluster@0.7,44,2,0.7380952380952381,0.7379466817923993,0.7276887871853548,0.19839083725093154,0.17762733402866873,0.11345880537473811,38
Sonar,Cluster@0.8,44,2,0.7380952380952381,0.7379466817923993,0.7276887871853548,0.2451431901306458,0.22629640492639366,0.12394287679105379,44
Sonar,Cluster@0.9,44,2,0.7380952380952381,0.7379466817923993,0.7276887871853548,0.24514319013064584,0.22629640492639364,0.12394287679105383,57
Sonar,CART,44,3,0.7317073170731707,0.731067382230173,0.6758373205741628,0.21853259777605025,0.2185488340804908,0.12469537412906903,60
Sonar,ACP-Gini,44,3,0.6829268292682927,0.6821705426356589,0.6973684210526316,0.1978628146442565,0.19402497070913954,0.12395413853928071,60
Sonar,Tree-global corr.,44,3,0.7317073170731707,0.731067382230173,0.7834928229665072,0.20232057386211183,0.20542816827575877,0.12380227200248084,60
Sonar,VIF@5,44,3,0.6829268292682927,0.6829268292682927,0.7392344497607656,0.1823436544560303,0.18176379407686055,0.11109231356277272,36
Sonar,VIF@10,44,3,0.7073170731707317,0.7071428571428571,0.7476076555023924,0.1748384277829341,0.1741532764882409,0.11093882326694644,43
Sonar,VIF@20,44,3,0.7317073170731707,0.731067382230173,0.7356459330143541,0.18569018470706236,0.18338333974295506,0.11719145954380998,52
Sonar,Cluster@0.5,44,3,0.7560975609756098,0.7524154589371981,0.7727272727272727,0.24646708887408583,0.25391556548478483,0.11907788124394672,24
Sonar,Cluster@0.6,44,3,0.6829268292682927,0.6821705426356589,0.715311004784689,0.255225483939211,0.2648608997992651,0.1243041784593305,31
Sonar,Cluster@0.7,44,3,0.6829268292682927,0.6821705426356589,0.715311004784689,0.2529882155091947,0.262570441950387,0.12366804302476161,38
Sonar,Cluster@0.8,44,3,0.7073170731707317,0.7071428571428571,0.7033492822966507,0.22499762581668867,0.23217413751140756,0.1216966153210979,44
Sonar,Cluster@0.9,44,3,0.7804878048780488,0.7783783783783784,0.7906698564593302,0.19147236165242906,0.19087194087478335,0.11950200307150446,57
Sonar,CART,44,4,0.6585365853658537,0.6533816425120773,0.69377990430622,0.2712151092523321,0.2768345373209223,0.1270862620398251,60
Sonar,ACP-Gini,44,4,0.6829268292682927,0.6703772418058133,0.6854066985645934,0.21614680203920683,0.2288663593449172,0.12095609859321915,60
Sonar,Tree-global corr.,44,4,0.6585365853658537,0.6482843137254902,0.6997607655502392,0.22013599265864262,0.23100355523005184,0.12142729669571914,60
Sonar,VIF@5,44,4,0.7560975609756098,0.7487745098039216,0.7571770334928232,0.15406507115554297,0.1508207074621811,0.11849879001687688,34
Sonar,VIF@10,44,4,0.7560975609756098,0.7524154589371981,0.7440191387559809,0.1922752122121907,0.19560995559459776,0.10961817660239681,42
Sonar,VIF@20,44,4,0.7073170731707317,0.7071428571428571,0.770334928229665,0.25679397492898515,0.26762361267142315,0.1293729357656273,51
Sonar,Cluster@0.5,44,4,0.7804878048780488,0.7756838905775076,0.855263157894737,0.25997656748569475,0.2762770376452405,0.1330049001913744,22
Sonar,Cluster@0.6,44,4,0.7804878048780488,0.7756838905775076,0.8600478468899522,0.22860582105225816,0.2477233502094788,0.1310012316319911,29
Sonar,Cluster@0.7,44,4,0.7804878048780488,0.7783783783783784,0.8157894736842106,0.24840478722079967,0.263517342633452,0.12978220376581176,38
Sonar,Cluster@0.8,44,4,0.6829268292682927,0.6821705426356589,0.7272727272727273,0.24451583837327637,0.25120372283924947,0.12809948641861454,44
Sonar,Cluster@0.9,44,4,0.6829268292682927,0.67987987987988,0.7069377990430622,0.26832110248635793,0.2745563292192923,0.12740370973226078,55
Pima,CART,42,0,0.7662337662337663,0.7210144927536233,0.7722222222222221,0.1831177846283969,0.19604859087455087,0.03960625947855182,8
Pima,ACP-Gini,42,0,0.7597402597402597,0.7114498404820986,0.7669444444444444,0.1845955856252718,0.19552476915734018,0.0391970918746727,8
Pima,Tree-global corr.,42,0,0.7532467532467533,0.7055152979066023,0.774537037037037,0.17793786338488318,0.1893455112774951,0.037979047423300834,8
Pima,VIF@5,42,0,0.7662337662337663,0.7210144927536233,0.7722222222222221,0.1831177846283969,0.19604859087455087,0.03960625947855182,8
Pima,VIF@10,42,0,0.7662337662337663,0.7210144927536233,0.7722222222222221,0.1831177846283969,0.19604859087455087,0.03960625947855182,8
Pima,VIF@20,42,0,0.7662337662337663,0.7210144927536233,0.7722222222222221,0.1831177846283969,0.19604859087455087,0.03960625947855182,8
Pima,Cluster@0.5,42,0,0.7207792207792207,0.6646579227224388,0.7395370370370371,0.18635284119585005,0.20135294206421925,0.03935256308599252,7
Pima,Cluster@0.6,42,0,0.7662337662337663,0.7210144927536233,0.7722222222222221,0.1831177846283969,0.19604859087455087,0.03960625947855182,8
Pima,Cluster@0.7,42,0,0.7662337662337663,0.7210144927536233,0.7722222222222221,0.1831177846283969,0.19604859087455087,0.03960625947855182,8
Pima,Cluster@0.8,42,0,0.7662337662337663,0.7210144927536233,0.7722222222222221,0.1831177846283969,0.19604859087455087,0.03960625947855182,8
Pima,Cluster@0.9,42,0,0.7662337662337663,0.7210144927536233,0.7722222222222221,0.1831177846283969,0.19604859087455087,0.03960625947855182,8
Pima,CART,42,1,0.7532467532467533,0.7186538461538461,0.7899074074074075,0.18614254162931693,0.18941703269348448,0.040525781915499486,8
Pima,ACP-Gini,42,1,0.7532467532467533,0.7156462585034014,0.7858333333333334,0.18900330207862778,0.19484538813863542,0.04135168858347616,8
Pima,Tree-global corr.,42,1,0.7467532467532467,0.7127277945185824,0.7891666666666667,0.18401242219682098,0.18620505988219566,0.039691246464136624,8
Pima,VIF@5,42,1,0.7532467532467533,0.7186538461538461,0.7899074074074075,0.18614254162931693,0.18941703269348448,0.040525781915499486,8
Pima,VIF@10,42,1,0.7532467532467533,0.7186538461538461,0.7899074074074075,0.18614254162931693,0.18941703269348448,0.040525781915499486,8
Pima,VIF@20,42,1,0.7532467532467533,0.7186538461538461,0.7899074074074075,0.18614254162931693,0.18941703269348448,0.040525781915499486,8
Pima,Cluster@0.5,42,1,0.7727272727272727,0.7395002658160553,0.8053703703703704,0.19162546474532144,0.1934256140982752,0.03997109324144649,7
Pima,Cluster@0.6,42,1,0.7532467532467533,0.7186538461538461,0.7899074074074075,0.18614254162931693,0.18941703269348448,0.040525781915499486,8
Pima,Cluster@0.7,42,1,0.7532467532467533,0.7186538461538461,0.7899074074074075,0.18614254162931693,0.18941703269348448,0.040525781915499486,8
Pima,Cluster@0.8,42,1,0.7532467532467533,0.7186538461538461,0.7899074074074075,0.18614254162931693,0.18941703269348448,0.040525781915499486,8
Pima,Cluster@0.9,42,1,0.7532467532467533,0.7186538461538461,0.7899074074074075,0.18614254162931693,0.18941703269348448,0.040525781915499486,8
Pima,CART,42,2,0.7532467532467533,0.7156462585034014,0.7656481481481483,0.1736252473388351,0.1815643220074049,0.03826271610172212,8
Pima,ACP-Gini,42,2,0.7532467532467533,0.7156462585034014,0.7780555555555555,0.17308673556280263,0.1804041783650849,0.03802907190266505,8
Pima,Tree-global corr.,42,2,0.7532467532467533,0.7156462585034014,0.7758333333333334,0.1730937365489437,0.18028179289904447,0.038023657133490846,8
Pima,VIF@5,42,2,0.7532467532467533,0.7156462585034014,0.7656481481481483,0.1736252473388351,0.1815643220074049,0.03826271610172212,8
Pima,VIF@10,42,2,0.7532467532467533,0.7156462585034014,0.7656481481481483,0.1736252473388351,0.1815643220074049,0.03826271610172212,8
Pima,VIF@20,42,2,0.7532467532467533,0.7156462585034014,0.7656481481481483,0.1736252473388351,0.1815643220074049,0.03826271610172212,8
Pima,Cluster@0.5,42,2,0.7337662337662337,0.694843168527379,0.7738888888888888,0.18132047926182132,0.19110009085341337,0.038741879892934955,7
Pima,Cluster@0.6,42,2,0.7532467532467533,0.7156462585034014,0.7656481481481483,0.1736252473388351,0.1815643220074049,0.03826271610172212,8
Pima,Cluster@0.7,42,2,0.7532467532467533,0.7156462585034014,0.7656481481481483,0.1736252473388351,0.1815643220074049,0.03826271610172212,8
Pima,Cluster@0.8,42,2,0.7532467532467533,0.7156462585034014,0.7656481481481483,0.1736252473388351,0.1815643220074049,0.03826271610172212,8
Pima,Cluster@0.9,42,2,0.7532467532467533,0.7156462585034014,0.7656481481481483,0.1736252473388351,0.1815643220074049,0.03826271610172212,8
Pima,CART,42,3,0.7124183006535948,0.6621838619028503,0.7520754716981132,0.19022367285185668,0.2022690576263232,0.042018835094629316,8
Pima,ACP-Gini,42,3,0.7189542483660131,0.6717884759291595,0.7631132075471698,0.1867846064725957,0.20050880163636595,0.04007599451940287,8
Pima,Tree-global corr.,42,3,0.7189542483660131,0.6717884759291595,0.7631132075471698,0.18695083940354865,0.2007741794085022,0.040106785317003985,8
Pima,VIF@5,42,3,0.7124183006535948,0.6621838619028503,0.7520754716981132,0.19022367285185668,0.2022690576263232,0.042018835094629316,8
Pima,VIF@10,42,3,0.7124183006535948,0.6621838619028503,0.7520754716981132,0.19022367285185668,0.2022690576263232,0.042018835094629316,8
Pima,VIF@20,42,3,0.7124183006535948,0.6621838619028503,0.7520754716981132,0.19022367285185668,0.2022690576263232,0.042018835094629316,8
Pima,Cluster@0.5,42,3,0.7058823529411765,0.6766542995350584,0.7608490566037736,0.19897719530566962,0.20719064633063133,0.04367476834851618,7
Pima,Cluster@0.6,42,3,0.7124183006535948,0.6621838619028503,0.7520754716981132,0.19022367285185668,0.2022690576263232,0.042018835094629316,8
Pima,Cluster@0.7,42,3,0.7124183006535948,0.6621838619028503,0.7520754716981132,0.19022367285185668,0.2022690576263232,0.042018835094629316,8
Pima,Cluster@0.8,42,3,0.7124183006535948,0.6621838619028503,0.7520754716981132,0.19022367285185668,0.2022690576263232,0.042018835094629316,8
Pima,Cluster@0.9,42,3,0.7124183006535948,0.6621838619028503,0.7520754716981132,0.19022367285185668,0.2022690576263232,0.042018835094629316,8
Pima,CART,42,4,0.7124183006535948,0.6732038834951457,0.6789622641509434,0.18467978983908417,0.19198145809977876,0.04175440001158415,8
Pima,ACP-Gini,42,4,0.6928104575163399,0.6276601253041992,0.6861320754716982,0.18439553593896296,0.19866101771509742,0.04046476227153537,8
Pima,Tree-global corr.,42,4,0.7058823529411765,0.6435043752912546,0.7021698113207547,0.17913151448878703,0.19281681558423702,0.03886339735888457,8
Pima,VIF@5,42,4,0.7124183006535948,0.6732038834951457,0.6789622641509434,0.18467978983908417,0.19198145809977876,0.04175440001158415,8
Pima,VIF@10,42,4,0.7124183006535948,0.6732038834951457,0.6789622641509434,0.18467978983908417,0.19198145809977876,0.04175440001158415,8
Pima,VIF@20,42,4,0.7124183006535948,0.6732038834951457,0.6789622641509434,0.18467978983908417,0.19198145809977876,0.04175440001158415,8
Pima,Cluster@0.5,42,4,0.7254901960784313,0.6847527472527473,0.7011320754716981,0.18408593107343044,0.19191248568614006,0.04023905412782309,7
Pima,Cluster@0.6,42,4,0.7124183006535948,0.6732038834951457,0.6789622641509434,0.18467978983908417,0.19198145809977876,0.04175440001158415,8
Pima,Cluster@0.7,42,4,0.7124183006535948,0.6732038834951457,0.6789622641509434,0.18467978983908417,0.19198145809977876,0.04175440001158415,8
Pima,Cluster@0.8,42,4,0.7124183006535948,0.6732038834951457,0.6789622641509434,0.18467978983908417,0.19198145809977876,0.04175440001158415,8
Pima,Cluster@0.9,42,4,0.7124183006535948,0.6732038834951457,0.6789622641509434,0.18467978983908417,0.19198145809977876,0.04175440001158415,8
Pima,CART,43,0,0.7337662337662337,0.66190093708166,0.7828703703703703,0.18538471465471137,0.2045987689034336,0.04081647922749193,8
Pima,ACP-Gini,43,0,0.7337662337662337,0.66190093708166,0.7811111111111111,0.18497234784614627,0.204678276646287,0.04081783280833825,8
Pima,Tree-global corr.,43,0,0.7532467532467533,0.7017329255861366,0.7788888888888889,0.1798977083563412,0.19280174283503532,0.03801387979411624,8
Pima,VIF@5,43,0,0.7337662337662337,0.66190093708166,0.7828703703703703,0.18538471465471137,0.2045987689034336,0.04081647922749193,8
Pima,VIF@10,43,0,0.7337662337662337,0.66190093708166,0.7828703703703703,0.18538471465471137,0.2045987689034336,0.04081647922749193,8
Pima,VIF@20,43,0,0.7337662337662337,0.66190093708166,0.7828703703703703,0.18538471465471137,0.2045987689034336,0.04081647922749193,8
Pima,Cluster@0.5,43,0,0.7207792207792207,0.6454082998661312,0.7748148148148148,0.18718990663652657,0.20635774984337155,0.041049705256763075,7
Pima,Cluster@0.6,43,0,0.7337662337662337,0.66190093708166,0.7828703703703703,0.18538471465471137,0.2045987689034336,0.04081647922749193,8
Pima,Cluster@0.7,43,0,0.7337662337662337,0.66190093708166,0.7828703703703703,0.18538471465471137,0.2045987689034336,0.04081647922749193,8
Pima,Cluster@0.8,43,0,0.7337662337662337,0.66190093708166,0.7828703703703703,0.18538471465471137,0.2045987689034336,0.04081647922749193,8
Pima,Cluster@0.9,43,0,0.7337662337662337,0.66190093708166,0.7828703703703703,0.18538471465471137,0.2045987689034336,0.04081647922749193,8
Pima,CART,43,1,0.7012987012987013,0.6594230769230769,0.7814814814814814,0.1791310262094014,0.19180306150830653,0.039276821426450656,8
Pima,ACP-Gini,43,1,0.7012987012987013,0.6594230769230769,0.7888888888888889,0.17900227650311892,0.1913364492579099,0.03914478310759605,8
Pima,Tree-global corr.,43,1,0.7467532467532467,0.723110967682449,0.8104629629629629,0.1776084908902778,0.19075149275067882,0.03878392044765607,8
Pima,VIF@5,43,1,0.7012987012987013,0.6594230769230769,0.7814814814814814,0.1791310262094014,0.19180306150830653,0.039276821426450656,8
Pima,VIF@10,43,1,0.7012987012987013,0.6594230769230769,0.7814814814814814,0.1791310262094014,0.19180306150830653,0.039276821426450656,8
Pima,VIF@20,43,1,0.7012987012987013,0.6594230769230769,0.7814814814814814,0.1791310262094014,0.19180306150830653,0.039276821426450656,8
Pima,Cluster@0.5,43,1,0.7467532467532467,0.7182266009852216,0.7894444444444444,0.18973749971734896,0.20462045389140263,0.03990502831293067,7
Pima,Cluster@0.6,43,1,0.7012987012987013,0.6594230769230769,0.7814814814814814,0.1791310262094014,0.19180306150830653,0.039276821426450656,8
Pima,Cluster@0.7,43,1,0.7012987012987013,0.6594230769230769,0.7814814814814814,0.1791310262094014,0.19180306150830653,0.039276821426450656,8
Pima,Cluster@0.8,43,1,0.7012987012987013,0.6594230769230769,0.7814814814814814,0.1791310262094014,0.19180306150830653,0.039276821426450656,8
Pima,Cluster@0.9,43,1,0.7012987012987013,0.6594230769230769,0.7814814814814814,0.1791310262094014,0.19180306150830653,0.039276821426450656,8
Pima,CART,43,2,0.7272727272727273,0.6979263964132263,0.7511111111111112,0.17799203747380643,0.187627234597754,0.03809468242106892,8
Pima,ACP-Gini,43,2,0.7142857142857143,0.6957614942528736,0.7379629629629629,0.17642965429022142,0.18699430206307024,0.038291586699407056,8
Pima,Tree-global corr.,43,2,0.7272727272727273,0.6979263964132263,0.7476851851851851,0.1784075282862131,0.18855310837760791,0.03781633659964078,8
Pima,VIF@5,43,2,0.7272727272727273,0.6979263964132263,0.7511111111111112,0.17799203747380643,0.187627234597754,0.03809468242106892,8
Pima,VIF@10,43,2,0.7272727272727273,0.6979263964132263,0.7511111111111112,0.17799203747380643,0.187627234597754,0.03809468242106892,8
Pima,VIF@20,43,2,0.7272727272727273,0.6979263964132263,0.7511111111111112,0.17799203747380643,0.187627234597754,0.03809468242106892,8
Pima,Cluster@0.5,43,2,0.7272727272727273,0.6979263964132263,0.7560185185185184,0.17960083288333006,0.18904743516393327,0.038170182271432304,7
Pima,Cluster@0.6,43,2,0.7272727272727273,0.6979263964132263,0.7511111111111112,0.17799203747380643,0.187627234597754,0.03809468242106892,8
Pima,Cluster@0.7,43,2,0.7272727272727273,0.6979263964132263,0.7511111111111112,0.17799203747380643,0.187627234597754,0.03809468242106892,8
Pima,Cluster@0.8,43,2,0.7272727272727273,0.6979263964132263,0.7511111111111112,0.17799203747380643,0.187627234597754,0.03809468242106892,8
Pima,Cluster@0.9,43,2,0.7272727272727273,0.6979263964132263,0.7511111111111112,0.17799203747380643,0.187627234597754,0.03809468242106892,8
Pima,CART,43,3,0.7843137254901961,0.7536231884057971,0.830754716981132,0.19278330299977994,0.205969641086194,0.04185483254596552,8
Pima,ACP-Gini,43,3,0.7777777777777778,0.7474757281553398,0.8102830188679246,0.19511633398019815,0.20370648723915782,0.04247707889578617,8
Pima,Tree-global corr.,43,3,0.7712418300653595,0.7413668196087901,0.8074528301886792,0.19443522012604134,0.20270248301304844,0.04233795838628334,8
Pima,VIF@5,43,3,0.7843137254901961,0.7536231884057971,0.830754716981132,0.19278330299977994,0.205969641086194,0.04185483254596552,8
Pima,VIF@10,43,3,0.7843137254901961,0.7536231884057971,0.830754716981132,0.19278330299977994,0.205969641086194,0.04185483254596552,8
Pima,VIF@20,43,3,0.7843137254901961,0.7536231884057971,0.830754716981132,0.19278330299977994,0.205969641086194,0.04185483254596552,8
Pima,Cluster@0.5,43,3,0.7843137254901961,0.7536231884057971,0.8158490566037735,0.19497575397079833,0.20922626824970225,0.04156400486233077,7
Pima,Cluster@0.6,43,3,0.7843137254901961,0.7536231884057971,0.830754716981132,0.19278330299977994,0.205969641086194,0.04185483254596552,8
Pima,Cluster@0.7,43,3,0.7843137254901961,0.7536231884057971,0.830754716981132,0.19278330299977994,0.205969641086194,0.04185483254596552,8
Pima,Cluster@0.8,43,3,0.7843137254901961,0.7536231884057971,0.830754716981132,0.19278330299977994,0.205969641086194,0.04185483254596552,8
Pima,Cluster@0.9,43,3,0.7843137254901961,0.7536231884057971,0.830754716981132,0.19278330299977994,0.205969641086194,0.04185483254596552,8
Pima,CART,43,4,0.7450980392156863,0.7118087418497947,0.7764150943396226,0.18701946457119026,0.20541587570452657,0.04139609007883243,8
Pima,ACP-Gini,43,4,0.7450980392156863,0.70566763675825,0.7747169811320755,0.18565257590562742,0.20246372225244633,0.040856238556105824,8
Pima,Tree-global corr.,43,4,0.7254901960784313,0.6994949494949495,0.7651886792452831,0.17774000426066222,0.18913191401517698,0.03832874933394037,8
Pima,VIF@5,43,4,0.7450980392156863,0.7118087418497947,0.7764150943396226,0.18701946457119026,0.20541587570452657,0.04139609007883243,8
Pima,VIF@10,43,4,0.7450980392156863,0.7118087418497947,0.7764150943396226,0.18701946457119026,0.20541587570452657,0.04139609007883243,8
Pima,VIF@20,43,4,0.7450980392156863,0.7118087418497947,0.7764150943396226,0.18701946457119026,0.20541587570452657,0.04139609007883243,8
Pima,Cluster@0.5,43,4,0.7712418300653595,0.7413668196087901,0.7709433962264152,0.188422841909879,0.2056991038672959,0.04061917166672579,7
Pima,Cluster@0.6,43,4,0.7450980392156863,0.7118087418497947,0.7764150943396226,0.18701946457119026,0.20541587570452657,0.04139609007883243,8
Pima,Cluster@0.7,43,4,0.7450980392156863,0.7118087418497947,0.7764150943396226,0.18701946457119026,0.20541587570452657,0.04139609007883243,8
Pima,Cluster@0.8,43,4,0.7450980392156863,0.7118087418497947,0.7764150943396226,0.18701946457119026,0.20541587570452657,0.04139609007883243,8
Pima,Cluster@0.9,43,4,0.7450980392156863,0.7118087418497947,0.7764150943396226,0.18701946457119026,0.20541587570452657,0.04139609007883243,8
Pima,CART,44,0,0.7142857142857143,0.6806184012066365,0.7264814814814815,0.18250837878399478,0.19040256411893322,0.04030029324845305,8
Pima,ACP-Gini,44,0,0.7142857142857143,0.6806184012066365,0.7491666666666666,0.18082611498741277,0.1872328703080457,0.03917606092503294,8
Pima,Tree-global corr.,44,0,0.6883116883116883,0.6577777777777778,0.7288888888888889,0.1724421235855625,0.17700945387231826,0.038606398857753806,8
Pima,VIF@5,44,0,0.7142857142857143,0.6806184012066365,0.7264814814814815,0.18250837878399478,0.19040256411893322,0.04030029324845305,8
Pima,VIF@10,44,0,0.7142857142857143,0.6806184012066365,0.7264814814814815,0.18250837878399478,0.19040256411893322,0.04030029324845305,8
Pima,VIF@20,44,0,0.7142857142857143,0.6806184012066365,0.7264814814814815,0.18250837878399478,0.19040256411893322,0.04030029324845305,8
Pima,Cluster@0.5,44,0,0.7142857142857143,0.6835419390995703,0.7524074074074074,0.18505474961214802,0.1929032002257943,0.038494710284046225,7
Pima,Cluster@0.6,44,0,0.7142857142857143,0.6806184012066365,0.7264814814814815,0.18250837878399478,0.19040256411893322,0.04030029324845305,8
Pima,Cluster@0.7,44,0,0.7142857142857143,0.6806184012066365,0.7264814814814815,0.18250837878399478,0.19040256411893322,0.04030029324845305,8
Pima,Cluster@0.8,44,0,0.7142857142857143,0.6806184012066365,0.7264814814814815,0.18250837878399478,0.19040256411893322,0.04030029324845305,8
Pima,Cluster@0.9,44,0,0.7142857142857143,0.6806184012066365,0.7264814814814815,0.18250837878399478,0.19040256411893322,0.04030029324845305,8
Pima,CART,44,1,0.7272727272727273,0.6890384615384615,0.7948148148148148,0.1727667270307922,0.1774046636389093,0.03646540292919886,8
Pima,ACP-Gini,44,1,0.7272727272727273,0.6890384615384615,0.7948148148148148,0.1727667270307922,0.1774046636389093,0.03646540292919886,8
Pima,Tree-global corr.,44,1,0.7272727272727273,0.6890384615384615,0.7987037037037037,0.1727816877717374,0.17722530864246716,0.036360480436176935,8
Pima,VIF@5,44,1,0.7272727272727273,0.6890384615384615,0.7948148148148148,0.1727667270307922,0.1774046636389093,0.03646540292919886,8
Pima,VIF@10,44,1,0.7272727272727273,0.6890384615384615,0.7948148148148148,0.1727667270307922,0.1774046636389093,0.03646540292919886,8
Pima,VIF@20,44,1,0.7272727272727273,0.6890384615384615,0.7948148148148148,0.1727667270307922,0.1774046636389093,0.03646540292919886,8
Pima,Cluster@0.5,44,1,0.7337662337662337,0.7089115301277027,0.782685185185185,0.18130151147490725,0.1846948069955842,0.036576739717254954,7
Pima,Cluster@0.6,44,1,0.7272727272727273,0.6890384615384615,0.7948148148148148,0.1727667270307922,0.1774046636389093,0.03646540292919886,8
Pima,Cluster@0.7,44,1,0.7272727272727273,0.6890384615384615,0.7948148148148148,0.1727667270307922,0.1774046636389093,0.03646540292919886,8
Pima,Cluster@0.8,44,1,0.7272727272727273,0.6890384615384615,0.7948148148148148,0.1727667270307922,0.1774046636389093,0.03646540292919886,8
Pima,Cluster@0.9,44,1,0.7272727272727273,0.6890384615384615,0.7948148148148148,0.1727667270307922,0.1774046636389093,0.03646540292919886,8
Pima,CART,44,2,0.7857142857142857,0.7569235184388003,0.8314814814814815,0.18311912330490182,0.19575580274439858,0.04211519346127043,8
Pima,ACP-Gini,44,2,0.7597402597402597,0.7326765188834155,0.8072222222222223,0.17961038085683148,0.18615809210921647,0.04055393895751248,8
Pima,Tree-global corr.,44,2,0.7792207792207793,0.7508090614886731,0.8132407407407407,0.1767061116125354,0.18434030907767834,0.039867021772758346,8
Pima,VIF@5,44,2,0.7857142857142857,0.7569235184388003,0.8314814814814815,0.18311912330490182,0.19575580274439858,0.04211519346127043,8
Pima,VIF@10,44,2,0.7857142857142857,0.7569235184388003,0.8314814814814815,0.18311912330490182,0.19575580274439858,0.04211519346127043,8
Pima,VIF@20,44,2,0.7857142857142857,0.7569235184388003,0.8314814814814815,0.18311912330490182,0.19575580274439858,0.04211519346127043,8
Pima,Cluster@0.5,44,2,0.7792207792207793,0.7482692307692308,0.8228703703703704,0.18608028063815674,0.1971159213914968,0.04140345252969922,7
Pima,Cluster@0.6,44,2,0.7857142857142857,0.7569235184388003,0.8314814814814815,0.18311912330490182,0.19575580274439858,0.04211519346127043,8
Pima,Cluster@0.7,44,2,0.7857142857142857,0.7569235184388003,0.8314814814814815,0.18311912330490182,0.19575580274439858,0.04211519346127043,8
Pima,Cluster@0.8,44,2,0.7857142857142857,0.7569235184388003,0.8314814814814815,0.18311912330490182,0.19575580274439858,0.04211519346127043,8
Pima,Cluster@0.9,44,2,0.7857142857142857,0.7569235184388003,0.8314814814814815,0.18311912330490182,0.19575580274439858,0.04211519346127043,8
Pima,CART,44,3,0.6862745098039216,0.6357142857142857,0.7583018867924529,0.18632475953003474,0.20058653440941315,0.043682282943183985,8
Pima,ACP-Gini,44,3,0.6862745098039216,0.6357142857142857,0.7523584905660378,0.18426359831167238,0.1986152519106892,0.043023946731282355,8
Pima,Tree-global corr.,44,3,0.6862745098039216,0.6357142857142857,0.7523584905660378,0.18426359831167238,0.1986152519106892,0.043023946731282355,8
Pima,VIF@5,44,3,0.6862745098039216,0.6357142857142857,0.7583018867924529,0.18632475953003474,0.20058653440941315,0.043682282943183985,8
Pima,VIF@10,44,3,0.6862745098039216,0.6357142857142857,0.7583018867924529,0.18632475953003474,0.20058653440941315,0.043682282943183985,8
Pima,VIF@20,44,3,0.6862745098039216,0.6357142857142857,0.7583018867924529,0.18632475953003474,0.20058653440941315,0.043682282943183985,8
Pima,Cluster@0.5,44,3,0.6862745098039216,0.6357142857142857,0.7514150943396227,0.1868456973821934,0.20123189355218202,0.04368877880241528,7
Pima,Cluster@0.6,44,3,0.6862745098039216,0.6357142857142857,0.7583018867924529,0.18632475953003474,0.20058653440941315,0.043682282943183985,8
Pima,Cluster@0.7,44,3,0.6862745098039216,0.6357142857142857,0.7583018867924529,0.18632475953003474,0.20058653440941315,0.043682282943183985,8
Pima,Cluster@0.8,44,3,0.6862745098039216,0.6357142857142857,0.7583018867924529,0.18632475953003474,0.20058653440941315,0.043682282943183985,8
Pima,Cluster@0.9,44,3,0.6862745098039216,0.6357142857142857,0.7583018867924529,0.18632475953003474,0.20058653440941315,0.043682282943183985,8
Pima,CART,44,4,0.7581699346405228,0.7341379796177148,0.8183962264150944,0.17669118108893142,0.19320191434811715,0.038900989463866886,8
Pima,ACP-Gini,44,4,0.7581699346405228,0.7341379796177148,0.8270754716981132,0.17671136163345813,0.1930375887422855,0.038887714946866284,8
Pima,Tree-global corr.,44,4,0.7581699346405228,0.7341379796177148,0.8270754716981132,0.17671136163345813,0.1930375887422855,0.038887714946866284,8
Pima,VIF@5,44,4,0.7581699346405228,0.7341379796177148,0.8183962264150944,0.17669118108893142,0.19320191434811715,0.038900989463866886,8
Pima,VIF@10,44,4,0.7581699346405228,0.7341379796177148,0.8183962264150944,0.17669118108893142,0.19320191434811715,0.038900989463866886,8
Pima,VIF@20,44,4,0.7581699346405228,0.7341379796177148,0.8183962264150944,0.17669118108893142,0.19320191434811715,0.038900989463866886,8
Pima,Cluster@0.5,44,4,0.7647058823529411,0.740188679245283,0.8165094339622642,0.1791422823621798,0.1971616219535753,0.03877812611193091,7
Pima,Cluster@0.6,44,4,0.7581699346405228,0.7341379796177148,0.8183962264150944,0.17669118108893142,0.19320191434811715,0.038900989463866886,8
Pima,Cluster@0.7,44,4,0.7581699346405228,0.7341379796177148,0.8183962264150944,0.17669118108893142,0.19320191434811715,0.038900989463866886,8
Pima,Cluster@0.8,44,4,0.7581699346405228,0.7341379796177148,0.8183962264150944,0.17669118108893142,0.19320191434811715,0.038900989463866886,8
Pima,Cluster@0.9,44,4,0.7581699346405228,0.7341379796177148,0.8183962264150944,0.17669118108893142,0.19320191434811715,0.038900989463866886,8
Diabetes,CART,42,0,0.6966292134831461,0.6927502876869965,0.7813131313131313,0.3247893301511559,0.34587698846092707,0.07996937817905665,10
Diabetes,ACP-Gini,42,0,0.7078651685393258,0.7075328614762386,0.7873737373737374,0.3303326264472549,0.3501704747018531,0.07830428661900618,10
Diabetes,Tree-global corr.,42,0,0.6741573033707865,0.6726696258719087,0.7694444444444444,0.3240573316456538,0.34412997858451005,0.07829032829595366,10
Diabetes,VIF@5,42,0,0.6853932584269663,0.6805128205128206,0.7671717171717172,0.3226594777260531,0.34478023043184636,0.07912902201683852,8
Diabetes,VIF@10,42,0,0.6853932584269663,0.6805128205128206,0.7671717171717172,0.3226594777260531,0.34478023043184636,0.07912902201683852,9
Diabetes,VIF@20,42,0,0.6853932584269663,0.6805128205128206,0.7671717171717172,0.3226594777260531,0.34478023043184636,0.07912902201683852,9
Diabetes,Cluster@0.5,42,0,0.6629213483146067,0.6608231707317074,0.7494949494949494,0.35077046043434923,0.37032494738670557,0.08382490777012502,8
Diabetes,Cluster@0.6,42,0,0.6629213483146067,0.6608231707317074,0.7494949494949494,0.35077046043434923,0.37032494738670557,0.08382490777012502,8
Diabetes,Cluster@0.7,42,0,0.6629213483146067,0.6608231707317074,0.7494949494949494,0.35077046043434923,0.37032494738670557,0.08382490777012502,8
Diabetes,Cluster@0.8,42,0,0.6741573033707865,0.6699910497378851,0.7792929292929293,0.3307296181895817,0.35029512491240183,0.07769037329220785,9
Diabetes,Cluster@0.9,42,0,0.6966292134831461,0.6927502876869965,0.7813131313131313,0.3247893301511559,0.34587698846092707,0.07996937817905665,10
Diabetes,CART,42,1,0.7191011235955056,0.7189592017178223,0.7608585858585859,0.3221436036861644,0.3361206793582883,0.07434445452974099,10
Diabetes,ACP-Gini,42,1,0.7191011235955056,0.7178186429930247,0.7909090909090909,0.32747799497131425,0.3418887896703836,0.0748207430962482,10
Diabetes,Tree-global corr.,42,1,0.7191011235955056,0.7178186429930247,0.7825757575757575,0.3237506515718969,0.338937905324905,0.07436814165861778,10
Diabetes,VIF@5,42,1,0.7303370786516854,0.7300303336703741,0.7886363636363636,0.3185014320249973,0.3331607139639268,0.07203225417193053,8
Diabetes,VIF@10,42,1,0.7303370786516854,0.7300303336703741,0.7886363636363636,0.31850143202499726,0.3331607139639268,0.07203225417193052,9
Diabetes,VIF@20,42,1,0.7303370786516854,0.7300303336703741,0.7886363636363636,0.31850143202499726,0.3331607139639268,0.07203225417193052,9
Diabetes,Cluster@0.5,42,1,0.6853932584269663,0.6843971631205674,0.7439393939393939,0.3381950588988507,0.35161913565611375,0.07646826303993443,8
Diabetes,Cluster@0.6,42,1,0.6853932584269663,0.6843971631205674,0.7439393939393939,0.3381950588988507,0.35161913565611375,0.07646826303993443,8
Diabetes,Cluster@0.7,42,1,0.6853932584269663,0.6843971631205674,0.7439393939393939,0.3381950588988507,0.35161913565611375,0.07646826303993443,8
Diabetes,Cluster@0.8,42,1,0.7191011235955056,0.7189592017178223,0.7608585858585859,0.32766340930756893,0.34045634391204616,0.07310422145189026,9
Diabetes,Cluster@0.9,42,1,0.7191011235955056,0.7189592017178223,0.7608585858585859,0.3221436036861644,0.3361206793582883,0.07434445452974099,10
Diabetes,CART,42,2,0.6363636363636364,0.6356107660455487,0.7200413223140496,0.3482243803997849,0.36587398276575017,0.08192234321509106,10
Diabetes,ACP-Gini,42,2,0.6477272727272727,0.6465863453815262,0.7156508264462811,0.34709251000335495,0.36824799411191045,0.08097712531572494,10
Diabetes,Tree-global corr.,42,2,0.6136363636363636,0.611831862999481,0.6957644628099173,0.3449259735603107,0.3625842909077916,0.07956488750293457,10
Diabetes,VIF@5,42,2,0.6477272727272727,0.6465863453815262,0.7045454545454546,0.33260435765351065,0.3522009307959622,0.07844465184230831,8
Diabetes,VIF@10,42,2,0.6477272727272727,0.6465863453815262,0.7045454545454546,0.33260435765351065,0.3522009307959622,0.07844465184230831,9
Diabetes,VIF@20,42,2,0.6477272727272727,0.6465863453815262,0.7045454545454546,0.33260435765351065,0.3522009307959622,0.07844465184230831,9
Diabetes,Cluster@0.5,42,2,0.6477272727272727,0.647317388493859,0.7014462809917356,0.36246502259247515,0.3786637957159828,0.08421738499847939,8
Diabetes,Cluster@0.6,42,2,0.6477272727272727,0.647317388493859,0.7014462809917356,0.36246502259247515,0.3786637957159828,0.08421738499847939,8
Diabetes,Cluster@0.7,42,2,0.6477272727272727,0.647317388493859,0.7014462809917356,0.36246502259247515,0.3786637957159828,0.08421738499847939,8
Diabetes,Cluster@0.8,42,2,0.625,0.6237854644383988,0.696797520661157,0.3499513718213551,0.36573065732864757,0.08085565355500438,9
Diabetes,Cluster@0.9,42,2,0.6363636363636364,0.6356107660455487,0.7200413223140496,0.3482243803997849,0.36587398276575017,0.08192234321509106,10
Diabetes,CART,42,3,0.6931818181818182,0.6928248222365869,0.7120351239669422,0.358509171875924,0.3791184683268376,0.08686766016919795,10
Diabetes,ACP-Gini,42,3,0.7045454545454546,0.7043927648578812,0.7143595041322315,0.34960787297487106,0.3718528724647225,0.08531324793871578,10
Diabetes,Tree-global corr.,42,3,0.6818181818181818,0.681159420289855,0.7089359504132231,0.3405378444577541,0.36280164512012686,0.082642944059679,10
Diabetes,VIF@5,42,3,0.7386363636363636,0.7383322559793148,0.7350206611570249,0.3501587674861292,0.3715046770038305,0.08430987113193196,8
Diabetes,VIF@10,42,3,0.7386363636363636,0.7383322559793148,0.7350206611570249,0.3501587674861292,0.3715046770038305,0.08430987113193196,9
Diabetes,VIF@20,42,3,0.7386363636363636,0.7383322559793148,0.7350206611570249,0.3501587674861292,0.3715046770038305,0.08430987113193196,9
Diabetes,Cluster@0.5,42,3,0.75,0.7488323819408407,0.7577479338842975,0.3425586036124097,0.36030352282854194,0.08274836319338852,8
Diabetes,Cluster@0.6,42,3,0.75,0.7488323819408407,0.7577479338842975,0.3425586036124097,0.36030352282854194,0.08274836319338852,8
Diabetes,Cluster@0.7,42,3,0.75,0.7488323819408407,0.7577479338842975,0.3425586036124097,0.36030352282854194,0.08274836319338852,8
Diabetes,Cluster@0.8,42,3,0.7386363636363636,0.7383322559793148,0.7350206611570249,0.3501587674861292,0.3715046770038305,0.08430987113193196,9
Diabetes,Cluster@0.9,42,3,0.6931818181818182,0.6928248222365869,0.7120351239669422,0.358509171875924,0.3791184683268376,0.08686766016919795,10
Diabetes,CART,42,4,0.6931818181818182,0.6928248222365869,0.7590392561983471,0.35712211818274037,0.37602465521221273,0.08472791837248295,10
Diabetes,ACP-Gini,42,4,0.7272727272727273,0.7271317829457364,0.7716942148760331,0.34022990715737356,0.3595883314808139,0.08174841856608589,10
Diabetes,Tree-global corr.,42,4,0.6477272727272727,0.6476817770889836,0.7283057851239669,0.32332303132835377,0.34113428273642254,0.07825048422570721,10
Diabetes,VIF@5,42,4,0.6931818181818182,0.6928248222365869,0.7900309917355371,0.3491016091575712,0.3674303855265863,0.0830773873203213,8
Diabetes,VIF@10,42,4,0.7159090909090909,0.7158724008782126,0.7735020661157025,0.3539860337705853,0.37333352979743273,0.08430328441026966,9
Diabetes,VIF@20,42,4,0.7159090909090909,0.7158724008782126,0.7735020661157025,0.3539860337705853,0.37333352979743273,0.08430328441026966,9
Diabetes,Cluster@0.5,42,4,0.7613636363636364,0.7610859728506787,0.7740185950413223,0.37996156312244994,0.39978375489449214,0.0899748411758748,8
Diabetes,Cluster@0.6,42,4,0.7613636363636364,0.7610859728506787,0.7740185950413223,0.37996156312244994,0.39978375489449214,0.0899748411758748,8
Diabetes,Cluster@0.7,42,4,0.7613636363636364,0.7610859728506787,0.7740185950413223,0.37996156312244994,0.39978375489449214,0.0899748411758748,8
Diabetes,Cluster@0.8,42,4,0.7386363636363636,0.7386026088079556,0.7838326446280992,0.36186020714436123,0.3806839470506866,0.08471756450918637,9
Diabetes,Cluster@0.9,42,4,0.7386363636363636,0.7386026088079556,0.7838326446280992,0.36186020714436123,0.3806839470506866,0.08471756450918637,9
Diabetes,CART,43,0,0.6292134831460674,0.6292134831460674,0.6719696969696969,0.35191316868305855,0.3715794893056162,0.08343738791475352,10
Diabetes,ACP-Gini,43,0,0.6067415730337079,0.6017133358905511,0.6497474747474747,0.330206798868037,0.3508824310780914,0.0777857177056849,10
Diabetes,Tree-global corr.,43,0,0.6179775280898876,0.615599593495935,0.6646464646464647,0.3283566444186514,0.3480626860079286,0.07814492686364811,10
Diabetes,VIF@5,43,0,0.6966292134831461,0.6960151802656547,0.7267676767676767,0.3419138960744285,0.3634023339751168,0.08012901780393358,8
Diabetes,VIF@10,43,0,0.6741573033707865,0.673992673992674,0.7141414141414142,0.35125203409992745,0.3723523800195897,0.08233986547085398,9
Diabetes,VIF@20,43,0,0.6741573033707865,0.673992673992674,0.7141414141414142,0.35125203409992745,0.3723523800195897,0.08233986547085398,9
Diabetes,Cluster@0.5,43,0,0.6067415730337079,0.6059456040480709,0.6696969696969697,0.36711028031045373,0.3820175482705811,0.08389785545818636,8
Diabetes,Cluster@0.6,43,0,0.6067415730337079,0.6059456040480709,0.6696969696969697,0.36711028031045373,0.3820175482705811,0.08389785545818636,8
Diabetes,Cluster@0.7,43,0,0.6067415730337079,0.6059456040480709,0.6696969696969697,0.36711028031045373,0.3820175482705811,0.08389785545818636,8
Diabetes,Cluster@0.8,43,0,0.6292134831460674,0.6292134831460674,0.6724747474747474,0.36222481140760465,0.3800163092036276,0.08241643424483128,9
Diabetes,Cluster@0.9,43,0,0.6292134831460674,0.6292134831460674,0.6719696969696969,0.35191316868305855,0.3715794893056162,0.08343738791475352,10
Diabetes,CART,43,1,0.6179775280898876,0.612051282051282,0.7373737373737373,0.3987988738562938,0.41584587784658295,0.09433905277392637,10
Diabetes,ACP-Gini,43,1,0.651685393258427,0.6452359521666452,0.7093434343434343,0.3667312311621465,0.3830377141018382,0.08761443664732008,10
Diabetes,Tree-global corr.,43,1,0.6629213483146067,0.6608231707317074,0.7401515151515151,0.36389548915838427,0.38189970686388985,0.08647623131677486,10
Diabetes,VIF@5,43,1,0.6067415730337079,0.6065428824049515,0.7305555555555555,0.38170813691206795,0.40187470239241113,0.0906294407207652,8
Diabetes,VIF@10,43,1,0.6067415730337079,0.6065428824049515,0.7305555555555555,0.38170813691206795,0.40187470239241113,0.0906294407207652,9
Diabetes,VIF@20,43,1,0.6067415730337079,0.6065428824049515,0.7305555555555555,0.38170813691206795,0.40187470239241113,0.0906294407207652,9
Diabetes,Cluster@0.5,43,1,0.651685393258427,0.6488481608756522,0.7378787878787878,0.41019245927164544,0.4258396063639251,0.09534263324520162,8
Diabetes,Cluster@0.6,43,1,0.651685393258427,0.6488481608756522,0.7378787878787878,0.41019245927164544,0.4258396063639251,0.09534263324520162,8
Diabetes,Cluster@0.7,43,1,0.651685393258427,0.6488481608756522,0.7378787878787878,0.41019245927164544,0.4258396063639251,0.09534263324520162,8
Diabetes,Cluster@0.8,43,1,0.6179775280898876,0.612051282051282,0.7373737373737373,0.40247583006105403,0.42026466136552787,0.09353182460250148,9
Diabetes,Cluster@0.9,43,1,0.6179775280898876,0.612051282051282,0.7373737373737373,0.3987988738562938,0.41584587784658295,0.09433905277392637,10
Diabetes,CART,43,2,0.7386363636363636,0.7383322559793148,0.8029442148760328,0.3268101216960931,0.3456410245749414,0.07647597646745778,10
Diabetes,ACP-Gini,43,2,0.7045454545454546,0.7039337474120082,0.7840909090909092,0.3429097280411834,0.3616444616448762,0.08079451431997368,10
Diabetes,Tree-global corr.,43,2,0.6818181818181818,0.6816537467700259,0.7587809917355371,0.3414188730603037,0.36015867264374696,0.07880713647006339,10
Diabetes,VIF@5,43,2,0.7386363636363636,0.7383322559793148,0.8321280991735538,0.32043187069563117,0.3395399346353302,0.07404170425699043,8
Diabetes,VIF@10,43,2,0.7386363636363636,0.7383322559793148,0.8321280991735538,0.32043187069563117,0.3395399346353302,0.07404170425699043,9
Diabetes,VIF@20,43,2,0.7386363636363636,0.7383322559793148,0.8321280991735538,0.32043187069563117,0.3395399346353302,0.07404170425699043,9
Diabetes,Cluster@0.5,43,2,0.7272727272727273,0.725,0.7631714876033057,0.35089495798544196,0.36911080140393493,0.08077394136119172,7
Diabetes,Cluster@0.6,43,2,0.7272727272727273,0.7267080745341614,0.7698863636363636,0.3498556240392784,0.3665528175364037,0.0803774339596201,8
Diabetes,Cluster@0.7,43,2,0.7272727272727273,0.7267080745341614,0.7698863636363636,0.3498556240392784,0.3665528175364037,0.0803774339596201,8
Diabetes,Cluster@0.8,43,2,0.7272727272727273,0.7272727272727273,0.7897727272727273,0.33513309299189586,0.3534212525351992,0.0759863307732305,9
Diabetes,Cluster@0.9,43,2,0.7272727272727273,0.7272727272727273,0.7897727272727273,0.33513309299189586,0.3534212525351992,0.0759863307732305,9
Diabetes,CART,43,3,0.7045454545454546,0.7031655422937209,0.7910640495867768,0.3358232698903225,0.3520657116501263,0.07705146272090899,10
Diabetes,ACP-Gini,43,3,0.7045454545454546,0.7039337474120082,0.828254132231405,0.3304596210159117,0.3494147442122106,0.07620749120723992,10
Diabetes,Tree-global corr.,43,3,0.7613636363636364,0.7613328167376985,0.8483987603305785,0.32141699450864597,0.3395764832924916,0.07434763318959016,10
Diabetes,VIF@5,43,3,0.75,0.7494824016563147,0.821797520661157,0.3337521334146377,0.3504056282820007,0.07617072167986488,8
Diabetes,VIF@10,43,3,0.75,0.7494824016563147,0.8117252066115701,0.3366272300189095,0.35347571914607834,0.07694557898308339,9
Diabetes,VIF@20,43,3,0.75,0.7494824016563147,0.8117252066115701,0.3366272300189095,0.35347571914607834,0.07694557898308339,9
Diabetes,Cluster@0.5,43,3,0.6363636363636364,0.634665282823041,0.7182334710743802,0.37193367964216895,0.3896386719989354,0.0870868268446163,8
Diabetes,Cluster@0.6,43,3,0.6363636363636364,0.634665282823041,0.7182334710743802,0.37193367964216895,0.3896386719989354,0.0870868268446163,8
Diabetes,Cluster@0.7,43,3,0.6363636363636364,0.634665282823041,0.7182334710743802,0.37193367964216895,0.3896386719989354,0.0870868268446163,8
Diabetes,Cluster@0.8,43,3,0.7045454545454546,0.7031655422937209,0.7786673553719008,0.33471955586951624,0.3508953819666272,0.07643230200255714,9
Diabetes,Cluster@0.9,43,3,0.7045454545454546,0.7031655422937209,0.7910640495867768,0.3358232698903225,0.3520657116501263,0.07705146272090899,10
Diabetes,CART,43,4,0.6590909090909091,0.6574987026466009,0.7554235537190083,0.34096364622919784,0.3592004236263319,0.08010306206607518,10
Diabetes,ACP-Gini,43,4,0.6022727272727273,0.6018099547511313,0.7081611570247934,0.3436322408168946,0.36251609055275325,0.08280469735758005,10
Diabetes,Tree-global corr.,43,4,0.6477272727272727,0.6476817770889836,0.7200413223140496,0.3422113572494225,0.3609703568798513,0.0822730278922077,10
Diabetes,VIF@5,43,4,0.6590909090909091,0.6574987026466009,0.7554235537190083,0.337702542301509,0.35638812022253175,0.07929748324758899,8
Diabetes,VIF@10,43,4,0.6590909090909091,0.6574987026466009,0.7554235537190083,0.3377025423015089,0.3563881202225319,0.07929748324758898,9
Diabetes,VIF@20,43,4,0.6590909090909091,0.6574987026466009,0.7554235537190083,0.3377025423015089,0.3563881202225319,0.07929748324758898,9
Diabetes,Cluster@0.5,43,4,0.6363636363636364,0.6316064887493459,0.6805268595041323,0.3592754043610816,0.37838926235622494,0.08629836712998763,8
Diabetes,Cluster@0.6,43,4,0.6363636363636364,0.6316064887493459,0.6805268595041323,0.3592754043610816,0.37838926235622494,0.08629836712998763,8
Diabetes,Cluster@0.7,43,4,0.6363636363636364,0.6316064887493459,0.6805268595041323,0.3592754043610816,0.37838926235622494,0.08629836712998763,8
Diabetes,Cluster@0.8,43,4,0.6590909090909091,0.6574987026466009,0.7554235537190083,0.3377025423015089,0.3563881202225319,0.07929748324758898,9
Diabetes,Cluster@0.9,43,4,0.6590909090909091,0.6574987026466009,0.7554235537190083,0.3377025423015089,0.3563881202225319,0.07929748324758898,9
Diabetes,CART,44,0,0.6853932584269663,0.6834349593495935,0.797979797979798,0.33797083665587974,0.3565558501470089,0.07956394957843188,10
Diabetes,ACP-Gini,44,0,0.6741573033707865,0.673992673992674,0.7373737373737373,0.3475674089683349,0.36227791110332586,0.08087772864829294,10
Diabetes,Tree-global corr.,44,0,0.6741573033707865,0.6726696258719087,0.7906565656565656,0.3396387937649221,0.3582461012497991,0.08018023204184895,10
Diabetes,VIF@5,44,0,0.6853932584269663,0.6834349593495935,0.797979797979798,0.33797083665587974,0.3565558501470089,0.07956394957843188,8
Diabetes,VIF@10,44,0,0.6853932584269663,0.6834349593495935,0.797979797979798,0.33797083665587974,0.3565558501470089,0.07956394957843188,9
Diabetes,VIF@20,44,0,0.6853932584269663,0.6834349593495935,0.797979797979798,0.33797083665587974,0.3565558501470089,0.07956394957843188,9
Diabetes,Cluster@0.5,44,0,0.6966292134831461,0.6964759378552483,0.7881313131313131,0.3463727560741533,0.3643389285822158,0.08204616583205612,8
Diabetes,Cluster@0.6,44,0,0.6966292134831461,0.6964759378552483,0.7881313131313131,0.3463727560741533,0.3643389285822158,0.08204616583205612,8
Diabetes,Cluster@0.7,44,0,0.6966292134831461,0.6964759378552483,0.7881313131313131,0.3463727560741533,0.3643389285822158,0.08204616583205612,8
Diabetes,Cluster@0.8,44,0,0.6853932584269663,0.6834349593495935,0.797979797979798,0.33797083665587974,0.3565558501470089,0.07956394957843188,9
Diabetes,Cluster@0.9,44,0,0.6853932584269663,0.6834349593495935,0.797979797979798,0.33797083665587974,0.3565558501470089,0.07956394957843188,10
Diabetes,CART,44,1,0.7078651685393258,0.7060467479674797,0.7679292929292929,0.37868821077674353,0.39647931299751193,0.09128832126164989,10
Diabetes,ACP-Gini,44,1,0.6966292134831461,0.6966292134831461,0.7287878787878788,0.3624443413534771,0.3844190747973173,0.08933350511537254,10
Diabetes,Tree-global corr.,44,1,0.7303370786516854,0.7261538461538461,0.766919191919192,0.34943362477039697,0.372355038477082,0.08420258652348668,10
Diabetes,VIF@5,44,1,0.6966292134831461,0.6941580756013745,0.751010101010101,0.3647193946220409,0.3849029703742239,0.08859664613052887,8
Diabetes,VIF@10,44,1,0.6966292134831461,0.6941580756013745,0.751010101010101,0.3647193946220409,0.3849029703742239,0.08859664613052887,9
Diabetes,VIF@20,44,1,0.6966292134831461,0.6941580756013745,0.751010101010101,0.3647193946220409,0.3849029703742239,0.08859664613052887,9
Diabetes,Cluster@0.5,44,1,0.6853932584269663,0.6853535353535354,0.7477272727272728,0.39260681510913953,0.409115524940263,0.09173643027711335,8
Diabetes,Cluster@0.6,44,1,0.6853932584269663,0.6853535353535354,0.7477272727272728,0.39260681510913953,0.409115524940263,0.09173643027711335,8
Diabetes,Cluster@0.7,44,1,0.6853932584269663,0.6853535353535354,0.7477272727272728,0.39260681510913953,0.409115524940263,0.09173643027711335,8
Diabetes,Cluster@0.8,44,1,0.7078651685393258,0.7078282828282829,0.7636363636363637,0.3654796761079116,0.3834948203360101,0.08430958289106993,9
Diabetes,Cluster@0.9,44,1,0.7078651685393258,0.7060467479674797,0.7679292929292929,0.37868821077674353,0.39647931299751193,0.09128832126164989,10
Diabetes,CART,44,2,0.6477272727272727,0.647317388493859,0.7704028925619835,0.35931632332217045,0.37142188007019594,0.08208520220909102,10
Diabetes,ACP-Gini,44,2,0.6477272727272727,0.6465863453815262,0.7652376033057852,0.3464536417208086,0.36522558060405996,0.08249011972627124,10
Diabetes,Tree-global corr.,44,2,0.6704545454545454,0.6704119850187266,0.7564566115702479,0.3362078907629711,0.3539592668270298,0.08046952347361319,10
Diabetes,VIF@5,44,2,0.6477272727272727,0.647317388493859,0.7567148760330578,0.35665969132148484,0.3695873048059848,0.08182909174423973,8
Diabetes,VIF@10,44,2,0.6477272727272727,0.647317388493859,0.7567148760330578,0.35665969132148484,0.3695873048059848,0.08182909174423973,9
Diabetes,VIF@20,44,2,0.6477272727272727,0.647317388493859,0.7567148760330578,0.35665969132148484,0.3695873048059848,0.08182909174423973,9
Diabetes,Cluster@0.5,44,2,0.6363636363636364,0.6356107660455487,0.7592975206611571,0.374962553974523,0.38757482494763096,0.08698801922945056,8
Diabetes,Cluster@0.6,44,2,0.6363636363636364,0.6356107660455487,0.7592975206611571,0.374962553974523,0.38757482494763096,0.08698801922945056,8
Diabetes,Cluster@0.7,44,2,0.6363636363636364,0.6356107660455487,0.7592975206611571,0.374962553974523,0.38757482494763096,0.08698801922945056,8
Diabetes,Cluster@0.8,44,2,0.6477272727272727,0.647317388493859,0.765754132231405,0.36012454632960306,0.37204943304264926,0.08210458164156925,9
Diabetes,Cluster@0.9,44,2,0.6477272727272727,0.647317388493859,0.7704028925619835,0.35931632332217045,0.37142188007019594,0.08208520220909102,10
Diabetes,CART,44,3,0.625,0.6249515691592407,0.672004132231405,0.37327413135304155,0.392158961684668,0.08620391126212434,10
Diabetes,ACP-Gini,44,3,0.6363636363636364,0.6363636363636364,0.6738119834710743,0.343463667002171,0.3647037427196153,0.0794997553490717,10
Diabetes,Tree-global corr.,44,3,0.6363636363636364,0.6363636363636364,0.6980888429752066,0.34518604918568296,0.36675636064242045,0.08067525468465087,10
Diabetes,VIF@5,44,3,0.625,0.6249515691592407,0.6678719008264462,0.37025538149527437,0.3896738716457188,0.08588441855113686,8
Diabetes,VIF@10,44,3,0.625,0.6249515691592407,0.6678719008264462,0.37025538149527437,0.3896738716457188,0.08588441855113686,9
Diabetes,VIF@20,44,3,0.625,0.6249515691592407,0.6678719008264462,0.37025538149527437,0.3896738716457188,0.08588441855113686,9
Diabetes,Cluster@0.5,44,3,0.5454545454545454,0.5433316035288013,0.6012396694214875,0.3765303027010303,0.3891697550834213,0.08770337301405877,8
Diabetes,Cluster@0.6,44,3,0.5454545454545454,0.5433316035288013,0.6012396694214875,0.3765303027010303,0.3891697550834213,0.08770337301405877,8
Diabetes,Cluster@0.7,44,3,0.5454545454545454,0.5433316035288013,0.6012396694214875,0.3765303027010303,0.3891697550834213,0.08770337301405877,8
Diabetes,Cluster@0.8,44,3,0.625,0.6249515691592407,0.6678719008264462,0.37025538149527437,0.3896738716457188,0.08588441855113686,9
Diabetes,Cluster@0.9,44,3,0.625,0.6249515691592407,0.672004132231405,0.37327413135304155,0.392158961684668,0.08620391126212434,10
Diabetes,CART,44,4,0.6590909090909091,0.65625,0.7884814049586777,0.33156019206643267,0.34959884208376624,0.07715958307829802,10
Diabetes,ACP-Gini,44,4,0.7159090909090909,0.7129061725172909,0.8068181818181817,0.33321991760904224,0.347826735356372,0.07787480836395023,10
Diabetes,Tree-global corr.,44,4,0.6818181818181818,0.6757894736842105,0.806301652892562,0.33371707779218246,0.3507827355606119,0.07905149517858323,10
Diabetes,VIF@5,44,4,0.6931818181818182,0.6863366336633663,0.8021694214876034,0.3264526928397597,0.34717236226749065,0.07545333273618285,8
Diabetes,VIF@10,44,4,0.6931818181818182,0.6863366336633663,0.8021694214876034,0.3264526928397598,0.34717236226749065,0.07545333273618282,9
Diabetes,VIF@20,44,4,0.6931818181818182,0.6863366336633663,0.8021694214876034,0.3264526928397598,0.34717236226749065,0.07545333273618282,9
Diabetes,Cluster@0.5,44,4,0.6704545454545454,0.6704119850187266,0.7554235537190083,0.3509631943745084,0.364005724450549,0.0797438912764884,8
Diabetes,Cluster@0.6,44,4,0.6704545454545454,0.6704119850187266,0.7554235537190083,0.3509631943745084,0.364005724450549,0.0797438912764884,8
Diabetes,Cluster@0.7,44,4,0.6704545454545454,0.6704119850187266,0.7554235537190083,0.3509631943745084,0.364005724450549,0.0797438912764884,8
Diabetes,Cluster@0.8,44,4,0.6363636363636364,0.634665282823041,0.7727272727272727,0.3351573035018459,0.3522482386136618,0.07603713719492723,9
Diabetes,Cluster@0.9,44,4,0.6363636363636364,0.634665282823041,0.7727272727272727,0.3351573035018459,0.3522482386136618,0.07603713719492723,9
Cultivar,CART,42,0,1.0,1.0,1.0,0.4989213818673722,0.4447905383141445,0.2631911310540547,13
Cultivar,ACP-Gini,42,0,1.0,1.0,1.0,0.48641636937395544,0.4278040113193818,0.27103315744789935,13
Cultivar,Tree-global corr.,42,0,1.0,1.0,1.0,0.48641636937395544,0.4278040113193818,0.27103315744789935,13
Cultivar,VIF@5,42,0,0.9444444444444444,0.9345454545454546,0.9930555555555556,0.3640798546241984,0.32219784746484303,0.19130373157486572,12
Cultivar,VIF@10,42,0,1.0,1.0,1.0,0.4989213818673722,0.4447905383141445,0.2631911310540547,13
Cultivar,VIF@20,42,0,1.0,1.0,1.0,0.4989213818673722,0.4447905383141445,0.2631911310540547,13
Cultivar,Cluster@0.5,42,0,1.0,1.0,1.0,0.4775673678279152,0.43326309567788923,0.2606488831384218,8
Cultivar,Cluster@0.6,42,0,1.0,1.0,1.0,0.465288195743266,0.3983230209997165,0.2606342702149086,10
Cultivar,Cluster@0.7,42,0,1.0,1.0,1.0,0.4989213818673722,0.4447905383141445,0.2631911310540547,11
Cultivar,Cluster@0.8,42,0,1.0,1.0,1.0,0.4989213818673722,0.4447905383141445,0.2631911310540547,12
Cultivar,Cluster@0.9,42,0,1.0,1.0,1.0,0.4989213818673722,0.4447905383141445,0.2631911310540547,13
Cultivar,CART,42,1,0.9722222222222222,0.9693617021276595,0.9791666666666666,0.5010939126293232,0.4431862977703573,0.2668553633281829,13
Cultivar,ACP-Gini,42,1,0.9444444444444444,0.939799331103679,0.9583333333333333,0.3479424462703114,0.2882406591261255,0.2039673560482404,13
Cultivar,Tree-global corr.,42,1,0.9722222222222222,0.9693617021276595,0.9791666666666666,0.49419312720437375,0.42990441426329884,0.2732654487858475,13
Cultivar,VIF@5,42,1,0.9444444444444444,0.939799331103679,0.9756944444444444,0.4957675403654497,0.42303332402800187,0.20035429459079135,12
Cultivar,VIF@10,42,1,0.9722222222222222,0.9693617021276595,0.9791666666666666,0.5010939126293232,0.4431862977703573,0.2668553633281829,13
Cultivar,VIF@20,42,1,0.9722222222222222,0.9693617021276595,0.9791666666666666,0.5010939126293232,0.4431862977703573,0.2668553633281829,13
Cultivar,Cluster@0.5,42,1,0.9722222222222222,0.9693617021276595,0.9791666666666667,0.4693744669648329,0.3992763560884248,0.2644410861834352,9
Cultivar,Cluster@0.6,42,1,0.9722222222222222,0.9693617021276595,0.9791666666666667,0.4693744669648329,0.3992763560884248,0.2644410861834352,10
Cultivar,Cluster@0.7,42,1,0.9722222222222222,0.9693617021276595,0.9791666666666666,0.5010939126293232,0.4431862977703573,0.2668553633281829,12
Cultivar,Cluster@0.8,42,1,0.9722222222222222,0.9693617021276595,0.9791666666666666,0.5010939126293232,0.4431862977703573,0.2668553633281829,12
Cultivar,Cluster@0.9,42,1,0.9722222222222222,0.9693617021276595,0.9791666666666666,0.5010939126293232,0.4431862977703573,0.2668553633281829,13
Cultivar,CART,42,2,0.9722222222222222,0.9680567879325643,0.9565972222222222,0.493839078983725,0.44012321300955676,0.2649429985853056,13
Cultivar,ACP-Gini,42,2,0.9722222222222222,0.9680567879325643,0.953125,0.48744132155703385,0.4275113414801944,0.2715240845262934,13
Cultivar,Tree-global corr.,42,2,0.9722222222222222,0.9680567879325643,0.953125,0.48744132155703385,0.4275113414801944,0.2715240845262934,13
Cultivar,VIF@5,42,2,1.0,1.0,1.0,0.525669707101038,0.4725002259840585,0.20100856423737362,12
Cultivar,VIF@10,42,2,0.9722222222222222,0.9680567879325643,0.9565972222222222,0.493839078983725,0.44012321300955676,0.2649429985853056,13
Cultivar,VIF@20,42,2,0.9722222222222222,0.9680567879325643,0.9565972222222222,0.493839078983725,0.44012321300955676,0.2649429985853056,13
Cultivar,Cluster@0.5,42,2,0.9722222222222222,0.9680567879325643,0.9565972222222222,0.4779100702901798,0.4313152534281615,0.26293004726786257,8
Cultivar,Cluster@0.6,42,2,0.9722222222222222,0.9680567879325643,0.9565972222222222,0.46949320405093165,0.40544988253847364,0.26300733270892973,10
Cultivar,Cluster@0.7,42,2,0.9722222222222222,0.9680567879325643,0.9565972222222222,0.493839078983725,0.44012321300955676,0.2649429985853056,12
Cultivar,Cluster@0.8,42,2,0.9722222222222222,0.9680567879325643,0.9565972222222222,0.493839078983725,0.44012321300955676,0.2649429985853056,12
Cultivar,Cluster@0.9,42,2,0.9722222222222222,0.9680567879325643,0.9565972222222222,0.493839078983725,0.44012321300955676,0.2649429985853056,13
Cultivar,CART,42,3,0.8857142857142857,0.8674242424242424,0.8659420289855073,0.4974826845772781,0.4358399666115176,0.27055118849221094,13
Cultivar,ACP-Gini,42,3,0.8857142857142857,0.8674242424242424,0.8659420289855073,0.4860317401053351,0.42820530873222795,0.2707482489911068,13
Cultivar,Tree-global corr.,42,3,0.8857142857142857,0.8674242424242424,0.8659420289855073,0.4860317401053351,0.42820530873222795,0.2707482489911068,13
Cultivar,VIF@5,42,3,0.8857142857142857,0.8674242424242424,0.8677536231884059,0.46160523635656353,0.4152665205616425,0.20008119059237045,12
Cultivar,VIF@10,42,3,0.8857142857142857,0.8674242424242424,0.8659420289855073,0.4974826845772781,0.4358399666115176,0.27055118849221094,13
Cultivar,VIF@20,42,3,0.8857142857142857,0.8674242424242424,0.8659420289855073,0.4974826845772781,0.4358399666115176,0.27055118849221094,13
Cultivar,Cluster@0.5,42,3,0.8857142857142857,0.8674242424242424,0.8532608695652174,0.49142652560254235,0.43087849778107723,0.2696757436849265,8
Cultivar,Cluster@0.6,42,3,0.8857142857142857,0.8674242424242424,0.8532608695652174,0.49142652560254235,0.43087849778107723,0.2696757436849265,10
Cultivar,Cluster@0.7,42,3,0.8857142857142857,0.8674242424242424,0.8659420289855073,0.4974826845772781,0.4358399666115176,0.27055118849221094,11
Cultivar,Cluster@0.8,42,3,0.8857142857142857,0.8674242424242424,0.8659420289855073,0.4974826845772781,0.4358399666115176,0.27055118849221094,12
Cultivar,Cluster@0.9,42,3,0.8857142857142857,0.8674242424242424,0.8659420289855073,0.4974826845772781,0.4358399666115176,0.27055118849221094,13
Cultivar,CART,42,4,1.0,1.0,1.0,0.5060211298856859,0.45009410717364795,0.2633941442992484,13
Cultivar,ACP-Gini,42,4,1.0,1.0,1.0,0.48694286444557044,0.4276613841626059,0.2712826722317276,13
Cultivar,Tree-global corr.,42,4,1.0,1.0,1.0,0.48694286444557044,0.4276613841626059,0.2712826722317276,13
Cultivar,VIF@5,42,4,1.0,1.0,1.0,0.44453823207958976,0.4207187627569873,0.19914391595356176,12
Cultivar,VIF@10,42,4,1.0,1.0,1.0,0.5060211298856859,0.45009410717364795,0.2633941442992484,13
Cultivar,VIF@20,42,4,1.0,1.0,1.0,0.5060211298856859,0.45009410717364795,0.2633941442992484,13
Cultivar,Cluster@0.5,42,4,1.0,1.0,1.0,0.4770254252797887,0.4323303951744221,0.2620527919149199,9
Cultivar,Cluster@0.6,42,4,1.0,1.0,1.0,0.4668500994561483,0.4027853041349508,0.26202761162947813,10
Cultivar,Cluster@0.7,42,4,1.0,1.0,1.0,0.4737534083378321,0.40656777168612984,0.2629010460873449,11
Cultivar,Cluster@0.8,42,4,1.0,1.0,1.0,0.4737534083378321,0.40656777168612984,0.2629010460873449,12
Cultivar,Cluster@0.9,42,4,1.0,1.0,1.0,0.5060211298856859,0.45009410717364795,0.2633941442992484,13
Cultivar,CART,43,0,1.0,1.0,1.0,0.4779658742813804,0.4110675491271841,0.26114271515759413,13
Cultivar,ACP-Gini,43,0,1.0,1.0,1.0,0.486896953981294,0.4276146464413939,0.2712813549489438,13
Cultivar,Tree-global corr.,43,0,1.0,1.0,1.0,0.486896953981294,0.4276146464413939,0.2712813549489438,13
Cultivar,VIF@5,43,0,0.9722222222222222,0.9680567879325643,0.9947916666666666,0.3468404004550139,0.28861775641679527,0.19108460167784924,12
Cultivar,VIF@10,43,0,1.0,1.0,1.0,0.4779658742813804,0.4110675491271841,0.26114271515759413,13
Cultivar,VIF@20,43,0,1.0,1.0,1.0,0.4779658742813804,0.4110675491271841,0.26114271515759413,13
Cultivar,Cluster@0.5,43,0,1.0,1.0,1.0,0.4789958807336966,0.43225650915600544,0.2619698901420182,8
Cultivar,Cluster@0.6,43,0,1.0,1.0,1.0,0.46918728166297063,0.40289587692704426,0.26206260235436635,10
Cultivar,Cluster@0.7,43,0,1.0,1.0,1.0,0.47362071439673437,0.406425786558852,0.2628403745908671,12
Cultivar,Cluster@0.8,43,0,1.0,1.0,1.0,0.47362071439673437,0.406425786558852,0.2628403745908671,12
Cultivar,Cluster@0.9,43,0,1.0,1.0,1.0,0.4779658742813804,0.4110675491271841,0.26114271515759413,13
Cultivar,CART,43,1,1.0,1.0,1.0,0.4984967447261249,0.44849836127049597,0.2617204915198913,13
Cultivar,ACP-Gini,43,1,1.0,1.0,1.0,0.4857568805608216,0.42802070170002016,0.27070747637844944,13
Cultivar,Tree-global corr.,43,1,1.0,1.0,1.0,0.4857568805608216,0.42802070170002016,0.27070747637844944,13
Cultivar,VIF@5,43,1,1.0,1.0,1.0,0.39869505173430414,0.343957350942925,0.19545840608925058,12
Cultivar,VIF@10,43,1,1.0,1.0,1.0,0.4984967447261249,0.44849836127049597,0.2617204915198913,13
Cultivar,VIF@20,43,1,1.0,1.0,1.0,0.4984967447261249,0.44849836127049597,0.2617204915198913,13
Cultivar,Cluster@0.5,43,1,1.0,1.0,1.0,0.47355457812695495,0.43516393992910585,0.25899760159621,9
Cultivar,Cluster@0.6,43,1,1.0,1.0,1.0,0.4576635588740405,0.3928628160152059,0.25869577112348235,10
Cultivar,Cluster@0.7,43,1,1.0,1.0,1.0,0.4984967447261249,0.44849836127049597,0.2617204915198913,12
Cultivar,Cluster@0.8,43,1,1.0,1.0,1.0,0.4984967447261249,0.44849836127049597,0.2617204915198913,12
Cultivar,Cluster@0.9,43,1,1.0,1.0,1.0,0.4984967447261249,0.44849836127049597,0.2617204915198913,13
Cultivar,CART,43,2,0.9166666666666666,0.9080851063829787,0.9427083333333333,0.4861464809836551,0.41907210578323356,0.1969731362368236,13
Cultivar,ACP-Gini,43,2,0.8611111111111112,0.8468085106382979,0.8888888888888888,0.2446003623961226,0.22490002756521074,0.17374352336183466,13
Cultivar,Tree-global corr.,43,2,0.8611111111111112,0.8468085106382979,0.8888888888888888,0.2446003623961226,0.22490002756521074,0.17374352336183466,13
Cultivar,VIF@5,43,2,0.9166666666666666,0.9080851063829787,0.9427083333333333,0.4861464809836551,0.41907210578323356,0.1969731362368236,12
Cultivar,VIF@10,43,2,0.9166666666666666,0.9080851063829787,0.9427083333333333,0.4861464809836551,0.41907210578323356,0.1969731362368236,13
Cultivar,VIF@20,43,2,0.9166666666666666,0.9080851063829787,0.9427083333333333,0.4861464809836551,0.41907210578323356,0.1969731362368236,13
Cultivar,Cluster@0.5,43,2,0.9444444444444444,0.9375,0.9305555555555555,0.4715776770615286,0.4185792038082175,0.25851948251738527,8
Cultivar,Cluster@0.6,43,2,0.9444444444444444,0.9375,0.9305555555555555,0.4715776770615286,0.4185792038082175,0.25851948251738527,10
Cultivar,Cluster@0.7,43,2,0.9444444444444444,0.9375,0.9461805555555555,0.4823327771988492,0.4277175602813981,0.25972146245035177,12
Cultivar,Cluster@0.8,43,2,0.9444444444444444,0.9375,0.9461805555555555,0.4823327771988492,0.4277175602813981,0.25972146245035177,12
Cultivar,Cluster@0.9,43,2,0.9166666666666666,0.9080851063829787,0.9427083333333333,0.4861464809836551,0.41907210578323356,0.1969731362368236,13
Cultivar,CART,43,3,0.8285714285714286,0.8164335664335665,0.9311594202898551,0.3617503618325615,0.3089647347582604,0.1989140314020377,13
Cultivar,ACP-Gini,43,3,0.8285714285714286,0.8164335664335665,0.9311594202898551,0.33193319854077574,0.2722155032790052,0.19855512309121193,13
Cultivar,Tree-global corr.,43,3,0.8285714285714286,0.8164335664335665,0.9311594202898551,0.33193319854077574,0.2722155032790052,0.19855512309121193,13
Cultivar,VIF@5,43,3,0.8285714285714286,0.8164335664335665,0.8623188405797102,0.36158766675317777,0.3085399993280268,0.19328457238030192,12
Cultivar,VIF@10,43,3,0.8285714285714286,0.8164335664335665,0.9311594202898551,0.3617503618325615,0.3089647347582604,0.1989140314020377,13
Cultivar,VIF@20,43,3,0.8285714285714286,0.8164335664335665,0.9311594202898551,0.3617503618325615,0.3089647347582604,0.1989140314020377,13
Cultivar,Cluster@0.5,43,3,0.9428571428571428,0.9388111888111889,0.9601449275362319,0.49419312720437375,0.42990441426329884,0.2732654487858475,8
Cultivar,Cluster@0.6,43,3,0.9428571428571428,0.9388111888111889,0.9601449275362319,0.49419312720437375,0.42990441426329884,0.2732654487858475,10
Cultivar,Cluster@0.7,43,3,0.8285714285714286,0.8164335664335665,0.9311594202898551,0.3617503618325615,0.3089647347582604,0.1989140314020377,12
Cultivar,Cluster@0.8,43,3,0.8285714285714286,0.8164335664335665,0.9311594202898551,0.3617503618325615,0.3089647347582604,0.1989140314020377,12
Cultivar,Cluster@0.9,43,3,0.8285714285714286,0.8164335664335665,0.9311594202898551,0.3617503618325615,0.3089647347582604,0.1989140314020377,13
Cultivar,CART,43,4,0.9142857142857143,0.891640866873065,0.8693181818181819,0.48525050817158927,0.4249199271584216,0.26876375677802256,13
Cultivar,ACP-Gini,43,4,0.9142857142857143,0.891640866873065,0.8693181818181819,0.4832816410598753,0.4223250553715173,0.2699496656555629,13
Cultivar,Tree-global corr.,43,4,0.9142857142857143,0.891640866873065,0.8693181818181819,0.48525050817158927,0.4249199271584216,0.26876375677802256,13
Cultivar,VIF@5,43,4,0.9142857142857143,0.891640866873065,0.9147727272727273,0.324328098076658,0.2747335756464272,0.18918045565353953,12
Cultivar,VIF@10,43,4,0.9142857142857143,0.891640866873065,0.8693181818181819,0.48525050817158927,0.4249199271584216,0.26876375677802256,13
Cultivar,VIF@20,43,4,0.9142857142857143,0.891640866873065,0.8693181818181819,0.48525050817158927,0.4249199271584216,0.26876375677802256,13
Cultivar,Cluster@0.5,43,4,0.9142857142857143,0.891640866873065,0.8465909090909092,0.48403438306303426,0.42611660038805627,0.26780346790623005,8
Cultivar,Cluster@0.6,43,4,0.9142857142857143,0.891640866873065,0.8693181818181819,0.48525050817158927,0.4249199271584216,0.26876375677802256,10
Cultivar,Cluster@0.7,43,4,0.9142857142857143,0.891640866873065,0.8693181818181819,0.48525050817158927,0.4249199271584216,0.26876375677802256,11
Cultivar,Cluster@0.8,43,4,0.9142857142857143,0.891640866873065,0.8693181818181819,0.48525050817158927,0.4249199271584216,0.26876375677802256,12
Cultivar,Cluster@0.9,43,4,0.9142857142857143,0.891640866873065,0.8693181818181819,0.48525050817158927,0.4249199271584216,0.26876375677802256,13
Cultivar,CART,44,0,0.9444444444444444,0.9345454545454546,0.9565972222222222,0.4896241519380292,0.4343061231158871,0.2669372424225778,13
Cultivar,ACP-Gini,44,0,0.9444444444444444,0.9345454545454546,0.9565972222222222,0.4806637353895618,0.42690384828121053,0.26833985520296794,13
Cultivar,Tree-global corr.,44,0,0.9444444444444444,0.9345454545454546,0.9565972222222222,0.4806637353895618,0.42690384828121053,0.26833985520296794,13
Cultivar,VIF@5,44,0,0.9444444444444444,0.9345454545454546,0.9583333333333333,0.5228018077909234,0.46790037691789793,0.20100469116586955,12
Cultivar,VIF@10,44,0,0.9444444444444444,0.9345454545454546,0.9565972222222222,0.4896241519380292,0.4343061231158871,0.2669372424225778,13
Cultivar,VIF@20,44,0,0.9444444444444444,0.9345454545454546,0.9565972222222222,0.4896241519380292,0.4343061231158871,0.2669372424225778,13
Cultivar,Cluster@0.5,44,0,0.9444444444444444,0.9345454545454546,0.9565972222222222,0.48105218380111314,0.42603991151250215,0.2652605601199588,8
Cultivar,Cluster@0.6,44,0,0.9444444444444444,0.9345454545454546,0.9565972222222222,0.4817986009478515,0.4234231712772207,0.26633766713783497,10
Cultivar,Cluster@0.7,44,0,0.9444444444444444,0.9345454545454546,0.9565972222222222,0.4896241519380292,0.4343061231158871,0.2669372424225778,12
Cultivar,Cluster@0.8,44,0,0.9444444444444444,0.9345454545454546,0.9565972222222222,0.4896241519380292,0.4343061231158871,0.2669372424225778,12
Cultivar,Cluster@0.9,44,0,0.9444444444444444,0.9345454545454546,0.9565972222222222,0.4896241519380292,0.4343061231158871,0.2669372424225778,13
Cultivar,CART,44,1,0.9444444444444444,0.939799331103679,0.9583333333333333,0.4995601319003173,0.44113883293544637,0.26749991813253143,13
Cultivar,ACP-Gini,44,1,0.9444444444444444,0.939799331103679,0.9583333333333333,0.49419312720437375,0.42990441426329884,0.2732654487858475,13
Cultivar,Tree-global corr.,44,1,0.9444444444444444,0.939799331103679,0.9583333333333333,0.49419312720437375,0.42990441426329884,0.2732654487858475,13
Cultivar,VIF@5,44,1,0.9444444444444444,0.939799331103679,0.96875,0.4957675403654497,0.42303332402800187,0.20035429459079135,12
Cultivar,VIF@10,44,1,0.9444444444444444,0.939799331103679,0.9583333333333333,0.4995601319003173,0.44113883293544637,0.26749991813253143,13
Cultivar,VIF@20,44,1,0.9444444444444444,0.939799331103679,0.9583333333333333,0.4995601319003173,0.44113883293544637,0.26749991813253143,13
Cultivar,Cluster@0.5,44,1,0.9444444444444444,0.939799331103679,0.9583333333333334,0.48197632523885675,0.4315438946701298,0.26531558008311584,8
Cultivar,Cluster@0.6,44,1,0.9444444444444444,0.939799331103679,0.9583333333333333,0.4723571982818507,0.40295213368520555,0.26538270337298075,10
Cultivar,Cluster@0.7,44,1,0.9444444444444444,0.939799331103679,0.9583333333333333,0.4995601319003173,0.44113883293544637,0.26749991813253143,12
Cultivar,Cluster@0.8,44,1,0.9444444444444444,0.939799331103679,0.9583333333333333,0.4995601319003173,0.44113883293544637,0.26749991813253143,12
Cultivar,Cluster@0.9,44,1,0.9444444444444444,0.939799331103679,0.9583333333333333,0.4995601319003173,0.44113883293544637,0.26749991813253143,13
Cultivar,CART,44,2,0.9722222222222222,0.9680567879325643,0.9565972222222222,0.49677164575661775,0.44115955661533673,0.2648371253336032,13
Cultivar,ACP-Gini,44,2,0.9722222222222222,0.9680567879325643,0.9513888888888888,0.4870816847454407,0.4276805585108411,0.27132884803576834,13
Cultivar,Tree-global corr.,44,2,0.9722222222222222,0.9680567879325643,0.9513888888888888,0.4870816847454407,0.4276805585108411,0.27132884803576834,13
Cultivar,VIF@5,44,2,1.0,1.0,1.0,0.5317798803230425,0.4806343629359674,0.20133901970228632,12
Cultivar,VIF@10,44,2,0.9722222222222222,0.9680567879325643,0.9565972222222222,0.49677164575661775,0.44115955661533673,0.2648371253336032,13
Cultivar,VIF@20,44,2,0.9722222222222222,0.9680567879325643,0.9565972222222222,0.49677164575661775,0.44115955661533673,0.2648371253336032,13
Cultivar,Cluster@0.5,44,2,0.9722222222222222,0.9680567879325643,0.9513888888888888,0.49170408335222365,0.43069617004365485,0.2701826329434532,8
Cultivar,Cluster@0.6,44,2,0.9722222222222222,0.9680567879325643,0.953125,0.47123395880524394,0.40533315833402705,0.26284763452668747,10
Cultivar,Cluster@0.7,44,2,0.9722222222222222,0.9680567879325643,0.9565972222222222,0.49677164575661775,0.44115955661533673,0.2648371253336032,12
Cultivar,Cluster@0.8,44,2,0.9722222222222222,0.9680567879325643,0.9565972222222222,0.49677164575661775,0.44115955661533673,0.2648371253336032,12
Cultivar,Cluster@0.9,44,2,0.9722222222222222,0.9680567879325643,0.9565972222222222,0.49677164575661775,0.44115955661533673,0.2648371253336032,13
Cultivar,CART,44,3,0.9428571428571428,0.9388111888111889,0.9710144927536232,0.5165285191886158,0.4545305218685487,0.2013279217312576,13
Cultivar,ACP-Gini,44,3,0.9714285714285714,0.9688888888888889,1.0,0.31840736257769314,0.294309881165092,0.1919788832561701,13
Cultivar,Tree-global corr.,44,3,0.9428571428571428,0.9388111888111889,0.9782608695652174,0.45348467569194667,0.4161800280822447,0.19953475961439965,13
Cultivar,VIF@5,44,3,0.9428571428571428,0.9388111888111889,0.9710144927536232,0.5165285191886158,0.4545305218685487,0.2013279217312576,12
Cultivar,VIF@10,44,3,0.9428571428571428,0.9388111888111889,0.9710144927536232,0.5165285191886158,0.4545305218685487,0.2013279217312576,13
Cultivar,VIF@20,44,3,0.9428571428571428,0.9388111888111889,0.9710144927536232,0.5165285191886158,0.4545305218685487,0.2013279217312576,13
Cultivar,Cluster@0.5,44,3,0.9714285714285714,0.9688888888888889,1.0,0.4564613106850447,0.42631735534748794,0.25753190371347834,8
Cultivar,Cluster@0.6,44,3,0.9714285714285714,0.9688888888888889,1.0,0.451401204460198,0.4174565317089732,0.25736953720412536,10
Cultivar,Cluster@0.7,44,3,0.9714285714285714,0.9688888888888889,0.9963768115942029,0.5122512967743461,0.46243355339403625,0.2579572727491819,11
Cultivar,Cluster@0.8,44,3,0.9714285714285714,0.9688888888888889,0.9963768115942029,0.5122512967743461,0.46243355339403625,0.2579572727491819,12
Cultivar,Cluster@0.9,44,3,0.9428571428571428,0.9388111888111889,0.9710144927536232,0.5165285191886158,0.4545305218685487,0.2013279217312576,13
Cultivar,CART,44,4,0.9714285714285714,0.9659863945578231,0.9507575757575757,0.4851568696209493,0.42697202047008365,0.26475805361420246,13
Cultivar,ACP-Gini,44,4,0.9714285714285714,0.9659863945578231,0.9488636363636364,0.4857965205444128,0.4281055941067829,0.27069322916654365,13
Cultivar,Tree-global corr.,44,4,0.9714285714285714,0.9659863945578231,0.9488636363636364,0.4857965205444128,0.4281055941067829,0.27069322916654365,13
Cultivar,VIF@5,44,4,0.9428571428571428,0.9299999999999999,0.9545454545454546,0.41975748708054345,0.4045506368556873,0.1962497857616664,12
Cultivar,VIF@10,44,4,0.9714285714285714,0.9659863945578231,0.9507575757575757,0.4851568696209493,0.42697202047008365,0.26475805361420246,13
Cultivar,VIF@20,44,4,0.9714285714285714,0.9659863945578231,0.9507575757575757,0.4851568696209493,0.42697202047008365,0.26475805361420246,13
Cultivar,Cluster@0.5,44,4,0.9714285714285714,0.9659863945578231,0.9507575757575757,0.47665195553406126,0.42243330847739347,0.2637676682301531,8
Cultivar,Cluster@0.6,44,4,0.9714285714285714,0.9659863945578231,0.9507575757575757,0.47665195553406126,0.42243330847739347,0.2637676682301531,10
Cultivar,Cluster@0.7,44,4,0.9714285714285714,0.9659863945578231,0.9507575757575757,0.4851568696209493,0.42697202047008365,0.26475805361420246,11
Cultivar,Cluster@0.8,44,4,0.9714285714285714,0.9659863945578231,0.9507575757575757,0.4851568696209493,0.42697202047008365,0.26475805361420246,12
Cultivar,Cluster@0.9,44,4,0.9714285714285714,0.9659863945578231,0.9507575757575757,0.4851568696209493,0.42697202047008365,0.26475805361420246,13
Digits38,CART,42,0,0.9722222222222222,0.9722007722007722,0.9702702702702702,0.3546570149386389,0.4373775147982711,0.11251679249332663,54
Digits38,ACP-Gini,42,0,0.9583333333333334,0.9583252942311402,0.9694980694980695,0.33233729492058456,0.41266499115770944,0.10902308692911025,54
Digits38,Tree-global corr.,42,0,0.9583333333333334,0.9583252942311402,0.9694980694980695,0.3332579407708254,0.4118585381544471,0.10887508662751408,54
Digits38,VIF@5,42,0,0.9583333333333334,0.9583252942311402,0.9698841698841699,0.3335546584806586,0.4119890698728908,0.10870818953857453,45
Digits38,VIF@10,42,0,0.9722222222222222,0.9722007722007722,0.9702702702702702,0.3546570149386389,0.4373775147982711,0.11251679249332663,52
Digits38,VIF@20,42,0,0.9722222222222222,0.9722007722007722,0.9702702702702702,0.3546570149386389,0.4373775147982711,0.11251679249332663,53
Digits38,Cluster@0.5,42,0,0.9305555555555556,0.9305421570519004,0.95984555984556,0.3853665752637431,0.42720143730789534,0.10702656778529919,34
Digits38,Cluster@0.6,42,0,0.9583333333333334,0.9582608695652174,0.9687258687258687,0.414912184015804,0.466308833173961,0.11745553260247685,40
Digits38,Cluster@0.7,42,0,0.9722222222222222,0.9722007722007722,0.9698841698841699,0.3551964790793996,0.437837953535032,0.1126748468534347,45
Digits38,Cluster@0.8,42,0,0.9722222222222222,0.9722007722007722,0.9702702702702702,0.3546570149386389,0.4373775147982711,0.11251679249332663,51
Digits38,Cluster@0.9,42,0,0.9722222222222222,0.9722007722007722,0.9702702702702702,0.3546570149386389,0.4373775147982711,0.11251679249332663,52
Digits38,CART,42,1,0.9027777777777778,0.9023066485753053,0.9528957528957528,0.38477360570919034,0.4852467043940612,0.12831482985914927,54
Digits38,ACP-Gini,42,1,0.9027777777777778,0.9023066485753053,0.9393822393822393,0.37765922093491194,0.4784146096584635,0.12784562074776545,54
Digits38,Tree-global corr.,42,1,0.9027777777777778,0.9023066485753053,0.9393822393822393,0.37765922093491194,0.4784146096584635,0.12784562074776545,54
Digits38,VIF@5,42,1,0.9305555555555556,0.9304347826086956,0.9494208494208494,0.3800406654332049,0.48693368994698316,0.1277882554067084,45
Digits38,VIF@10,42,1,0.9027777777777778,0.9023066485753053,0.9528957528957528,0.38477360570919034,0.4852467043940612,0.12831482985914927,52
Digits38,VIF@20,42,1,0.9027777777777778,0.9023066485753053,0.9528957528957528,0.38477360570919034,0.4852467043940612,0.12831482985914927,54
Digits38,Cluster@0.5,42,1,0.9583333333333334,0.958131420817988,0.9706563706563707,0.3236805472099408,0.37403372035667976,0.10229801088090754,34
Digits38,Cluster@0.6,42,1,0.9583333333333334,0.958131420817988,0.9706563706563707,0.32368054720994077,0.3740337203566797,0.10229801088090755,41
Digits38,Cluster@0.7,42,1,0.9305555555555556,0.9302190346966466,0.9826254826254828,0.43112789893075365,0.48809757613037247,0.1225923320903289,46
Digits38,Cluster@0.8,42,1,0.9027777777777778,0.9023066485753053,0.9528957528957528,0.38477360570919034,0.4852467043940612,0.12831482985914927,51
Digits38,Cluster@0.9,42,1,0.9027777777777778,0.9023066485753053,0.9528957528957528,0.38477360570919034,0.4852467043940612,0.12831482985914927,52
Digits38,CART,42,2,0.9295774647887324,0.9295215405995632,0.940779014308426,0.35024408837432414,0.44512924193599873,0.11648950425208654,54
Digits38,ACP-Gini,42,2,0.9154929577464789,0.915341812400636,0.9395866454689984,0.3138718041338177,0.40369777842340127,0.1131385723938006,54
Digits38,Tree-global corr.,42,2,0.9154929577464789,0.915341812400636,0.9395866454689984,0.3216032949701986,0.41780342993994857,0.11319860020022693,54
Digits38,VIF@5,42,2,0.9295774647887324,0.9295215405995632,0.9415739268680445,0.33743440052360424,0.4390181911738858,0.1139786872292064,46
Digits38,VIF@10,42,2,0.9295774647887324,0.9295215405995632,0.940779014308426,0.3502440883743242,0.44512924193599873,0.11648950425208654,52
Digits38,VIF@20,42,2,0.9295774647887324,0.9295215405995632,0.940779014308426,0.3502440883743242,0.44512924193599873,0.11648950425208654,53
Digits38,Cluster@0.5,42,2,0.9859154929577465,0.9858706467661691,0.9992050874403815,0.3501107308280225,0.4064470224043743,0.10983057769543841,33
Digits38,Cluster@0.6,42,2,0.971830985915493,0.9718253968253968,0.972972972972973,0.3473505837963338,0.40498065856217047,0.10929549928905634,40
Digits38,Cluster@0.7,42,2,0.9295774647887324,0.9295215405995632,0.940779014308426,0.3502440883743242,0.44512924193599873,0.11648950425208654,47
Digits38,Cluster@0.8,42,2,0.9295774647887324,0.9295215405995632,0.940779014308426,0.35024408837432414,0.44512924193599873,0.11648950425208654,52
Digits38,Cluster@0.9,42,2,0.9295774647887324,0.9295215405995632,0.940779014308426,0.35024408837432414,0.44512924193599873,0.11648950425208654,53
Digits38,CART,42,3,0.9436619718309859,0.9436507936507936,0.9674603174603175,0.37576598926232485,0.4836641955566072,0.13022494092802714,54
Digits38,ACP-Gini,42,3,0.9154929577464789,0.9154761904761904,0.9642857142857143,0.3695925286462495,0.4798032900129341,0.12907243614178326,54
Digits38,Tree-global corr.,42,3,0.9295774647887324,0.9295774647887324,0.9658730158730158,0.3672556289927754,0.47893562173918447,0.1285587185513936,54
Digits38,VIF@5,42,3,0.9014084507042254,0.9013301568393886,0.9722222222222222,0.34487087648398684,0.4446544047046235,0.11944295109575155,44
Digits38,VIF@10,42,3,0.9295774647887324,0.9295774647887324,0.9658730158730159,0.3705461863615841,0.4814380119306628,0.12928063248411498,52
Digits38,VIF@20,42,3,0.9436619718309859,0.9436507936507936,0.9674603174603175,0.37576598926232485,0.4836641955566072,0.13022494092802714,54
Digits38,Cluster@0.5,42,3,0.9577464788732394,0.957712924359738,0.9722222222222223,0.35444857100830673,0.4255455812214857,0.114473676004453,34
Digits38,Cluster@0.6,42,3,0.9577464788732394,0.957712924359738,0.9722222222222223,0.38261558224803327,0.4421376352785911,0.11701500129842793,40
Digits38,Cluster@0.7,42,3,0.9436619718309859,0.9435612082670906,0.9583333333333334,0.3482578744065622,0.44461676085734586,0.12759135514376205,45
Digits38,Cluster@0.8,42,3,0.9436619718309859,0.9436507936507936,0.9674603174603175,0.37576598926232485,0.4836641955566072,0.13022494092802714,52
Digits38,Cluster@0.9,42,3,0.9436619718309859,0.9436507936507936,0.9674603174603175,0.37576598926232485,0.4836641955566072,0.13022494092802714,53
Digits38,CART,42,4,0.9436619718309859,0.9436507936507936,0.9932539682539683,0.3525533803891086,0.45858705047747517,0.12211742995133398,54
Digits38,ACP-Gini,42,4,0.9436619718309859,0.9436507936507936,0.953968253968254,0.33472432542138975,0.43569544426292095,0.11677889168609812,54
Digits38,Tree-global corr.,42,4,0.9436619718309859,0.9436507936507936,0.953968253968254,0.3362247579103419,0.4386091930533869,0.11689390851268494,54
Digits38,VIF@5,42,4,0.9436619718309859,0.9436507936507936,0.9932539682539683,0.34227097048890626,0.4466036396460865,0.11840853235572209,46
Digits38,VIF@10,42,4,0.9436619718309859,0.9436507936507936,0.9932539682539683,0.3525533803891086,0.45858705047747517,0.12211742995133398,53
Digits38,VIF@20,42,4,0.9436619718309859,0.9436507936507936,0.9932539682539683,0.3525533803891086,0.45858705047747517,0.12211742995133398,54
Digits38,Cluster@0.5,42,4,0.9436619718309859,0.9436507936507936,0.9690476190476189,0.3738667519945755,0.4396089985337562,0.11690854608609076,33
Digits38,Cluster@0.6,42,4,0.9436619718309859,0.9436507936507936,0.9539682539682539,0.3395463063190351,0.43135016829371686,0.1133763775064082,41
Digits38,Cluster@0.7,42,4,0.9436619718309859,0.9436507936507936,0.9932539682539683,0.3525533803891086,0.45858705047747517,0.12211742995133398,47
Digits38,Cluster@0.8,42,4,0.9436619718309859,0.9436507936507936,0.9932539682539683,0.3525533803891086,0.4585870504774753,0.12211742995133401,52
Digits38,Cluster@0.9,42,4,0.9436619718309859,0.9436507936507936,0.9932539682539683,0.3525533803891086,0.45858705047747517,0.12211742995133398,53
Digits38,CART,43,0,0.9027777777777778,0.9012345679012346,0.9521235521235522,0.33367360451425154,0.41782194742378137,0.10865751969639599,54
Digits38,ACP-Gini,43,0,0.9305555555555556,0.9298928919182083,0.962934362934363,0.309010905726989,0.3904887525646497,0.1054846764743738,54
Digits38,Tree-global corr.,43,0,0.9305555555555556,0.9298928919182083,0.9640926640926641,0.30975591949330095,0.39283336857432544,0.1059215871783467,54
Digits38,VIF@5,43,0,0.9027777777777778,0.9023066485753053,0.9644787644787646,0.3781661503699373,0.4830640074143726,0.13335978371939003,45
Digits38,VIF@10,43,0,0.9027777777777778,0.9012345679012346,0.9521235521235522,0.33367360451425154,0.41782194742378137,0.10865751969639599,53
Digits38,VIF@20,43,0,0.9027777777777778,0.9012345679012346,0.9521235521235522,0.33367360451425154,0.41782194742378137,0.10865751969639599,54
Digits38,Cluster@0.5,43,0,0.8472222222222222,0.847192745514181,0.9571428571428572,0.3696372169755729,0.4156114469341677,0.10493648985353056,33
Digits38,Cluster@0.6,43,0,0.9305555555555556,0.9298928919182083,0.9521235521235522,0.3361087737616628,0.4076474917302395,0.10440456129929399,40
Digits38,Cluster@0.7,43,0,0.9027777777777778,0.9012345679012346,0.9521235521235522,0.33367360451425154,0.41782194742378137,0.10865751969639599,47
Digits38,Cluster@0.8,43,0,0.9027777777777778,0.9012345679012346,0.9521235521235522,0.33367360451425154,0.41782194742378137,0.10865751969639599,52
Digits38,Cluster@0.9,43,0,0.9027777777777778,0.9012345679012346,0.9521235521235522,0.33367360451425154,0.41782194742378137,0.10865751969639599,53
Digits38,CART,43,1,0.9305555555555556,0.9305421570519004,0.981081081081081,0.34216120792332066,0.4432735086358415,0.1158156401067444,54
Digits38,ACP-Gini,43,1,0.9583333333333334,0.9583252942311402,0.9837837837837837,0.33555936790018076,0.43471933654571226,0.11645415373720057,54
Digits38,Tree-global corr.,43,1,0.9583333333333334,0.9583252942311402,0.9687258687258686,0.3430866921716509,0.439004826151149,0.11544354822335891,54
Digits38,VIF@5,43,1,0.9305555555555556,0.9305421570519004,0.981081081081081,0.3421612079233207,0.44327350863584153,0.1158156401067444,45
Digits38,VIF@10,43,1,0.9305555555555556,0.9305421570519004,0.981081081081081,0.34216120792332066,0.4432735086358415,0.1158156401067444,53
Digits38,VIF@20,43,1,0.9305555555555556,0.9305421570519004,0.981081081081081,0.34216120792332066,0.4432735086358415,0.1158156401067444,54
Digits38,Cluster@0.5,43,1,1.0,1.0,1.0,0.3194028465231159,0.386114123933334,0.10648447840154796,35
Digits38,Cluster@0.6,43,1,1.0,1.0,1.0,0.35097433133079686,0.40458889019976685,0.10993329639489478,42
Digits38,Cluster@0.7,43,1,0.9305555555555556,0.9305421570519004,0.981081081081081,0.34216120792332066,0.4432735086358415,0.1158156401067444,48
Digits38,Cluster@0.8,43,1,0.9305555555555556,0.9305421570519004,0.981081081081081,0.34216120792332066,0.4432735086358415,0.1158156401067444,52
Digits38,Cluster@0.9,43,1,0.9305555555555556,0.9305421570519004,0.981081081081081,0.34216120792332066,0.4432735086358415,0.1158156401067444,53
Digits38,CART,43,2,0.8591549295774648,0.8584529505582137,0.9463434022257552,0.3907899801590177,0.48475712901801554,0.12482895690055727,54
Digits38,ACP-Gini,43,2,0.9154929577464789,0.9150717703349283,0.9483306836248012,0.37164285014625303,0.471732400341312,0.12328267832936246,54
Digits38,Tree-global corr.,43,2,0.9154929577464789,0.9150717703349283,0.9483306836248012,0.37164285014625303,0.471732400341312,0.12328267832936246,54
Digits38,VIF@5,43,2,0.9154929577464789,0.9150717703349283,0.9606518282988872,0.372485380663103,0.4738687847360101,0.12289403783262134,44
Digits38,VIF@10,43,2,0.8591549295774648,0.8584529505582137,0.9463434022257552,0.3907899801590177,0.4847571290180156,0.12482895690055727,52
Digits38,VIF@20,43,2,0.8591549295774648,0.8584529505582137,0.9463434022257552,0.3907899801590177,0.48475712901801554,0.12482895690055727,53
Digits38,Cluster@0.5,43,2,0.9295774647887324,0.9295774647887324,0.9761526232114468,0.3286135244365107,0.4028458394261649,0.10946696356576384,33
Digits38,Cluster@0.6,43,2,0.9295774647887324,0.9295774647887324,0.9761526232114468,0.3617057517898574,0.42291184967988443,0.11268019557358867,40
Digits38,Cluster@0.7,43,2,0.8732394366197183,0.8728358208955224,0.9471383147853736,0.3843973916422323,0.47978464178845104,0.12406763514978454,46
Digits38,Cluster@0.8,43,2,0.8591549295774648,0.8584529505582137,0.9463434022257552,0.3907899801590177,0.48475712901801554,0.12482895690055727,53
Digits38,Cluster@0.9,43,2,0.8591549295774648,0.8584529505582137,0.9463434022257552,0.3907899801590177,0.48475712901801554,0.12482895690055727,53
Digits38,CART,43,3,0.9436619718309859,0.9436507936507936,0.9511904761904763,0.36581187373318164,0.4724340472828748,0.1242642573714542,54
Digits38,ACP-Gini,43,3,0.9577464788732394,0.9577464788732394,0.9670634920634922,0.3495978646141323,0.45544840207000825,0.1215264897650435,54
Digits38,Tree-global corr.,43,3,0.9577464788732394,0.9577464788732394,0.965873015873016,0.3493377129087322,0.4550566346967442,0.12168336781844119,54
Digits38,VIF@5,43,3,0.9436619718309859,0.9436507936507936,0.9511904761904763,0.36022082234393826,0.4700491881999949,0.12323505365489731,45
Digits38,VIF@10,43,3,0.9436619718309859,0.9436507936507936,0.9511904761904763,0.36581187373318164,0.4724340472828748,0.1242642573714542,52
Digits38,VIF@20,43,3,0.9436619718309859,0.9436507936507936,0.9511904761904763,0.36581187373318164,0.4724340472828748,0.1242642573714542,53
Digits38,Cluster@0.5,43,3,0.9295774647887324,0.9295215405995632,0.9373015873015873,0.38038179203698574,0.48812144231015137,0.1373698769043075,32
Digits38,Cluster@0.6,43,3,0.9295774647887324,0.9295215405995632,0.9361111111111111,0.3810121031720731,0.4890065648660773,0.1374325436899791,39
Digits38,Cluster@0.7,43,3,0.9436619718309859,0.9436507936507936,0.9511904761904763,0.3658118737331816,0.47243404728287475,0.12426425737145423,45
Digits38,Cluster@0.8,43,3,0.9436619718309859,0.9436507936507936,0.9511904761904763,0.36581187373318164,0.4724340472828748,0.1242642573714542,51
Digits38,Cluster@0.9,43,3,0.9436619718309859,0.9436507936507936,0.9511904761904763,0.36581187373318164,0.4724340472828748,0.1242642573714542,51
Digits38,CART,43,4,0.9436619718309859,0.9435612082670906,0.9654761904761904,0.38669745051658405,0.4789942550569024,0.12470081016721098,54
Digits38,ACP-Gini,43,4,0.9436619718309859,0.9435612082670906,0.9547619047619047,0.3661830153019152,0.45896896127144915,0.1229144190018887,54
Digits38,Tree-global corr.,43,4,0.9436619718309859,0.9435612082670906,0.9670634920634921,0.36661246809407005,0.45976062407899415,0.12209682777558438,54
Digits38,VIF@5,43,4,0.9436619718309859,0.9435612082670906,0.9519841269841269,0.3626707387330399,0.4511822852823696,0.1180847803086075,46
Digits38,VIF@10,43,4,0.9436619718309859,0.9435612082670906,0.9654761904761904,0.38669745051658405,0.4789942550569024,0.12470081016721098,53
Digits38,VIF@20,43,4,0.9436619718309859,0.9435612082670906,0.9654761904761904,0.38669745051658405,0.4789942550569024,0.12470081016721098,54
Digits38,Cluster@0.5,43,4,0.9014084507042254,0.9006993006993007,0.9142857142857143,0.42492164780667524,0.48992349041002486,0.12648373436941396,32
Digits38,Cluster@0.6,43,4,0.9154929577464789,0.9150717703349283,0.9138888888888889,0.42296108280110123,0.48888249928768845,0.1269891188117979,40
Digits38,Cluster@0.7,43,4,0.9436619718309859,0.9435612082670906,0.9654761904761904,0.3866974505165841,0.4789942550569024,0.12470081016721098,46
Digits38,Cluster@0.8,43,4,0.9436619718309859,0.9435612082670906,0.9654761904761904,0.3866974505165841,0.4789942550569024,0.12470081016721098,50
Digits38,Cluster@0.9,43,4,0.9436619718309859,0.9435612082670906,0.9654761904761904,0.38669745051658405,0.4789942550569024,0.12470081016721098,53
Digits38,CART,44,0,0.9583333333333334,0.9583252942311402,0.9980694980694982,0.3581289594012175,0.4307677727748802,0.11107130430001023,54
Digits38,ACP-Gini,44,0,0.9583333333333334,0.9583252942311402,0.9841698841698843,0.3405663216509742,0.4108787458024545,0.1075576347228321,54
Digits38,Tree-global corr.,44,0,0.9444444444444444,0.9444015444015443,0.972972972972973,0.2590137869590147,0.3341670065573549,0.09460314243467068,54
Digits38,VIF@5,44,0,0.9583333333333334,0.9583252942311402,0.996911196911197,0.33647093869797673,0.4055126023384427,0.10438455994360168,46
Digits38,VIF@10,44,0,0.9583333333333334,0.9583252942311402,0.9980694980694982,0.3581289594012175,0.4307677727748802,0.1110713043000102,53
Digits38,VIF@20,44,0,0.9583333333333334,0.9583252942311402,0.9980694980694982,0.3581289594012175,0.4307677727748802,0.11107130430001023,54
Digits38,Cluster@0.5,44,0,0.9722222222222222,0.9721362229102167,0.9706563706563707,0.337596084218363,0.3907767692102293,0.10877961951405425,34
Digits38,Cluster@0.6,44,0,0.9722222222222222,0.9722007722007722,0.9833976833976834,0.3024013184350086,0.36525216249872483,0.10288265070666697,40
Digits38,Cluster@0.7,44,0,0.9583333333333334,0.9583252942311402,0.9980694980694982,0.35208934140350473,0.42863213551236184,0.11261390474725648,49
Digits38,Cluster@0.8,44,0,0.9583333333333334,0.9583252942311402,0.9980694980694982,0.35208934140350473,0.42863213551236184,0.11261390474725645,52
Digits38,Cluster@0.9,44,0,0.9583333333333334,0.9583252942311402,0.9980694980694982,0.35208934140350473,0.42863213551236184,0.11261390474725645,53
Digits38,CART,44,1,0.9444444444444444,0.9442724458204335,0.9555984555984556,0.3787389212585662,0.48084021836009555,0.12686218422725498,54
Digits38,ACP-Gini,44,1,0.9166666666666666,0.916083916083916,0.9548262548262547,0.36353930611384844,0.46412240062392757,0.12467350104543462,54
Digits38,Tree-global corr.,44,1,0.9444444444444444,0.9442724458204335,0.9548262548262547,0.35192918149154845,0.44991060867524985,0.1195946301126314,54
Digits38,VIF@5,44,1,0.9444444444444444,0.9442724458204335,0.9552123552123551,0.3544547472331769,0.4510114161786016,0.11954447743193462,46
Digits38,VIF@10,44,1,0.9444444444444444,0.9442724458204335,0.9555984555984556,0.3661139254941789,0.4658169048387475,0.12455663121232523,52
Digits38,VIF@20,44,1,0.9444444444444444,0.9442724458204335,0.9555984555984556,0.3787389212585662,0.48084021836009555,0.12686218422725498,54
Digits38,Cluster@0.5,44,1,0.9722222222222222,0.9722007722007722,0.9857142857142858,0.3525938698935087,0.4118388396725,0.11292891457013081,33
Digits38,Cluster@0.6,44,1,0.9444444444444444,0.9442724458204335,0.9845559845559846,0.3054444838922397,0.3823943882860177,0.10490541624580445,40
Digits38,Cluster@0.7,44,1,0.9444444444444444,0.9442724458204335,0.9555984555984556,0.3787389212585661,0.48084021836009544,0.12686218422725498,46
Digits38,Cluster@0.8,44,1,0.9444444444444444,0.9442724458204335,0.9555984555984556,0.3787389212585661,0.48084021836009544,0.12686218422725498,51
Digits38,Cluster@0.9,44,1,0.9444444444444444,0.9442724458204335,0.9555984555984556,0.3787389212585662,0.48084021836009555,0.12686218422725498,53
Digits38,CART,44,2,0.9295774647887324,0.9290709290709291,0.9578696343402225,0.3762424314310263,0.49196857304453145,0.1319500277800895,54
Digits38,ACP-Gini,44,2,0.9295774647887324,0.9290709290709291,0.9852941176470588,0.35653648989494735,0.47723991251723585,0.13054567008659976,54
Digits38,Tree-global corr.,44,2,0.9295774647887324,0.9290709290709291,0.9852941176470588,0.35653648989494735,0.47723991251723585,0.13054567008659976,54
Digits38,VIF@5,44,2,0.9295774647887324,0.9290709290709291,0.9896661367249603,0.36229571196028326,0.4845528505593075,0.1309631342841431,43
Digits38,VIF@10,44,2,0.9295774647887324,0.9290709290709291,0.9578696343402225,0.3762424314310263,0.49196857304453145,0.1319500277800895,53
Digits38,VIF@20,44,2,0.9295774647887324,0.9290709290709291,0.9578696343402225,0.3762424314310263,0.49196857304453145,0.1319500277800895,54
Digits38,Cluster@0.5,44,2,0.9295774647887324,0.9295774647887324,0.9642289348171702,0.4187777162418939,0.4891959060813524,0.1293642004929296,34
Digits38,Cluster@0.6,44,2,0.9295774647887324,0.9295774647887324,0.9642289348171702,0.4187777162418939,0.48919590608135227,0.1293642004929296,41
Digits38,Cluster@0.7,44,2,0.9295774647887324,0.9290709290709291,0.958664546899841,0.36742640515780206,0.4802879367770792,0.12933538128405875,47
Digits38,Cluster@0.8,44,2,0.9295774647887324,0.9290709290709291,0.9578696343402225,0.3762424314310263,0.49196857304453145,0.1319500277800895,52
Digits38,Cluster@0.9,44,2,0.9295774647887324,0.9290709290709291,0.9578696343402225,0.3762424314310263,0.49196857304453145,0.1319500277800895,53
Digits38,CART,44,3,0.9577464788732394,0.957712924359738,0.9674603174603174,0.37943020445407954,0.4734672582046868,0.12258183560790216,54
Digits38,ACP-Gini,44,3,0.971830985915493,0.9718253968253968,0.965079365079365,0.3639477178953955,0.45774423365724637,0.12013569550290622,54
Digits38,Tree-global corr.,44,3,0.971830985915493,0.9718253968253968,0.965079365079365,0.3639477178953955,0.45774423365724637,0.12013569550290622,54
Digits38,VIF@5,44,3,0.971830985915493,0.9718253968253968,0.9674603174603175,0.36590927494434855,0.4571409343622755,0.12013976227306299,45
Digits38,VIF@10,44,3,0.9577464788732394,0.957712924359738,0.9674603174603174,0.37943020445407954,0.4734672582046868,0.12258183560790216,52
Digits38,VIF@20,44,3,0.9577464788732394,0.957712924359738,0.9674603174603174,0.37943020445407954,0.4734672582046868,0.12258183560790216,53
Digits38,Cluster@0.5,44,3,0.9436619718309859,0.9436507936507936,0.9539682539682539,0.3925146637510796,0.45926360274550276,0.11554422968737763,34
Digits38,Cluster@0.6,44,3,0.9436619718309859,0.9436507936507936,0.9539682539682539,0.41975316739574536,0.47672580390350444,0.11915676465783517,41
Digits38,Cluster@0.7,44,3,0.9577464788732394,0.957712924359738,0.9674603174603174,0.37943020445407954,0.4734672582046868,0.12258183560790216,48
Digits38,Cluster@0.8,44,3,0.9577464788732394,0.957712924359738,0.9674603174603174,0.37943020445407954,0.4734672582046868,0.12258183560790216,52
Digits38,Cluster@0.9,44,3,0.9577464788732394,0.957712924359738,0.9674603174603174,0.37943020445407954,0.4734672582046868,0.12258183560790216,52
Digits38,CART,44,4,0.9295774647887324,0.9293532338308458,0.9686507936507937,0.3456657358924755,0.4567137033139214,0.12259799479314773,54
Digits38,ACP-Gini,44,4,0.9295774647887324,0.9293532338308458,0.9698412698412698,0.34559362769711266,0.4571607620246565,0.12469321253635783,54
Digits38,Tree-global corr.,44,4,0.9295774647887324,0.9293532338308458,0.9698412698412698,0.34634971550678106,0.4583243410270374,0.12526713638160028,54
Digits38,VIF@5,44,4,0.9295774647887324,0.9293532338308458,0.9686507936507937,0.3456657358924756,0.4567137033139215,0.12259799479314776,43
Digits38,VIF@10,44,4,0.9295774647887324,0.9293532338308458,0.9686507936507937,0.3456657358924755,0.4567137033139214,0.12259799479314773,51
Digits38,VIF@20,44,4,0.9295774647887324,0.9293532338308458,0.9686507936507937,0.34566573589247557,0.4567137033139214,0.12259799479314773,53
Digits38,Cluster@0.5,44,4,0.8732394366197183,0.8732394366197183,0.9456349206349206,0.3862299423523023,0.4493088572747188,0.11732078188658158,32
Digits38,Cluster@0.6,44,4,0.8873239436619719,0.8873015873015873,0.9611111111111111,0.36592169065921276,0.4405897081211329,0.11618254161636617,40
Digits38,Cluster@0.7,44,4,0.9295774647887324,0.9293532338308458,0.9797619047619047,0.3468514846948532,0.45810238552283283,0.12333962834816037,46
Digits38,Cluster@0.8,44,4,0.9295774647887324,0.9293532338308458,0.9686507936507937,0.3456657358924755,0.4567137033139214,0.12259799479314773,52
Digits38,Cluster@0.9,44,4,0.9295774647887324,0.9293532338308458,0.9686507936507937,0.3456657358924755,0.4567137033139214,0.12259799479314773,52
Parkinsons,CART,42,0,0.8974358974358975,0.8555555555555556,0.9074074074074073,0.32830996370567417,0.4013417609012313,0.2027203647438446,22
Parkinsons,ACP-Gini,42,0,0.9230769230769231,0.8956289027653881,0.9166666666666666,0.31694342077153875,0.4010165287091461,0.20405989916020978,22
Parkinsons,Tree-global corr.,42,0,0.9230769230769231,0.8956289027653881,0.9166666666666666,0.31523651862656904,0.4006475745731269,0.20410155310511663,22
Parkinsons,VIF@5,42,0,0.9230769230769231,0.8956289027653881,0.9148148148148149,0.3177396003787756,0.4015740319380402,0.2042327786691191,10
Parkinsons,VIF@10,42,0,0.9230769230769231,0.8956289027653881,0.9148148148148149,0.3177396003787756,0.4015740319380402,0.2042327786691191,12
Parkinsons,VIF@20,42,0,0.9230769230769231,0.8956289027653881,0.9111111111111111,0.31631797807927664,0.40698295723040484,0.20921482928770396,13
Parkinsons,Cluster@0.5,42,0,0.8974358974358975,0.8655172413793104,0.8981481481481481,0.3236335309953859,0.41647654096923936,0.2127366081218295,6
Parkinsons,Cluster@0.6,42,0,0.8974358974358975,0.8655172413793104,0.8981481481481481,0.3236335309953859,0.41647654096923936,0.2127366081218295,8
Parkinsons,Cluster@0.7,42,0,0.9230769230769231,0.8956289027653881,0.9111111111111111,0.31631797807927664,0.40698295723040484,0.20921482928770396,10
Parkinsons,Cluster@0.8,42,0,0.9230769230769231,0.8956289027653881,0.9111111111111111,0.31631797807927664,0.40698295723040484,0.20921482928770396,10
Parkinsons,Cluster@0.9,42,0,0.8974358974358975,0.8555555555555556,0.9111111111111111,0.3266123998127389,0.3983740773718058,0.20056873024207883,13
Parkinsons,CART,42,1,0.8461538461538461,0.7833333333333333,0.7944444444444445,0.3462281844958317,0.41466573867066175,0.1953893732372061,22
Parkinsons,ACP-Gini,42,1,0.7948717948717948,0.7310344827586206,0.7777777777777779,0.3390032169470739,0.4093317342094822,0.1902246609842962,22
Parkinsons,Tree-global corr.,42,1,0.7948717948717948,0.7310344827586206,0.7666666666666667,0.33541290268466584,0.40755622098772665,0.1902745781057995,22
Parkinsons,VIF@5,42,1,0.8717948717948718,0.8370927318295739,0.9055555555555557,0.42470956713355557,0.4625629202057571,0.20396258734833408,10
Parkinsons,VIF@10,42,1,0.8717948717948718,0.8370927318295739,0.9666666666666668,0.46236836065643055,0.4870245598047492,0.20603009596381847,12
Parkinsons,VIF@20,42,1,0.8461538461538461,0.7833333333333333,0.7981481481481482,0.3684674163193903,0.4183241925958549,0.17930724155980882,14
Parkinsons,Cluster@0.5,42,1,0.8461538461538461,0.7833333333333333,0.7944444444444445,0.3462281844958317,0.41466573867066175,0.1953893732372061,7
Parkinsons,Cluster@0.6,42,1,0.8461538461538461,0.7833333333333333,0.7944444444444445,0.3462281844958317,0.41466573867066175,0.1953893732372061,7
Parkinsons,Cluster@0.7,42,1,0.8461538461538461,0.7833333333333333,0.7944444444444445,0.3462281844958317,0.41466573867066175,0.1953893732372061,10
Parkinsons,Cluster@0.8,42,1,0.8461538461538461,0.7833333333333333,0.7944444444444445,0.3462281844958317,0.41466573867066175,0.1953893732372061,10
Parkinsons,Cluster@0.9,42,1,0.8461538461538461,0.7833333333333333,0.7944444444444445,0.3462281844958317,0.41466573867066175,0.1953893732372061,13
Parkinsons,CART,42,2,0.8461538461538461,0.7982758620689655,0.9293103448275861,0.47536031091977515,0.4880669421569493,0.1829037532275464,22
Parkinsons,ACP-Gini,42,2,0.8461538461538461,0.8100649350649352,0.8517241379310343,0.40176332238894225,0.43627291268016904,0.19079013460204935,22
Parkinsons,Tree-global corr.,42,2,0.9230769230769231,0.9022556390977443,0.9775862068965517,0.33690231533215986,0.3582820636186458,0.1896787415038097,22
Parkinsons,VIF@5,42,2,0.8461538461538461,0.7982758620689655,0.8379310344827585,0.35295260060278666,0.43680271402766746,0.1928647647483441,10
Parkinsons,VIF@10,42,2,0.9230769230769231,0.9022556390977443,0.9327586206896552,0.45103421990515674,0.46466642857038937,0.17842413660979767,12
Parkinsons,VIF@20,42,2,0.9230769230769231,0.9022556390977443,0.9327586206896552,0.45103421990515674,0.46466642857038937,0.17842413660979767,14
Parkinsons,Cluster@0.5,42,2,0.8461538461538461,0.8100649350649352,0.9362068965517241,0.47102615541385573,0.4587673317498085,0.1839884015850171,7
Parkinsons,Cluster@0.6,42,2,0.7948717948717948,0.7467532467532467,0.8137931034482758,0.37714368365595696,0.44494041369486953,0.1903282859181227,8
Parkinsons,Cluster@0.7,42,2,0.8461538461538461,0.7982758620689655,0.8379310344827585,0.35295260060278666,0.43680271402766746,0.1928647647483441,10
Parkinsons,Cluster@0.8,42,2,0.8461538461538461,0.7982758620689655,0.8379310344827585,0.35295260060278666,0.43680271402766746,0.1928647647483441,11
Parkinsons,Cluster@0.9,42,2,0.8461538461538461,0.7982758620689655,0.9293103448275861,0.47536031091977515,0.4880669421569493,0.1829037532275464,13
Parkinsons,CART,42,3,0.7948717948717948,0.7310344827586206,0.7534482758620689,0.37515652258044113,0.4691650592578974,0.21843906779421562,22
Parkinsons,ACP-Gini,42,3,0.8461538461538461,0.7388392857142857,0.7586206896551724,0.27074667469851843,0.3852980996767049,0.19509331385135248,22
Parkinsons,Tree-global corr.,42,3,0.7948717948717948,0.6060606060606061,0.7482758620689655,0.1753854316860769,0.3239439715843416,0.18636980721810653,22
Parkinsons,VIF@5,42,3,0.7948717948717948,0.7310344827586206,0.796551724137931,0.3691699206788863,0.44860325945090984,0.19706182354786536,10
Parkinsons,VIF@10,42,3,0.8205128205128205,0.7719298245614035,0.8103448275862069,0.3578942219981441,0.43294071676942114,0.19851139921982738,12
Parkinsons,VIF@20,42,3,0.8205128205128205,0.7719298245614035,0.8103448275862069,0.36206926217701546,0.4502965280142407,0.21199765641676133,14
Parkinsons,Cluster@0.5,42,3,0.7948717948717948,0.685483870967742,0.7068965517241379,0.3708508791153787,0.4461981785557231,0.20134975236651637,7
Parkinsons,Cluster@0.6,42,3,0.8205128205128205,0.711111111111111,0.7258620689655172,0.39757154468369454,0.39737188193795675,0.21755464390542642,8
Parkinsons,Cluster@0.7,42,3,0.7948717948717948,0.7310344827586206,0.796551724137931,0.3691699206788863,0.44860325945090984,0.19706182354786536,10
Parkinsons,Cluster@0.8,42,3,0.7948717948717948,0.7310344827586206,0.796551724137931,0.3691699206788863,0.44860325945090984,0.19706182354786536,10
Parkinsons,Cluster@0.9,42,3,0.8205128205128205,0.7719298245614035,0.8103448275862069,0.36206798667394086,0.45024159486378834,0.21199765641676133,12
Parkinsons,CART,42,4,0.8717948717948718,0.8260481712756467,0.8275862068965517,0.4514143302512306,0.4565032066610421,0.18954735200420778,22
Parkinsons,ACP-Gini,42,4,0.8717948717948718,0.8260481712756467,0.7896551724137931,0.4503818875333181,0.45415862140903684,0.18780148223939203,22
Parkinsons,Tree-global corr.,42,4,0.8205128205128205,0.7367405978784957,0.75,0.3950663792294855,0.4222840918160587,0.1837080846499794,22
Parkinsons,VIF@5,42,4,0.8461538461538461,0.7982758620689655,0.8275862068965517,0.42249797909735326,0.46095546668798837,0.19579111262551924,10
Parkinsons,VIF@10,42,4,0.8717948717948718,0.8260481712756467,0.8275862068965517,0.451416507869339,0.45648577437607046,0.1893974241195139,12
Parkinsons,VIF@20,42,4,0.8717948717948718,0.8260481712756467,0.8275862068965517,0.451416507869339,0.45648577437607046,0.1893974241195139,13
Parkinsons,Cluster@0.5,42,4,0.7948717948717948,0.685483870967742,0.6775862068965517,0.4618132845309018,0.5290403771650162,0.20166234751306628,6
Parkinsons,Cluster@0.6,42,4,0.7435897435897436,0.6637931034482758,0.75,0.40404136110559835,0.4450576689086787,0.1858473088630219,7
Parkinsons,Cluster@0.7,42,4,0.8461538461538461,0.7982758620689655,0.8275862068965517,0.42249797909735326,0.46095546668798837,0.19579111262551924,10
Parkinsons,Cluster@0.8,42,4,0.8461538461538461,0.7982758620689655,0.8275862068965517,0.4661082089762465,0.4857510096696762,0.19747762784176834,11
Parkinsons,Cluster@0.9,42,4,0.8717948717948718,0.8260481712756467,0.8499999999999999,0.4512643934231115,0.45379333602091404,0.18561617334053757,13
Parkinsons,CART,43,0,0.8717948717948718,0.7936507936507936,0.9018518518518519,0.3436867778251766,0.43196116414568936,0.20398916413614188,22
Parkinsons,ACP-Gini,43,0,0.8205128205128205,0.676923076923077,0.7611111111111111,0.35415690370054215,0.43610357457428506,0.1810956352144766,22
Parkinsons,Tree-global corr.,43,0,0.8205128205128205,0.676923076923077,0.7722222222222223,0.35026163786903547,0.4323097929167242,0.18090869380776856,22
Parkinsons,VIF@5,43,0,0.8205128205128205,0.676923076923077,0.7722222222222223,0.2983153018557595,0.3798336579136894,0.18000342759303453,10
Parkinsons,VIF@10,43,0,0.8205128205128205,0.676923076923077,0.7944444444444445,0.29760489043935967,0.42513060406233766,0.21287895597974316,13
Parkinsons,VIF@20,43,0,0.8205128205128205,0.676923076923077,0.7944444444444445,0.29760489043935967,0.42513060406233766,0.21287895597974316,14
Parkinsons,Cluster@0.5,43,0,0.7948717948717948,0.685483870967742,0.7703703703703704,0.317769931028681,0.38083082370869525,0.1734477349708078,6
Parkinsons,Cluster@0.6,43,0,0.8205128205128205,0.711111111111111,0.8148148148148149,0.3466050964130063,0.45480295574641766,0.2124105545007259,9
Parkinsons,Cluster@0.7,43,0,0.8461538461538461,0.7388392857142857,0.8,0.3303020339875237,0.44133060161493265,0.21123901985091442,10
Parkinsons,Cluster@0.8,43,0,0.8205128205128205,0.676923076923077,0.7925925925925926,0.30853891030335096,0.37131144589369586,0.18096406540236837,12
Parkinsons,Cluster@0.9,43,0,0.8205128205128205,0.676923076923077,0.7925925925925926,0.30853891030335096,0.37131144589369586,0.18096406540236837,12
Parkinsons,CART,43,1,0.9230769230769231,0.8871745419479267,0.8592592592592593,0.4226656676388217,0.4705376497254352,0.20723297242311345,22
Parkinsons,ACP-Gini,43,1,0.9487179487179487,0.9277777777777778,0.914814814814815,0.2585077515423777,0.40223867566846805,0.21515844325029912,22
Parkinsons,Tree-global corr.,43,1,0.9230769230769231,0.8956289027653881,0.9129629629629631,0.20600081556602162,0.2984902681624566,0.17394336940998067,22
Parkinsons,VIF@5,43,1,0.9230769230769231,0.8871745419479267,0.8444444444444446,0.3961039725847082,0.45810377893450066,0.20904881705967057,10
Parkinsons,VIF@10,43,1,0.8974358974358975,0.8555555555555556,0.825925925925926,0.3775148914821498,0.4240588747195612,0.19370226702423013,12
Parkinsons,VIF@20,43,1,0.9230769230769231,0.8871745419479267,0.8481481481481482,0.4084016953372897,0.45099020887114566,0.19897814252330534,14
Parkinsons,Cluster@0.5,43,1,0.8461538461538461,0.8100649350649352,0.951851851851852,0.2674531094714108,0.3467102582152485,0.17583352131483293,7
Parkinsons,Cluster@0.6,43,1,0.8461538461538461,0.8100649350649352,0.951851851851852,0.2674531094714108,0.3467102582152485,0.17583352131483293,7
Parkinsons,Cluster@0.7,43,1,0.9487179487179487,0.9213709677419355,0.8703703703703703,0.43467073094711195,0.4897035488385278,0.21124329231352676,10
Parkinsons,Cluster@0.8,43,1,0.9487179487179487,0.9213709677419355,0.8703703703703703,0.43467073094711195,0.4897035488385278,0.21124329231352676,10
Parkinsons,Cluster@0.9,43,1,0.9487179487179487,0.9213709677419355,0.8703703703703703,0.43554666356509647,0.48975454066766183,0.21141137309844277,13
Parkinsons,CART,43,2,0.9230769230769231,0.9022556390977443,0.9310344827586208,0.4504503466986788,0.5078296546483156,0.23838813410768112,22
Parkinsons,ACP-Gini,43,2,0.8461538461538461,0.7833333333333333,0.906896551724138,0.2528561568206585,0.4014678029564309,0.21794156401631343,22
Parkinsons,Tree-global corr.,43,2,0.9487179487179487,0.9327586206896552,0.9379310344827587,0.16709925029526243,0.3074823429237776,0.16666243275995452,22
Parkinsons,VIF@5,43,2,0.8461538461538461,0.7641129032258065,0.8672413793103448,0.39772705389642954,0.4516021201494387,0.18716086039100435,10
Parkinsons,VIF@10,43,2,0.8461538461538461,0.7641129032258065,0.8672413793103448,0.39772705389642954,0.4516021201494387,0.18716086039100435,12
Parkinsons,VIF@20,43,2,0.9230769230769231,0.9022556390977443,0.9310344827586208,0.4315960855608025,0.44504906060493193,0.2037756793898962,14
Parkinsons,Cluster@0.5,43,2,0.8974358974358975,0.8655172413793104,0.8862068965517241,0.4328597578971824,0.48139776005972335,0.19321254470849716,7
Parkinsons,Cluster@0.6,43,2,0.8974358974358975,0.8655172413793104,0.8672413793103448,0.4238984874634965,0.45249717424915087,0.20067786879806118,8
Parkinsons,Cluster@0.7,43,2,0.8974358974358975,0.8655172413793104,0.8672413793103448,0.4238984874634965,0.45249717424915087,0.20067786879806118,10
Parkinsons,Cluster@0.8,43,2,0.8974358974358975,0.8655172413793104,0.8672413793103448,0.4238984874634965,0.45249717424915087,0.20067786879806118,10
Parkinsons,Cluster@0.9,43,2,0.9230769230769231,0.9022556390977443,0.9310344827586208,0.4315962588501654,0.4450252930871226,0.2037756793898962,12
Parkinsons,CART,43,3,0.9230769230769231,0.8956289027653881,0.9172413793103449,0.3988696559463983,0.4335614022478107,0.1871231712096981,22
Parkinsons,ACP-Gini,43,3,0.9230769230769231,0.8956289027653881,0.9310344827586207,0.27496514648627884,0.41644017286988977,0.20713134726296567,22
Parkinsons,Tree-global corr.,43,3,0.9230769230769231,0.8956289027653881,0.9310344827586207,0.27496514648627884,0.41644017286988977,0.20713134726296567,22
Parkinsons,VIF@5,43,3,0.8974358974358975,0.8655172413793104,0.906896551724138,0.43807426138505606,0.46535393367540256,0.19121970453168563,10
Parkinsons,VIF@10,43,3,0.9230769230769231,0.8956289027653881,0.9172413793103449,0.3988758297277594,0.4335261280536118,0.1870057250053896,12
Parkinsons,VIF@20,43,3,0.9230769230769231,0.8956289027653881,0.9172413793103449,0.3988758297277594,0.4335261280536118,0.1870057250053896,13
Parkinsons,Cluster@0.5,43,3,0.8461538461538461,0.7982758620689655,0.8568965517241379,0.37847607135028577,0.4487446195665439,0.18405953524073282,6
Parkinsons,Cluster@0.6,43,3,0.8717948717948718,0.8119575699132112,0.9017241379310345,0.3805483052851257,0.45190819769122365,0.17675582313187227,7
Parkinsons,Cluster@0.7,43,3,0.8974358974358975,0.8655172413793104,0.906896551724138,0.43807426138505595,0.4653539336754023,0.19121970453168557,10
Parkinsons,Cluster@0.8,43,3,0.8974358974358975,0.8655172413793104,0.9086206896551725,0.4770507912948813,0.4803845963036155,0.19392229633550867,11
Parkinsons,Cluster@0.9,43,3,0.9230769230769231,0.8956289027653881,0.9137931034482758,0.4238099976228608,0.4408464693494906,0.1935533239179042,13
Parkinsons,CART,43,4,0.8974358974358975,0.8733766233766234,0.9275862068965518,0.5261650320145784,0.5453340082218122,0.2502468041961017,22
Parkinsons,ACP-Gini,43,4,0.9743589743589743,0.9674185463659147,0.9793103448275863,0.2896377552063763,0.38910721275794463,0.17643752131998391,22
Parkinsons,Tree-global corr.,43,4,0.9487179487179487,0.9327586206896552,0.9293103448275862,0.2293845113879321,0.34009462490178216,0.1758890121896831,22
Parkinsons,VIF@5,43,4,0.9487179487179487,0.9366883116883117,0.9706896551724139,0.40616345855733677,0.39693208780192596,0.1894816889261343,10
Parkinsons,VIF@10,43,4,0.9487179487179487,0.9327586206896552,0.9258620689655173,0.4371889675440638,0.44703475989858676,0.19401171818653884,12
Parkinsons,VIF@20,43,4,0.8974358974358975,0.8655172413793104,0.9155172413793105,0.558066723857091,0.5754589277370031,0.2237545298185192,14
Parkinsons,Cluster@0.5,43,4,0.7948717948717948,0.7467532467532467,0.8448275862068966,0.3242998613204814,0.37529578196126195,0.20522773798385685,7
Parkinsons,Cluster@0.6,43,4,0.7948717948717948,0.7467532467532467,0.8448275862068966,0.3242998613204814,0.37529578196126195,0.20522773798385685,7
Parkinsons,Cluster@0.7,43,4,0.8974358974358975,0.8655172413793104,0.8948275862068966,0.36823941433358653,0.42482008969418444,0.20696538307586618,9
Parkinsons,Cluster@0.8,43,4,0.8717948717948718,0.8260481712756467,0.8275862068965517,0.4474874783579086,0.4607249122163704,0.19088128707322186,11
Parkinsons,Cluster@0.9,43,4,0.8717948717948718,0.8370927318295739,0.8637931034482759,0.4541282672877911,0.4731080693385826,0.21561606035015282,13
Parkinsons,CART,44,0,0.8461538461538461,0.7045454545454546,0.6555555555555556,0.3769117488672218,0.4445411082446513,0.1906558490152592,22
Parkinsons,ACP-Gini,44,0,0.9487179487179487,0.9277777777777778,0.9240740740740742,0.29696228209024184,0.3936175699616953,0.18127390736750548,22
Parkinsons,Tree-global corr.,44,0,0.8717948717948718,0.8260481712756467,0.8611111111111112,0.2085681290955784,0.3366966653663328,0.1656680907216112,22
Parkinsons,VIF@5,44,0,0.7692307692307693,0.6285714285714286,0.7944444444444444,0.4138836247205942,0.4235089055662087,0.18159608018006912,10
Parkinsons,VIF@10,44,0,0.7692307692307693,0.6285714285714286,0.7944444444444444,0.4138836247205942,0.4235089055662087,0.18159608018006912,12
Parkinsons,VIF@20,44,0,0.7692307692307693,0.6285714285714286,0.7944444444444444,0.4138836247205942,0.4235089055662087,0.18159608018006912,13
Parkinsons,Cluster@0.5,44,0,0.7948717948717948,0.685483870967742,0.8314814814814815,0.21518815677505707,0.31779635225203307,0.1807876525562333,7
Parkinsons,Cluster@0.6,44,0,0.7948717948717948,0.685483870967742,0.8314814814814815,0.21518815677505707,0.31779635225203307,0.1807876525562333,7
Parkinsons,Cluster@0.7,44,0,0.8717948717948718,0.7692307692307693,0.875925925925926,0.2598040532827076,0.396819525321939,0.196337307963727,10
Parkinsons,Cluster@0.8,44,0,0.8717948717948718,0.7692307692307693,0.875925925925926,0.2598040532827076,0.396819525321939,0.196337307963727,11
Parkinsons,Cluster@0.9,44,0,0.8461538461538461,0.7045454545454546,0.6555555555555556,0.3769117488672218,0.4445411082446513,0.1906558490152592,13
Parkinsons,CART,44,1,0.8461538461538461,0.8100649350649352,0.9037037037037036,0.354916435563687,0.44457085689914205,0.19503617328490597,22
Parkinsons,ACP-Gini,44,1,0.8461538461538461,0.8100649350649352,0.9018518518518519,0.2839979087159464,0.4239593990775408,0.21187926808199178,22
Parkinsons,Tree-global corr.,44,1,0.9230769230769231,0.8956289027653881,0.9,0.23822422341475966,0.39036902605891105,0.19878867357781865,22
Parkinsons,VIF@5,44,1,0.8205128205128205,0.7719298245614035,0.9203703703703704,0.33649557507949623,0.40388623849326927,0.17553521430890384,10
Parkinsons,VIF@10,44,1,0.8461538461538461,0.7833333333333333,0.8833333333333333,0.36285016654164287,0.40751615934776125,0.1769602916716012,12
Parkinsons,VIF@20,44,1,0.9230769230769231,0.8956289027653881,0.9055555555555554,0.3454087420177564,0.44094451577001303,0.19556758963887014,14
Parkinsons,Cluster@0.5,44,1,0.8717948717948718,0.8370927318295739,0.888888888888889,0.2552853479456399,0.3421679231811531,0.17296926026690876,6
Parkinsons,Cluster@0.6,44,1,0.8717948717948718,0.8370927318295739,0.874074074074074,0.34770045745081807,0.4437191607926737,0.19821481432601518,8
Parkinsons,Cluster@0.7,44,1,0.8717948717948718,0.8370927318295739,0.8703703703703703,0.3549051320110822,0.45306599917770424,0.19999594041941063,10
Parkinsons,Cluster@0.8,44,1,0.8205128205128205,0.784189723320158,0.8703703703703703,0.36030701654385067,0.4508886565688002,0.19924557674692647,11
Parkinsons,Cluster@0.9,44,1,0.8461538461538461,0.8100649350649352,0.9518518518518517,0.35098938875188085,0.437651018434021,0.19156759228177697,13
Parkinsons,CART,44,2,0.8717948717948718,0.8260481712756467,0.8586206896551724,0.44412824154956604,0.4958026102814044,0.21297153686142173,22
Parkinsons,ACP-Gini,44,2,0.8205128205128205,0.7719298245614035,0.7913793103448277,0.3132133382228464,0.37606366668094043,0.19274680927975582,22
Parkinsons,Tree-global corr.,44,2,0.8461538461538461,0.7982758620689655,0.7931034482758621,0.28400241384033353,0.36942416037570913,0.19437700786981157,22
Parkinsons,VIF@5,44,2,0.8205128205128205,0.7564674397859055,0.7948275862068965,0.4691337557210179,0.4759203122267996,0.1780567365313682,10
Parkinsons,VIF@10,44,2,0.8974358974358975,0.8555555555555556,0.8862068965517241,0.4313320078615223,0.44552103270553267,0.19351715092543906,12
Parkinsons,VIF@20,44,2,0.8974358974358975,0.8555555555555556,0.8862068965517241,0.4313320078615223,0.44552103270553267,0.19351715092543906,14
Parkinsons,Cluster@0.5,44,2,0.7692307692307693,0.706766917293233,0.7827586206896553,0.40965313776243173,0.42370488658086425,0.18612431337219978,6
Parkinsons,Cluster@0.6,44,2,0.7435897435897436,0.6834415584415584,0.7620689655172415,0.4504369780781016,0.45048399991927907,0.18491018730446873,8
Parkinsons,Cluster@0.7,44,2,0.8205128205128205,0.7564674397859055,0.8086206896551724,0.4388887808993163,0.4638169538538242,0.18541754008200273,10
Parkinsons,Cluster@0.8,44,2,0.8205128205128205,0.7564674397859055,0.8086206896551724,0.4388887808993163,0.4638169538538242,0.18541754008200273,10
Parkinsons,Cluster@0.9,44,2,0.8974358974358975,0.8555555555555556,0.8862068965517241,0.4313320078615223,0.44552103270553267,0.19351715092543906,12
Parkinsons,CART,44,3,0.8205128205128205,0.784189723320158,0.853448275862069,0.4527115772347157,0.531109418349296,0.2844450644663333,22
Parkinsons,ACP-Gini,44,3,0.8205128205128205,0.7939622641509434,0.8982758620689655,0.3255096029549183,0.4073810264049555,0.20601577286644493,22
Parkinsons,Tree-global corr.,44,3,0.8461538461538461,0.8194444444444444,0.9034482758620689,0.33487647587550334,0.4343297891731037,0.2003635193472953,22
Parkinsons,VIF@5,44,3,0.8461538461538461,0.8194444444444444,0.9034482758620689,0.33183715973122785,0.43335851964856165,0.20279145815614624,10
Parkinsons,VIF@10,44,3,0.8461538461538461,0.8194444444444444,0.9034482758620689,0.33183715973122785,0.43335851964856165,0.20279145815614624,13
Parkinsons,VIF@20,44,3,0.8461538461538461,0.8194444444444444,0.9034482758620689,0.33183715973122785,0.43335851964856165,0.20279145815614624,13
Parkinsons,Cluster@0.5,44,3,0.9230769230769231,0.9022556390977443,0.9137931034482759,0.25720636069862396,0.3058909933943381,0.18217743739470926,7
Parkinsons,Cluster@0.6,44,3,0.8205128205128205,0.784189723320158,0.8999999999999999,0.29754807233078084,0.4210308312385326,0.21131805569660891,8
Parkinsons,Cluster@0.7,44,3,0.8205128205128205,0.7939622641509434,0.8982758620689655,0.3525878680280342,0.44684109103984326,0.20387746701415932,10
Parkinsons,Cluster@0.8,44,3,0.8205128205128205,0.7939622641509434,0.8982758620689655,0.3525878680280342,0.44684109103984326,0.20387746701415932,11
Parkinsons,Cluster@0.9,44,3,0.8205128205128205,0.7939622641509434,0.8982758620689655,0.3525878680280342,0.44684109103984326,0.20387746701415932,12
Parkinsons,CART,44,4,0.8717948717948718,0.8370927318295739,0.8706896551724137,0.433294213438667,0.4527566505504218,0.19060861509653407,22
Parkinsons,ACP-Gini,44,4,0.9230769230769231,0.8956289027653881,0.8741379310344828,0.19019889964184172,0.3341570438697248,0.17357112128345706,22
Parkinsons,Tree-global corr.,44,4,0.9230769230769231,0.8956289027653881,0.8741379310344828,0.19019889964184172,0.3341570438697248,0.17357112128345706,22
Parkinsons,VIF@5,44,4,0.7948717948717948,0.685483870967742,0.8844827586206896,0.4926144840263228,0.5239171741816808,0.19704250345620783,10
Parkinsons,VIF@10,44,4,0.7948717948717948,0.685483870967742,0.8879310344827586,0.4936304652553379,0.5248809556326403,0.19863856520847686,12
Parkinsons,VIF@20,44,4,0.8717948717948718,0.8370927318295739,0.8706896551724137,0.4312218300711517,0.45048138777894076,0.18876206760229405,14
Parkinsons,Cluster@0.5,44,4,0.7948717948717948,0.6517857142857143,0.7448275862068966,0.4469528356426922,0.4821425511038319,0.18167403333320445,7
Parkinsons,Cluster@0.6,44,4,0.7948717948717948,0.6517857142857143,0.7448275862068966,0.4469528356426922,0.4821425511038319,0.18167403333320445,7
Parkinsons,Cluster@0.7,44,4,0.7948717948717948,0.6517857142857143,0.7172413793103449,0.4434764345890688,0.47409918121158184,0.18278493108130162,10
Parkinsons,Cluster@0.8,44,4,0.7948717948717948,0.6517857142857143,0.7172413793103449,0.4434764345890688,0.47409918121158184,0.18278493108130162,10
Parkinsons,Cluster@0.9,44,4,0.8717948717948718,0.8370927318295739,0.8258620689655172,0.42608954013517936,0.4443692483913763,0.18904537834117802,13
Musk1,CART,42,0,0.7291666666666666,0.7248677248677249,0.8183421516754851,0.19599434931668983,0.1978065222370096,0.1661460970270987,166
Musk1,ACP-Gini,42,0,0.75,0.7386569872958257,0.7511022927689595,0.13794918692644872,0.1404660961114119,0.15494408541383825,166
Musk1,Tree-global corr.,42,0,0.7291666666666666,0.7192982456140351,0.7660934744268076,0.13287989982383042,0.13909929007381397,0.16007482361290473,166
Musk1,VIF@5,42,0,0.75,0.7445676274944568,0.8260582010582012,0.10228394712215064,0.11211420404807657,0.13554575258808071,43
Musk1,VIF@10,42,0,0.7916666666666666,0.7857142857142857,0.8498677248677249,0.11215278814811316,0.11955566670232225,0.13927533937433245,60
Musk1,VIF@20,42,0,0.8229166666666666,0.812133072407045,0.8562610229276896,0.14023456933821837,0.14433268437241137,0.1373315321691416,74
Musk1,Cluster@0.5,42,0,0.84375,0.8358974358974359,0.8913139329805997,0.22711985267851245,0.2366279827037465,0.18435118909140907,42
Musk1,Cluster@0.6,42,0,0.8541666666666666,0.8475499092558983,0.9111552028218696,0.22590053274949043,0.2354586100972105,0.18535898495875688,50
Musk1,Cluster@0.7,42,0,0.8020833333333334,0.7983862053719466,0.8791887125220459,0.24641457369814188,0.2525476266107476,0.19336017542776218,72
Musk1,Cluster@0.8,42,0,0.7916666666666666,0.7893813075910487,0.8734567901234568,0.2102997613637087,0.21346350522409469,0.18830016640153466,83
Musk1,Cluster@0.9,42,0,0.7395833333333334,0.7361187465640462,0.8082010582010583,0.1955979356187964,0.19634842337478073,0.16421561701918444,117
Musk1,CART,42,1,0.7789473684210526,0.775363134782119,0.793351302785265,0.17592766718585928,0.1863658048626524,0.16591837597073317,166
Musk1,ACP-Gini,42,1,0.7894736842105263,0.7854561878952122,0.8115453728661276,0.17021858191140793,0.1819523390491068,0.15742649114073806,166
Musk1,Tree-global corr.,42,1,0.7684210526315789,0.7511904761904762,0.8447888589398023,0.10686521646842824,0.12173436378650972,0.1473080618398443,166
Musk1,VIF@5,42,1,0.8105263157894737,0.8026315789473684,0.8623090745732255,0.10866737293253571,0.115839382517797,0.12270815880727985,42
Musk1,VIF@10,42,1,0.8210526315789474,0.819047619047619,0.8836477987421383,0.1153305320722435,0.11607513314031664,0.13723290419154152,57
Musk1,VIF@20,42,1,0.8315789473684211,0.8245614035087719,0.9025157232704403,0.1397328176333154,0.13035581291104698,0.1421810047873322,75
Musk1,Cluster@0.5,42,1,0.7263157894736842,0.722596585804133,0.7897574123989218,0.14900692994331485,0.14773854361170918,0.15877846393453493,41
Musk1,Cluster@0.6,42,1,0.7578947368421053,0.7441751551340592,0.8005390835579514,0.15365029231739183,0.16426397902730414,0.15276727478455923,52
Musk1,Cluster@0.7,42,1,0.7368421052631579,0.7219295164500643,0.7913297394429469,0.14933268083265339,0.16260196818296488,0.15100081460563516,69
Musk1,Cluster@0.8,42,1,0.7157894736842105,0.702608695652174,0.7607816711590297,0.14855738080855083,0.16663517768013208,0.15887465617448962,82
Musk1,Cluster@0.9,42,1,0.7789473684210526,0.775363134782119,0.793351302785265,0.1676796092615063,0.17863775008497965,0.16361011960211622,117
Musk1,CART,42,2,0.7789473684210526,0.7638773819386909,0.820460704607046,0.18595388070311616,0.19302026347971424,0.15393982436175543,166
Musk1,ACP-Gini,42,2,0.7684210526315789,0.7663237924865831,0.8093947606142728,0.1534858526277697,0.16047726518718253,0.14412448880003656,166
Musk1,Tree-global corr.,42,2,0.7789473684210526,0.7707160096540628,0.8091689250225835,0.10847331790316803,0.12199315157070918,0.12741498233693313,166
Musk1,VIF@5,42,2,0.8,0.7967571219457268,0.8432700993676603,0.08572343492309006,0.10226360834019915,0.12057405062136396,43
Musk1,VIF@10,42,2,0.7263157894736842,0.721093044263776,0.7278681120144534,0.1455199379510451,0.1579587567749137,0.13432715250089175,59
Musk1,VIF@20,42,2,0.7368421052631579,0.7310001132631102,0.768970189701897,0.15300211910789618,0.15722784108731686,0.1410229610286392,75
Musk1,Cluster@0.5,42,2,0.7789473684210526,0.7764705882352941,0.8373983739837398,0.13000115540437146,0.14614563581610665,0.14846985167901663,42
Musk1,Cluster@0.6,42,2,0.8,0.7941612498574524,0.8078139114724481,0.12979836669203737,0.15022044081539895,0.13916057650154187,48
Musk1,Cluster@0.7,42,2,0.8210526315789474,0.8143891506723365,0.8057813911472448,0.16510981700761665,0.18124357866946647,0.14831550239641234,69
Musk1,Cluster@0.8,42,2,0.8210526315789474,0.8143891506723365,0.8028455284552845,0.16404108175638035,0.18034889945091293,0.14817189863167765,82
Musk1,Cluster@0.9,42,2,0.7368421052631579,0.7189016451651082,0.7791327913279134,0.16838402926659313,0.18225412358908194,0.14315221980164566,117
Musk1,CART,42,3,0.7684210526315789,0.7677777777777778,0.8274616079494128,0.1387139006239516,0.14541081952310647,0.16809939402151045,166
Musk1,ACP-Gini,42,3,0.6947368421052632,0.6947368421052632,0.7843270099367661,0.1285480204135551,0.13859228265148732,0.16891715351817793,166
Musk1,Tree-global corr.,42,3,0.7368421052631579,0.7363747363747364,0.7940379403794038,0.12968825526584257,0.12956776648120183,0.1622581506804634,166
Musk1,VIF@5,42,3,0.7368421052631579,0.7363747363747364,0.8453026196928636,0.10333534256737825,0.10425439176796442,0.12649444118688774,42
Musk1,VIF@10,42,3,0.7157894736842105,0.7157894736842105,0.8631436314363143,0.11001507772512693,0.11784434208162557,0.13842736383125315,60
Musk1,VIF@20,42,3,0.7052631578947368,0.7052304964539007,0.8398825654923215,0.11492931499476552,0.1211568735743203,0.1360237734852403,75
Musk1,Cluster@0.5,42,3,0.7789473684210526,0.7740400951410126,0.7940379403794039,0.16767752287514126,0.17994801122584067,0.18633418040629182,44
Musk1,Cluster@0.6,42,3,0.7789473684210526,0.7780620758705084,0.833107497741644,0.15815079062106052,0.1822993523129589,0.17989446284325653,52
Musk1,Cluster@0.7,42,3,0.7684210526315789,0.7663237924865831,0.8082655826558265,0.1781972876605858,0.1842790565978243,0.1868443858528748,68
Musk1,Cluster@0.8,42,3,0.7789473684210526,0.7773685972547706,0.8012646793134599,0.16530527686524674,0.17328840006268162,0.18674717405415384,83
Musk1,Cluster@0.9,42,3,0.7684210526315789,0.7677777777777778,0.8236224028906955,0.13654893134217108,0.14298825938412496,0.16686931522707135,117
Musk1,CART,42,4,0.7578947368421053,0.7382920110192837,0.824977416440831,0.18697897362697213,0.19208708327085755,0.18664562711167745,166
Musk1,ACP-Gini,42,4,0.8105263157894737,0.8007921714818267,0.8299457994579945,0.1332118453089107,0.13789910333560504,0.1721859621400874,166
Musk1,Tree-global corr.,42,4,0.7578947368421053,0.7441751551340592,0.8335591689250226,0.11854254879910274,0.12654462278097858,0.16899390361752295,166
Musk1,VIF@5,42,4,0.7368421052631579,0.727042868635789,0.8285907859078592,0.08507925228023032,0.09310399280332159,0.11881629910668838,43
Musk1,VIF@10,42,4,0.7052631578947368,0.6955128205128205,0.7786811201445347,0.10136031868750366,0.100848672525774,0.12583218681636202,60
Musk1,VIF@20,42,4,0.7263157894736842,0.7172619047619048,0.7841011743450768,0.1232079791382881,0.1238289512885639,0.13255543734465894,74
Musk1,Cluster@0.5,42,4,0.7157894736842105,0.705206298126652,0.7633242999096657,0.16346084279407821,0.15486708447224104,0.14602646370311861,44
Musk1,Cluster@0.6,42,4,0.7157894736842105,0.705206298126652,0.7662601626016259,0.1600371723731629,0.1530638783288409,0.14546446190876464,52
Musk1,Cluster@0.7,42,4,0.7157894736842105,0.711181173291296,0.7861336946702799,0.1692805229080737,0.16740987534709773,0.1511457642887628,71
Musk1,Cluster@0.8,42,4,0.7157894736842105,0.709480122324159,0.7974254742547425,0.16521521501370112,0.16405571460438997,0.1488633993901881,82
Musk1,Cluster@0.9,42,4,0.7789473684210526,0.768695652173913,0.8667570009033423,0.17700659714591768,0.1723718113868313,0.163443320993403,119
Musk1,CART,43,0,0.78125,0.7771637006742567,0.8154761904761904,0.19763099659454098,0.21801652589186474,0.17285215285469532,166
Musk1,ACP-Gini,43,0,0.7916666666666666,0.7883597883597884,0.8414902998236331,0.13315602907368113,0.14236018382238946,0.14937729197635022,166
Musk1,Tree-global corr.,43,0,0.7604166666666666,0.7483760683760684,0.8095238095238095,0.11864684138130839,0.12775369328052044,0.13649312785664483,166
Musk1,VIF@5,43,0,0.7291666666666666,0.7192982456140351,0.8289241622574955,0.1291622050570115,0.14772793631738257,0.12997136096857637,43
Musk1,VIF@10,43,0,0.7395833333333334,0.7311526828721855,0.8194444444444444,0.1251474303376156,0.14426454473712635,0.13513379291369035,57
Musk1,VIF@20,43,0,0.78125,0.7757757757757757,0.8130511463844796,0.15408446788550403,0.17396407375704248,0.14518188048878722,73
Musk1,Cluster@0.5,43,0,0.8333333333333334,0.8222222222222222,0.8752204585537918,0.18320672021615203,0.18904982067389262,0.17029495941638192,43
Musk1,Cluster@0.6,43,0,0.7708333333333334,0.7642857142857142,0.8298059964726632,0.16888540079457953,0.19378807515491916,0.16683582164895092,49
Musk1,Cluster@0.7,43,0,0.6979166666666666,0.6881371121317352,0.7429453262786596,0.14923091707782626,0.16816953580431285,0.16245377502457373,69
Musk1,Cluster@0.8,43,0,0.7291666666666666,0.7248677248677249,0.7905643738977072,0.1387751285818457,0.15659934220130392,0.15782986334559584,81
Musk1,Cluster@0.9,43,0,0.8125,0.8111888111888111,0.8527336860670195,0.1907403070126358,0.20431858192106309,0.1680027766026199,115
Musk1,CART,43,1,0.8526315789473684,0.8488636363636364,0.8459119496855347,0.2027482414837588,0.1871901207621552,0.1767151815093412,166
Musk1,ACP-Gini,43,1,0.8421052631578947,0.8374957235716729,0.8548966756513926,0.17929821156680595,0.16779144120156228,0.1694961533053535,166
Musk1,Tree-global corr.,43,1,0.7684210526315789,0.7625,0.8155884995507636,0.10499531053765408,0.11917246635063058,0.1544520158254616,166
Musk1,VIF@5,43,1,0.8631578947368421,0.8601200588968173,0.9002695417789757,0.11104813755676962,0.12123384029132242,0.14623697206421937,43
Musk1,VIF@10,43,1,0.7684210526315789,0.7677777777777778,0.8780323450134772,0.14817400921945387,0.16977466096961066,0.1522533416152965,60
Musk1,VIF@20,43,1,0.7473684210526316,0.7466666666666666,0.842093441150045,0.14828247487331472,0.16453956740484718,0.156723338356887,74
Musk1,Cluster@0.5,43,1,0.7684210526315789,0.767156862745098,0.84366576819407,0.1685037693987303,0.16959128246329644,0.15834410726800216,42
Musk1,Cluster@0.6,43,1,0.7368421052631579,0.7338935574229692,0.8310871518418688,0.18566849755002812,0.19940295870630745,0.16958561937077518,50
Musk1,Cluster@0.7,43,1,0.7157894736842105,0.7146512404049394,0.8250224618149147,0.19177859841728606,0.18630629120453054,0.16744838081831717,67
Musk1,Cluster@0.8,43,1,0.8105263157894737,0.8094919786096256,0.8578167115902965,0.19575273069167182,0.19775375531608494,0.17340798684659264,86
Musk1,Cluster@0.9,43,1,0.8421052631578947,0.8386000679578661,0.8373764600179695,0.19103034494884336,0.18048818212813783,0.1722549296572882,118
Musk1,CART,43,2,0.7263157894736842,0.7059523809523809,0.7515808491418249,0.1914134213531873,0.19508303349487258,0.15947288328263187,166
Musk1,ACP-Gini,43,2,0.7263157894736842,0.7149122807017544,0.7786811201445347,0.13194709553739925,0.14765450881510495,0.1433594280008031,166
Musk1,Tree-global corr.,43,2,0.7473684210526316,0.7214076246334311,0.7504516711833786,0.14009948216185278,0.15790462467991842,0.15355978891338437,166
Musk1,VIF@5,43,2,0.7157894736842105,0.7074923024290113,0.7897470641373081,0.11537388478004841,0.12534316439942256,0.14222304472516378,43
Musk1,VIF@10,43,2,0.7368421052631579,0.7219295164500643,0.8514001806684732,0.14687146356731917,0.15412857829784746,0.148863059535914,58
Musk1,VIF@20,43,2,0.7578947368421053,0.7466666666666667,0.8315266485998193,0.13399526599660483,0.13685941377856592,0.1435954658284408,74
Musk1,Cluster@0.5,43,2,0.7684210526315789,0.7565237651444547,0.8051038843721771,0.15270923922952276,0.16703167677224148,0.1607463944228213,43
Musk1,Cluster@0.6,43,2,0.7368421052631579,0.7189016451651082,0.782520325203252,0.1599844134053386,0.16486987110416293,0.15693251702156266,53
Musk1,Cluster@0.7,43,2,0.7052631578947368,0.6996386630532971,0.7728093947606143,0.1709148090720945,0.17555939299361917,0.1625478333266921,67
Musk1,Cluster@0.8,43,2,0.7157894736842105,0.711181173291296,0.8008130081300813,0.1796493546151512,0.17595697364969748,0.17016781436631603,85
Musk1,Cluster@0.9,43,2,0.7157894736842105,0.7074923024290113,0.7850045167118338,0.18888334393171463,0.18384291777445053,0.15892570396631978,117
Musk1,CART,43,3,0.7473684210526316,0.736842105263158,0.7691960252935863,0.20578332694804416,0.20175783628295946,0.16151883973940337,166
Musk1,ACP-Gini,43,3,0.6736842105263158,0.6585507246376812,0.7271906052393857,0.156409994278379,0.16464879402890154,0.14953548216346865,166
Musk1,Tree-global corr.,43,3,0.7052631578947368,0.7012578616352201,0.7637759710930443,0.13452227457616023,0.15615723713633117,0.15938908215905503,166
Musk1,VIF@5,43,3,0.7052631578947368,0.7025939177101967,0.7827461607949413,0.12336754508134802,0.1330215427444014,0.13463121674267825,43
Musk1,VIF@10,43,3,0.7368421052631579,0.7338935574229692,0.8100722673893406,0.13531654531105058,0.13762827042435097,0.13369573155547942,60
Musk1,VIF@20,43,3,0.7263157894736842,0.7238372093023255,0.8001355013550135,0.14043090702962352,0.1401106930003353,0.1336175599672563,75
Musk1,Cluster@0.5,43,3,0.7157894736842105,0.702608695652174,0.7971996386630532,0.1696440002710247,0.17484202545547675,0.1596277134056913,42
Musk1,Cluster@0.6,43,3,0.7473684210526316,0.731638418079096,0.8152664859981933,0.1640284151202226,0.17211855379925342,0.16244076075753447,47
Musk1,Cluster@0.7,43,3,0.7578947368421053,0.7413895135518996,0.8236224028906955,0.15328176461167284,0.16945795181819004,0.16179895053224302,69
Musk1,Cluster@0.8,43,3,0.7368421052631579,0.7246376811594203,0.7859078590785908,0.18816226551718557,0.18765244450363233,0.18027136204698488,80
Musk1,Cluster@0.9,43,3,0.8,0.7907246376811594,0.8143631436314362,0.18263636203882422,0.18097224856432775,0.1536253274815314,117
Musk1,CART,43,4,0.7789473684210526,0.775363134782119,0.8642728093947607,0.19160639643063468,0.1869823385628975,0.16284704784293091,166
Musk1,ACP-Gini,43,4,0.7894736842105263,0.7786579683131407,0.8459801264679312,0.14108947435551208,0.1516400150558381,0.14516909826735688,166
Musk1,Tree-global corr.,43,4,0.7789473684210526,0.775363134782119,0.8301716350496838,0.12103267324645525,0.13603787347550594,0.1362454037617875,166
Musk1,VIF@5,43,4,0.7894736842105263,0.7883244206773619,0.8410117434507679,0.08996617858757695,0.1040278271663159,0.13802368243709376,44
Musk1,VIF@10,43,4,0.7263157894736842,0.7248217468805704,0.8215898825654924,0.1062756447089591,0.11558092486610747,0.128277811336377,58
Musk1,VIF@20,43,4,0.7263157894736842,0.7262854609929078,0.7956187895212286,0.15089846803491389,0.16548424036271203,0.14461266912640533,74
Musk1,Cluster@0.5,43,4,0.7894736842105263,0.7892635314995564,0.8654019873532068,0.1322452734866325,0.13773916003774378,0.1615971145191488,42
Musk1,Cluster@0.6,43,4,0.7789473684210526,0.7785547785547786,0.8504968383017164,0.13485051746984072,0.144541131010668,0.16345708551081478,50
Musk1,Cluster@0.7,43,4,0.7684210526315789,0.7625,0.861111111111111,0.1783404524223872,0.17754952880774413,0.16246980308392614,69
Musk1,Cluster@0.8,43,4,0.7578947368421053,0.7488794391449258,0.8322041553748871,0.17906780146138265,0.17740395728360545,0.16061585278802115,84
Musk1,Cluster@0.9,43,4,0.8105263157894737,0.8079514824797844,0.8807588075880759,0.18011690264433103,0.17301196266232274,0.1537543554930127,119
Musk1,CART,44,0,0.7708333333333334,0.7683194383501536,0.8256172839506173,0.20748003163897893,0.20094212967283617,0.1728650626434488,166
Musk1,ACP-Gini,44,0,0.7291666666666666,0.7192982456140351,0.7916666666666666,0.16398820883418713,0.16535203625580372,0.1729955678994564,166
Musk1,Tree-global corr.,44,0,0.78125,0.7806549885757808,0.8304673721340388,0.15333391940590488,0.15906239745920245,0.1587019136037303,166
Musk1,VIF@5,44,0,0.78125,0.7771637006742567,0.8328924162257495,0.10780749357132954,0.10999398132538463,0.13202323234197608,41
Musk1,VIF@10,44,0,0.71875,0.7046153846153846,0.8004850088183422,0.12020971887702986,0.11315876738211811,0.1365979195453491,58
Musk1,VIF@20,44,0,0.71875,0.694591728525981,0.7722663139329806,0.13187767208013054,0.1372678474379108,0.14617283244352058,74
Musk1,Cluster@0.5,44,0,0.8125,0.8021071919377004,0.8031305114638448,0.1510832388616591,0.17387439412524394,0.15485883860131464,43
Musk1,Cluster@0.6,44,0,0.8229166666666666,0.8184851518184851,0.8273809523809524,0.1715371880193982,0.17474012476840348,0.15041594684625276,52
Musk1,Cluster@0.7,44,0,0.7708333333333334,0.7624831309041835,0.7687389770723104,0.16018797981318858,0.16377615342593618,0.15405433483754016,68
Musk1,Cluster@0.8,44,0,0.7916666666666666,0.7871396895787139,0.8619929453262788,0.17394970358789835,0.16636170829494928,0.16032776249395764,83
Musk1,Cluster@0.9,44,0,0.7708333333333334,0.7658536585365854,0.8395061728395061,0.18606503558496926,0.18079838923784947,0.1656329896885279,118
Musk1,CART,44,1,0.7789473684210526,0.7740400951410126,0.8185085354896676,0.23855045061462393,0.23835080766502736,0.16630838531423947,166
Musk1,ACP-Gini,44,1,0.7473684210526316,0.7471162377994676,0.8245732255166218,0.12936875853614313,0.14527901243925953,0.12983868779392496,166
Musk1,Tree-global corr.,44,1,0.8315789473684211,0.8283649503161699,0.8548966756513927,0.11546767961859739,0.13820133595520165,0.13385401567171504,166
Musk1,VIF@5,44,1,0.7578947368421053,0.7577873849905775,0.8061545372866127,0.10088463278283787,0.10362645688681021,0.13116457093936545,42
Musk1,VIF@10,44,1,0.7789473684210526,0.7785547785547786,0.8128930817610063,0.10641950249850869,0.11317966209992074,0.13383138001690437,59
Musk1,VIF@20,44,1,0.7789473684210526,0.7788493515131361,0.8333333333333334,0.1122818962410779,0.11663241628569228,0.1368595236390367,74
Musk1,Cluster@0.5,44,1,0.8315789473684211,0.8283649503161699,0.8787061994609164,0.1579489109049676,0.17706700966704,0.15601393729020743,43
Musk1,Cluster@0.6,44,1,0.8315789473684211,0.8283649503161699,0.8596136567834682,0.15843572668125436,0.17920315733074316,0.15337230683623634,49
Musk1,Cluster@0.7,44,1,0.8210526315789474,0.8181511091093345,0.8414195867026056,0.23735717384097835,0.25255229134170887,0.17616613482287746,68
Musk1,Cluster@0.8,44,1,0.8315789473684211,0.8283649503161699,0.8964510332434861,0.24164749622880471,0.25341785714158926,0.1754968511940543,84
Musk1,Cluster@0.9,44,1,0.8105263157894737,0.806910569105691,0.862533692722372,0.23124446118094966,0.240785002489954,0.16921581163644409,115
Musk1,CART,44,2,0.7578947368421053,0.7508267761432319,0.8288166214995483,0.16530617065265157,0.17690011268961994,0.1646546288868651,166
Musk1,ACP-Gini,44,2,0.8105263157894737,0.8056818181818182,0.8453026196928637,0.14665948936752135,0.15001052553921695,0.15734079257282624,166
Musk1,Tree-global corr.,44,2,0.8,0.7941612498574524,0.8425925925925927,0.13641243618608123,0.15587315034899052,0.14866962436933284,166
Musk1,VIF@5,44,2,0.7578947368421053,0.7539691476185114,0.8351400180668472,0.1276329379908266,0.1241540370443463,0.13251489929161256,43
Musk1,VIF@10,44,2,0.7473684210526316,0.7466666666666666,0.8242999096657633,0.14206729719635977,0.14392900755491086,0.139016944177658,59
Musk1,VIF@20,44,2,0.7578947368421053,0.7561656065171298,0.810523938572719,0.1423785976162317,0.14609629722559014,0.14331727227411586,74
Musk1,Cluster@0.5,44,2,0.8,0.7977591036414566,0.8507226738934056,0.1239822431820168,0.15097685804724625,0.16269228749715525,41
Musk1,Cluster@0.6,44,2,0.8,0.7977591036414566,0.8538843721770552,0.12521549312030353,0.1520963249649109,0.16286108294674703,47
Musk1,Cluster@0.7,44,2,0.8421052631578947,0.8409775694676933,0.8875338753387534,0.13264225991053685,0.15131528203722214,0.14537755645780084,69
Musk1,Cluster@0.8,44,2,0.7578947368421053,0.7569251307153188,0.8233965672990062,0.14672351636718373,0.16370615223944096,0.15796925268888798,83
Musk1,Cluster@0.9,44,2,0.7473684210526316,0.7425474254742548,0.8263324299909666,0.1694294012960462,0.18238736248435133,0.16641830659382995,119
Musk1,CART,44,3,0.7578947368421053,0.7508267761432319,0.7798102981029811,0.19190549256095107,0.17883823390893155,0.1648228971676148,166
Musk1,ACP-Gini,44,3,0.7894736842105263,0.7786579683131407,0.8622402890695574,0.17106270723874636,0.18011416813230985,0.15591923819740222,166
Musk1,Tree-global corr.,44,3,0.7789473684210526,0.7707160096540628,0.8136856368563685,0.1563330738099042,0.16581858773758323,0.1753958835726659,166
Musk1,VIF@5,44,3,0.7684210526315789,0.768189884649512,0.8355916892502258,0.09675343122932206,0.09957698624046786,0.13812578646769652,43
Musk1,VIF@10,44,3,0.7473684210526316,0.7471162377994676,0.8057813911472448,0.09711107768745295,0.10236237341633318,0.13456974389025325,59
Musk1,VIF@20,44,3,0.7473684210526316,0.7473404255319149,0.7870370370370371,0.10156630687089498,0.10695383889870815,0.13972886311169427,76
Musk1,Cluster@0.5,44,3,0.7368421052631579,0.7310001132631102,0.8204607046070461,0.1668368852415949,0.1814968560039617,0.16144659876086478,43
Musk1,Cluster@0.6,44,3,0.7368421052631579,0.7291595392861215,0.8057813911472448,0.16606307636556236,0.1819351302773133,0.16266319341359903,48
Musk1,Cluster@0.7,44,3,0.7368421052631579,0.727042868635789,0.7892953929539296,0.14167792550820152,0.15210614496685357,0.1557812229755311,70
Musk1,Cluster@0.8,44,3,0.7368421052631579,0.7246376811594203,0.8191056910569106,0.16756539516174063,0.17094055744015385,0.1584387179235883,83
Musk1,Cluster@0.9,44,3,0.7684210526315789,0.7625,0.8570460704607046,0.18130477578982127,0.1788384690832508,0.15392899497386373,117
Musk1,CART,44,4,0.7052631578947368,0.6793635486981677,0.7486449864498644,0.20971853647818967,0.20496963198079268,0.16670044928083497,166
Musk1,ACP-Gini,44,4,0.7052631578947368,0.6869114877589454,0.763550135501355,0.13498514777051035,0.14352172213377035,0.13823995915399676,166
Musk1,Tree-global corr.,44,4,0.7052631578947368,0.690121155638397,0.7572267389340559,0.10317077534254866,0.12212992342034235,0.12516048942308516,166
Musk1,VIF@5,44,4,0.7578947368421053,0.7525201042020614,0.8114272809394761,0.11447921748015594,0.11622027879568567,0.16439821262584392,42
Musk1,VIF@10,44,4,0.7157894736842105,0.696413776778317,0.7721318879855464,0.11183379848497985,0.11762499450905851,0.16411871205170234,59
Musk1,VIF@20,44,4,0.7157894736842105,0.696413776778317,0.7719060523938572,0.11814384280429521,0.12345282615329184,0.1692139795542673,72
Musk1,Cluster@0.5,44,4,0.7157894736842105,0.709480122324159,0.7859078590785908,0.1420778244987351,0.1617770913133326,0.16487644597747755,41
Musk1,Cluster@0.6,44,4,0.8105263157894737,0.8042582417582418,0.8511743450767841,0.1683238716506861,0.1718755546153722,0.16815738871944255,52
Musk1,Cluster@0.7,44,4,0.7684210526315789,0.7587719298245614,0.7990063233965673,0.17251333103255878,0.17400445055530955,0.1665445045138876,69
Musk1,Cluster@0.8,44,4,0.7578947368421053,0.7488794391449258,0.7922312556458898,0.17663878908165515,0.17182696732147135,0.16202009435964895,81
Musk1,Cluster@0.9,44,4,0.7052631578947368,0.6793635486981677,0.7531616982836494,0.19683246327967652,0.18966355447882058,0.16286883999587473,117
Landsat,CART,42,0,0.9642579642579643,0.9511324990920197,0.9696021799817446,0.5840188474239725,0.6047256371502706,0.2982666031104202,36
Landsat,ACP-Gini,42,0,0.965034965034965,0.95224737861484,0.9761114775505852,0.5507389710583847,0.5719510455481764,0.30091508156801033,36
Landsat,Tree-global corr.,42,0,0.9658119658119658,0.953562595535029,0.9872662282718049,0.5521722715508691,0.5749029363923425,0.30010729725138624,36
Landsat,VIF@5,42,0,0.9588189588189588,0.9440032837352488,0.9679581992497984,0.4880544077024807,0.5116497572771697,0.245727727588741,7
Landsat,VIF@10,42,0,0.9627039627039627,0.9484357784381156,0.9679798524914554,0.5012333315837845,0.5125104573138242,0.2227610946388004,9
Landsat,VIF@20,42,0,0.9689199689199689,0.9563317295620958,0.9643920769123144,0.5567613467581265,0.5763317990905898,0.2949381708422058,17
Landsat,Cluster@0.5,42,0,0.9090909090909091,0.8818473923943364,0.9492731173339197,0.17275533921332914,0.008907930100215929,0.18609557940460256,2
Landsat,Cluster@0.6,42,0,0.9090909090909091,0.8818473923943364,0.9492731173339197,0.17275533921332914,0.008907930100215929,0.18609557940460256,2
Landsat,Cluster@0.7,42,0,0.9417249417249417,0.9212704715125939,0.9732682403576449,0.3342629726309804,0.36349324618000817,0.18343913587338767,4
Landsat,Cluster@0.8,42,0,0.958041958041958,0.9425069986300554,0.9760431865576675,0.48619660164309747,0.5082521199949932,0.26488167735622303,8
Landsat,Cluster@0.9,42,0,0.9642579642579643,0.9509156573763315,0.980203940223728,0.6458481706543661,0.649460655225952,0.3028364937278783,17
Landsat,CART,42,1,0.9728049728049728,0.9631011272402887,0.9793111604138767,0.5432090166234771,0.5477583331435856,0.2977496690687231,36
Landsat,ACP-Gini,42,1,0.9689199689199689,0.9578753739501574,0.9809384848060869,0.5332783049611987,0.5331425636758972,0.2985444841188478,36
Landsat,Tree-global corr.,42,1,0.9588189588189588,0.9446008779588473,0.980941816074034,0.5471097072117316,0.5406860120243975,0.2543204305106108,36
Landsat,VIF@5,42,1,0.9728049728049728,0.9632595533725439,0.9827090537200269,0.4824190693629964,0.48597393801864397,0.23808037063463472,7
Landsat,VIF@10,42,1,0.965034965034965,0.9530622780862474,0.981051747916292,0.47683258952984986,0.4829597469484214,0.24749600869041297,9
Landsat,VIF@20,42,1,0.9728049728049728,0.9633378993092436,0.9830921495339557,0.5229631350048451,0.529127148795674,0.28898297024422476,16
Landsat,Cluster@0.5,42,1,0.9207459207459208,0.894163232135601,0.9553743345792276,0.1707143489723822,0.0007417313199583171,0.1650329342529776,2
Landsat,Cluster@0.6,42,1,0.9207459207459208,0.894163232135601,0.9553743345792276,0.1707143489723822,0.0007417313199583171,0.1650329342529776,2
Landsat,Cluster@0.7,42,1,0.9494949494949495,0.9327642952728852,0.975638437502082,0.48217393301785727,0.4742862272895154,0.23483411749730382,4
Landsat,Cluster@0.8,42,1,0.9526029526029526,0.936506896677221,0.9787331854250365,0.4705885780315116,0.46680075637978874,0.2343849792296053,7
Landsat,Cluster@0.9,42,1,0.9634809634809635,0.9503425346331451,0.9680747936279508,0.5275054419303278,0.5218712547257425,0.25421930252719094,17
Landsat,CART,42,2,0.9572649572649573,0.9423881274859541,0.9644967759090608,0.6144210504890311,0.6283516875514372,0.3314182851125291,36
Landsat,ACP-Gini,42,2,0.9595959595959596,0.9442645559752953,0.9593698065545435,0.539239653350079,0.5597619842531932,0.30813779895113375,36
Landsat,Tree-global corr.,42,2,0.9634809634809635,0.9495669893020886,0.9749900285847237,0.5514072279537429,0.5702283705827458,0.3166642914481249,36
Landsat,VIF@5,42,2,0.9665889665889665,0.9548617370005539,0.981559529349199,0.47317861926692645,0.5047363102949776,0.2420782357527601,7
Landsat,VIF@10,42,2,0.9673659673659674,0.9558641975308642,0.9839842451638636,0.4971065488986515,0.5263211419172847,0.24776354716397753,10
Landsat,VIF@20,42,2,0.9689199689199689,0.9580557692056995,0.9808532207671341,0.5084659871871043,0.5407132693045551,0.24886189292792327,16
Landsat,Cluster@0.5,42,2,0.9199689199689199,0.8936763746933073,0.964091271687828,0.17971207068966763,0.0055992470618463925,0.18292461589179507,2
Landsat,Cluster@0.6,42,2,0.9199689199689199,0.8936763746933073,0.964091271687828,0.17971207068966763,0.0055992470618463925,0.18292461589179507,2
Landsat,Cluster@0.7,42,2,0.9502719502719502,0.9331736666861382,0.9725919032107957,0.5102923374340439,0.5284271587208271,0.2620908289879592,4
Landsat,Cluster@0.8,42,2,0.9665889665889665,0.9540656631681171,0.9768031642624476,0.6116021708006639,0.6151242848730468,0.3019496558856647,9
Landsat,Cluster@0.9,42,2,0.9611499611499611,0.9461654039728007,0.9787675330718606,0.5787718177442333,0.5930642439844327,0.30120415448267235,18
Landsat,CART,42,3,0.9673659673659674,0.9550837598883202,0.9760187462607193,0.6509950115380456,0.6608273836471541,0.31754710915826717,36
Landsat,ACP-Gini,42,3,0.9689199689199689,0.9572226284650668,0.9803014691218507,0.5745773671846567,0.5922649818733142,0.2980105506560979,36
Landsat,Tree-global corr.,42,3,0.9696969696969697,0.9583386247338737,0.9876703450109685,0.5750857798353172,0.5933011902849906,0.29854512638216485,36
Landsat,VIF@5,42,3,0.9595959595959596,0.9450000000000001,0.9810227348268298,0.41416348442364687,0.4405880382159709,0.20900008195393704,7
Landsat,VIF@10,42,3,0.9634809634809635,0.9504500851512447,0.9805391211859336,0.42034013146818433,0.4462267074354926,0.21129387343916853,9
Landsat,VIF@20,42,3,0.9689199689199689,0.9574125915778189,0.9788423186864322,0.5427735315126578,0.5640318245617028,0.2950951267461657,16
Landsat,Cluster@0.5,42,3,0.9277389277389277,0.9047762630823146,0.9634863391610715,0.1707143489723822,0.0007417313199583171,0.16503293425297763,2
Landsat,Cluster@0.6,42,3,0.9277389277389277,0.9047762630823146,0.9634863391610715,0.1707143489723822,0.0007417313199583171,0.16503293425297763,2
Landsat,Cluster@0.7,42,3,0.9456099456099456,0.9269086979379637,0.9709898291564183,0.4589549234246032,0.4851901183403103,0.24313437952510633,4
Landsat,Cluster@0.8,42,3,0.9681429681429682,0.9553965469875954,0.9760287176759954,0.6038518832628296,0.6072431934305207,0.29287061698015987,8
Landsat,Cluster@0.9,42,3,0.9673659673659674,0.9548813061333512,0.9804045070797048,0.5537065075036692,0.5715624776259851,0.28290493131572353,17
Landsat,CART,42,4,0.9704739704739704,0.9588036497678463,0.9808166589111215,0.5676668460074634,0.5840953336779585,0.3012729920064314,36
Landsat,ACP-Gini,42,4,0.9696969696969697,0.957768236443354,0.9822508808083494,0.546830456573541,0.5664680147510787,0.2983526886857308,36
Landsat,Tree-global corr.,42,4,0.9689199689199689,0.9564337264566098,0.9833543840989165,0.545469629399967,0.5664368341165177,0.298917672252778,36
Landsat,VIF@5,42,4,0.9627039627039627,0.9483187878138888,0.9719919563916772,0.4956706063238432,0.5272287383863408,0.25436624561118215,7
Landsat,VIF@10,42,4,0.9595959595959596,0.9445133518167226,0.9682144519045403,0.5079601997183611,0.5341199762748209,0.24811113086642142,9
Landsat,VIF@20,42,4,0.9696969696969697,0.957768236443354,0.9769892973476035,0.5565606778083045,0.575611467884383,0.2986502139712041,16
Landsat,Cluster@0.5,42,4,0.9347319347319347,0.9150900716929206,0.9691850029914246,0.1780724506066711,0.0028918503229484914,0.1884212323735244,2
Landsat,Cluster@0.6,42,4,0.9347319347319347,0.9150900716929206,0.9691850029914246,0.1780724506066711,0.0028918503229484914,0.1884212323735244,2
Landsat,Cluster@0.7,42,4,0.9611499611499611,0.9479018238814477,0.9778485009639035,0.4488310885362577,0.4842018770196668,0.268710011065631,4
Landsat,Cluster@0.8,42,4,0.9689199689199689,0.9583214591051581,0.9861148042278801,0.47163201517757974,0.519702202885351,0.25858313360898033,7
Landsat,Cluster@0.9,42,4,0.9704739704739704,0.9589923931417532,0.983095127301735,0.553779815514323,0.5616175872985123,0.2570871975356212,18
Landsat,CART,43,0,0.9658119658119658,0.952298962889085,0.9854673435803135,0.5775034987817389,0.5897655347199949,0.30066970155995826,36
Landsat,ACP-Gini,43,0,0.9665889665889665,0.9535435615679395,0.9862068850645933,0.5657269106656005,0.5816075949057713,0.29853009466866787,36
Landsat,Tree-global corr.,43,0,0.9627039627039627,0.9486671541580802,0.9834802422498051,0.5669908656776729,0.5818711158688425,0.29385175221271853,36
Landsat,VIF@5,43,0,0.9681429681429682,0.9559056894671529,0.9828672889475193,0.4656009448101373,0.49808112436943186,0.23755124785336743,6
Landsat,VIF@10,43,0,0.9673659673659674,0.9555769230769231,0.9846245327896703,0.49508875648837725,0.5225663276870675,0.24571577500872965,9
Landsat,VIF@20,43,0,0.9642579642579643,0.9504721716549767,0.9826474252630035,0.5510284946488665,0.5695150433472776,0.2971161510556025,16
Landsat,Cluster@0.5,43,0,0.9191919191919192,0.8946682531588193,0.9575146742353075,0.17275533921332914,0.008907930100215929,0.18609557940460256,2
Landsat,Cluster@0.6,43,0,0.9191919191919192,0.8946682531588193,0.9575146742353075,0.17275533921332914,0.008907930100215929,0.18609557940460256,2
Landsat,Cluster@0.7,43,0,0.9494949494949495,0.9322010683468018,0.980044039362262,0.4189217301318252,0.45195462717658746,0.24384006062597982,4
Landsat,Cluster@0.8,43,0,0.9619269619269619,0.9487819437732739,0.981433178096247,0.5086258774416289,0.5296906915600859,0.2586535012254627,8
Landsat,Cluster@0.9,43,0,0.9634809634809635,0.9492220324114686,0.9776455264402738,0.5617950298949145,0.5796987020341277,0.2977551192255188,18
Landsat,CART,43,1,0.9673659673659674,0.9555769230769231,0.9823276235400717,0.5294576689523518,0.5332733552065688,0.3003429170684448,36
Landsat,ACP-Gini,43,1,0.9658119658119658,0.953562595535029,0.9803238658698274,0.5186283380588145,0.5202729672033314,0.3000307781613376,36
Landsat,Tree-global corr.,43,1,0.9704739704739704,0.9598076923076924,0.980430466444138,0.48642869920573656,0.48610193094257814,0.26196565089311075,36
Landsat,VIF@5,43,1,0.9658119658119658,0.9537624926513816,0.9824425522842505,0.4593273304838944,0.4713586402234245,0.23913870955866814,6
Landsat,VIF@10,43,1,0.9712509712509713,0.9607367335277573,0.9807519338010434,0.48314584752000017,0.48638392795742574,0.24193687739862893,10
Landsat,VIF@20,43,1,0.9665889665889665,0.9543697173430694,0.9772990745737642,0.49407293507713973,0.49449105941583493,0.24150043981779845,16
Landsat,Cluster@0.5,43,1,0.9238539238539238,0.8985244424419914,0.9574380550725217,0.1707143489723822,0.0007417313199583171,0.1650329342529776,2
Landsat,Cluster@0.6,43,1,0.9238539238539238,0.8985244424419914,0.9574380550725217,0.1707143489723822,0.0007417313199583171,0.1650329342529776,2
Landsat,Cluster@0.7,43,1,0.9533799533799534,0.937613107549121,0.9767860593098945,0.46812273297847784,0.4614640262340609,0.23322447302226107,4
Landsat,Cluster@0.8,43,1,0.9541569541569541,0.9385886377697711,0.9779020340722085,0.4713952439582095,0.47161637673798135,0.23174068362165065,7
Landsat,Cluster@0.9,43,1,0.9759129759129759,0.9668103882145558,0.9832903599768144,0.547599788342426,0.5401377584294998,0.25908535357907525,18
Landsat,CART,43,2,0.9696969696969697,0.9589727032340067,0.9835621219171709,0.6175416156044339,0.6328122046699867,0.31996813037807315,36
Landsat,ACP-Gini,43,2,0.9704739704739704,0.9594520647891435,0.9798943029980722,0.5375107690712928,0.5619539863495078,0.30710151069569425,36
Landsat,Tree-global corr.,43,2,0.9665889665889665,0.9542691165108314,0.9845376587116931,0.5275206925112446,0.5537270001911289,0.29823827882711623,36
Landsat,VIF@5,43,2,0.9634809634809635,0.9505568474871363,0.987306388353387,0.4744260102631002,0.5056810894277435,0.2402684263480381,7
Landsat,VIF@10,43,2,0.9696969696969697,0.9588841132106074,0.9862976135079439,0.5125442212830089,0.5376538627418531,0.2450460460139924,10
Landsat,VIF@20,43,2,0.9681429681429682,0.9568687392972891,0.9795752177092335,0.5278817229434457,0.5532568829638675,0.2468707967261163,16
Landsat,Cluster@0.5,43,2,0.9106449106449106,0.8829530887082807,0.9560692680981188,0.1707143489723822,0.000741731319958317,0.1650329342529776,2
Landsat,Cluster@0.6,43,2,0.9106449106449106,0.8829530887082807,0.9560692680981188,0.1707143489723822,0.000741731319958317,0.1650329342529776,2
Landsat,Cluster@0.7,43,2,0.9494949494949495,0.9289557156869823,0.9842684304992355,0.44902613202516417,0.47753872350193743,0.2433728740953889,4
Landsat,Cluster@0.8,43,2,0.9619269619269619,0.9474209037404754,0.9846357109619093,0.5472311986387213,0.5508759635516618,0.24097839077856434,8
Landsat,Cluster@0.9,43,2,0.9658119658119658,0.9534615384615385,0.9786478760885461,0.5352461923796215,0.54588326498377,0.26252440132916954,18
Landsat,CART,43,3,0.9603729603729604,0.9452748181788622,0.9724805557402114,0.5434067126929911,0.5429908670495364,0.2948308852375707,36
Landsat,ACP-Gini,43,3,0.9611499611499611,0.945794276010324,0.9757461942431696,0.5409094069868529,0.5394074403421957,0.29849509823865433,36
Landsat,Tree-global corr.,43,3,0.9595959595959596,0.944758477234457,0.97279964102905,0.528872802503812,0.5184702914234757,0.24255560346886204,36
Landsat,VIF@5,43,3,0.9665889665889665,0.9538591604253152,0.9821943761217842,0.44306910964731994,0.4695457082465714,0.2118010654554643,7
Landsat,VIF@10,43,3,0.9627039627039627,0.9486671541580802,0.9722478893837665,0.44604893424123593,0.47267271489459284,0.21798861224671762,9
Landsat,VIF@20,43,3,0.9681429681429682,0.9561040618321544,0.9700907398790135,0.5223421650992263,0.5481792604088208,0.24778029091413273,16
Landsat,Cluster@0.5,43,3,0.9432789432789432,0.9249516524439779,0.969204945821977,0.17643113504179922,0.017489295668421046,0.23523431793623992,2
Landsat,Cluster@0.6,43,3,0.9432789432789432,0.9249516524439779,0.969204945821977,0.17643113504179922,0.017489295668421046,0.23523431793623992,2
Landsat,Cluster@0.7,43,3,0.965034965034965,0.9524556182657773,0.9903908794788273,0.45012656364670556,0.4446749608341455,0.23898349498721755,4
Landsat,Cluster@0.8,43,3,0.9673659673659674,0.955479745400875,0.9896978661171308,0.5011909086851044,0.49939490745773596,0.24840087469869596,7
Landsat,Cluster@0.9,43,3,0.9627039627039627,0.9492307692307693,0.9706757295752176,0.5327083108410354,0.527907287195826,0.2795420057272266,18
Landsat,CART,43,4,0.9634809634809635,0.9493378806317416,0.9721149371800837,0.6391834670477515,0.6576546208049219,0.3201786727041826,36
Landsat,ACP-Gini,43,4,0.9642579642579643,0.9496632996632997,0.9771920494582198,0.557501698833757,0.5809817923008793,0.30920116132140524,36
Landsat,Tree-global corr.,43,4,0.9487179487179487,0.9306437389770723,0.9685302133882869,0.4415438616442604,0.4997815901026065,0.2902587050988563,36
Landsat,VIF@5,43,4,0.947940947940948,0.9281061336859562,0.9649305324735757,0.5026658699913323,0.525106431030747,0.24880637614862267,7
Landsat,VIF@10,43,4,0.9588189588189588,0.9440032837352488,0.9812537392807287,0.49516686819850636,0.5082297270581494,0.22246509983636548,9
Landsat,VIF@20,43,4,0.9588189588189588,0.9419348907368739,0.9685086086551884,0.5547456710785157,0.5696623387849126,0.2979706018810177,16
Landsat,Cluster@0.5,43,4,0.9199689199689199,0.8936763746933073,0.9630160207405438,0.17848995956444313,0.003925588313391574,0.17916784162629537,2
Landsat,Cluster@0.6,43,4,0.9199689199689199,0.8936763746933073,0.9630160207405438,0.17848995956444313,0.003925588313391574,0.17916784162629537,2
Landsat,Cluster@0.7,43,4,0.9487179487179487,0.9310853437700801,0.9817124243834341,0.4233230940705683,0.4553863324732032,0.22515338928561884,4
Landsat,Cluster@0.8,43,4,0.9611499611499611,0.9473442174376968,0.9690304460546433,0.5472408397909407,0.5488801922103441,0.23732313554158987,8
Landsat,Cluster@0.9,43,4,0.9665889665889665,0.9541677674540713,0.9723226749983382,0.5289367506908388,0.5671746059952448,0.2558396438183265,18
Landsat,CART,44,0,0.9603729603729604,0.9464639206285639,0.9760048769762747,0.6339252341409619,0.6485874529368716,0.32566488711068703,36
Landsat,ACP-Gini,44,0,0.9611499611499611,0.945794276010324,0.9795476804381283,0.5631999983930094,0.5864352811339412,0.3186217436493495,36
Landsat,Tree-global corr.,44,0,0.9595959595959596,0.9433638443935927,0.9782951236899788,0.5643958525286832,0.5871313246762696,0.31194574474809006,36
Landsat,VIF@5,44,0,0.9673659673659674,0.9546758029461483,0.9815531037423464,0.48949732528262324,0.5180546508204424,0.24032829654989948,6
Landsat,VIF@10,44,0,0.9689199689199689,0.9564337264566098,0.9863567921222176,0.49335782690884217,0.5228501937499959,0.24501772695501353,10
Landsat,VIF@20,44,0,0.965034965034965,0.9513827969897041,0.9727568907277487,0.54851964790128,0.5682415534634225,0.2942887936473964,16
Landsat,Cluster@0.5,44,0,0.9269619269619269,0.9036553899082569,0.9607693230197278,0.17071434897238222,0.0007417313199583173,0.1650329342529776,2
Landsat,Cluster@0.6,44,0,0.9269619269619269,0.9036553899082569,0.9607693230197278,0.17071434897238222,0.0007417313199583173,0.1650329342529776,2
Landsat,Cluster@0.7,44,0,0.951048951048951,0.9340082187566383,0.9760398552897204,0.4646601816739035,0.4932927745689913,0.24331858218705316,4
Landsat,Cluster@0.8,44,0,0.9673659673659674,0.9547789393371526,0.9854123776591847,0.5906876230425946,0.5943223761778027,0.2584195340805929,8
Landsat,Cluster@0.9,44,0,0.9627039627039627,0.9484357784381156,0.9798691477950339,0.5133830463845778,0.5292863237558961,0.24726216289201913,19
Landsat,CART,44,1,0.9642579642579643,0.9514518044229848,0.9755251743918769,0.6213193534771748,0.6363013176364809,0.3222636364247285,36
Landsat,ACP-Gini,44,1,0.9634809634809635,0.948629517496741,0.9726402963495966,0.5517742662682659,0.5742927170454504,0.3128704420843188,36
Landsat,Tree-global corr.,44,1,0.9658119658119658,0.9524086462500421,0.9799957359770276,0.5571366544734694,0.5796103130595303,0.30952812304132454,36
Landsat,VIF@5,44,1,0.9627039627039627,0.9492307692307693,0.9777537926485579,0.5006737436801738,0.5288523275106929,0.2403160026982006,7
Landsat,VIF@10,44,1,0.9634809634809635,0.9504500851512447,0.9797425596130399,0.5046988102447068,0.5314117475193129,0.24468991515111257,9
Landsat,VIF@20,44,1,0.9595959595959596,0.9451194310868525,0.969269053187024,0.5201321045185279,0.549141691143368,0.24712237011541288,16
Landsat,Cluster@0.5,44,1,0.9207459207459208,0.894600349421271,0.9640822689932242,0.17071434897238216,0.0007417313199583171,0.16503293425297763,2
Landsat,Cluster@0.6,44,1,0.9207459207459208,0.894600349421271,0.9640822689932242,0.17071434897238216,0.0007417313199583171,0.16503293425297763,2
Landsat,Cluster@0.7,44,1,0.951048951048951,0.9346980951698287,0.9730750268167071,0.37113394073704237,0.4019916088401816,0.203971713734445,4
Landsat,Cluster@0.8,44,1,0.9526029526029526,0.9328520781925562,0.9808068997221723,0.5382089926666556,0.5668902653403969,0.25264259525328375,7
Landsat,Cluster@0.9,44,1,0.9526029526029526,0.9358290999301131,0.9658944787565044,0.5075722794345967,0.5315387531318235,0.25845591541006924,18
Landsat,CART,44,2,0.9681429681429682,0.9565872709636496,0.9792029515389219,0.5755228594840924,0.5701868125847496,0.2843873866934744,36
Landsat,ACP-Gini,44,2,0.9549339549339549,0.9401898003922926,0.9774729109884996,0.5058606959346638,0.5087740223568619,0.27295358529483216,36
Landsat,Tree-global corr.,44,2,0.9634809634809635,0.9493378806317416,0.9708269627069068,0.5053755688266703,0.5010347061668423,0.24850825978022065,36
Landsat,VIF@5,44,2,0.9603729603729604,0.9472458316756482,0.9765505550754504,0.45721976641484335,0.4684921442984248,0.2396131106251566,6
Landsat,VIF@10,44,2,0.965034965034965,0.953160825417622,0.9788223758558798,0.48738537799217324,0.49329134578163175,0.24040650577937284,10
Landsat,VIF@20,44,2,0.9673659673659674,0.9562375320604161,0.9767632786013428,0.4921978647602212,0.4973157018085626,0.23893656803708221,16
Landsat,Cluster@0.5,44,2,0.9215229215229215,0.8989768439541309,0.9621352123911454,0.17062738208010542,0.009267074174510306,0.18569766372502522,2
Landsat,Cluster@0.6,44,2,0.9215229215229215,0.8989768439541309,0.9621352123911454,0.17062738208010542,0.009267074174510306,0.18569766372502522,2
Landsat,Cluster@0.7,44,2,0.958041958041958,0.9436152812664291,0.9864139466861663,0.46516933202514,0.4664516836761546,0.25692381582015295,4
Landsat,Cluster@0.8,44,2,0.9712509712509713,0.9601170549654137,0.9846057967160806,0.49397477865046024,0.4961068342935825,0.25918789800919706,8
Landsat,Cluster@0.9,44,2,0.9595959595959596,0.9450000000000001,0.9829555274878681,0.5037544346738959,0.5041824613444394,0.25688337803385397,17
Landsat,CART,44,3,0.9642579642579643,0.9503592127505434,0.9761201223160274,0.5624121724596998,0.5800200395900199,0.30112585776672957,36
Landsat,ACP-Gini,44,3,0.9658119658119658,0.9526255554960648,0.9731885262248222,0.5746686470090459,0.5886015079877034,0.3031229145496382,36
Landsat,Tree-global corr.,44,3,0.9642579642579643,0.9503592127505434,0.9782872432360566,0.5572467114319147,0.5756979674059444,0.2957562587463925,36
Landsat,VIF@5,44,3,0.9526029526029526,0.9354103299703078,0.976774911919165,0.4721426893407842,0.5007282308557347,0.2387955327958561,7
Landsat,VIF@10,44,3,0.9619269619269619,0.9482294510005131,0.9796749318619956,0.504232836937032,0.5258400324198087,0.2422232487515142,10
Landsat,VIF@20,44,3,0.9658119658119658,0.9524086462500421,0.9749534667287109,0.5633230101693164,0.581925980961895,0.3015843353491699,16
Landsat,Cluster@0.5,44,3,0.9106449106449106,0.8851902790480113,0.9504753041281659,0.17275533921332917,0.008907930100215929,0.18609557940460256,2
Landsat,Cluster@0.6,44,3,0.9106449106449106,0.8851902790480113,0.9504753041281659,0.17275533921332917,0.008907930100215929,0.18609557940460256,2
Landsat,Cluster@0.7,44,3,0.9432789432789432,0.9235333328449937,0.9752725520175497,0.43525399425821987,0.46583479265156896,0.24427788772867426,4
Landsat,Cluster@0.8,44,3,0.965034965034965,0.952660811423854,0.9781958385960248,0.6285998715672393,0.6371525539553634,0.30594190273512395,8
Landsat,Cluster@0.9,44,3,0.9564879564879565,0.9410255235302204,0.9758758226417603,0.6414880764981526,0.6481645350163779,0.29435338977852493,17
Landsat,CART,44,4,0.9743589743589743,0.9644287246988825,0.9801053646214186,0.5741235942274805,0.5745296029014135,0.30363001867182005,36
Landsat,ACP-Gini,44,4,0.9766899766899767,0.9681998181434821,0.9841620687362892,0.5474764797524588,0.5502244807126464,0.3015613273021841,36
Landsat,Tree-global corr.,44,4,0.9627039627039627,0.9497739763894761,0.9769278069534002,0.4824583810601539,0.48296440993401707,0.24746302823552974,36
Landsat,VIF@5,44,4,0.9774669774669774,0.9692260884406747,0.9789536661570165,0.45936862654736393,0.4753948747673134,0.2426970390742813,6
Landsat,VIF@10,44,4,0.9774669774669774,0.9690898896783271,0.9892690952602539,0.47959398516000407,0.48885375318266605,0.2468785939490993,10
Landsat,VIF@20,44,4,0.9689199689199689,0.9565349544072949,0.9789652994748388,0.5481470234592639,0.5719551808014463,0.2937805877272959,16
Landsat,Cluster@0.5,44,4,0.9331779331779332,0.9120320328594318,0.9668350727913314,0.17275533921332914,0.008907930100215929,0.18609557940460256,2
Landsat,Cluster@0.6,44,4,0.9331779331779332,0.9120320328594318,0.9668350727913314,0.17275533921332914,0.008907930100215929,0.18609557940460256,2
Landsat,Cluster@0.7,44,4,0.9619269619269619,0.9489973432325218,0.9821661237785015,0.4549748147049385,0.45252710789041556,0.23547984523732118,4
Landsat,Cluster@0.8,44,4,0.9518259518259519,0.9361954261954262,0.9781675862527422,0.46864728862708627,0.47205143652940385,0.2398753597964087,7
Landsat,Cluster@0.9,44,4,0.9712509712509713,0.9607367335277573,0.9848135345343348,0.5347783600674518,0.5302870761555858,0.25642945263824174,18
Ozone,CART,42,0,0.9329388560157791,0.6282349896480331,0.7260526315789473,0.3004302125951033,0.2862908253313692,0.07714768304340054,72
Ozone,ACP-Gini,42,0,0.9250493096646942,0.6002904564315352,0.6823026315789474,0.22757581900489585,0.2188846642358818,0.04976335876361868,72
Ozone,Tree-global corr.,42,0,0.9250493096646942,0.6283564814814815,0.7248026315789474,0.19001938438493535,0.1888750581034354,0.03882583870034748,72
Ozone,VIF@5,42,0,0.9270216962524654,0.5507149186884774,0.665625,0.23262950160693519,0.22385357240812992,0.04721748158374062,24
Ozone,VIF@10,42,0,0.9270216962524654,0.6032779951358782,0.6612828947368422,0.23206977382076233,0.22727289812617302,0.058201022877638245,39
Ozone,VIF@20,42,0,0.9289940828402367,0.6351351351351351,0.715625,0.2531683220932176,0.24739966225812196,0.06876406386685283,44
Ozone,Cluster@0.5,42,0,0.9368836291913215,0.6356449874236436,0.7407565789473683,0.23443166078707608,0.22314013104576194,0.04902422764386045,14
Ozone,Cluster@0.6,42,0,0.9408284023668639,0.6584171757096658,0.7375328947368421,0.22736271400553548,0.2203329237354833,0.048503561804340456,17
Ozone,Cluster@0.7,42,0,0.9408284023668639,0.609599589322382,0.7620723684210526,0.23855544412016244,0.22697902290544944,0.049786507585792526,22
Ozone,Cluster@0.8,42,0,0.9309664694280079,0.5930512555899552,0.7432565789473684,0.2642043456864496,0.25434647274441374,0.0576102936088352,28
Ozone,Cluster@0.9,42,0,0.9388560157790927,0.6541838104248718,0.7064802631578948,0.28620333014103816,0.27077449067861764,0.069832683273501,45
Ozone,CART,42,1,0.9250493096646942,0.6148648648648649,0.7286513157894737,0.4082353031330796,0.40516883710258134,0.15307932659888573,72
Ozone,ACP-Gini,42,1,0.9171597633136095,0.6279874213836478,0.7178289473684211,0.2411916578377917,0.23567390253319997,0.05848528807192714,72
Ozone,Tree-global corr.,42,1,0.9270216962524654,0.6670689502174105,0.6955592105263159,0.18233577751819652,0.1783623767160648,0.04584694248165464,72
Ozone,VIF@5,42,1,0.9072978303747534,0.5770875854113053,0.7386184210526315,0.21440168163087886,0.21071720397089216,0.04304332032072243,24
Ozone,VIF@10,42,1,0.9171597633136095,0.615964507286106,0.6510855263157895,0.23964067038088283,0.23494436821945178,0.054006388887400475,39
Ozone,VIF@20,42,1,0.9270216962524654,0.6180441023761529,0.7852631578947369,0.2788853024910774,0.2680475245672332,0.06164060317622425,45
Ozone,Cluster@0.5,42,1,0.9368836291913215,0.6356449874236436,0.7398026315789474,0.235480902923027,0.2323410332752365,0.05035958451823563,13
Ozone,Cluster@0.6,42,1,0.9329388560157791,0.6554054054054055,0.7589144736842106,0.2300295231073625,0.2284785049308189,0.051126806321353885,17
Ozone,Cluster@0.7,42,1,0.9289940828402367,0.6597822845213241,0.7458223684210528,0.2470115246695172,0.24683366459217662,0.059062076333065955,23
Ozone,Cluster@0.8,42,1,0.9329388560157791,0.6674768518518519,0.7910855263157894,0.2672760703601683,0.2611823615751238,0.060764874603281296,29
Ozone,Cluster@0.9,42,1,0.9191321499013807,0.6058962934875344,0.7514144736842105,0.30045225608465775,0.29417393876505143,0.07141224687064748,43
Ozone,CART,42,2,0.9072978303747534,0.6022732962796054,0.6745723684210525,0.3745392885092222,0.3679394912286888,0.12510622657991208,72
Ozone,ACP-Gini,42,2,0.9151873767258383,0.6465753424657534,0.6951315789473684,0.26392667808774306,0.26247762947159475,0.06411271679912829,72
Ozone,Tree-global corr.,42,2,0.8974358974358975,0.5533342369205747,0.7314802631578947,0.18882760435703497,0.1922691254534564,0.04258315058480814,72
Ozone,VIF@5,42,2,0.9191321499013807,0.6058962934875344,0.7500657894736843,0.27355504808540176,0.26400266176868403,0.0647577087401581,24
Ozone,VIF@10,42,2,0.9171597633136095,0.615964507286106,0.5388157894736841,0.2551095027471911,0.25146404462198535,0.06429643957077388,39
Ozone,VIF@20,42,2,0.9171597633136095,0.5217840459935321,0.5841776315789473,0.3140335525830112,0.30487197935870647,0.08354164549556048,45
Ozone,Cluster@0.5,42,2,0.9171597633136095,0.6392314990512334,0.8376973684210527,0.2298119358669038,0.23112049396368062,0.054841327971020815,13
Ozone,Cluster@0.6,42,2,0.9349112426035503,0.646166860526594,0.8190131578947369,0.22720113932628966,0.2303481451807192,0.04880543365923623,18
Ozone,Cluster@0.7,42,2,0.9329388560157791,0.6423651452282158,0.7586184210526316,0.24034118143489297,0.24336447807479988,0.05426464904109506,23
Ozone,Cluster@0.8,42,2,0.9289940828402367,0.6998026315789474,0.7940460526315789,0.2879412612121372,0.28976897314025435,0.06424779837387991,29
Ozone,Cluster@0.9,42,2,0.9191321499013807,0.6530469180311451,0.6869407894736842,0.2756163424514333,0.27697036646007434,0.0703813182814581,43
Ozone,CART,42,3,0.9329388560157791,0.6891141249458953,0.8238157894736842,0.36406061730702144,0.36207898453656256,0.11126032864456877,72
Ozone,ACP-Gini,42,3,0.9270216962524654,0.6180441023761529,0.6804276315789473,0.21160813291271502,0.20473055735217546,0.045776199336762365,72
Ozone,Tree-global corr.,42,3,0.9230769230769231,0.6117841085347417,0.7061184210526316,0.18380824144928148,0.1779327729604101,0.03545015360420042,72
Ozone,VIF@5,42,3,0.9250493096646942,0.6002904564315352,0.7875657894736843,0.22658473175778918,0.2207891275680696,0.047204414671137264,24
Ozone,VIF@10,42,3,0.9211045364891519,0.6087962962962963,0.7453947368421052,0.2576235312480998,0.25216351890771627,0.061144120962931384,39
Ozone,VIF@20,42,3,0.9388560157790927,0.6541838104248718,0.7593092105263157,0.28464715260982215,0.27166585341703225,0.07584799384877206,45
Ozone,Cluster@0.5,42,3,0.9309664694280079,0.6947516900899661,0.8132565789473685,0.19832479849071813,0.18714818936053568,0.04178123675893007,13
Ozone,Cluster@0.6,42,3,0.9329388560157791,0.6554054054054055,0.8309868421052631,0.20515637923831825,0.20047018056380822,0.042001031685609466,18
Ozone,Cluster@0.7,42,3,0.9309664694280079,0.6635700066357001,0.831578947368421,0.21114203699656264,0.20744395603980975,0.04420570805326433,22
Ozone,Cluster@0.8,42,3,0.9250493096646942,0.6525393161160006,0.7705592105263158,0.2185385316249466,0.21305980662248822,0.04852177434150159,28
Ozone,Cluster@0.9,42,3,0.9191321499013807,0.6189297695649782,0.7813815789473684,0.220399525558488,0.2141259003272207,0.04924725679371688,44
Ozone,CART,42,4,0.9446640316205533,0.7054469854469855,0.7184862869198313,0.39891267242939743,0.3971764621480884,0.12722040982441846,72
Ozone,ACP-Gini,42,4,0.9347826086956522,0.6714738229681075,0.7168051160337553,0.23865923435089034,0.23169536119159656,0.05515691360732082,72
Ozone,Tree-global corr.,42,4,0.9308300395256917,0.68502676650008,0.8562763713080167,0.2298774024264952,0.2265511796496885,0.05184496524498483,72
Ozone,VIF@5,42,4,0.932806324110672,0.6128364389233955,0.7812170358649789,0.2443464699927079,0.24039841784604918,0.05149281056399495,24
Ozone,VIF@10,42,4,0.924901185770751,0.6148237179487179,0.6818631329113923,0.25372560768497376,0.2578347940600874,0.06473664273706106,38
Ozone,VIF@20,42,4,0.9426877470355731,0.6627829484085948,0.7103771097046413,0.2871027464534806,0.29293148655309986,0.0811027920375597,45
Ozone,Cluster@0.5,42,4,0.932806324110672,0.6281984785615491,0.8197850738396624,0.20001044083361902,0.19101289225634158,0.04233572350737996,12
Ozone,Cluster@0.6,42,4,0.9229249011857708,0.5973556956601579,0.7697125527426161,0.1956342386488037,0.18873285992508282,0.044760697127567174,17
Ozone,Cluster@0.7,42,4,0.9268774703557312,0.6032381800072054,0.7097178270042195,0.21765167965327264,0.21324675015437825,0.05051072186124314,23
Ozone,Cluster@0.8,42,4,0.932806324110672,0.6553685897435897,0.6348562763713081,0.24741198953941054,0.24109939130823632,0.05524005622223079,29
Ozone,Cluster@0.9,42,4,0.9308300395256917,0.6246847648716807,0.7817114978902954,0.28201036355782494,0.27664272990207844,0.07349455280720504,45
Ozone,CART,43,0,0.9191321499013807,0.6058962934875344,0.7348355263157895,0.342225114772797,0.3361346819759993,0.10285220928053289,72
Ozone,ACP-Gini,43,0,0.9191321499013807,0.6630136986301369,0.7314144736842105,0.2506761679885604,0.24521529570467823,0.06380627245337045,72
Ozone,Tree-global corr.,43,0,0.9250493096646942,0.6525393161160006,0.8163486842105263,0.21129964854803512,0.20841760838660303,0.05154837123504848,72
Ozone,VIF@5,43,0,0.9112426035502958,0.6404198647732825,0.7585855263157895,0.20565178889286054,0.20035200059396346,0.04493906316320209,24
Ozone,VIF@10,43,0,0.9151873767258383,0.6361223774472986,0.7224342105263158,0.24905652477414508,0.24399528390727435,0.06244840652724653,40
Ozone,VIF@20,43,0,0.9171597633136095,0.6392314990512334,0.7374999999999999,0.2498708236839988,0.24505652629035468,0.06226989979383055,44
Ozone,Cluster@0.5,43,0,0.9151873767258383,0.6361223774472986,0.8292434210526316,0.21798346491426226,0.21012622476830098,0.045412356885214965,13
Ozone,Cluster@0.6,43,0,0.8994082840236687,0.6138037130524397,0.7352302631578946,0.23560792442152786,0.2346716666936711,0.050929575230578235,18
Ozone,Cluster@0.7,43,0,0.9112426035502958,0.6301369863013699,0.7545394736842105,0.23729342104712906,0.23679160127518406,0.05398906466312402,23
Ozone,Cluster@0.8,43,0,0.9132149901380671,0.662409200968523,0.7181249999999999,0.2641584116672016,0.26457893914500746,0.0548902767987179,29
Ozone,Cluster@0.9,43,0,0.9230769230769231,0.6117841085347417,0.765953947368421,0.30833302276138846,0.30154857435795235,0.08022460810519794,44
Ozone,CART,43,1,0.9329388560157791,0.6674768518518519,0.7076973684210526,0.30315252554126015,0.2981284466196531,0.09216003130475589,72
Ozone,ACP-Gini,43,1,0.9368836291913215,0.6356449874236436,0.6404605263157894,0.2518910253592567,0.25516146038683013,0.06722141049770844,72
Ozone,Tree-global corr.,43,1,0.9368836291913215,0.663402489626556,0.7228289473684211,0.19475316746786472,0.18412992980663048,0.04470477218970065,72
Ozone,VIF@5,43,1,0.9250493096646942,0.6002904564315352,0.6897368421052632,0.24529243235756518,0.23575215873576533,0.052337458108222976,24
Ozone,VIF@10,43,1,0.9368836291913215,0.663402489626556,0.7239473684210527,0.26560877260534016,0.2554566497778864,0.06860276094303953,40
Ozone,VIF@20,43,1,0.9329388560157791,0.6674768518518519,0.7287171052631579,0.26749766440507483,0.25677777156247306,0.06790579301451186,44
Ozone,Cluster@0.5,43,1,0.9270216962524654,0.6032779951358782,0.6532236842105263,0.24567523126022128,0.23694135077298448,0.051651137985128624,14
Ozone,Cluster@0.6,43,1,0.9270216962524654,0.6443454355863115,0.7069078947368421,0.23595546283922092,0.23331216188440218,0.05065066737261444,17
Ozone,Cluster@0.7,43,1,0.9230769230769231,0.6598661689573908,0.7053289473684211,0.22769090568679706,0.22407326236769984,0.05059840474830053,23
Ozone,Cluster@0.8,43,1,0.9211045364891519,0.6087962962962963,0.722796052631579,0.2597042461672477,0.2560936724663348,0.059902045114922364,29
Ozone,Cluster@0.9,43,1,0.9270216962524654,0.6180441023761529,0.754703947368421,0.2876663283852532,0.2783648931439141,0.0673232508898528,44
Ozone,CART,43,2,0.9112426035502958,0.5674471513887572,0.7185855263157895,0.35727529240283856,0.3483467770419066,0.0951562726290354,72
Ozone,ACP-Gini,43,2,0.9211045364891519,0.6758726505561948,0.6887828947368421,0.25062394369813384,0.23900565406714117,0.054803164739548285,72
Ozone,Tree-global corr.,43,2,0.9171597633136095,0.5892361111111111,0.703125,0.20824636821237857,0.20375385571600593,0.042927330381958596,72
Ozone,VIF@5,43,2,0.9289940828402367,0.6351351351351351,0.7762500000000001,0.2213436129955306,0.2166090893542503,0.046398462965697315,24
Ozone,VIF@10,43,2,0.9151873767258383,0.6003409778364406,0.754671052631579,0.2638586916530402,0.25308844492855337,0.060729145964994506,39
Ozone,VIF@20,43,2,0.9250493096646942,0.6283564814814815,0.7636513157894737,0.2591149717274117,0.2507214112113837,0.06177615732289545,44
Ozone,Cluster@0.5,43,2,0.9289940828402367,0.6213278008298755,0.7870394736842106,0.22262286595650524,0.21283252287008045,0.04564210677896095,14
Ozone,Cluster@0.6,43,2,0.9211045364891519,0.6219803161348046,0.7259210526315789,0.23082733132526453,0.22765954622003726,0.04858603870641047,18
Ozone,Cluster@0.7,43,2,0.9309664694280079,0.6386903671125771,0.7191447368421052,0.21647008023097716,0.21194145012645707,0.044929193543962506,22
Ozone,Cluster@0.8,43,2,0.9092702169625246,0.5501157407407407,0.6210855263157895,0.23965194159677447,0.23186254998591516,0.05033533878201633,28
Ozone,Cluster@0.9,43,2,0.9112426035502958,0.6301369863013699,0.731217105263158,0.29796790067090834,0.2863312941751612,0.06435452565894188,45
Ozone,CART,43,3,0.9132149901380671,0.610272536687631,0.7468421052631578,0.31396919120597794,0.30936927741381026,0.09601070745846327,72
Ozone,ACP-Gini,43,3,0.9368836291913215,0.7074015293608427,0.8068421052631579,0.23976173868755948,0.23393729882892472,0.06244076920027576,72
Ozone,Tree-global corr.,43,3,0.9388560157790927,0.7118737282076665,0.8581907894736842,0.21523892159578054,0.212046125835926,0.04944309296681584,72
Ozone,VIF@5,43,3,0.9329388560157791,0.6128727991376213,0.8204934210526316,0.22263636108973045,0.21626545461806837,0.05016898655494862,24
Ozone,VIF@10,43,3,0.9270216962524654,0.6032779951358782,0.731875,0.3019691660539894,0.2946135436377301,0.07786743149598192,40
Ozone,VIF@20,43,3,0.9211045364891519,0.5945945945945946,0.6542434210526316,0.3107602766228915,0.304757929260332,0.07874558911177114,44
Ozone,Cluster@0.5,43,3,0.9408284023668639,0.7065972222222222,0.8291447368421052,0.2263029370888574,0.21421036206732133,0.0481202422844912,13
Ozone,Cluster@0.6,43,3,0.9408284023668639,0.7065972222222222,0.8721710526315789,0.22553339451951862,0.2124938650303727,0.04801020587969087,17
Ozone,Cluster@0.7,43,3,0.9309664694280079,0.6746961447505913,0.8392105263157894,0.22391726153592034,0.2119672378284603,0.04804188389367991,23
Ozone,Cluster@0.8,43,3,0.9309664694280079,0.6635700066357001,0.7796710526315789,0.22630349079942128,0.21498512954326404,0.04880856089745508,29
Ozone,Cluster@0.9,43,3,0.9132149901380671,0.569675925925926,0.7953289473684211,0.3038139071245219,0.2959057663845116,0.07868147297669616,44
Ozone,CART,43,4,0.9268774703557312,0.6180041215237395,0.792095200421941,0.30240235353587935,0.2896979148536578,0.07660604900007319,72
Ozone,ACP-Gini,43,4,0.9268774703557312,0.6032381800072054,0.809104694092827,0.23708949285754458,0.23051706496396998,0.05347931454085437,72
Ozone,Tree-global corr.,43,4,0.9407114624505929,0.6719398340248963,0.850210970464135,0.1870553794723873,0.18489860917861495,0.04287978716437537,72
Ozone,VIF@5,43,4,0.9308300395256917,0.6095248594421784,0.7647349683544303,0.24007679224795153,0.22863894818582722,0.050592824488807774,24
Ozone,VIF@10,43,4,0.9169960474308301,0.6159184558664064,0.8049512130801687,0.2762711458874073,0.26630321646960126,0.06219022545822402,39
Ozone,VIF@20,43,4,0.9209486166007905,0.6087528029072914,0.8085772679324894,0.2812434320918793,0.26981925366227033,0.06374752737234049,44
Ozone,Cluster@0.5,43,4,0.9308300395256917,0.5749634002927977,0.8377834915611813,0.2237559243244047,0.21169957815951287,0.04838770695104906,12
Ozone,Cluster@0.6,43,4,0.9288537549407114,0.6212889812889812,0.8427281118143459,0.2309324327202933,0.2221535199499032,0.05069509280165501,18
Ozone,Cluster@0.7,43,4,0.9268774703557312,0.6180041215237395,0.8236089135021096,0.2415964633545793,0.23271720955993602,0.053882956237169835,22
Ozone,Cluster@0.8,43,4,0.9268774703557312,0.6032381800072054,0.7869527953586497,0.2552730833880923,0.24542101749038422,0.05679802751434454,28
Ozone,Cluster@0.9,43,4,0.9169960474308301,0.6030334728033473,0.7984572784810127,0.2760445608405788,0.2642708969353497,0.061266882289904886,45
Ozone,CART,44,0,0.9506903353057199,0.7319445913080258,0.7970723684210527,0.32653802358109757,0.3170343470473236,0.09439421046683437,72
Ozone,ACP-Gini,44,0,0.9270216962524654,0.6561073530220536,0.7293421052631579,0.24938476338841759,0.24041762984856146,0.05480379688133501,72
Ozone,Tree-global corr.,44,0,0.9191321499013807,0.5918756012801131,0.7370723684210526,0.22830042134640074,0.22394515122301598,0.051927241373168884,72
Ozone,VIF@5,44,0,0.9211045364891519,0.5945945945945946,0.6397368421052632,0.22462147505467545,0.21579196004832749,0.05105246062113425,25
Ozone,VIF@10,44,0,0.9428007889546351,0.631439099591407,0.7078289473684211,0.24453557820664926,0.23732096609430484,0.04877137439023597,38
Ozone,VIF@20,44,0,0.9368836291913215,0.650103519668737,0.6941447368421053,0.2784921151997329,0.2728743688259099,0.0763182989695686,44
Ozone,Cluster@0.5,44,0,0.9211045364891519,0.5792531120331951,0.6809210526315789,0.21052844704800264,0.20181338818121006,0.042376621889341035,12
Ozone,Cluster@0.6,44,0,0.9388560157790927,0.7118737282076665,0.8039144736842105,0.23586313660966385,0.22765407658492293,0.05374189398250087,18
Ozone,Cluster@0.7,44,0,0.9329388560157791,0.678683268714584,0.7705263157894737,0.2535070348620945,0.24468218076881004,0.06172426639354102,23
Ozone,Cluster@0.8,44,0,0.9408284023668639,0.7065972222222222,0.7627302631578947,0.24825229515799357,0.24068167809694013,0.054428912402937756,28
Ozone,Cluster@0.9,44,0,0.9428007889546351,0.7006291613218496,0.7576973684210526,0.26212716036800676,0.24987487627989344,0.06396705607647281,43
Ozone,CART,44,1,0.9191321499013807,0.6530469180311451,0.7600986842105263,0.437508340810074,0.43823759508143506,0.16867083852689047,72
Ozone,ACP-Gini,44,1,0.9151873767258383,0.6249806478248154,0.7362171052631579,0.2562050147916108,0.2529654537206268,0.08285830737048723,72
Ozone,Tree-global corr.,44,1,0.9092702169625246,0.6164144736842105,0.8067434210526316,0.20334815326056774,0.202494752493461,0.05855006431764192,72
Ozone,VIF@5,44,1,0.9309664694280079,0.6386903671125771,0.769046052631579,0.2554248931235718,0.2509428306768326,0.060561859480122104,24
Ozone,VIF@10,44,1,0.9289940828402367,0.6479166666666667,0.6679605263157894,0.27351479186967,0.270592064423584,0.0757023263436488,40
Ozone,VIF@20,44,1,0.9191321499013807,0.6189297695649782,0.6992434210526316,0.27501880817701274,0.2737381441390078,0.07624272446729,44
Ozone,Cluster@0.5,44,1,0.9270216962524654,0.6443454355863115,0.8030592105263159,0.21980988022970221,0.22021654796017198,0.04706657974391528,14
Ozone,Cluster@0.6,44,1,0.9270216962524654,0.6443454355863115,0.804703947368421,0.22499966122236542,0.22490891545862612,0.0490285374676845,18
Ozone,Cluster@0.7,44,1,0.9270216962524654,0.6443454355863115,0.8064473684210526,0.22533764888591062,0.22562238546438945,0.0484928157485083,22
Ozone,Cluster@0.8,44,1,0.9289940828402367,0.6351351351351351,0.8309539473684211,0.2593775229702436,0.25938335130200807,0.05924189279592813,28
Ozone,Cluster@0.9,44,1,0.9289940828402367,0.5723523898781631,0.7521381578947369,0.28361845351747506,0.28214363094453676,0.07701622844009802,44
Ozone,CART,44,2,0.9250493096646942,0.6525393161160006,0.8192763157894737,0.36828751040653623,0.3606642281288299,0.12260838916768178,72
Ozone,ACP-Gini,44,2,0.9329388560157791,0.6674768518518519,0.8287828947368421,0.23360611065570644,0.22372152344403476,0.053835093854311435,72
Ozone,Tree-global corr.,44,2,0.9270216962524654,0.6316926157893703,0.7444407894736842,0.18442911084155006,0.18098391927685242,0.036255708377421016,72
Ozone,VIF@5,44,2,0.9309664694280079,0.651601123043999,0.6800328947368421,0.2301335896024187,0.21866256991342933,0.04923919061039826,24
Ozone,VIF@10,44,2,0.9230769230769231,0.6117841085347417,0.8120723684210527,0.2637093402302667,0.25210629486168556,0.06134028611867285,41
Ozone,VIF@20,44,2,0.9230769230769231,0.6117841085347417,0.754407894736842,0.266057224431903,0.25476428039817084,0.06197270780180089,44
Ozone,Cluster@0.5,44,2,0.9309664694280079,0.6386903671125771,0.831282894736842,0.2279364132215306,0.21660715285383023,0.04924787561578097,14
Ozone,Cluster@0.6,44,2,0.9368836291913215,0.687037037037037,0.8036842105263158,0.22281989272710503,0.21601345302414354,0.046688877586557015,17
Ozone,Cluster@0.7,44,2,0.9270216962524654,0.6443454355863115,0.79875,0.2295056008726791,0.21781103006320138,0.05153463601735225,22
Ozone,Cluster@0.8,44,2,0.9250493096646942,0.6148648648648649,0.7243092105263158,0.23559772792423556,0.22621787493947115,0.05472603565949575,28
Ozone,Cluster@0.9,44,2,0.9171597633136095,0.6030793319415448,0.7804605263157894,0.25352056818434937,0.24439930824804104,0.058615894301342716,45
Ozone,CART,44,3,0.9191321499013807,0.6310764042949685,0.7743421052631578,0.406874435914784,0.40076826965625,0.13567169149516572,72
Ozone,ACP-Gini,44,3,0.9270216962524654,0.6443454355863115,0.7433552631578947,0.2517160117586377,0.24704155202674738,0.062345165312942034,72
Ozone,Tree-global corr.,44,3,0.9230769230769231,0.5973978376397288,0.746546052631579,0.20481198400376305,0.193443467217892,0.05057701424821044,72
Ozone,VIF@5,44,3,0.9250493096646942,0.6283564814814815,0.6793092105263158,0.21600879502512446,0.2110416498120043,0.04925712666222397,25
Ozone,VIF@10,44,3,0.9092702169625246,0.5925576519916143,0.6926315789473684,0.2671499707971643,0.2622692298828374,0.06485708291817435,40
Ozone,VIF@20,44,3,0.9171597633136095,0.6279874213836478,0.6998355263157896,0.30048560829042226,0.29739873414948975,0.07251487796226264,44
Ozone,Cluster@0.5,44,3,0.9191321499013807,0.5918756012801131,0.79125,0.2613045324443894,0.2516140621814342,0.0517533075384544,14
Ozone,Cluster@0.6,44,3,0.9112426035502958,0.5520585867708558,0.7281907894736841,0.24403514657851996,0.23752428075942617,0.049072682268015436,18
Ozone,Cluster@0.7,44,3,0.8994082840236687,0.5259858109222901,0.718782894736842,0.25629062976240535,0.2526611275145834,0.054653946508170195,22
Ozone,Cluster@0.8,44,3,0.9013806706114399,0.5948408131952436,0.6802631578947369,0.2541137305605877,0.2495159128377997,0.05465121156700495,28
Ozone,Cluster@0.9,44,3,0.9171597633136095,0.6497697368421053,0.7064144736842105,0.3210503747498165,0.31671402273118693,0.07849364152984194,44
Ozone,CART,44,4,0.9347826086956522,0.6932488288784788,0.7616033755274262,0.4561733076922879,0.4528607689089791,0.1766876904558184,72
Ozone,ACP-Gini,44,4,0.9367588932806324,0.6756410256410257,0.8827795358649789,0.22366075993681542,0.21611526492323807,0.04791367512889203,72
Ozone,Tree-global corr.,44,4,0.9288537549407114,0.6212889812889812,0.7412315400843881,0.20482320545688962,0.2069781935979337,0.046033236083927315,72
Ozone,VIF@5,44,4,0.932806324110672,0.6674398824711977,0.837981276371308,0.22590461407048382,0.21595545739745303,0.046747695531006724,25
Ozone,VIF@10,44,4,0.9387351778656127,0.6913845003639798,0.766646888185654,0.26986738377927316,0.2626183795913981,0.08053905728431272,40
Ozone,VIF@20,44,4,0.9387351778656127,0.6913845003639798,0.766646888185654,0.2698673837792731,0.26261837959139817,0.08053905728431271,44
Ozone,Cluster@0.5,44,4,0.9288537549407114,0.6707872478854913,0.8575619725738396,0.2253991212806374,0.21139226932822905,0.0445959906237157,13
Ozone,Cluster@0.6,44,4,0.924901185770751,0.6283151627619268,0.8049841772151898,0.2449313405371705,0.23853313324146377,0.05361117534616001,18
Ozone,Cluster@0.7,44,4,0.9347826086956522,0.6461313497361562,0.8070609177215189,0.24338408026113473,0.2385173709214051,0.051377698512602106,22
Ozone,Cluster@0.8,44,4,0.9189723320158103,0.5918311133846185,0.8197521097046413,0.27628691515294085,0.26951735327460213,0.05993132348770662,28
Ozone,Cluster@0.9,44,4,0.932806324110672,0.6281984785615491,0.785667194092827,0.25921499891552247,0.2511251617963149,0.06165198745117309,45
