scenario,rho,rep,method,accuracy,macro_f1,auc,group_coverage,group_concentration,noise_importance
redundant,0.0,0,CART,0.81,0.8099978888654318,0.8296146495399797,0.8,0.9005274821026841,0.03183528830166002
redundant,0.0,0,ACP-Gini a=0.5,0.82,0.8199919996444287,0.8456820303124585,0.8,0.8795685249474486,0.03516397823406264
redundant,0.0,0,Tree-global a=0.5,0.82,0.8199919996444287,0.8423485488243923,0.8,0.8788540786775115,0.035163978234062636
redundant,0.0,0,ACP-Gini a=1.0,0.82,0.8199919996444287,0.8456820303124585,0.8,0.8795685249474486,0.03516397823406264
redundant,0.0,0,Tree-global a=1.0,0.82,0.8199919996444287,0.8155251344504201,0.8,0.8794881093583232,0.03517843439534463
redundant,0.0,0,ACP-Gini node a=1.0,0.82,0.82,0.8169251966754079,0.8,0.9085321848201154,0.022699887736195162
redundant,0.0,0,VIF+CART,0.81,0.8099978888654318,0.8296146495399797,0.8,0.9005274821026841,0.03183528830166002
redundant,0.0,0,Cluster+CART,0.81,0.8099978888654318,0.8296146495399797,0.8,0.9005274821026841,0.03183528830166002
redundant,0.0,1,CART,0.8133333333333334,0.8132586367880486,0.8217905405405405,0.8,0.7823110694347697,0.05888142708690716
redundant,0.0,1,ACP-Gini a=0.5,0.8,0.7999644381223329,0.8307032361308677,0.6,0.7266941475200073,0.042979045194276005
redundant,0.0,1,Tree-global a=0.5,0.7966666666666666,0.7966101694915255,0.8240353840682788,0.6,0.7297629584124877,0.042979045194276005
redundant,0.0,1,ACP-Gini a=1.0,0.8,0.7999644381223329,0.8307032361308677,0.6,0.7266941475200073,0.042979045194276005
redundant,0.0,1,Tree-global a=1.0,0.7966666666666666,0.7966101694915255,0.8240353840682788,0.6,0.7297629584124877,0.042979045194276005
redundant,0.0,1,ACP-Gini node a=1.0,0.8066666666666666,0.8062447107033095,0.82212393314367,1.0,0.9153180514055477,0.043275819990961764
redundant,0.0,1,VIF+CART,0.8133333333333334,0.8132586367880486,0.8217905405405405,0.8,0.7823110694347697,0.05888142708690716
redundant,0.0,1,Cluster+CART,0.8133333333333334,0.8132586367880486,0.8217905405405405,0.8,0.7823110694347697,0.05888142708690716
redundant,0.0,2,CART,0.84,0.8396507950648078,0.8975493684397793,0.8,0.8910326347021001,0.01748712557426246
redundant,0.0,2,ACP-Gini a=0.5,0.84,0.8396507950648078,0.8931684753602562,0.8,0.8835361971204978,0.01749155074284985
redundant,0.0,2,Tree-global a=0.5,0.84,0.8396507950648078,0.8802926525529265,0.8,0.8803060819871892,0.017487125574262456
redundant,0.0,2,ACP-Gini a=1.0,0.84,0.8396507950648078,0.8931684753602562,0.8,0.8835361971204978,0.01749155074284985
redundant,0.0,2,Tree-global a=1.0,0.84,0.8396507950648078,0.8802926525529265,0.8,0.8803060819871892,0.017487125574262456
redundant,0.0,2,ACP-Gini node a=1.0,0.84,0.8396507950648078,0.8962818003913895,0.8,0.8810136082034988,0.017464028772059312
redundant,0.0,2,VIF+CART,0.84,0.8396507950648078,0.8975493684397793,0.8,0.8910326347021001,0.01748712557426246
redundant,0.0,2,Cluster+CART,0.84,0.8396507950648078,0.8975493684397793,0.8,0.8910326347021001,0.01748712557426246
redundant,0.0,3,CART,0.8,0.7994294883223391,0.8087470554246855,1.0,0.9131312707680855,0.04598245153306965
redundant,0.0,3,ACP-Gini a=0.5,0.7933333333333333,0.7930021367521367,0.8276145606471398,1.0,0.8788230075668111,0.05061847185898104
redundant,0.0,3,Tree-global a=0.5,0.7833333333333333,0.783138157675241,0.819814213965065,1.0,0.8572538695943696,0.050755791895438905
redundant,0.0,3,ACP-Gini a=1.0,0.7933333333333333,0.7930021367521367,0.8276145606471398,1.0,0.8788230075668111,0.05061847185898104
redundant,0.0,3,Tree-global a=1.0,0.7833333333333333,0.783138157675241,0.819814213965065,1.0,0.8572538695943696,0.050755791895438905
redundant,0.0,3,ACP-Gini node a=1.0,0.7933333333333333,0.7930021367521367,0.7964353971287612,1.0,0.8390379682811926,0.06658755976696432
redundant,0.0,3,VIF+CART,0.8,0.7994294883223391,0.8087470554246855,1.0,0.9131312707680855,0.04598245153306965
redundant,0.0,3,Cluster+CART,0.8,0.7994294883223391,0.8087470554246855,1.0,0.9131312707680855,0.04598245153306965
redundant,0.0,4,CART,0.82,0.8197115384615384,0.8680209815078236,0.8,0.9317328694970687,0.0014669455158562085
redundant,0.0,4,ACP-Gini a=0.5,0.8166666666666667,0.8164198533584041,0.8645536984352773,0.8,0.7316503634682721,0.004917500845583625
redundant,0.0,4,Tree-global a=0.5,0.81,0.8098288459613652,0.8569301209103841,0.8,0.7132280068674335,0.0013598692008300723
redundant,0.0,4,ACP-Gini a=1.0,0.8166666666666667,0.8164198533584041,0.8610864153627311,0.8,0.7351194029267187,0.004849887591648568
redundant,0.0,4,Tree-global a=1.0,0.81,0.8098288459613652,0.8546408250355619,0.8,0.7038621734540088,0.0013598692008300723
redundant,0.0,4,ACP-Gini node a=1.0,0.7833333333333333,0.7833116644997833,0.8496177098150781,0.8,0.8566402781141761,0.010715676439910225
redundant,0.0,4,VIF+CART,0.82,0.8197115384615384,0.8680209815078236,0.8,0.9317328694970687,0.0014669455158562085
redundant,0.0,4,Cluster+CART,0.82,0.8197115384615384,0.8680209815078236,0.8,0.9317328694970687,0.0014669455158562085
redundant,0.0,5,CART,0.8066666666666666,0.8065290873510051,0.8594639046941679,0.8,0.861613422620357,0.004924479288415039
redundant,0.0,5,ACP-Gini a=0.5,0.8133333333333334,0.8133001422475107,0.8614642603129445,0.8,0.8586433247015899,0.004924479288415038
redundant,0.0,5,Tree-global a=0.5,0.8133333333333334,0.8133001422475107,0.8614642603129445,0.8,0.8560029685470045,0.004620499085426471
redundant,0.0,5,ACP-Gini a=1.0,0.8133333333333334,0.8133001422475107,0.8614642603129445,0.8,0.8586433247015899,0.004924479288415038
redundant,0.0,5,Tree-global a=1.0,0.8133333333333334,0.8133001422475107,0.8622866287339972,0.8,0.9118162302080041,0.004622982167517354
redundant,0.0,5,ACP-Gini node a=1.0,0.8233333333333334,0.8233156648998233,0.8631979018492177,0.8,0.8543940299762847,0.004978005706645286
redundant,0.0,5,VIF+CART,0.8066666666666666,0.8065290873510051,0.8594639046941679,0.8,0.861613422620357,0.004924479288415039
redundant,0.0,5,Cluster+CART,0.8066666666666666,0.8065290873510051,0.8594639046941679,0.8,0.861613422620357,0.004924479288415039
redundant,0.0,6,CART,0.7566666666666667,0.7566639629329215,0.8215905049786629,0.8,0.8182679546304389,0.022722342225610037
redundant,0.0,6,ACP-Gini a=0.5,0.7666666666666667,0.7664071190211346,0.8235241820768135,0.8,0.8734993368530555,0.021309107057786263
redundant,0.0,6,Tree-global a=0.5,0.7733333333333333,0.7729700854700854,0.8213460170697013,0.8,0.8766105845153771,0.025211597534825398
redundant,0.0,6,ACP-Gini a=1.0,0.7666666666666667,0.7664071190211346,0.8235241820768135,0.8,0.8734993368530555,0.021309107057786263
redundant,0.0,6,Tree-global a=1.0,0.76,0.7596153846153846,0.8035428520625889,0.8,0.8651850893453897,0.025298582313023205
redundant,0.0,6,ACP-Gini node a=1.0,0.77,0.7699769976997699,0.8279916429587482,1.0,0.8682566230357966,0.037529646130477455
redundant,0.0,6,VIF+CART,0.7566666666666667,0.7566639629329215,0.8215905049786629,0.8,0.8182679546304389,0.022722342225610037
redundant,0.0,6,Cluster+CART,0.7566666666666667,0.7566639629329215,0.8215905049786629,0.8,0.8182679546304389,0.022722342225610037
redundant,0.0,7,CART,0.8033333333333333,0.8026997804059703,0.8193993325917686,0.8,0.7791200045262776,0.01973373032124542
redundant,0.0,7,ACP-Gini a=0.5,0.8066666666666666,0.8059681520139168,0.8279199110122358,0.8,0.7734775247388006,0.01973373032124542
redundant,0.0,7,Tree-global a=0.5,0.8033333333333333,0.8023649214484306,0.8289432703003337,1.0,0.8175497418782015,0.03451031963394929
redundant,0.0,7,ACP-Gini a=1.0,0.7933333333333333,0.7922159167076277,0.8242491657397109,0.8,0.7547518178180113,0.019950189410600973
redundant,0.0,7,Tree-global a=1.0,0.77,0.7683916083916085,0.8030033370411568,1.0,0.7695493240687263,0.020019728206406465
redundant,0.0,7,ACP-Gini node a=1.0,0.7866666666666666,0.7855132043433576,0.8309454949944381,0.8,0.7802722686959762,0.020738897514322535
redundant,0.0,7,VIF+CART,0.8033333333333333,0.8026997804059703,0.8193993325917686,0.8,0.7791200045262776,0.01973373032124542
redundant,0.0,7,Cluster+CART,0.8033333333333333,0.8026997804059703,0.8193993325917686,0.8,0.7791200045262776,0.01973373032124542
redundant,0.0,8,CART,0.7566666666666667,0.7565341130170871,0.8003246753246753,1.0,0.9011432378299766,0.005685371179061204
redundant,0.0,8,ACP-Gini a=0.5,0.7666666666666667,0.7665006226650062,0.8079523216509519,1.0,0.9043341342713825,0.005688565740108363
redundant,0.0,8,Tree-global a=0.5,0.7666666666666667,0.7665006226650062,0.8055283757338552,1.0,0.8928203908934595,0.006780861704031953
redundant,0.0,8,ACP-Gini a=1.0,0.7666666666666667,0.7665006226650062,0.8079523216509519,1.0,0.9043341342713825,0.005688565740108363
redundant,0.0,8,Tree-global a=1.0,0.7633333333333333,0.7633307036744853,0.825386941825298,1.0,0.8186927781288809,0.0055441697169540775
redundant,0.0,8,ACP-Gini node a=1.0,0.7666666666666667,0.7666251778093883,0.8323919231453478,0.8,0.8082496858911359,0.00576556335412611
redundant,0.0,8,VIF+CART,0.7566666666666667,0.7565341130170871,0.8003246753246753,1.0,0.9011432378299766,0.005685371179061204
redundant,0.0,8,Cluster+CART,0.7566666666666667,0.7565341130170871,0.8003246753246753,1.0,0.9011432378299766,0.005685371179061204
redundant,0.0,9,CART,0.84,0.8398861412560042,0.8933555555555557,1.0,0.9744113562040985,0.0
redundant,0.0,9,ACP-Gini a=0.5,0.84,0.8398861412560042,0.894,1.0,0.9685196392385583,0.01225776068677753
redundant,0.0,9,Tree-global a=0.5,0.85,0.8497178034308869,0.8943555555555555,1.0,0.9679985976612112,0.0
redundant,0.0,9,ACP-Gini a=1.0,0.84,0.8398861412560042,0.894,1.0,0.9685196392385583,0.01225776068677753
redundant,0.0,9,Tree-global a=1.0,0.85,0.8497178034308869,0.8943555555555555,1.0,0.9679985976612112,0.0
redundant,0.0,9,ACP-Gini node a=1.0,0.84,0.8398861412560042,0.894,1.0,0.9685196392385583,0.01225776068677753
redundant,0.0,9,VIF+CART,0.84,0.8398861412560042,0.8933555555555557,1.0,0.9744113562040985,0.0
redundant,0.0,9,Cluster+CART,0.84,0.8398861412560042,0.8933555555555557,1.0,0.9744113562040985,0.0
redundant,0.0,10,CART,0.7933333333333333,0.7931034482758621,0.855608910230759,1.0,0.8200076519075565,0.021230990476702138
redundant,0.0,10,ACP-Gini a=0.5,0.82,0.8199919996444287,0.8634564937085945,1.0,0.8486011096916213,0.03746850112936478
redundant,0.0,10,Tree-global a=0.5,0.8166666666666667,0.8166646296069957,0.8713930016451025,1.0,0.8570068179702517,0.026907402366084642
redundant,0.0,10,ACP-Gini a=1.0,0.82,0.8199919996444287,0.8634564937085945,1.0,0.8486011096916213,0.03746850112936478
redundant,0.0,10,Tree-global a=1.0,0.8166666666666667,0.8166646296069957,0.8713930016451025,1.0,0.8570068179702517,0.026907402366084642
redundant,0.0,10,ACP-Gini node a=1.0,0.8033333333333333,0.8029633422760517,0.863834422657952,1.0,0.8577559236908586,0.014241932374081367
redundant,0.0,10,VIF+CART,0.7933333333333333,0.7931034482758621,0.855608910230759,1.0,0.8200076519075565,0.021230990476702138
redundant,0.0,10,Cluster+CART,0.7933333333333333,0.7931034482758621,0.855608910230759,1.0,0.8200076519075565,0.021230990476702138
redundant,0.0,11,CART,0.79,0.7898856043846094,0.8548315207701906,0.8,0.8043894214855947,0.004479678054905066
redundant,0.0,11,ACP-Gini a=0.5,0.8266666666666667,0.8265973055889022,0.870320021394188,0.8,0.7832993177478491,0.004436274466948566
redundant,0.0,11,Tree-global a=0.5,0.81,0.8098288459613652,0.8637457657336424,0.8,0.7878010986481565,0.008169091160740695
redundant,0.0,11,ACP-Gini a=1.0,0.8266666666666667,0.8265973055889022,0.870320021394188,0.8,0.7832993177478491,0.004436274466948566
redundant,0.0,11,Tree-global a=1.0,0.81,0.8098288459613652,0.8637457657336424,0.8,0.7878010986481565,0.008169091160740695
redundant,0.0,11,ACP-Gini node a=1.0,0.82,0.8197115384615384,0.8756462827598503,1.0,0.8244655221252252,0.018849235578295605
redundant,0.0,11,VIF+CART,0.79,0.7898856043846094,0.8548315207701906,0.8,0.8043894214855947,0.004479678054905066
redundant,0.0,11,Cluster+CART,0.79,0.7898856043846094,0.8548315207701906,0.8,0.8043894214855947,0.004479678054905066
redundant,0.0,12,CART,0.8166666666666667,0.8166157265907197,0.8525737908961593,1.0,0.8562660578107056,0.04251485809775792
redundant,0.0,12,ACP-Gini a=0.5,0.8166666666666667,0.8166157265907197,0.8435944167852062,1.0,0.845216324358044,0.04265253899736676
redundant,0.0,12,Tree-global a=0.5,0.8166666666666667,0.8166157265907197,0.8422608463726884,1.0,0.8467885403570723,0.04265253899736677
redundant,0.0,12,ACP-Gini a=1.0,0.8166666666666667,0.8166157265907197,0.8435944167852062,1.0,0.845216324358044,0.04265253899736676
redundant,0.0,12,Tree-global a=1.0,0.8166666666666667,0.8166157265907197,0.8438833570412518,1.0,0.84430887666769,0.04268086983229487
redundant,0.0,12,ACP-Gini node a=1.0,0.8133333333333334,0.8133001422475107,0.844350106685633,0.8,0.7744871723123807,0.04279850189963252
redundant,0.0,12,VIF+CART,0.8166666666666667,0.8166157265907197,0.8525737908961593,1.0,0.8562660578107056,0.04251485809775792
redundant,0.0,12,Cluster+CART,0.8166666666666667,0.8166157265907197,0.8525737908961593,1.0,0.8562660578107056,0.04251485809775792
redundant,0.0,13,CART,0.8066666666666666,0.8066322901849218,0.8408161450924609,1.0,0.9436622786274483,0.0014324601586774982
redundant,0.0,13,ACP-Gini a=0.5,0.7966666666666666,0.7964835018183032,0.8339038051209103,1.0,0.9091531942866997,0.004606940697336458
redundant,0.0,13,Tree-global a=0.5,0.7966666666666666,0.7964835018183032,0.8293474395448079,1.0,0.9097209322545663,0.005745613064464125
redundant,0.0,13,ACP-Gini a=1.0,0.7966666666666666,0.7964835018183032,0.8339038051209103,1.0,0.9091531942866997,0.004606940697336458
redundant,0.0,13,Tree-global a=1.0,0.8,0.7999644381223329,0.813655761024182,1.0,0.8704036975055296,0.013097380144678268
redundant,0.0,13,ACP-Gini node a=1.0,0.7966666666666666,0.7964835018183032,0.8185677453769559,1.0,0.9098430168565713,0.005887069568908346
redundant,0.0,13,VIF+CART,0.8066666666666666,0.8066322901849218,0.8408161450924609,1.0,0.9436622786274483,0.0014324601586774982
redundant,0.0,13,Cluster+CART,0.8066666666666666,0.8066322901849218,0.8408161450924609,1.0,0.9436622786274483,0.0014324601586774982
redundant,0.0,14,CART,0.8133333333333334,0.8133333333333334,0.8637899604286159,0.8,0.9719116034048112,0.0
redundant,0.0,14,ACP-Gini a=0.5,0.8133333333333334,0.8133333333333334,0.8567871593081676,0.8,0.9142962821107394,0.0
redundant,0.0,14,Tree-global a=0.5,0.8266666666666667,0.8263888888888888,0.8718153928237962,0.8,0.9055980473891359,0.0
redundant,0.0,14,ACP-Gini a=1.0,0.8266666666666667,0.8263888888888888,0.8663687697301142,0.8,0.9130402422853099,0.0
redundant,0.0,14,Tree-global a=1.0,0.8266666666666667,0.8264738598442714,0.8676137121515273,0.8,0.8704113305334176,0.0
redundant,0.0,14,ACP-Gini node a=1.0,0.81,0.8099472075576549,0.8569872393401806,0.8,0.8654450888441847,0.0
redundant,0.0,14,VIF+CART,0.8133333333333334,0.8133333333333334,0.8637899604286159,0.8,0.9719116034048112,0.0
redundant,0.0,14,Cluster+CART,0.8133333333333334,0.8133333333333334,0.8637899604286159,0.8,0.9719116034048112,0.0
redundant,0.0,15,CART,0.8066666666666666,0.8064516129032258,0.8692143524076297,1.0,0.9635048356190129,0.0
redundant,0.0,15,ACP-Gini a=0.5,0.8,0.7997775305895439,0.8620337023698369,1.0,0.9549386864292231,0.004761860446296473
redundant,0.0,15,Tree-global a=0.5,0.8,0.7999644381223329,0.8575430172068828,1.0,0.9529874209303593,0.006944074953735238
redundant,0.0,15,ACP-Gini a=1.0,0.8,0.7997775305895439,0.8620337023698369,1.0,0.9549386864292231,0.004761860446296473
redundant,0.0,15,Tree-global a=1.0,0.8,0.7999644381223329,0.8575430172068828,1.0,0.9529874209303593,0.006944074953735238
redundant,0.0,15,ACP-Gini node a=1.0,0.7866666666666666,0.7864293659621802,0.8552087501667335,1.0,0.9757535940821391,0.004803017407678487
redundant,0.0,15,VIF+CART,0.8066666666666666,0.8064516129032258,0.8692143524076297,1.0,0.9635048356190129,0.0
redundant,0.0,15,Cluster+CART,0.8066666666666666,0.8064516129032258,0.8692143524076297,1.0,0.9635048356190129,0.0
redundant,0.0,16,CART,0.7933333333333333,0.7931034482758621,0.8302558398220244,0.8,0.9144254351845115,0.05198867523333419
redundant,0.0,16,ACP-Gini a=0.5,0.8066666666666666,0.8063568376068376,0.8363515016685206,0.8,0.8705707934155577,0.036771551935992505
redundant,0.0,16,Tree-global a=0.5,0.81,0.8096425510124567,0.831523915461624,0.8,0.9219943599196387,0.0326360842273426
redundant,0.0,16,ACP-Gini a=1.0,0.7966666666666666,0.7962841335396467,0.8321468298109009,0.8,0.7754656524985143,0.033728294680142906
redundant,0.0,16,Tree-global a=1.0,0.81,0.8095238095238095,0.8379977753058955,0.8,0.9229064471582396,0.018310400333260396
redundant,0.0,16,ACP-Gini node a=1.0,0.79,0.7898108297467721,0.8226696329254726,0.8,0.8197593879188497,0.058250158274271165
redundant,0.0,16,VIF+CART,0.7933333333333333,0.7931034482758621,0.8302558398220244,0.8,0.9144254351845115,0.05198867523333419
redundant,0.0,16,Cluster+CART,0.7933333333333333,0.7931034482758621,0.8302558398220244,0.8,0.9144254351845115,0.05198867523333419
redundant,0.0,17,CART,0.7766666666666666,0.7763660031820558,0.8433254643445727,0.8,0.8370168265864055,0.016441371518372015
redundant,0.0,17,ACP-Gini a=0.5,0.7766666666666666,0.7763660031820558,0.843035944946773,0.8,0.8292373342689776,0.021321206451054363
redundant,0.0,17,Tree-global a=0.5,0.7866666666666666,0.7858958918774255,0.8360429379537659,0.8,0.8022989435878145,0.016697855474631554
redundant,0.0,17,ACP-Gini a=1.0,0.7766666666666666,0.7762465073304317,0.8364883524119193,0.8,0.8065424974041905,0.0179594592496873
redundant,0.0,17,Tree-global a=1.0,0.7866666666666666,0.7858958918774255,0.8360429379537659,0.8,0.8022989435878145,0.016697855474631554
redundant,0.0,17,ACP-Gini node a=1.0,0.77,0.7698747095640961,0.8130150104672398,0.8,0.882697672907998,0.01773144761555788
redundant,0.0,17,VIF+CART,0.7766666666666666,0.7763660031820558,0.8433254643445727,0.8,0.8370168265864055,0.016441371518372015
redundant,0.0,17,Cluster+CART,0.7766666666666666,0.7763660031820558,0.8433254643445727,0.8,0.8370168265864055,0.016441371518372015
redundant,0.0,18,CART,0.7833333333333333,0.7820522850979648,0.8407311866215976,0.8,0.8022590063168327,0.04140572132391622
redundant,0.0,18,ACP-Gini a=0.5,0.79,0.7891542743671839,0.8533846290695606,1.0,0.8148082922450655,0.042197228942458774
redundant,0.0,18,Tree-global a=0.5,0.79,0.7891542743671839,0.8509829211884006,1.0,0.8126409142705544,0.04140989422570314
redundant,0.0,18,ACP-Gini a=1.0,0.79,0.7891542743671839,0.851160825475894,1.0,0.8226916905553606,0.04221896834958304
redundant,0.0,18,Tree-global a=1.0,0.7866666666666666,0.7862010600864104,0.8445116527308308,1.0,0.8685690928179843,0.04122079729130903
redundant,0.0,18,ACP-Gini node a=1.0,0.8,0.7994294883223391,0.8453344600604875,1.0,0.7988649340950247,0.051313729040728354
redundant,0.0,18,VIF+CART,0.7833333333333333,0.7820522850979648,0.8407311866215976,0.8,0.8022590063168327,0.04140572132391622
redundant,0.0,18,Cluster+CART,0.7833333333333333,0.7820522850979648,0.8407311866215976,0.8,0.8022590063168327,0.04140572132391622
redundant,0.0,19,CART,0.7966666666666666,0.7966644073823043,0.8474395448079658,0.8,0.8617689772895085,0.02785825597736903
redundant,0.0,19,ACP-Gini a=0.5,0.7833333333333333,0.7833309258991767,0.835881934566145,0.8,0.8269145211941742,0.019097677801354712
redundant,0.0,19,Tree-global a=0.5,0.79,0.7899976666407404,0.8358597083926033,0.8,0.8172180485137354,0.02469450991968005
redundant,0.0,19,ACP-Gini a=1.0,0.79,0.7899976666407404,0.8191233997155051,0.8,0.8128090552547939,0.019218323494486995
redundant,0.0,19,Tree-global a=1.0,0.79,0.7899976666407404,0.8185677453769559,0.8,0.814813377458993,0.02181363476556033
redundant,0.0,19,ACP-Gini node a=1.0,0.77,0.769792813532179,0.8284361664295875,0.8,0.8031413145823926,0.028150504996151272
redundant,0.0,19,VIF+CART,0.7966666666666666,0.7966644073823043,0.8474395448079658,0.8,0.8617689772895085,0.02785825597736903
redundant,0.0,19,Cluster+CART,0.7966666666666666,0.7966644073823043,0.8474395448079658,0.8,0.8617689772895085,0.02785825597736903
redundant,0.0,20,CART,0.8133333333333334,0.8126589053927473,0.8708155270655271,0.8,0.8396052726518011,0.008522880879243563
redundant,0.0,20,ACP-Gini a=0.5,0.8066666666666666,0.8059681520139168,0.8551460113960114,0.8,0.9184679031576781,0.019881746233792293
redundant,0.0,20,Tree-global a=0.5,0.8033333333333333,0.802541304566093,0.8556579415954417,1.0,0.848552223294058,0.007962695407356817
redundant,0.0,20,ACP-Gini a=1.0,0.7633333333333333,0.7625709221834558,0.8413461538461539,0.8,0.878268081077539,0.019923447763488877
redundant,0.0,20,Tree-global a=1.0,0.7933333333333333,0.7930021367521367,0.8505163817663818,1.0,0.8283423571259856,0.006145645937895295
redundant,0.0,20,ACP-Gini node a=1.0,0.74,0.7388392857142857,0.8187099358974359,1.0,0.778114688218172,0.014515246690600602
redundant,0.0,20,VIF+CART,0.8133333333333334,0.8126589053927473,0.8708155270655271,0.8,0.8396052726518011,0.008522880879243563
redundant,0.0,20,Cluster+CART,0.8133333333333334,0.8126589053927473,0.8708155270655271,0.8,0.8396052726518011,0.008522880879243563
redundant,0.0,21,CART,0.7666666666666667,0.7664071190211346,0.8282583570412518,0.8,0.7613003669543774,0.01681895199657161
redundant,0.0,21,ACP-Gini a=0.5,0.77,0.7695672985940265,0.8239242532005691,1.0,0.958704243094855,0.023696089073886963
redundant,0.0,21,Tree-global a=0.5,0.77,0.7695672985940265,0.8292807610241821,0.8,0.9877766958136232,0.0251478245918951
redundant,0.0,21,ACP-Gini a=1.0,0.77,0.7692590652205415,0.8236575391180655,1.0,0.9597455145715695,0.02417911022744803
redundant,0.0,21,Tree-global a=1.0,0.7666666666666667,0.765823631740934,0.8285917496443812,0.8,0.9864064272048847,0.03798890716639486
redundant,0.0,21,ACP-Gini node a=1.0,0.77,0.7695672985940265,0.8327480440967283,0.8,0.9022282955706589,0.015291110034585534
redundant,0.0,21,VIF+CART,0.7666666666666667,0.7664071190211346,0.8282583570412518,0.8,0.7613003669543774,0.01681895199657161
redundant,0.0,21,Cluster+CART,0.7666666666666667,0.7664071190211346,0.8282583570412518,0.8,0.7613003669543774,0.01681895199657161
redundant,0.0,22,CART,0.7866666666666666,0.7845117845117845,0.8264194566715575,0.8,0.7926024706253466,0.01800706340633407
redundant,0.0,22,ACP-Gini a=0.5,0.7866666666666666,0.7845117845117845,0.8182606375883686,0.8,0.7958803258559696,0.026308171803601
redundant,0.0,22,Tree-global a=0.5,0.78,0.7783350499305897,0.8195055800097817,0.8,0.8005303265868587,0.026745474667517432
redundant,0.0,22,ACP-Gini a=1.0,0.7866666666666666,0.7845117845117845,0.8182606375883686,0.8,0.7958803258559696,0.026308171803601
redundant,0.0,22,Tree-global a=1.0,0.78,0.779205138498595,0.8202614379084967,0.8,0.7976716375487264,0.0472682677842287
redundant,0.0,22,ACP-Gini node a=1.0,0.8333333333333334,0.8322597960279119,0.8540749633186608,0.8,0.8466495116849224,0.008285317891145635
redundant,0.0,22,VIF+CART,0.7866666666666666,0.7845117845117845,0.8264194566715575,0.8,0.7926024706253466,0.01800706340633407
redundant,0.0,22,Cluster+CART,0.7866666666666666,0.7845117845117845,0.8264194566715575,0.8,0.7926024706253466,0.01800706340633407
redundant,0.0,23,CART,0.77,0.7695672985940265,0.8395039779545759,0.8,0.9401657789059634,0.06562200174196055
redundant,0.0,23,ACP-Gini a=0.5,0.77,0.7695672985940265,0.8430596915418462,0.8,0.8979579619068877,0.06562200174196053
redundant,0.0,23,Tree-global a=0.5,0.77,0.7695672985940265,0.8360816036268279,0.8,0.9409215053120379,0.06562200174196053
redundant,0.0,23,ACP-Gini a=1.0,0.77,0.7695672985940265,0.8605271345393128,0.8,0.8998964925168245,0.06562559219445277
redundant,0.0,23,Tree-global a=1.0,0.77,0.7695672985940265,0.8583492599671096,0.8,0.9417007885254624,0.06562559219445277
redundant,0.0,23,ACP-Gini node a=1.0,0.7733333333333333,0.773172033446006,0.8539935108227033,0.8,0.82601987980836,0.04159940245745432
redundant,0.0,23,VIF+CART,0.77,0.7695672985940265,0.8395039779545759,0.8,0.9401657789059634,0.06562200174196055
redundant,0.0,23,Cluster+CART,0.77,0.7695672985940265,0.8395039779545759,0.8,0.9401657789059634,0.06562200174196055
redundant,0.0,24,CART,0.7766666666666666,0.7748428941089491,0.8551543858081236,1.0,0.9666568697257955,0.021646776657983896
redundant,0.0,24,ACP-Gini a=0.5,0.7733333333333333,0.771043771043771,0.8511774431386566,1.0,0.9538827730740687,0.021692945797055472
redundant,0.0,24,Tree-global a=0.5,0.78,0.7780667144906743,0.8530318602261048,1.0,0.9174337948948764,0.025524878031736434
redundant,0.0,24,ACP-Gini a=1.0,0.7733333333333333,0.771043771043771,0.8511774431386566,1.0,0.9538827730740687,0.021692945797055472
redundant,0.0,24,Tree-global a=1.0,0.78,0.7780667144906743,0.8530318602261048,1.0,0.9174337948948764,0.025524878031736434
redundant,0.0,24,ACP-Gini node a=1.0,0.77,0.7686401180270702,0.8474462665892132,1.0,0.9369985566703972,0.015324034757362128
redundant,0.0,24,VIF+CART,0.7766666666666666,0.7748428941089491,0.8551543858081236,1.0,0.9666568697257955,0.021646776657983896
redundant,0.0,24,Cluster+CART,0.7766666666666666,0.7748428941089491,0.8551543858081236,1.0,0.9666568697257955,0.021646776657983896
redundant,0.0,25,CART,0.76,0.7597330367074526,0.8082803680163563,1.0,0.9207984199135805,0.016573797926393803
redundant,0.0,25,ACP-Gini a=0.5,0.76,0.7598292118840064,0.8099471087603893,1.0,0.9229969549142645,0.019752566191523564
redundant,0.0,25,Tree-global a=0.5,0.76,0.7598292118840064,0.8124805546913196,1.0,0.9103150860514418,0.016573797926393803
redundant,0.0,25,ACP-Gini a=1.0,0.76,0.7598292118840064,0.8099471087603893,1.0,0.9229969549142645,0.019752566191523564
redundant,0.0,25,Tree-global a=1.0,0.76,0.7598292118840064,0.8124805546913196,1.0,0.9103150860514418,0.016573797926393803
redundant,0.0,25,ACP-Gini node a=1.0,0.7533333333333333,0.7529380341880342,0.796368727499,1.0,0.91840385017949,0.021096755710866825
redundant,0.0,25,VIF+CART,0.76,0.7597330367074526,0.8082803680163563,1.0,0.9207984199135805,0.016573797926393803
redundant,0.0,25,Cluster+CART,0.76,0.7597330367074526,0.8082803680163563,1.0,0.9207984199135805,0.016573797926393803
redundant,0.0,26,CART,0.7833333333333333,0.783273131425396,0.8086137161651629,0.8,0.7959544384137349,0.013753698354869195
redundant,0.0,26,ACP-Gini a=0.5,0.7766666666666666,0.7766046123923311,0.80443575270012,0.8,0.8138824310644651,0.021734152586250364
redundant,0.0,26,Tree-global a=0.5,0.7833333333333333,0.783273131425396,0.809324858882617,1.0,0.8415033700808549,0.013601810781707507
redundant,0.0,26,ACP-Gini a=1.0,0.7766666666666666,0.7766046123923311,0.80443575270012,0.8,0.8138824310644651,0.021734152586250364
redundant,0.0,26,Tree-global a=1.0,0.7833333333333333,0.783273131425396,0.809324858882617,1.0,0.8415033700808549,0.013601810781707507
redundant,0.0,26,ACP-Gini node a=1.0,0.7766666666666666,0.7766046123923311,0.8176585626027824,0.8,0.86850582809709,0.02265828073097797
redundant,0.0,26,VIF+CART,0.7833333333333333,0.783273131425396,0.8086137161651629,0.8,0.7959544384137349,0.013753698354869195
redundant,0.0,26,Cluster+CART,0.7833333333333333,0.783273131425396,0.8086137161651629,0.8,0.7959544384137349,0.013753698354869195
redundant,0.0,27,CART,0.77,0.7698747095640961,0.8361264224751066,0.8,0.9033111872541909,0.02064978946489045
redundant,0.0,27,ACP-Gini a=0.5,0.7733333333333333,0.772838626341811,0.8373044096728307,0.8,0.7581795890252117,0.020521216378189124
redundant,0.0,27,Tree-global a=0.5,0.7633333333333333,0.7633096642997633,0.8300142247510669,0.8,0.8009296158117436,0.02067708858965776
redundant,0.0,27,ACP-Gini a=1.0,0.7733333333333333,0.772838626341811,0.8373044096728307,0.8,0.7581795890252117,0.020521216378189124
redundant,0.0,27,Tree-global a=1.0,0.77,0.7698747095640961,0.8260357396870555,1.0,0.8429983726904171,0.020835938753457
redundant,0.0,27,ACP-Gini node a=1.0,0.7933333333333333,0.7932506335867681,0.8557521337126601,0.8,0.7992051368344661,0.005984062404348582
redundant,0.0,27,VIF+CART,0.77,0.7698747095640961,0.8361264224751066,0.8,0.9033111872541909,0.02064978946489045
redundant,0.0,27,Cluster+CART,0.77,0.7698747095640961,0.8361264224751066,0.8,0.9033111872541909,0.02064978946489045
redundant,0.0,28,CART,0.7833333333333333,0.7833116644997833,0.8010982170646036,0.8,0.8763273833190197,0.033152899784643045
redundant,0.0,28,ACP-Gini a=0.5,0.8,0.7999199679871949,0.848406029078298,1.0,0.872778508454601,0.03841897044542909
redundant,0.0,28,Tree-global a=0.5,0.7966666666666666,0.7966463312997967,0.8476946334089192,1.0,0.8712349656786508,0.044067437006084176
redundant,0.0,28,ACP-Gini a=1.0,0.8,0.7999199679871949,0.848406029078298,1.0,0.872778508454601,0.03841897044542909
redundant,0.0,28,Tree-global a=1.0,0.7966666666666666,0.7966463312997967,0.8476946334089192,1.0,0.8712349656786508,0.044067437006084176
redundant,0.0,28,ACP-Gini node a=1.0,0.78,0.7798434442270059,0.8120359254813037,1.0,0.9213743988748628,0.03772843007279102
redundant,0.0,28,VIF+CART,0.7833333333333333,0.7833116644997833,0.8010982170646036,0.8,0.8763273833190197,0.033152899784643045
redundant,0.0,28,Cluster+CART,0.7833333333333333,0.7833116644997833,0.8010982170646036,0.8,0.8763273833190197,0.033152899784643045
redundant,0.0,29,CART,0.77,0.7692590652205415,0.8195550611790878,1.0,0.9803544206204489,0.01923002667409906
redundant,0.0,29,ACP-Gini a=0.5,0.77,0.7692590652205415,0.8248275862068966,1.0,0.9444521376461077,0.01923002667409906
redundant,0.0,29,Tree-global a=0.5,0.77,0.7692590652205415,0.8165962180200222,1.0,0.9444142112885962,0.019230026674099055
redundant,0.0,29,ACP-Gini a=1.0,0.77,0.7692590652205415,0.8248275862068966,1.0,0.9444521376461077,0.01923002667409906
redundant,0.0,29,Tree-global a=1.0,0.77,0.7692590652205415,0.8165962180200222,1.0,0.9444142112885962,0.019230026674099055
redundant,0.0,29,ACP-Gini node a=1.0,0.77,0.7692590652205415,0.8229588431590656,1.0,0.9543022588409565,0.019230026674099055
redundant,0.0,29,VIF+CART,0.77,0.7692590652205415,0.8195550611790878,1.0,0.9803544206204489,0.01923002667409906
redundant,0.0,29,Cluster+CART,0.77,0.7692590652205415,0.8195550611790878,1.0,0.9803544206204489,0.01923002667409906
redundant,0.3,0,CART,0.8033333333333333,0.8033136646998034,0.814213965065114,0.8,0.9061511598359303,0.03169742708412264
redundant,0.3,0,ACP-Gini a=0.5,0.8133333333333334,0.8133333333333334,0.8414818436374951,1.0,0.9615812969057466,0.03501882285214518
redundant,0.3,0,Tree-global a=0.5,0.8066666666666666,0.8066322901849218,0.8585492688563937,1.0,0.9154833066529283,0.03505134786022017
redundant,0.3,0,ACP-Gini a=1.0,0.8133333333333334,0.8132586367880486,0.8484377083425929,0.8,0.8977216171916425,0.03433851668670445
redundant,0.3,0,Tree-global a=1.0,0.8033333333333333,0.8032262009316183,0.8320814258411485,0.8,0.9967560162437415,0.059797214590651654
redundant,0.3,0,ACP-Gini node a=1.0,0.8133333333333334,0.8133250366682965,0.8339037290546246,0.8,0.9495383258167103,0.022606826203659947
redundant,0.3,0,VIF+CART,0.8033333333333333,0.8033136646998034,0.814213965065114,0.8,0.9061511598359303,0.03169742708412264
redundant,0.3,0,Cluster+CART,0.8033333333333333,0.8033136646998034,0.814213965065114,0.8,0.9061511598359303,0.03169742708412264
redundant,0.3,1,CART,0.8233333333333334,0.8232842456237843,0.8480841038406828,1.0,0.8504625501890708,0.04559264413087745
redundant,0.3,1,ACP-Gini a=0.5,0.8133333333333334,0.8131256952169077,0.7994310099573257,0.8,0.7437958084651675,0.05400872924673141
redundant,0.3,1,Tree-global a=0.5,0.81,0.8098964992051227,0.8041651849217639,0.8,0.7845994340510721,0.052265531023746765
redundant,0.3,1,ACP-Gini a=1.0,0.8133333333333334,0.8131256952169077,0.8040985064011379,0.8,0.7507766354539676,0.05408228667789596
redundant,0.3,1,Tree-global a=1.0,0.8066666666666666,0.8062447107033095,0.8151671408250355,0.8,0.8323032865337222,0.06182315657637472
redundant,0.3,1,ACP-Gini node a=1.0,0.8366666666666667,0.8366212836899138,0.8388157894736842,1.0,0.8451544056201689,0.018280005568146893
redundant,0.3,1,VIF+CART,0.8233333333333334,0.8232842456237843,0.8480841038406828,1.0,0.8504625501890708,0.04559264413087745
redundant,0.3,1,Cluster+CART,0.8233333333333334,0.8232842456237843,0.8480841038406828,1.0,0.8504625501890708,0.04559264413087745
redundant,0.3,2,CART,0.8266666666666667,0.8260404121504081,0.8786470378936133,0.8,0.8909820766796388,0.03398538057842723
redundant,0.3,2,ACP-Gini a=0.5,0.8166666666666667,0.8157639098248082,0.8647037893613236,0.8,0.8208877445595784,0.03399400624279255
redundant,0.3,2,Tree-global a=0.5,0.83,0.8294523525543134,0.8559864792741505,0.8,0.8435212017737455,0.033954519124067925
redundant,0.3,2,ACP-Gini a=1.0,0.8133333333333334,0.8128008557675166,0.8706191069204767,0.8,0.8570122541447865,0.03322603005150655
redundant,0.3,2,Tree-global a=1.0,0.8233333333333334,0.8232370957521318,0.8623243195161003,1.0,0.8984787609794423,0.03278702246006347
redundant,0.3,2,ACP-Gini node a=1.0,0.81,0.8097442116623461,0.8717532467532467,0.8,0.8512394364710844,0.03262525412526855
redundant,0.3,2,VIF+CART,0.8266666666666667,0.8260404121504081,0.8786470378936133,0.8,0.8909820766796388,0.03398538057842723
redundant,0.3,2,Cluster+CART,0.8266666666666667,0.8260404121504081,0.8786470378936133,0.8,0.8909820766796388,0.03398538057842723
redundant,0.3,3,CART,0.8133333333333334,0.8125,0.8145473132139206,1.0,0.868703808431821,0.04515051341716101
redundant,0.3,3,ACP-Gini a=0.5,0.8133333333333334,0.8126589053927473,0.8212587226098937,1.0,0.8560811782685809,0.04792420784263915
redundant,0.3,3,Tree-global a=0.5,0.7966666666666666,0.7961570593149541,0.800546690964043,1.0,0.8679265671454516,0.05122652357523451
redundant,0.3,3,ACP-Gini a=1.0,0.8066666666666666,0.8063568376068376,0.8287034979332415,1.0,0.8792439287001214,0.04822664046130787
redundant,0.3,3,Tree-global a=1.0,0.78,0.7799119647859143,0.7962353882394773,1.0,0.8575573822323588,0.07397548550369104
redundant,0.3,3,ACP-Gini node a=1.0,0.8,0.7996794871794872,0.8025912262767234,1.0,0.848400754084253,0.07057377097601833
redundant,0.3,3,VIF+CART,0.8133333333333334,0.8125,0.8145473132139206,1.0,0.868703808431821,0.04515051341716101
redundant,0.3,3,Cluster+CART,0.8133333333333334,0.8125,0.8145473132139206,1.0,0.868703808431821,0.04515051341716101
redundant,0.3,4,CART,0.8133333333333334,0.8129259275756091,0.867732041251778,0.8,0.8532890143789407,0.010553488396696438
redundant,0.3,4,ACP-Gini a=0.5,0.82,0.8197997775305895,0.8736886557610242,0.8,0.8429767503911044,0.010585615635640457
redundant,0.3,4,Tree-global a=0.5,0.78,0.7797552836484983,0.8584637268847795,0.6,0.8434498690808618,0.03768440939410989
redundant,0.3,4,ACP-Gini a=1.0,0.82,0.8197997775305895,0.8736886557610242,0.8,0.8429767503911044,0.010585615635640457
redundant,0.3,4,Tree-global a=1.0,0.79,0.7898108297467721,0.8625977951635846,0.6,0.9228214279455506,0.03818731300386775
redundant,0.3,4,ACP-Gini node a=1.0,0.7733333333333333,0.772838626341811,0.8368598862019914,0.8,0.8214936502654393,0.017751387762258444
redundant,0.3,4,VIF+CART,0.8133333333333334,0.8129259275756091,0.867732041251778,0.8,0.8532890143789407,0.010553488396696438
redundant,0.3,4,Cluster+CART,0.8133333333333334,0.8129259275756091,0.867732041251778,0.8,0.8532890143789407,0.010553488396696438
redundant,0.3,5,CART,0.8066666666666666,0.8065290873510051,0.8767558677098151,0.8,0.9149558688313375,0.004580965074572192
redundant,0.3,5,ACP-Gini a=0.5,0.8066666666666666,0.8065290873510051,0.8625088904694168,0.8,0.8457471373853528,0.004581169692226438
redundant,0.3,5,Tree-global a=0.5,0.8066666666666666,0.806658073692164,0.8573524182076815,0.8,0.8747643611654178,0.03536323112914058
redundant,0.3,5,ACP-Gini a=1.0,0.8233333333333334,0.8231741901044274,0.8639535917496444,0.8,0.908859911991688,0.027514334839890475
redundant,0.3,5,Tree-global a=1.0,0.8366666666666667,0.8366503316998366,0.8862242176386914,0.8,0.8970560791359239,0.026695633703451977
redundant,0.3,5,ACP-Gini node a=1.0,0.8233333333333334,0.8231741901044274,0.8625311166429587,0.8,0.8700124068658864,0.014776404525816748
redundant,0.3,5,VIF+CART,0.8066666666666666,0.8065290873510051,0.8767558677098151,0.8,0.9149558688313375,0.004580965074572192
redundant,0.3,5,Cluster+CART,0.8066666666666666,0.8065290873510051,0.8767558677098151,0.8,0.9149558688313375,0.004580965074572192
redundant,0.3,6,CART,0.7733333333333333,0.7732930298719772,0.8257690256045519,0.8,0.8220029604541083,0.03145913966826158
redundant,0.3,6,ACP-Gini a=0.5,0.7766666666666666,0.7766641851576128,0.8303698435277381,1.0,0.8845556138062595,0.016344577714597505
redundant,0.3,6,Tree-global a=0.5,0.7566666666666667,0.7566423308997566,0.7918518847795164,0.8,0.8563140285467157,0.05548591106475765
redundant,0.3,6,ACP-Gini a=1.0,0.78,0.7799608819345661,0.8472617354196301,1.0,0.9203808219832403,0.015597544653483033
redundant,0.3,6,Tree-global a=1.0,0.7633333333333333,0.7633307036744853,0.8375933499288762,0.8,0.9526407924920365,0.029472769462325132
redundant,0.3,6,ACP-Gini node a=1.0,0.79,0.78997899789979,0.8219461237553343,1.0,0.8743056124898043,0.047015539082183824
redundant,0.3,6,VIF+CART,0.7733333333333333,0.7732930298719772,0.8257690256045519,0.8,0.8220029604541083,0.03145913966826158
redundant,0.3,6,Cluster+CART,0.7733333333333333,0.7732930298719772,0.8257690256045519,0.8,0.8220029604541083,0.03145913966826158
redundant,0.3,7,CART,0.7933333333333333,0.79288227695871,0.8269187986651835,1.0,0.8180685940229001,0.01868533666996768
redundant,0.3,7,ACP-Gini a=0.5,0.7933333333333333,0.79288227695871,0.8197107897664071,1.0,0.8085695787093709,0.025176512842559836
redundant,0.3,7,Tree-global a=0.5,0.8,0.7994294883223391,0.8373303670745271,1.0,0.8328191013730816,0.04129234850602142
redundant,0.3,7,ACP-Gini a=1.0,0.79,0.7893234943317988,0.8236484983314794,1.0,0.8037906106022549,0.023614753720699017
redundant,0.3,7,Tree-global a=1.0,0.7866666666666666,0.7857142857142858,0.8244493882091212,1.0,0.8499908027713865,0.03973977685067587
redundant,0.3,7,ACP-Gini node a=1.0,0.7933333333333333,0.7917692893287358,0.8360622914349278,1.0,0.8177641537551603,0.01633487823132286
redundant,0.3,7,VIF+CART,0.7933333333333333,0.79288227695871,0.8269187986651835,1.0,0.8180685940229001,0.01868533666996768
redundant,0.3,7,Cluster+CART,0.7933333333333333,0.79288227695871,0.8269187986651835,1.0,0.8180685940229001,0.01868533666996768
redundant,0.3,8,CART,0.7666666666666667,0.7666251778093883,0.8058174702010319,1.0,0.8358971276017044,0.00556736392395357
redundant,0.3,8,ACP-Gini a=0.5,0.7633333333333333,0.7633307036744853,0.814668208503825,0.8,0.8122465029538715,0.014385126820120851
redundant,0.3,8,Tree-global a=0.5,0.78,0.7799119647859143,0.8244974203878314,1.0,0.7936598192548535,0.016636796586377817
redundant,0.3,8,ACP-Gini a=1.0,0.76,0.7599893328592382,0.8196940046255116,0.8,0.8399928208576481,0.01481435238576534
redundant,0.3,8,Tree-global a=1.0,0.7633333333333333,0.7625709221834558,0.8084193204056218,0.8,0.7845114226990166,0.03447505813512019
redundant,0.3,8,ACP-Gini node a=1.0,0.7633333333333333,0.7633096642997633,0.849092688133784,0.8,0.8133125895621488,0.01160352455088325
redundant,0.3,8,VIF+CART,0.7666666666666667,0.7666251778093883,0.8058174702010319,1.0,0.8358971276017044,0.00556736392395357
redundant,0.3,8,Cluster+CART,0.7666666666666667,0.7666251778093883,0.8058174702010319,1.0,0.8358971276017044,0.00556736392395357
redundant,0.3,9,CART,0.8366666666666667,0.8365195342474894,0.8991777777777777,1.0,0.9812093246985254,0.002495723999749351
redundant,0.3,9,ACP-Gini a=0.5,0.83,0.8299073940256362,0.897,1.0,0.97464462378192,0.022286815317761714
redundant,0.3,9,Tree-global a=0.5,0.85,0.84998499849985,0.9006000000000001,1.0,0.976237053930511,0.017743512526603857
redundant,0.3,9,ACP-Gini a=1.0,0.8433333333333334,0.8433315925732507,0.9012444444444444,1.0,0.9704047938875793,0.027756470538376245
redundant,0.3,9,Tree-global a=1.0,0.8433333333333334,0.8433176650998433,0.893288888888889,0.8,0.9229213184994084,0.03794851151552568
redundant,0.3,9,ACP-Gini node a=1.0,0.8266666666666667,0.8265973055889022,0.8966888888888889,1.0,0.9662475695244803,0.019642127752574155
redundant,0.3,9,VIF+CART,0.8366666666666667,0.8365195342474894,0.8991777777777777,1.0,0.9812093246985254,0.002495723999749351
redundant,0.3,9,Cluster+CART,0.8366666666666667,0.8365195342474894,0.8991777777777777,1.0,0.9812093246985254,0.002495723999749351
redundant,0.3,10,CART,0.8266666666666667,0.8260404121504081,0.8615446178471389,0.8,0.8460500947787981,0.021564885304426597
redundant,0.3,10,ACP-Gini a=0.5,0.8133333333333334,0.8129259275756091,0.8460272998088124,0.8,0.8104176232350382,0.02184917139326405
redundant,0.3,10,Tree-global a=0.5,0.8333333333333334,0.8327311655292386,0.8609666088657686,1.0,0.8691887970833536,0.02422464506521422
redundant,0.3,10,ACP-Gini a=1.0,0.8133333333333334,0.8126589053927473,0.8460272998088124,0.8,0.8343547069948294,0.021923951661914368
redundant,0.3,10,Tree-global a=1.0,0.8233333333333334,0.8230009684852668,0.8541194255479969,1.0,0.9127015786068127,0.057546444435867816
redundant,0.3,10,ACP-Gini node a=1.0,0.8166666666666667,0.8157639098248082,0.86083322217776,1.0,0.8074554042551307,0.01978392331851296
redundant,0.3,10,VIF+CART,0.8266666666666667,0.8260404121504081,0.8615446178471389,0.8,0.8460500947787981,0.021564885304426597
redundant,0.3,10,Cluster+CART,0.8266666666666667,0.8260404121504081,0.8615446178471389,0.8,0.8460500947787981,0.021564885304426597
redundant,0.3,11,CART,0.8166666666666667,0.8165667974786273,0.8338161882688537,0.8,0.8468673389832233,0.009700983107897335
redundant,0.3,11,ACP-Gini a=0.5,0.8233333333333334,0.8230954950544621,0.8365127473702977,0.8,0.7902429179577595,0.009709957327361138
redundant,0.3,11,Tree-global a=0.5,0.8166666666666667,0.8164198533584041,0.8426190051702621,0.8,0.8070926339393152,0.013581188181194926
redundant,0.3,11,ACP-Gini a=1.0,0.82,0.8197115384615384,0.8613612052059191,0.8,0.8043360959525419,0.010984502441151114
redundant,0.3,11,Tree-global a=1.0,0.8133333333333334,0.8131256952169077,0.8532715279015866,0.8,0.8683726632027776,0.01590791322997623
redundant,0.3,11,ACP-Gini node a=1.0,0.8233333333333334,0.8230009684852668,0.8498172579782493,0.8,0.8160707280399968,0.009845629046675986
redundant,0.3,11,VIF+CART,0.8166666666666667,0.8165667974786273,0.8338161882688537,0.8,0.8468673389832233,0.009700983107897335
redundant,0.3,11,Cluster+CART,0.8166666666666667,0.8165667974786273,0.8338161882688537,0.8,0.8468673389832233,0.009700983107897335
redundant,0.3,12,CART,0.8033333333333333,0.8032786885245902,0.8663540184921764,0.8,0.7582745103708234,0.02439008038842221
redundant,0.3,12,ACP-Gini a=0.5,0.81,0.8099472075576549,0.8754222972972973,0.8,0.8037786446474582,0.025180996742681448
redundant,0.3,12,Tree-global a=0.5,0.7966666666666666,0.7966644073823043,0.8583081436699858,0.8,0.8073385401461726,0.03966572450652916
redundant,0.3,12,ACP-Gini a=1.0,0.8066666666666666,0.8065893023876217,0.8781338904694168,0.8,0.8106215123711215,0.036674002572249634
redundant,0.3,12,Tree-global a=1.0,0.78,0.78,0.8560855263157895,1.0,0.8835703784180335,0.04278360808708782
redundant,0.3,12,ACP-Gini node a=1.0,0.8066666666666666,0.8066322901849218,0.8573746443812233,0.8,0.8069364443657412,0.03743687053307458
redundant,0.3,12,VIF+CART,0.8033333333333333,0.8032786885245902,0.8663540184921764,0.8,0.7582745103708234,0.02439008038842221
redundant,0.3,12,Cluster+CART,0.8033333333333333,0.8032786885245902,0.8663540184921764,0.8,0.7582745103708234,0.02439008038842221
redundant,0.3,13,CART,0.82,0.8199279711884754,0.8477951635846372,1.0,0.9597424474194135,0.001422711946461486
redundant,0.3,13,ACP-Gini a=0.5,0.8166666666666667,0.8165667974786273,0.8560188477951636,1.0,0.9571476192232884,0.00968045221399575
redundant,0.3,13,Tree-global a=0.5,0.82,0.8199679943100995,0.8306365576102419,1.0,0.9284815785829587,0.020785585831729046
redundant,0.3,13,ACP-Gini a=1.0,0.8133333333333334,0.8131256952169077,0.8534628378378378,1.0,0.952229873413226,0.00683745225411689
redundant,0.3,13,Tree-global a=1.0,0.8166666666666667,0.8166646296069957,0.8475284495021337,1.0,0.957264365028796,0.042537032404392
redundant,0.3,13,ACP-Gini node a=1.0,0.8133333333333334,0.8131256952169077,0.8553742887624467,1.0,0.952229873413226,0.006807146802147113
redundant,0.3,13,VIF+CART,0.82,0.8199279711884754,0.8477951635846372,1.0,0.9597424474194135,0.001422711946461486
redundant,0.3,13,Cluster+CART,0.82,0.8199279711884754,0.8477951635846372,1.0,0.9597424474194135,0.001422711946461486
redundant,0.3,14,CART,0.8066666666666666,0.8066322901849218,0.8705037570583789,0.8,0.9806488108961389,0.0
redundant,0.3,14,ACP-Gini a=0.5,0.81,0.8099809980998101,0.8667244675648036,0.8,0.8824446410285202,0.0
redundant,0.3,14,Tree-global a=0.5,0.8266666666666667,0.8266666666666667,0.8717709305944599,0.8,0.9137955112045617,0.03441020902605578
redundant,0.3,14,ACP-Gini a=1.0,0.8166666666666667,0.8163217597488618,0.8776177137521675,0.8,0.9011938224660556,0.0
redundant,0.3,14,Tree-global a=1.0,0.8,0.8,0.8567426970788314,0.8,0.9598581216010664,0.0012071133629906181
redundant,0.3,14,ACP-Gini node a=1.0,0.8133333333333334,0.813034188034188,0.8719265483971366,0.8,0.8549972264309927,0.0
redundant,0.3,14,VIF+CART,0.8066666666666666,0.8066322901849218,0.8705037570583789,0.8,0.9806488108961389,0.0
redundant,0.3,14,Cluster+CART,0.8066666666666666,0.8066322901849218,0.8705037570583789,0.8,0.9806488108961389,0.0
redundant,0.3,15,CART,0.7866666666666666,0.7855132043433576,0.8576986350095595,0.8,0.6759333932535728,0.0
redundant,0.3,15,ACP-Gini a=0.5,0.7933333333333333,0.7924107142857143,0.8570094704548485,0.8,0.6701389026590148,0.009030307635481145
redundant,0.3,15,Tree-global a=0.5,0.7933333333333333,0.7924107142857143,0.8522075496865413,0.8,0.8643059899882397,0.013868823974197954
redundant,0.3,15,ACP-Gini a=1.0,0.7933333333333333,0.7924107142857143,0.8570094704548485,0.8,0.6701389026590148,0.009030307635481145
redundant,0.3,15,Tree-global a=1.0,0.7866666666666666,0.7855132043433576,0.8477390956382553,0.8,0.8777373579080472,0.0096442370930704
redundant,0.3,15,ACP-Gini node a=1.0,0.7733333333333333,0.7721077796148175,0.8495620470410385,0.8,0.8335677960236699,0.004929150763135249
redundant,0.3,15,VIF+CART,0.7866666666666666,0.7855132043433576,0.8576986350095595,0.8,0.6759333932535728,0.0
redundant,0.3,15,Cluster+CART,0.7866666666666666,0.7855132043433576,0.8576986350095595,0.8,0.6759333932535728,0.0
redundant,0.3,16,CART,0.79,0.7885314685314685,0.8235817575083426,1.0,0.9317534374094862,0.053814365329868094
redundant,0.3,16,ACP-Gini a=0.5,0.7733333333333333,0.7718733225979603,0.8203337041156841,1.0,0.9186590694034338,0.03354513413938198
redundant,0.3,16,Tree-global a=0.5,0.78,0.779205138498595,0.8249833147942158,0.8,0.856853283925904,0.05345157475356236
redundant,0.3,16,ACP-Gini a=1.0,0.7733333333333333,0.7718733225979603,0.8203337041156841,1.0,0.9186590694034338,0.03354513413938198
redundant,0.3,16,Tree-global a=1.0,0.7533333333333333,0.753234627184207,0.7971968854282536,0.6,0.8347607001319443,0.05504569700781316
redundant,0.3,16,ACP-Gini node a=1.0,0.7633333333333333,0.7628880898576216,0.8281201334816464,0.8,0.9179516028878488,0.06657701424507137
redundant,0.3,16,VIF+CART,0.79,0.7885314685314685,0.8235817575083426,1.0,0.9317534374094862,0.053814365329868094
redundant,0.3,16,Cluster+CART,0.79,0.7885314685314685,0.8235817575083426,1.0,0.9317534374094862,0.053814365329868094
redundant,0.3,17,CART,0.7733333333333333,0.7716179302315167,0.8216783216783217,0.8,0.8887382463721828,0.016356207519335503
redundant,0.3,17,ACP-Gini a=0.5,0.7666666666666667,0.7651637144390768,0.823459979510935,0.8,0.8374827732668754,0.01642146332589474
redundant,0.3,17,Tree-global a=0.5,0.7466666666666667,0.7447494514352246,0.8026591243151753,0.8,0.8221489936305291,0.03875876442681925
redundant,0.3,17,ACP-Gini a=1.0,0.7666666666666667,0.7651637144390768,0.8211660950514453,0.8,0.8472198036593499,0.017762675232001167
redundant,0.3,17,Tree-global a=1.0,0.7466666666666667,0.7447494514352246,0.8075809540777694,0.8,0.8578517571973217,0.0446124419463968
redundant,0.3,17,ACP-Gini node a=1.0,0.7533333333333333,0.7522321428571429,0.8119237450447642,0.8,0.9328534865001362,0.021674066439919253
redundant,0.3,17,VIF+CART,0.7733333333333333,0.7716179302315167,0.8216783216783217,0.8,0.8887382463721828,0.016356207519335503
redundant,0.3,17,Cluster+CART,0.7733333333333333,0.7716179302315167,0.8216783216783217,0.8,0.8887382463721828,0.016356207519335503
redundant,0.3,18,CART,0.7733333333333333,0.7718733225979603,0.8367950542608076,0.8,0.8089081225003761,0.0481633288800519
redundant,0.3,18,ACP-Gini a=0.5,0.7766666666666666,0.7753462015625174,0.8309019747375912,0.8,0.8052749136028936,0.05796661188872279
redundant,0.3,18,Tree-global a=0.5,0.7733333333333333,0.7729700854700854,0.8285002668564312,0.8,0.9277684558216105,0.08407776797673097
redundant,0.3,18,ACP-Gini a=1.0,0.78,0.7785829307568438,0.827321650951788,0.8,0.8340877822765564,0.06886588650354597
redundant,0.3,18,Tree-global a=1.0,0.7733333333333333,0.7729700854700854,0.8317914961750578,0.8,0.9299850927538348,0.08409201094804439
redundant,0.3,18,ACP-Gini node a=1.0,0.8,0.7992773986350863,0.8318582102828679,0.8,0.7622165466010629,0.05515428599368135
redundant,0.3,18,VIF+CART,0.7733333333333333,0.7718733225979603,0.8367950542608076,0.8,0.8089081225003761,0.0481633288800519
redundant,0.3,18,Cluster+CART,0.7733333333333333,0.7718733225979603,0.8367950542608076,0.8,0.8089081225003761,0.0481633288800519
redundant,0.3,19,CART,0.83,0.8299829982998299,0.8465504978662874,0.8,0.7889601185262902,0.03196049373069628
redundant,0.3,19,ACP-Gini a=0.5,0.82,0.8199919996444287,0.845572546230441,0.8,0.8135222186393853,0.009515837970215628
redundant,0.3,19,Tree-global a=0.5,0.8,0.7997775305895439,0.8205458748221905,0.8,0.8729799632675164,0.048007353076289436
redundant,0.3,19,ACP-Gini a=1.0,0.81,0.8099809980998101,0.8496621621621622,0.8,0.7936002383149894,0.005637794370468036
redundant,0.3,19,Tree-global a=1.0,0.81,0.8098288459613652,0.8440389402560455,0.8,0.9427167342231708,0.06838687109984061
redundant,0.3,19,ACP-Gini node a=1.0,0.8166666666666667,0.8164198533584041,0.8572635135135136,0.8,0.7855937484172117,0.036477385434225226
redundant,0.3,19,VIF+CART,0.83,0.8299829982998299,0.8465504978662874,0.8,0.7889601185262902,0.03196049373069628
redundant,0.3,19,Cluster+CART,0.83,0.8299829982998299,0.8465504978662874,0.8,0.7889601185262902,0.03196049373069628
redundant,0.3,20,CART,0.7733333333333333,0.7703840439421907,0.8471999643874644,0.8,0.8336565994610536,0.008500451213123147
redundant,0.3,20,ACP-Gini a=0.5,0.8166666666666667,0.8153846153846154,0.8607327279202279,0.8,0.8783828819136849,0.0035253447677679366
redundant,0.3,20,Tree-global a=0.5,0.8266666666666667,0.825354887824101,0.8759570868945868,0.8,0.8198152596798367,0.021240987604779403
redundant,0.3,20,ACP-Gini a=1.0,0.7833333333333333,0.7820522850979648,0.848869301994302,0.8,0.8558313133608311,0.01259612583749932
redundant,0.3,20,Tree-global a=1.0,0.78,0.779205138498595,0.8462873931623931,0.8,0.8592309499023554,0.0443875391888469
redundant,0.3,20,ACP-Gini node a=1.0,0.78,0.7796474358974359,0.8374287749287749,0.8,0.7857917525280993,0.007338804810789365
redundant,0.3,20,VIF+CART,0.7733333333333333,0.7703840439421907,0.8471999643874644,0.8,0.8336565994610536,0.008500451213123147
redundant,0.3,20,Cluster+CART,0.7733333333333333,0.7703840439421907,0.8471999643874644,0.8,0.8336565994610536,0.008500451213123147
redundant,0.3,21,CART,0.76,0.7598292118840064,0.8195679231863443,0.8,0.7642212416305136,0.031304880267226866
redundant,0.3,21,ACP-Gini a=0.5,0.7666666666666667,0.7665732959850606,0.8198124110953058,0.8,0.965574666397826,0.025160490997318877
redundant,0.3,21,Tree-global a=0.5,0.7633333333333333,0.7632044112905916,0.811344238975818,0.8,0.7652223015161397,0.04151521120119014
redundant,0.3,21,ACP-Gini a=1.0,0.7666666666666667,0.7665732959850606,0.8198124110953058,0.8,0.965574666397826,0.025160490997318877
redundant,0.3,21,Tree-global a=1.0,0.7633333333333333,0.7632044112905916,0.811344238975818,0.8,0.7652223015161397,0.04151521120119014
redundant,0.3,21,ACP-Gini node a=1.0,0.78,0.7798434442270059,0.8522626244665717,0.8,0.9442238093544791,0.01666529478145861
redundant,0.3,21,VIF+CART,0.76,0.7598292118840064,0.8195679231863443,0.8,0.7642212416305136,0.031304880267226866
redundant,0.3,21,Cluster+CART,0.76,0.7598292118840064,0.8195679231863443,0.8,0.7642212416305136,0.031304880267226866
redundant,0.3,22,CART,0.83,0.82977113675052,0.8768396247387844,0.8,0.8186938454415706,0.0
redundant,0.3,22,ACP-Gini a=0.5,0.83,0.82977113675052,0.8822417856031302,0.8,0.8254794075527565,0.001397826342116571
redundant,0.3,22,Tree-global a=0.5,0.81,0.8097442116623461,0.8700591347650171,0.8,0.8188419617169151,0.008375219055894754
redundant,0.3,22,ACP-Gini a=1.0,0.8333333333333334,0.8329695781925082,0.8711039971544173,0.8,0.823301382183879,0.0013790494150859017
redundant,0.3,22,Tree-global a=1.0,0.82,0.8199919996444287,0.8723934018051664,0.8,0.846828577315512,0.00512945947877515
redundant,0.3,22,ACP-Gini node a=1.0,0.85,0.849624060150376,0.8695255880129829,0.8,0.9173145593813088,0.00875925427526961
redundant,0.3,22,VIF+CART,0.83,0.82977113675052,0.8768396247387844,0.8,0.8186938454415706,0.0
redundant,0.3,22,Cluster+CART,0.83,0.82977113675052,0.8768396247387844,0.8,0.8186938454415706,0.0
redundant,0.3,23,CART,0.7466666666666667,0.7459440185416295,0.8362593893061914,0.8,0.7528120045524342,0.0673378997886626
redundant,0.3,23,ACP-Gini a=0.5,0.75,0.7493734335839599,0.8388372816569625,0.8,0.9474003779840915,0.07578835142728613
redundant,0.3,23,Tree-global a=0.5,0.75,0.7495296723848115,0.8406595848704387,0.8,0.9561509142391014,0.0770372776343929
redundant,0.3,23,ACP-Gini a=1.0,0.76,0.7591328783621036,0.8419263078359038,0.8,0.9527532345326872,0.07590873798247942
redundant,0.3,23,Tree-global a=1.0,0.77,0.7692590652205415,0.8424152184541536,1.0,0.9374286160003014,0.0650551579484661
redundant,0.3,23,ACP-Gini node a=1.0,0.7733333333333333,0.7730812013348165,0.8397039868438597,0.8,0.7104001842935661,0.053692973277235954
redundant,0.3,23,VIF+CART,0.7466666666666667,0.7459440185416295,0.8362593893061914,0.8,0.7528120045524342,0.0673378997886626
redundant,0.3,23,Cluster+CART,0.7466666666666667,0.7459440185416295,0.8362593893061914,0.8,0.7528120045524342,0.0673378997886626
redundant,0.3,24,CART,0.7766666666666666,0.7748428941089491,0.8517806872514411,1.0,0.9688313310448515,0.021646776657983896
redundant,0.3,24,ACP-Gini a=0.5,0.78,0.7780667144906743,0.8545734840698869,1.0,0.9352252508218418,0.021607863685283196
redundant,0.3,24,Tree-global a=0.5,0.79,0.789717286574172,0.8574333080119756,0.8,0.8449588675452316,0.038233984419042605
redundant,0.3,24,ACP-Gini a=1.0,0.7666666666666667,0.7636306334699023,0.8443630189016489,1.0,0.8805574048245466,0.0213995611486542
redundant,0.3,24,Tree-global a=1.0,0.76,0.7598292118840064,0.8488538361857099,0.8,0.8638881159760576,0.03749440779120217
redundant,0.3,24,ACP-Gini node a=1.0,0.7666666666666667,0.7651637144390768,0.8410786898431565,1.0,0.9654080939338592,0.01994960176193912
redundant,0.3,24,VIF+CART,0.7766666666666666,0.7748428941089491,0.8517806872514411,1.0,0.9688313310448515,0.021646776657983896
redundant,0.3,24,Cluster+CART,0.7766666666666666,0.7748428941089491,0.8517806872514411,1.0,0.9688313310448515,0.021646776657983896
redundant,0.3,25,CART,0.7633333333333333,0.7616783216783216,0.7865460687141651,1.0,0.8617512841378565,0.016791632874390127
redundant,0.3,25,ACP-Gini a=0.5,0.76,0.7593153859868069,0.789568425263345,1.0,0.8758520410644272,0.01684721239160234
redundant,0.3,25,Tree-global a=0.5,0.7533333333333333,0.7530589543937709,0.7867238543935285,1.0,0.8898864598978848,0.020380278685860974
redundant,0.3,25,ACP-Gini a=1.0,0.7633333333333333,0.7630147197899397,0.7914796213165031,1.0,0.8958778240759715,0.016683641429507387
redundant,0.3,25,Tree-global a=1.0,0.77,0.7694235588972431,0.7946797635450464,1.0,0.9486289235363186,0.02167422991064765
redundant,0.3,25,ACP-Gini node a=1.0,0.7533333333333333,0.7524421249832731,0.7867016311836081,1.0,0.8910531126976681,0.023245040944797107
redundant,0.3,25,VIF+CART,0.7633333333333333,0.7616783216783216,0.7865460687141651,1.0,0.8617512841378565,0.016791632874390127
redundant,0.3,25,Cluster+CART,0.7633333333333333,0.7616783216783216,0.7865460687141651,1.0,0.8617512841378565,0.016791632874390127
redundant,0.3,26,CART,0.7566666666666667,0.7560568086883876,0.792590781812525,0.8,0.7846950357571929,0.02168322439765655
redundant,0.3,26,ACP-Gini a=0.5,0.7633333333333333,0.7630147197899397,0.7977021200942264,0.8,0.7995230147123114,0.03608219271622177
redundant,0.3,26,Tree-global a=0.5,0.7633333333333333,0.7628880898576216,0.7928352371216499,0.8,0.8269711850550131,0.046540241289411956
redundant,0.3,26,ACP-Gini a=1.0,0.7666666666666667,0.7666251778093883,0.8075470020889818,0.8,0.8008388899519348,0.03614135818188578
redundant,0.3,26,Tree-global a=1.0,0.7466666666666667,0.7457513716044427,0.7919240855149117,0.8,0.8360032819941219,0.07009317929603867
redundant,0.3,26,ACP-Gini node a=1.0,0.7633333333333333,0.7630147197899397,0.8200586692741899,0.8,0.8877528748783641,0.027486795223903022
redundant,0.3,26,VIF+CART,0.7566666666666667,0.7560568086883876,0.792590781812525,0.8,0.7846950357571929,0.02168322439765655
redundant,0.3,26,Cluster+CART,0.7566666666666667,0.7560568086883876,0.792590781812525,0.8,0.7846950357571929,0.02168322439765655
redundant,0.3,27,CART,0.7566666666666667,0.7566423308997566,0.8267914295874822,0.8,0.8368845424594518,0.014926522143431929
redundant,0.3,27,ACP-Gini a=0.5,0.7633333333333333,0.7633096642997633,0.8394381223328592,0.8,0.8133155689495741,0.01633278774967983
redundant,0.3,27,Tree-global a=0.5,0.75,0.7498638147435825,0.8399048719772405,0.8,0.8716092867346898,0.03737895752461862
redundant,0.3,27,ACP-Gini a=1.0,0.7633333333333333,0.7632675743262017,0.8396603840682788,0.8,0.8358269019096254,0.01636135353730095
redundant,0.3,27,Tree-global a=1.0,0.7566666666666667,0.756599055293137,0.8492620910384068,1.0,0.7370557740734203,0.03445399754368163
redundant,0.3,27,ACP-Gini node a=1.0,0.7966666666666666,0.79639292827023,0.8554409672830726,1.0,0.9342136869959827,0.0015054857545165755
redundant,0.3,27,VIF+CART,0.7566666666666667,0.7566423308997566,0.8267914295874822,0.8,0.8368845424594518,0.014926522143431929
redundant,0.3,27,Cluster+CART,0.7566666666666667,0.7566423308997566,0.8267914295874822,0.8,0.8368845424594518,0.014926522143431929
redundant,0.3,28,CART,0.7833333333333333,0.783273131425396,0.8080343248410475,1.0,0.837160084024385,0.028317078211168266
redundant,0.3,28,ACP-Gini a=0.5,0.7933333333333333,0.7931862657890055,0.8280867902716642,1.0,0.8231562628592206,0.03257366804223693
redundant,0.3,28,Tree-global a=0.5,0.77,0.7699974444160491,0.8371793161709129,1.0,0.8569439673021977,0.03876829914149395
redundant,0.3,28,ACP-Gini a=1.0,0.7933333333333333,0.7931862657890055,0.831777155306567,1.0,0.8314495536447266,0.032649132917657316
redundant,0.3,28,Tree-global a=1.0,0.7966666666666666,0.79639292827023,0.7885598683918011,0.6,0.7870437381559486,0.048152070527002974
redundant,0.3,28,ACP-Gini node a=1.0,0.7666666666666667,0.7666562958353704,0.8243741941220932,0.8,0.842759032521041,0.03170195603430792
redundant,0.3,28,VIF+CART,0.7833333333333333,0.783273131425396,0.8080343248410475,1.0,0.837160084024385,0.028317078211168266
redundant,0.3,28,Cluster+CART,0.7833333333333333,0.783273131425396,0.8080343248410475,1.0,0.837160084024385,0.028317078211168266
redundant,0.3,29,CART,0.78,0.7797552836484983,0.8216240266963293,1.0,0.9677234836353173,0.01929597300656268
redundant,0.3,29,ACP-Gini a=0.5,0.7833333333333333,0.7830416448781139,0.82496106785317,1.0,0.9234256594554207,0.02711546268175588
redundant,0.3,29,Tree-global a=0.5,0.7666666666666667,0.7660010697093956,0.817797552836485,1.0,0.9496110860862995,0.02712358383368035
redundant,0.3,29,ACP-Gini a=1.0,0.7833333333333333,0.7830416448781139,0.82496106785317,1.0,0.9234256594554207,0.02711546268175588
redundant,0.3,29,Tree-global a=1.0,0.7666666666666667,0.7660010697093956,0.817797552836485,1.0,0.9532548202981521,0.02712358383368035
redundant,0.3,29,ACP-Gini node a=1.0,0.7733333333333333,0.7730812013348165,0.8319021134593994,1.0,0.9185031665768957,0.01930779084474064
redundant,0.3,29,VIF+CART,0.78,0.7797552836484983,0.8216240266963293,1.0,0.9677234836353173,0.01929597300656268
redundant,0.3,29,Cluster+CART,0.78,0.7797552836484983,0.8216240266963293,1.0,0.9677234836353173,0.01929597300656268
redundant,0.5,0,CART,0.7966666666666666,0.7966644073823043,0.842793013022801,0.8,0.9162903002542369,0.03083260700107215
redundant,0.5,0,ACP-Gini a=0.5,0.8,0.7999911107160318,0.8525934485977156,0.8,0.8785426433132691,0.034057746709116224
redundant,0.5,0,Tree-global a=0.5,0.8033333333333333,0.8033311481238681,0.8651495622027645,0.8,0.9026061042255794,0.03750522221924891
redundant,0.5,0,ACP-Gini a=1.0,0.8133333333333334,0.8132586367880486,0.8518600826703409,0.8,0.9020527070634634,0.03518728874309907
redundant,0.5,0,Tree-global a=1.0,0.8133333333333334,0.8132586367880486,0.8577714565091781,0.8,0.925029742838839,0.048212208177921025
redundant,0.5,0,ACP-Gini node a=1.0,0.8133333333333334,0.8133001422475107,0.8439263967287435,0.8,0.9470835217363215,0.02300131288106525
redundant,0.5,0,VIF+CART,0.7966666666666666,0.7966644073823043,0.842793013022801,0.8,0.9162903002542369,0.03083260700107215
redundant,0.5,0,Cluster+CART,0.7966666666666666,0.7966644073823043,0.842793013022801,0.8,0.9162903002542369,0.03083260700107215
redundant,0.5,1,CART,0.8333333333333334,0.8330662393162394,0.8595972617354196,1.0,0.8346852203490283,0.002517456579108219
redundant,0.5,1,ACP-Gini a=0.5,0.8033333333333333,0.802541304566093,0.8395937055476528,0.8,0.7439534756785979,0.04740963568843248
redundant,0.5,1,Tree-global a=0.5,0.82,0.8190267661647079,0.8689544807965861,0.8,0.8583750417245171,0.04547080084978983
redundant,0.5,1,ACP-Gini a=1.0,0.7966666666666666,0.7962841335396467,0.840149359886202,0.8,0.769513712067896,0.05356021956628891
redundant,0.5,1,Tree-global a=1.0,0.8166666666666667,0.8163217597488618,0.8658428165007113,0.8,0.8880813684241347,0.05862571590139923
redundant,0.5,1,ACP-Gini node a=1.0,0.7833333333333333,0.7818181818181819,0.8505512091038407,1.0,0.8498453880678308,0.020622954212756856
redundant,0.5,1,VIF+CART,0.8333333333333334,0.8330662393162394,0.8595972617354196,1.0,0.8346852203490283,0.002517456579108219
redundant,0.5,1,Cluster+CART,0.8333333333333334,0.8330662393162394,0.8595972617354196,1.0,0.8346852203490283,0.002517456579108219
redundant,0.5,2,CART,0.8066666666666666,0.8061151720449278,0.8713752001423234,0.8,0.6600967823089041,0.01865564145415373
redundant,0.5,2,ACP-Gini a=0.5,0.82,0.8191964285714286,0.862079701120797,0.8,0.8576126322535774,0.0402148023853072
redundant,0.5,2,Tree-global a=0.5,0.84,0.8398861412560042,0.8737101939156734,1.0,0.9658870680851631,0.03861749072410682
redundant,0.5,2,ACP-Gini a=1.0,0.8166666666666667,0.8157639098248082,0.8685509695783669,0.8,0.8800122027449018,0.045874545698286015
redundant,0.5,2,Tree-global a=1.0,0.8333333333333334,0.8330662393162394,0.8747553816046967,0.8,0.9514932156522935,0.057928376384497944
redundant,0.5,2,ACP-Gini node a=1.0,0.82,0.8191964285714286,0.864948407756627,0.8,0.8750821671462867,0.04038507402287167
redundant,0.5,2,VIF+CART,0.8066666666666666,0.8061151720449278,0.8713752001423234,0.8,0.6600967823089041,0.01865564145415373
redundant,0.5,2,Cluster+CART,0.8066666666666666,0.8061151720449278,0.8713752001423234,0.8,0.6600967823089041,0.01865564145415373
redundant,0.5,3,CART,0.7733333333333333,0.772838626341811,0.7778790168451931,1.0,0.7896318325735987,0.03260352325476733
redundant,0.5,3,ACP-Gini a=0.5,0.8,0.7995634938310098,0.809124849993333,1.0,0.8113983348185478,0.035887368211429724
redundant,0.5,3,Tree-global a=0.5,0.7633333333333333,0.7630147197899397,0.7531668074136628,0.8,0.7810198223473744,0.058641213537958134
redundant,0.5,3,ACP-Gini a=1.0,0.7933333333333333,0.7931034482758621,0.833970398684386,1.0,0.8613213370426118,0.04294276375169573
redundant,0.5,3,Tree-global a=1.0,0.7966666666666666,0.7958477894666385,0.8497711009378195,1.0,0.9575185544374843,0.06834627840532592
redundant,0.5,3,ACP-Gini node a=1.0,0.77,0.7699769976997699,0.8001688963953955,1.0,0.8386417392076144,0.04915153066055444
redundant,0.5,3,VIF+CART,0.7733333333333333,0.772838626341811,0.7778790168451931,1.0,0.7896318325735987,0.03260352325476733
redundant,0.5,3,Cluster+CART,0.7733333333333333,0.772838626341811,0.7778790168451931,1.0,0.7896318325735987,0.03260352325476733
redundant,0.5,4,CART,0.8066666666666666,0.8058035714285714,0.868354374110953,0.8,0.8221181125797535,0.018664402445432333
redundant,0.5,4,ACP-Gini a=0.5,0.8033333333333333,0.802541304566093,0.8688211237553343,0.8,0.8221022384517349,0.018664402445432337
redundant,0.5,4,Tree-global a=0.5,0.7733333333333333,0.7726867534319843,0.8545296941678521,0.6,0.8359935922242329,0.03722333418439694
redundant,0.5,4,ACP-Gini a=1.0,0.8066666666666666,0.8062447107033095,0.8637980085348507,0.8,0.8309096564391657,0.010499750955710357
redundant,0.5,4,Tree-global a=1.0,0.76,0.7591328783621036,0.8434832859174964,0.6,0.8497673812146405,0.06946334725721066
redundant,0.5,4,ACP-Gini node a=1.0,0.7933333333333333,0.793296586059744,0.8580636557610242,1.0,0.8444835805544813,0.015456372218914775
redundant,0.5,4,VIF+CART,0.8066666666666666,0.8058035714285714,0.868354374110953,0.8,0.8221181125797535,0.018664402445432333
redundant,0.5,4,Cluster+CART,0.8066666666666666,0.8058035714285714,0.868354374110953,0.8,0.8221181125797535,0.018664402445432333
redundant,0.5,5,CART,0.8,0.8,0.8739553698435277,0.8,0.9265943863750197,0.0046299929150432914
redundant,0.5,5,ACP-Gini a=0.5,0.8133333333333334,0.8133001422475107,0.8610641891891891,0.8,0.950801450462421,0.030071253396391655
redundant,0.5,5,Tree-global a=0.5,0.8233333333333334,0.8233156648998233,0.8757112375533429,0.8,0.9139118875041833,0.02791518289937128
redundant,0.5,5,ACP-Gini a=1.0,0.8233333333333334,0.8231741901044274,0.8643981152204836,0.8,0.9731267249182952,0.030368929901345217
redundant,0.5,5,Tree-global a=1.0,0.83,0.8299527646568491,0.8711104196301566,0.8,0.967908753267114,0.03378220351983059
redundant,0.5,5,ACP-Gini node a=1.0,0.8233333333333334,0.8231741901044274,0.8655983285917496,0.8,0.8582808875769954,0.018983751440894633
redundant,0.5,5,VIF+CART,0.8,0.8,0.8739553698435277,0.8,0.9265943863750197,0.0046299929150432914
redundant,0.5,5,Cluster+CART,0.8,0.8,0.8739553698435277,0.8,0.9265943863750197,0.0046299929150432914
redundant,0.5,6,CART,0.75,0.7491946361092843,0.7900737908961594,0.8,0.8241438678708122,0.013436792842803372
redundant,0.5,6,ACP-Gini a=0.5,0.75,0.7482517482517483,0.7986086415362731,0.8,0.7880451919244985,0.018032863259663266
redundant,0.5,6,Tree-global a=0.5,0.76,0.7593153859868069,0.7801831436699859,0.8,0.82168180241461,0.04968518161000515
redundant,0.5,6,ACP-Gini a=1.0,0.7633333333333333,0.7614006788318715,0.8110108463726886,1.0,0.8308445688821582,0.014701084113812291
redundant,0.5,6,Tree-global a=1.0,0.75,0.7499972221913577,0.794452347083926,0.8,0.8203065048048506,0.06755894708980527
redundant,0.5,6,ACP-Gini node a=1.0,0.79,0.7898856043846094,0.8266802987197723,1.0,0.8514228794894217,0.0366545367305466
redundant,0.5,6,VIF+CART,0.75,0.7491946361092843,0.7900737908961594,0.8,0.8241438678708122,0.013436792842803372
redundant,0.5,6,Cluster+CART,0.75,0.7491946361092843,0.7900737908961594,0.8,0.8241438678708122,0.013436792842803372
redundant,0.5,7,CART,0.7933333333333333,0.79288227695871,0.8226696329254728,1.0,0.8535864948444463,0.029634842486303353
redundant,0.5,7,ACP-Gini a=0.5,0.7933333333333333,0.79288227695871,0.8251612903225807,1.0,0.8266611964105739,0.031788880522650165
redundant,0.5,7,Tree-global a=0.5,0.79,0.7893234943317988,0.8243826473859843,1.0,0.8373557048062141,0.03318555119814984
redundant,0.5,7,ACP-Gini a=1.0,0.7933333333333333,0.79288227695871,0.8251612903225807,1.0,0.8266611964105739,0.031788880522650165
redundant,0.5,7,Tree-global a=1.0,0.7866666666666666,0.7855132043433576,0.8289655172413793,1.0,0.9011970310179663,0.031578507686123164
redundant,0.5,7,ACP-Gini node a=1.0,0.7933333333333333,0.7922159167076277,0.8317463848720801,1.0,0.8085473389102429,0.0247047811814572
redundant,0.5,7,VIF+CART,0.7933333333333333,0.79288227695871,0.8226696329254728,1.0,0.8535864948444463,0.029634842486303353
redundant,0.5,7,Cluster+CART,0.7933333333333333,0.79288227695871,0.8226696329254728,1.0,0.8535864948444463,0.029634842486303353
redundant,0.5,8,CART,0.7766666666666666,0.7766443310997766,0.8120663582992349,1.0,0.8311986932609289,0.005481839965453943
redundant,0.5,8,ACP-Gini a=0.5,0.77,0.7699974444160491,0.8073296566447252,1.0,0.8309316557806593,0.0066031529689722715
redundant,0.5,8,Tree-global a=0.5,0.7466666666666667,0.7466666666666667,0.7941202632983455,0.8,0.7765755504691793,0.00866203630600526
redundant,0.5,8,ACP-Gini a=1.0,0.7733333333333333,0.7733232588115027,0.8136230208148016,1.0,0.836594292774544,0.01436246159915065
redundant,0.5,8,Tree-global a=1.0,0.7766666666666666,0.7766641851576128,0.8359500088952144,0.8,0.8287072742578205,0.04565587166751318
redundant,0.5,8,ACP-Gini node a=1.0,0.7833333333333333,0.7832153061111049,0.8413093755559509,1.0,0.832513873309129,0.006950234371946866
redundant,0.5,8,VIF+CART,0.7766666666666666,0.7766443310997766,0.8120663582992349,1.0,0.8311986932609289,0.005481839965453943
redundant,0.5,8,Cluster+CART,0.7766666666666666,0.7766443310997766,0.8120663582992349,1.0,0.8311986932609289,0.005481839965453943
redundant,0.5,9,CART,0.84,0.8399359743897559,0.8973111111111111,1.0,0.9038416788471292,0.0024712303580990518
redundant,0.5,9,ACP-Gini a=0.5,0.8233333333333334,0.8233156648998233,0.8920888888888889,1.0,0.8441469614337439,0.0241160591683314
redundant,0.5,9,Tree-global a=0.5,0.8433333333333334,0.8433315925732507,0.8980444444444444,0.8,0.8416611945390239,0.043380407059008655
redundant,0.5,9,ACP-Gini a=1.0,0.8233333333333334,0.8233313703485594,0.8941333333333334,1.0,0.8556534603831214,0.037800030008929064
redundant,0.5,9,Tree-global a=1.0,0.8433333333333334,0.8433315925732507,0.9036888888888888,0.8,0.9934958823004638,0.04370302704395225
redundant,0.5,9,ACP-Gini node a=1.0,0.82,0.8199279711884754,0.8922444444444445,1.0,0.8708983422136948,0.02306113783894368
redundant,0.5,9,VIF+CART,0.84,0.8399359743897559,0.8973111111111111,1.0,0.9038416788471292,0.0024712303580990518
redundant,0.5,9,Cluster+CART,0.84,0.8399359743897559,0.8973111111111111,1.0,0.9038416788471292,0.0024712303580990518
redundant,0.5,10,CART,0.7966666666666666,0.7958477894666385,0.859610510871015,0.8,0.7486290077466148,0.038077043245528956
redundant,0.5,10,ACP-Gini a=0.5,0.8066666666666666,0.8062447107033095,0.856831621537504,0.8,0.7976684997691448,0.03556510564725539
redundant,0.5,10,Tree-global a=0.5,0.7966666666666666,0.7958477894666385,0.8580987950735849,0.8,0.8084194462765639,0.04467473866250946
redundant,0.5,10,ACP-Gini a=1.0,0.81,0.8096425510124567,0.859076964118981,0.8,0.8025866585204684,0.0439280719056923
redundant,0.5,10,Tree-global a=1.0,0.81,0.8093879234430561,0.856120225868125,1.0,0.9005743929573153,0.05666499331751646
redundant,0.5,10,ACP-Gini node a=1.0,0.81,0.8088766192397536,0.8724600951491708,1.0,0.822132613903603,0.005134046698703188
redundant,0.5,10,VIF+CART,0.7966666666666666,0.7958477894666385,0.859610510871015,0.8,0.7486290077466148,0.038077043245528956
redundant,0.5,10,Cluster+CART,0.7966666666666666,0.7958477894666385,0.859610510871015,0.8,0.7486290077466148,0.038077043245528956
redundant,0.5,11,CART,0.8033333333333333,0.8033311481238681,0.8332367623462293,0.8,0.8610626874749554,0.009802085405939265
redundant,0.5,11,ACP-Gini a=0.5,0.8166666666666667,0.8166483314998166,0.8599349260117668,0.8,0.8164441312996097,0.009812122369199807
redundant,0.5,11,Tree-global a=0.5,0.81,0.8097442116623461,0.8451595649848459,0.8,0.8683296910784266,0.02027982899491041
redundant,0.5,11,ACP-Gini a=1.0,0.8166666666666667,0.8166483314998166,0.849237832055625,0.8,0.8147252134091858,0.009816074290109484
redundant,0.5,11,Tree-global a=1.0,0.82,0.8196071444479087,0.8705205919058655,0.8,0.8848009479636951,0.03682406778127614
redundant,0.5,11,ACP-Gini node a=1.0,0.8266666666666667,0.8265973055889022,0.8494829737921199,0.8,0.8603976247371454,0.009782789038408757
redundant,0.5,11,VIF+CART,0.8033333333333333,0.8033311481238681,0.8332367623462293,0.8,0.8610626874749554,0.009802085405939265
redundant,0.5,11,Cluster+CART,0.8033333333333333,0.8033311481238681,0.8332367623462293,0.8,0.8610626874749554,0.009802085405939265
redundant,0.5,12,CART,0.81,0.8096425510124567,0.8709326102418208,0.8,0.8493198573432572,0.039273461595296086
redundant,0.5,12,ACP-Gini a=0.5,0.8166666666666667,0.8164198533584041,0.8828680654338549,1.0,0.827177699533767,0.027171134804288094
redundant,0.5,12,Tree-global a=0.5,0.8033333333333333,0.8032262009316183,0.8666874110953059,1.0,0.8344158468047536,0.04909381833238712
redundant,0.5,12,ACP-Gini a=1.0,0.8366666666666667,0.8365776922991406,0.8724662162162162,0.8,0.7415982637096359,0.03353905606343826
redundant,0.5,12,Tree-global a=1.0,0.8066666666666666,0.8065893023876217,0.8568189900426743,1.0,0.8277171334831465,0.03138782103059564
redundant,0.5,12,ACP-Gini node a=1.0,0.8033333333333333,0.8031561738898343,0.8586415362731152,1.0,0.8041675627914227,0.050851610290100324
redundant,0.5,12,VIF+CART,0.81,0.8096425510124567,0.8709326102418208,0.8,0.8493198573432572,0.039273461595296086
redundant,0.5,12,Cluster+CART,0.81,0.8096425510124567,0.8709326102418208,0.8,0.8493198573432572,0.039273461595296086
redundant,0.5,13,CART,0.8233333333333334,0.8232370957521318,0.8495510312944524,1.0,0.9551184037596953,0.0
redundant,0.5,13,ACP-Gini a=0.5,0.8166666666666667,0.8166157265907197,0.8501733641536273,1.0,0.9633807328461398,0.007697926329473151
redundant,0.5,13,Tree-global a=0.5,0.8133333333333334,0.8133250366682965,0.8291029516358464,1.0,0.9235638313418073,0.02651936873009319
redundant,0.5,13,ACP-Gini a=1.0,0.8166666666666667,0.8166157265907197,0.8565300497866288,1.0,0.9513400243762037,0.006852617477807029
redundant,0.5,13,Tree-global a=1.0,0.8266666666666667,0.8266589626205609,0.8457059032716927,1.0,0.9003361620729363,0.0517082416400617
redundant,0.5,13,ACP-Gini node a=1.0,0.8166666666666667,0.8166483314998166,0.854596372688478,1.0,0.9793248419912945,0.01734906335967683
redundant,0.5,13,VIF+CART,0.8233333333333334,0.8232370957521318,0.8495510312944524,1.0,0.9551184037596953,0.0
redundant,0.5,13,Cluster+CART,0.8233333333333334,0.8232370957521318,0.8495510312944524,1.0,0.9551184037596953,0.0
redundant,0.5,14,CART,0.8166666666666667,0.8166646296069957,0.8705704504023832,0.8,0.9795745435207361,0.0
redundant,0.5,14,ACP-Gini a=0.5,0.8133333333333334,0.8133250366682965,0.8711262282690854,0.8,0.9631558202738679,0.0012092025516682342
redundant,0.5,14,Tree-global a=0.5,0.8366666666666667,0.8366503316998366,0.877506558178827,0.8,0.965301053805104,0.03804684633285694
redundant,0.5,14,ACP-Gini a=1.0,0.8166666666666667,0.8163217597488618,0.8813747721310746,0.8,0.9843682131762425,0.0012175291463905626
redundant,0.5,14,Tree-global a=1.0,0.7966666666666666,0.7966644073823043,0.8596772042150194,0.8,0.9947253265820957,0.0012064534652266908
redundant,0.5,14,ACP-Gini node a=1.0,0.8166666666666667,0.8162071846282373,0.8722155528878217,0.8,0.9791801166901631,0.004663299211257213
redundant,0.5,14,VIF+CART,0.8166666666666667,0.8166646296069957,0.8705704504023832,0.8,0.9795745435207361,0.0
redundant,0.5,14,Cluster+CART,0.8166666666666667,0.8166646296069957,0.8705704504023832,0.8,0.9795745435207361,0.0
redundant,0.5,15,CART,0.7933333333333333,0.7927438045997504,0.8573651682895379,0.8,0.8724622369875444,0.0014589595566344646
redundant,0.5,15,ACP-Gini a=0.5,0.7933333333333333,0.7927438045997504,0.8518073896225156,0.8,0.8513392797791566,0.012436073906510392
redundant,0.5,15,Tree-global a=0.5,0.79,0.7891542743671839,0.8548752834467119,0.8,0.7685789384354167,0.013510269610148014
redundant,0.5,15,ACP-Gini a=1.0,0.8066666666666666,0.8059681520139168,0.8596994353296874,0.8,0.6605501761751864,0.012488053094085998
redundant,0.5,15,Tree-global a=1.0,0.7866666666666666,0.7858958918774255,0.8558534524921078,0.8,0.8884296889420927,0.025383977265182184
redundant,0.5,15,ACP-Gini node a=1.0,0.7733333333333333,0.7725143851197644,0.8507625272331154,0.8,0.7760349399662815,0.0076796410288522046
redundant,0.5,15,VIF+CART,0.7933333333333333,0.7927438045997504,0.8573651682895379,0.8,0.8724622369875444,0.0014589595566344646
redundant,0.5,15,Cluster+CART,0.7933333333333333,0.7927438045997504,0.8573651682895379,0.8,0.8724622369875444,0.0014589595566344646
redundant,0.5,16,CART,0.7833333333333333,0.7822664388838643,0.8346829810901,0.8,0.8265450458563672,0.026543065677931847
redundant,0.5,16,ACP-Gini a=0.5,0.7866666666666666,0.7858958918774255,0.8314571746384871,0.8,0.827066967178087,0.03911281539556654
redundant,0.5,16,Tree-global a=0.5,0.7866666666666666,0.7852925389157273,0.8262291434927698,0.6,0.7896042112532757,0.07199313543367442
redundant,0.5,16,ACP-Gini a=1.0,0.7766666666666666,0.775767244168275,0.8321023359288099,0.8,0.774463573580532,0.030439171232327422
redundant,0.5,16,Tree-global a=1.0,0.7533333333333333,0.7517444981213097,0.8260289210233593,0.8,0.939544988071597,0.06271562864935122
redundant,0.5,16,ACP-Gini node a=1.0,0.7633333333333333,0.7628880898576216,0.8287208008898777,0.8,0.8817998701835895,0.06859314326029224
redundant,0.5,16,VIF+CART,0.7833333333333333,0.7822664388838643,0.8346829810901,0.8,0.8265450458563672,0.026543065677931847
redundant,0.5,16,Cluster+CART,0.7833333333333333,0.7822664388838643,0.8346829810901,0.8,0.8265450458563672,0.026543065677931847
redundant,0.5,17,CART,0.75,0.7491946361092843,0.79288227695871,0.8,0.759430492291475,0.01583472275610613
redundant,0.5,17,ACP-Gini a=0.5,0.7666666666666667,0.7661574094695114,0.8337267827713688,0.8,0.7631474865806902,0.021748360110423404
redundant,0.5,17,Tree-global a=0.5,0.76,0.7594761925972118,0.8184267961338025,0.8,0.8487408033449496,0.04658870716197397
redundant,0.5,17,ACP-Gini a=1.0,0.8,0.7991071428571428,0.8400962095229612,0.8,0.8168794361071423,0.012121049851129844
redundant,0.5,17,Tree-global a=1.0,0.7666666666666667,0.7661574094695114,0.8268896708387155,0.8,0.9631200667421403,0.05070750473409928
redundant,0.5,17,ACP-Gini node a=1.0,0.8033333333333333,0.8023649214484306,0.837780054340564,0.8,0.8653174530225014,0.02008100920057821
redundant,0.5,17,VIF+CART,0.75,0.7491946361092843,0.79288227695871,0.8,0.759430492291475,0.01583472275610613
redundant,0.5,17,Cluster+CART,0.75,0.7491946361092843,0.79288227695871,0.8,0.759430492291475,0.01583472275610613
redundant,0.5,18,CART,0.8133333333333334,0.8119206484259549,0.8372398149795409,0.8,0.8136503983673744,0.04830698217570161
redundant,0.5,18,ACP-Gini a=0.5,0.8133333333333334,0.8121309715512615,0.8328811599359544,0.8,0.816090813217109,0.049627649508177725
redundant,0.5,18,Tree-global a=0.5,0.79,0.7889659330720531,0.8198274328411315,0.8,0.9630835120881949,0.061664634867797496
redundant,0.5,18,ACP-Gini a=1.0,0.82,0.818637768125028,0.8353273438889877,0.8,0.7982848981197253,0.05001377606463376
redundant,0.5,18,Tree-global a=1.0,0.8,0.7987117552334944,0.8237635652019214,0.8,1.0,0.03944283314839496
redundant,0.5,18,ACP-Gini node a=1.0,0.8233333333333334,0.822097902097902,0.8286559331079879,0.8,0.8217856532737142,0.05397362942403159
redundant,0.5,18,VIF+CART,0.8133333333333334,0.8119206484259549,0.8372398149795409,0.8,0.8136503983673744,0.04830698217570161
redundant,0.5,18,Cluster+CART,0.8133333333333334,0.8119206484259549,0.8372398149795409,0.8,0.8136503983673744,0.04830698217570161
redundant,0.5,19,CART,0.82,0.8199919996444287,0.8414162517780939,0.8,0.7473344466435644,0.029190283339532993
redundant,0.5,19,ACP-Gini a=0.5,0.8233333333333334,0.8233156648998233,0.8534183854907538,0.8,0.7391272321390365,0.009505181713068096
redundant,0.5,19,Tree-global a=0.5,0.7933333333333333,0.7933333333333333,0.8078991820768137,0.8,0.8609648925172018,0.051889436186326354
redundant,0.5,19,ACP-Gini a=1.0,0.8066666666666666,0.806658073692164,0.8460170697012802,0.8,0.7347299246837944,0.005631444846403732
redundant,0.5,19,Tree-global a=1.0,0.7966666666666666,0.7966644073823043,0.8486619843527737,0.8,0.8879285289997277,0.05615665952768426
redundant,0.5,19,ACP-Gini node a=1.0,0.8133333333333334,0.8133001422475107,0.8450391180654337,0.8,0.8630736633401355,0.033755145410690864
redundant,0.5,19,VIF+CART,0.82,0.8199919996444287,0.8414162517780939,0.8,0.7473344466435644,0.029190283339532993
redundant,0.5,19,Cluster+CART,0.82,0.8199919996444287,0.8414162517780939,0.8,0.7473344466435644,0.029190283339532993
redundant,0.5,20,CART,0.79,0.7880191567873125,0.8446180555555556,0.8,0.8913638601278844,0.008456283228297171
redundant,0.5,20,ACP-Gini a=0.5,0.7933333333333333,0.7931034482758621,0.8317530270655271,0.8,0.83584704474954,0.008075592597602358
redundant,0.5,20,Tree-global a=0.5,0.8166666666666667,0.8160760664801417,0.8589966168091169,0.8,0.8525482041292329,0.03282954460668152
redundant,0.5,20,ACP-Gini a=1.0,0.8,0.7995634938310098,0.8441283831908831,0.8,0.8141852385720298,0.00816543652398618
redundant,0.5,20,Tree-global a=1.0,0.7766666666666666,0.7765450078376005,0.8200899216524217,1.0,0.9214442591520463,0.008923039415331003
redundant,0.5,20,ACP-Gini node a=1.0,0.8066666666666666,0.8062447107033095,0.857483084045584,0.8,0.7332780557891059,0.004095201756292065
redundant,0.5,20,VIF+CART,0.79,0.7880191567873125,0.8446180555555556,0.8,0.8913638601278844,0.008456283228297171
redundant,0.5,20,Cluster+CART,0.79,0.7880191567873125,0.8446180555555556,0.8,0.8913638601278844,0.008456283228297171
redundant,0.5,21,CART,0.78,0.7797552836484983,0.8519292318634425,0.8,0.9569131968989485,0.0014698220681683303
redundant,0.5,21,ACP-Gini a=0.5,0.7866666666666666,0.7860581208771618,0.8525071123755336,1.0,0.9641252055837091,0.001471287581922034
redundant,0.5,21,Tree-global a=0.5,0.77,0.7695672985940265,0.8221906116642959,1.0,0.959390158934224,0.034156687844026416
redundant,0.5,21,ACP-Gini a=1.0,0.7866666666666666,0.7860581208771618,0.8530627667140825,1.0,0.9678497643400886,0.0014673760049242206
redundant,0.5,21,Tree-global a=1.0,0.77,0.7695672985940265,0.8223017425320057,0.8,0.9558733289030691,0.03407477882155436
redundant,0.5,21,ACP-Gini node a=1.0,0.8066666666666666,0.8064516129032258,0.8575969061166429,0.8,0.9097965164556795,0.0014694010310874889
redundant,0.5,21,VIF+CART,0.78,0.7797552836484983,0.8519292318634425,0.8,0.9569131968989485,0.0014698220681683303
redundant,0.5,21,Cluster+CART,0.78,0.7797552836484983,0.8519292318634425,0.8,0.9569131968989485,0.0014698220681683303
redundant,0.5,22,CART,0.8533333333333334,0.8522233666203931,0.8932461873638344,0.8,0.8665852482857165,0.007140202936452479
redundant,0.5,22,ACP-Gini a=0.5,0.85,0.849624060150376,0.8942465875238983,0.8,0.8047746807729522,0.0012409238937685007
redundant,0.5,22,Tree-global a=0.5,0.8,0.7997775305895439,0.8523187052598816,0.8,0.7468094568072857,0.07290899403757928
redundant,0.5,22,ACP-Gini a=1.0,0.85,0.8493959102622742,0.8854875283446713,0.8,0.9086547370290965,0.006213997164875283
redundant,0.5,22,Tree-global a=1.0,0.8133333333333334,0.8128008557675166,0.8674136321195145,1.0,0.9325934088931433,0.01854864217957964
redundant,0.5,22,ACP-Gini node a=1.0,0.8466666666666667,0.84622927438046,0.883242185763194,0.8,0.930336597017113,0.008687174704609788
redundant,0.5,22,VIF+CART,0.8533333333333334,0.8522233666203931,0.8932461873638344,0.8,0.8665852482857165,0.007140202936452479
redundant,0.5,22,Cluster+CART,0.8533333333333334,0.8522233666203931,0.8932461873638344,0.8,0.8665852482857165,0.007140202936452479
redundant,0.5,23,CART,0.7666666666666667,0.7665732959850606,0.8345482021423174,0.8,0.6449005782786303,0.0523153247655075
redundant,0.5,23,ACP-Gini a=0.5,0.7833333333333333,0.7832153061111049,0.841681852526779,0.8,0.7518964268939217,0.06743246668625498
redundant,0.5,23,Tree-global a=0.5,0.7566666666666667,0.75588277914637,0.8337037201653408,1.0,0.8884421698321491,0.06295049190929108
redundant,0.5,23,ACP-Gini a=1.0,0.7933333333333333,0.7931034482758621,0.842081870305347,0.8,0.7526953580877133,0.06753778761189275
redundant,0.5,23,Tree-global a=1.0,0.7366666666666667,0.7366403306997367,0.8000133339259523,1.0,0.8616720827587325,0.08218192735130969
redundant,0.5,23,ACP-Gini node a=1.0,0.7966666666666666,0.7964835018183032,0.8387261656073602,0.8,0.7747336188365791,0.062405369506612005
redundant,0.5,23,VIF+CART,0.7666666666666667,0.7665732959850606,0.8345482021423174,0.8,0.6449005782786303,0.0523153247655075
redundant,0.5,23,Cluster+CART,0.7666666666666667,0.7665732959850606,0.8345482021423174,0.8,0.6449005782786303,0.0523153247655075
redundant,0.5,24,CART,0.7733333333333333,0.7726867534319843,0.8536351043388893,1.0,0.9192344619414928,0.015042609092239145
redundant,0.5,24,ACP-Gini a=0.5,0.7666666666666667,0.7654050672505475,0.8444970731489343,1.0,0.9591780792313692,0.03626988102663745
redundant,0.5,24,Tree-global a=0.5,0.7666666666666667,0.7654050672505475,0.848742124312972,1.0,0.9534238155307981,0.040399356747338445
redundant,0.5,24,ACP-Gini a=1.0,0.7666666666666667,0.7654050672505475,0.8471558157200947,1.0,0.9405316113518835,0.03635407582206491
redundant,0.5,24,Tree-global a=1.0,0.7766666666666666,0.7751048951048951,0.8659457527145985,1.0,0.8592830694836711,0.017751065189653532
redundant,0.5,24,ACP-Gini node a=1.0,0.7733333333333333,0.7718733225979603,0.85895258948121,1.0,0.9299990586787172,0.014012616159489257
redundant,0.5,24,VIF+CART,0.7733333333333333,0.7726867534319843,0.8536351043388893,1.0,0.9192344619414928,0.015042609092239145
redundant,0.5,24,Cluster+CART,0.7733333333333333,0.7726867534319843,0.8536351043388893,1.0,0.9192344619414928,0.015042609092239145
redundant,0.5,25,CART,0.74,0.7395833333333333,0.7652340104004622,1.0,0.8529320096169203,0.0168430691485662
redundant,0.5,25,ACP-Gini a=0.5,0.7633333333333333,0.7621679563192979,0.7907462553891285,1.0,0.8916115345370196,0.016886669972028635
redundant,0.5,25,Tree-global a=0.5,0.7633333333333333,0.7631201414606479,0.791124049957776,1.0,0.914531616778157,0.020443371395121073
redundant,0.5,25,ACP-Gini a=1.0,0.7666666666666667,0.7662927350427351,0.7955686919418641,1.0,0.9382057354741296,0.016748091081605684
redundant,0.5,25,Tree-global a=1.0,0.75,0.7495296723848115,0.7797457664785101,1.0,0.9354943211397245,0.0072397437031011015
redundant,0.5,25,ACP-Gini node a=1.0,0.7533333333333333,0.7529380341880342,0.7823681052491221,1.0,0.8669732058562003,0.016473414362319645
redundant,0.5,25,VIF+CART,0.74,0.7395833333333333,0.7652340104004622,1.0,0.8529320096169203,0.0168430691485662
redundant,0.5,25,Cluster+CART,0.74,0.7395833333333333,0.7652340104004622,1.0,0.8529320096169203,0.0168430691485662
redundant,0.5,26,CART,0.74,0.7392583348190409,0.7825014445086449,0.8,0.76991063452634,0.015668156414951045
redundant,0.5,26,ACP-Gini a=0.5,0.77,0.7695672985940265,0.7966576292279657,0.8,0.815238424299338,0.02037369265106711
redundant,0.5,26,Tree-global a=0.5,0.7633333333333333,0.7628880898576216,0.7952353437930575,0.8,0.7804447039498696,0.03382222217637749
redundant,0.5,26,ACP-Gini a=1.0,0.7766666666666666,0.7761069340016709,0.7824125516689631,0.8,0.8173120430289964,0.024536737710589965
redundant,0.5,26,Tree-global a=1.0,0.7733333333333333,0.7723214285714286,0.8145028667940798,0.8,0.8939548097971347,0.03335970000674748
redundant,0.5,26,ACP-Gini node a=1.0,0.7666666666666667,0.7660010697093956,0.7840570692030757,1.0,0.8926685149690933,0.021200104863850166
redundant,0.5,26,VIF+CART,0.74,0.7392583348190409,0.7825014445086449,0.8,0.76991063452634,0.015668156414951045
redundant,0.5,26,Cluster+CART,0.74,0.7392583348190409,0.7825014445086449,0.8,0.76991063452634,0.015668156414951045
redundant,0.5,27,CART,0.7566666666666667,0.7566423308997566,0.8002089260312945,0.8,0.8097005088007767,0.023261539257430543
redundant,0.5,27,ACP-Gini a=0.5,0.7566666666666667,0.7566423308997566,0.8058321479374111,1.0,0.7985991478029455,0.024737210487406115
redundant,0.5,27,Tree-global a=0.5,0.7666666666666667,0.7665732959850606,0.8197901849217638,0.8,0.7570540037361464,0.03501054857273182
redundant,0.5,27,ACP-Gini a=1.0,0.7866666666666666,0.786628733997155,0.845594772403983,1.0,0.7800615560577535,0.018275081439795154
redundant,0.5,27,Tree-global a=1.0,0.7833333333333333,0.783138157675241,0.8757779160739687,0.8,0.8690094231250199,0.02707989092902774
redundant,0.5,27,ACP-Gini node a=1.0,0.8233333333333334,0.8230009684852668,0.8715549431009957,1.0,0.9114600634175055,0.015943087820424758
redundant,0.5,27,VIF+CART,0.7566666666666667,0.7566423308997566,0.8002089260312945,0.8,0.8097005088007767,0.023261539257430543
redundant,0.5,27,Cluster+CART,0.7566666666666667,0.7566423308997566,0.8002089260312945,0.8,0.8097005088007767,0.023261539257430543
redundant,0.5,28,CART,0.7866666666666666,0.7865812991863412,0.7992308034324842,0.8,0.7853651489832523,0.03937356554597628
redundant,0.5,28,ACP-Gini a=0.5,0.7966666666666666,0.7964835018183032,0.8360677604375084,0.8,0.7564083307790455,0.04194600771453329
redundant,0.5,28,Tree-global a=0.5,0.7933333333333333,0.7931862657890055,0.8374683206615979,0.8,0.7732197925538602,0.04883081867602646
redundant,0.5,28,ACP-Gini a=1.0,0.7933333333333333,0.7933333333333333,0.8108576764038948,0.8,0.771217309945962,0.040424749631461906
redundant,0.5,28,Tree-global a=1.0,0.7933333333333333,0.7933241477398996,0.8191721132897604,0.8,0.9666778681106972,0.0913994739613484
redundant,0.5,28,ACP-Gini node a=1.0,0.7966666666666666,0.7966101694915255,0.8257747543461829,0.8,0.8098101088529525,0.04445158568950686
redundant,0.5,28,VIF+CART,0.7866666666666666,0.7865812991863412,0.7992308034324842,0.8,0.7853651489832523,0.03937356554597628
redundant,0.5,28,Cluster+CART,0.7866666666666666,0.7865812991863412,0.7992308034324842,0.8,0.7853651489832523,0.03937356554597628
redundant,0.5,29,CART,0.7666666666666667,0.7661574094695114,0.8011123470522803,0.8,0.8827956381146468,0.01890723019502457
redundant,0.5,29,ACP-Gini a=0.5,0.7766666666666666,0.7762465073304317,0.8089432703003336,1.0,0.9071156620185363,0.026722060901921772
redundant,0.5,29,Tree-global a=0.5,0.7633333333333333,0.7628880898576216,0.8317241379310345,0.8,0.9411245403544154,0.04643720266319429
redundant,0.5,29,ACP-Gini a=1.0,0.7766666666666666,0.7762465073304317,0.8284983314794216,1.0,0.944854800265207,0.034129979622388895
redundant,0.5,29,Tree-global a=1.0,0.7866666666666666,0.786628733997155,0.8400667408231368,0.8,0.9288843329421155,0.04022297760080869
redundant,0.5,29,ACP-Gini node a=1.0,0.7733333333333333,0.7726867534319843,0.8279866518353727,1.0,0.9216341318962943,0.026232422976578337
redundant,0.5,29,VIF+CART,0.7666666666666667,0.7661574094695114,0.8011123470522803,0.8,0.8827956381146468,0.01890723019502457
redundant,0.5,29,Cluster+CART,0.7666666666666667,0.7661574094695114,0.8011123470522803,0.8,0.8827956381146468,0.01890723019502457
redundant,0.7,0,CART,0.82,0.8199919996444287,0.8255255789146184,0.8,0.9320482870994764,0.018820311180806
redundant,0.7,0,ACP-Gini a=0.5,0.83,0.8299981110901232,0.8537046090937375,0.8,0.8624550191999297,0.022171284877657592
redundant,0.7,0,Tree-global a=0.5,0.8033333333333333,0.8031561738898343,0.8560602693453042,0.8,0.7970805495793163,0.05732347686642092
redundant,0.7,0,ACP-Gini a=1.0,0.83,0.8299073940256362,0.8558380372460999,0.8,0.8553534075237982,0.023374402989483085
redundant,0.7,0,Tree-global a=1.0,0.82,0.8198719089130049,0.8526378950175564,0.8,1.0,0.051036686656877314
redundant,0.7,0,ACP-Gini node a=1.0,0.8233333333333334,0.8233313703485594,0.8506600293346371,0.8,0.9586022117073867,0.02323497115157997
redundant,0.7,0,VIF+CART,0.82,0.8199919996444287,0.8255255789146184,0.8,0.9320482870994764,0.018820311180806
redundant,0.7,0,Cluster+CART,0.82,0.8199919996444287,0.8255255789146184,0.8,0.9320482870994764,0.018820311180806005
redundant,0.7,1,CART,0.8033333333333333,0.8032262009316183,0.8487731152204836,0.6,0.7250174452571738,0.045256538837801355
redundant,0.7,1,ACP-Gini a=0.5,0.7966666666666666,0.7962841335396467,0.8526404694167853,0.8,0.778408537133998,0.055149613833683206
redundant,0.7,1,Tree-global a=0.5,0.8266666666666667,0.8261722232126939,0.8905138691322902,0.8,0.8959781176620163,0.04387600981306867
redundant,0.7,1,ACP-Gini a=1.0,0.8033333333333333,0.8030685699662881,0.8523293029871979,0.8,0.7774684910448988,0.0553689930347485
redundant,0.7,1,Tree-global a=1.0,0.8266666666666667,0.8265433196940046,0.8704214082503556,0.8,0.9582261630243769,0.08247424062823243
redundant,0.7,1,ACP-Gini node a=1.0,0.7933333333333333,0.7927438045997504,0.8645092460881934,1.0,0.7598974457126004,0.027811624994857433
redundant,0.7,1,VIF+CART,0.8033333333333333,0.8032262009316183,0.8487731152204836,0.6,0.7250174452571738,0.045256538837801355
redundant,0.7,1,Cluster+CART,0.7866666666666666,0.7864293659621802,0.8151893669985775,0.8,0.7881566458237191,0.04621148878101866
redundant,0.7,2,CART,0.7833333333333333,0.7822664388838643,0.8749777619640633,0.8,0.7062205076754974,0.03508652185478009
redundant,0.7,2,ACP-Gini a=0.5,0.8233333333333334,0.822463404012997,0.87313200498132,0.8,0.9416042960992443,0.03485045652349844
redundant,0.7,2,Tree-global a=0.5,0.8333333333333334,0.8331479421579533,0.8655933107987902,1.0,0.9668208821099487,0.03478712041545445
redundant,0.7,2,ACP-Gini a=1.0,0.8266666666666667,0.8258928571428572,0.8888987724604163,0.8,0.9727315806137927,0.055174765640918465
redundant,0.7,2,Tree-global a=1.0,0.8266666666666667,0.8260404121504081,0.8898327699697564,0.8,0.8,0.0552956015442282
redundant,0.7,2,ACP-Gini node a=1.0,0.8133333333333334,0.8125,0.8756226650062267,0.8,0.928536868496099,0.054402477674974865
redundant,0.7,2,VIF+CART,0.7833333333333333,0.7822664388838643,0.8749777619640633,0.8,0.7062205076754974,0.03508652185478009
redundant,0.7,2,Cluster+CART,0.8133333333333334,0.8116929698708751,0.8948585660914428,0.8,0.9431659447041341,0.055493234521127005
redundant,0.7,3,CART,0.7633333333333333,0.7630147197899397,0.7943686386061602,0.8,0.6720026084062297,0.03973776556447122
redundant,0.7,3,ACP-Gini a=0.5,0.7833333333333333,0.7833116644997833,0.8231032490332904,0.8,0.6810512480690385,0.05148006242624763
redundant,0.7,3,Tree-global a=0.5,0.7433333333333333,0.7431021252460548,0.816880750255567,0.6,0.7537901624964427,0.09994982936125416
redundant,0.7,3,ACP-Gini a=1.0,0.7933333333333333,0.7932506335867681,0.8384817102982356,0.8,0.6886493411438742,0.05697628390296128
redundant,0.7,3,Tree-global a=1.0,0.7833333333333333,0.7824607592677295,0.8378816836303835,1.0,1.0,0.05601987833068421
redundant,0.7,3,ACP-Gini node a=1.0,0.8,0.8,0.828325703364594,0.8,0.6891337121336591,0.07287798137188599
redundant,0.7,3,VIF+CART,0.7633333333333333,0.7630147197899397,0.7943686386061602,0.8,0.6720026084062297,0.03973776556447122
redundant,0.7,3,Cluster+CART,0.7633333333333333,0.7627401837928154,0.79990221787635,0.8,0.688988078420405,0.0463077071154485
redundant,0.7,4,CART,0.81,0.8097442116623461,0.8681321123755334,0.8,0.8097992685217902,0.0
redundant,0.7,4,ACP-Gini a=0.5,0.7966666666666666,0.7962841335396467,0.862353307254623,0.8,0.7915825584535665,0.013636290054156676
redundant,0.7,4,Tree-global a=0.5,0.7833333333333333,0.7827903091060986,0.8544630156472262,0.6,0.9155639515625736,0.039213908131426264
redundant,0.7,4,ACP-Gini a=1.0,0.7966666666666666,0.7962841335396467,0.862353307254623,0.8,0.7915825584535665,0.013636290054156676
redundant,0.7,4,Tree-global a=1.0,0.79,0.7898108297467721,0.8589527027027027,0.8,1.0,0.04035312360173059
redundant,0.7,4,ACP-Gini node a=1.0,0.7533333333333333,0.753234627184207,0.8323035206258891,0.8,0.8587965868482575,0.018978938244434834
redundant,0.7,4,VIF+CART,0.81,0.8097442116623461,0.8681321123755334,0.8,0.8097992685217902,0.0
redundant,0.7,4,Cluster+CART,0.8133333333333334,0.8131256952169077,0.8716438477951636,0.8,0.870912827440392,0.00564163450308615
redundant,0.7,5,CART,0.8233333333333334,0.8233156648998233,0.847972972972973,0.6,0.8038825692423994,0.004941810589495208
redundant,0.7,5,ACP-Gini a=0.5,0.82,0.82,0.8643758890469416,0.8,0.9301423175541045,0.010076111859555374
redundant,0.7,5,Tree-global a=0.5,0.8133333333333334,0.8133250366682965,0.8652871621621621,0.8,0.9532349096574609,0.023754376264102154
redundant,0.7,5,ACP-Gini a=1.0,0.8133333333333334,0.813200498132005,0.8710659672830725,0.8,0.9291419045260263,0.03153824170935733
redundant,0.7,5,Tree-global a=1.0,0.8066666666666666,0.8065893023876217,0.8677320412517782,0.8,1.0,0.052340954679855584
redundant,0.7,5,ACP-Gini node a=1.0,0.8233333333333334,0.8233156648998233,0.8506178876244664,0.8,0.859562950614909,0.04228336806498792
redundant,0.7,5,VIF+CART,0.8233333333333334,0.8233156648998233,0.847972972972973,0.6,0.8038825692423994,0.004941810589495208
redundant,0.7,5,Cluster+CART,0.8166666666666667,0.8165015180328963,0.8350817923186344,0.6,0.7995674467993791,0.01989604330651672
redundant,0.7,6,CART,0.7933333333333333,0.7933333333333333,0.8309699502133712,0.8,0.7184823168356399,0.013078569715160176
redundant,0.7,6,ACP-Gini a=0.5,0.7666666666666667,0.7666562958353704,0.8204125177809389,0.8,0.7751629112199374,0.03754324986866063
redundant,0.7,6,Tree-global a=0.5,0.77,0.769792813532179,0.8412162162162162,0.8,0.9106715867397192,0.050801608466347944
redundant,0.7,6,ACP-Gini a=1.0,0.76,0.7596153846153846,0.817278627311522,0.8,0.7576503854128324,0.03915871340286525
redundant,0.7,6,Tree-global a=1.0,0.76,0.7599039615846338,0.7888068990042674,0.8,0.9643958337350185,0.08502170089859463
redundant,0.7,6,ACP-Gini node a=1.0,0.7833333333333333,0.783138157675241,0.8156783428165006,0.8,0.7287094233211817,0.06178108052657196
redundant,0.7,6,VIF+CART,0.7933333333333333,0.7933333333333333,0.8309699502133712,0.8,0.7184823168356399,0.013078569715160176
redundant,0.7,6,Cluster+CART,0.81,0.8099978888654318,0.8478840682788051,0.8,0.8405624030425664,0.014285173246307951
redundant,0.7,7,CART,0.7633333333333333,0.7628880898576216,0.8173081201334815,1.0,0.7375572041585671,0.017600661570822098
redundant,0.7,7,ACP-Gini a=0.5,0.79,0.789717286574172,0.8431590656284762,1.0,0.7378894975895092,0.01752360676365786
redundant,0.7,7,Tree-global a=0.5,0.7833333333333333,0.7824607592677295,0.8423804226918798,0.8,0.9019115952903594,0.038588989080200364
redundant,0.7,7,ACP-Gini a=1.0,0.7966666666666666,0.79639292827023,0.8451390433815351,1.0,0.7361317625453703,0.024402882543936598
redundant,0.7,7,Tree-global a=1.0,0.7933333333333333,0.7924107142857143,0.8547052280311457,0.8,1.0,0.04917958270796817
redundant,0.7,7,ACP-Gini node a=1.0,0.78,0.7793724371545729,0.8275194660734149,1.0,0.7811631361013042,0.023526762755954465
redundant,0.7,7,VIF+CART,0.7633333333333333,0.7628880898576216,0.8173081201334815,1.0,0.7375572041585671,0.017600661570822098
redundant,0.7,7,Cluster+CART,0.7733333333333333,0.7725143851197644,0.8399999999999999,1.0,0.768181047527445,0.03265103601109097
redundant,0.7,8,CART,0.7933333333333333,0.7932506335867681,0.8298567870485678,0.8,0.7314732591007287,0.01836046084876404
redundant,0.7,8,ACP-Gini a=0.5,0.78,0.7799608819345661,0.8250088952143746,0.8,0.7424885111276097,0.02308658830796607
redundant,0.7,8,Tree-global a=0.5,0.72,0.7198879551820728,0.7919631738124889,0.8,0.8171114101462065,0.03075560466576909
redundant,0.7,8,ACP-Gini a=1.0,0.75,0.7498638147435825,0.8248754669987547,0.8,0.7816803990716463,0.02264368921709909
redundant,0.7,8,Tree-global a=1.0,0.7,0.6999866660740477,0.7694138053727095,0.8,0.8564060945597923,0.06977709011593348
redundant,0.7,8,ACP-Gini node a=1.0,0.7566666666666667,0.756599055293137,0.8283668386408112,0.8,0.6881155095681373,0.026769073520568773
redundant,0.7,8,VIF+CART,0.7933333333333333,0.7932506335867681,0.8298567870485678,0.8,0.7314732591007287,0.01836046084876404
redundant,0.7,8,Cluster+CART,0.79,0.78997899789979,0.8329701120797011,0.8,0.7692895300855371,0.023835974296108266
redundant,0.7,9,CART,0.85,0.8497178034308869,0.8996444444444444,0.8,0.7984218366067625,0.0024465594909221285
redundant,0.7,9,ACP-Gini a=0.5,0.83,0.8299527646568491,0.8959777777777778,0.8,0.8559517230797169,0.016101931670291312
redundant,0.7,9,Tree-global a=0.5,0.8333333333333334,0.8331479421579533,0.8961777777777779,0.8,0.913396515574618,0.017858150848807146
redundant,0.7,9,ACP-Gini a=1.0,0.8333333333333334,0.8333259255966932,0.8926222222222222,0.8,0.8752077775764391,0.030150577816253108
redundant,0.7,9,Tree-global a=1.0,0.8366666666666667,0.8366212836899138,0.8856444444444445,1.0,0.923088521623978,0.03987986773358984
redundant,0.7,9,ACP-Gini node a=1.0,0.83,0.82977113675052,0.9031555555555555,0.8,0.7857196812210027,0.03575420242131412
redundant,0.7,9,VIF+CART,0.85,0.8497178034308869,0.8996444444444444,0.8,0.7984218366067625,0.0024465594909221285
redundant,0.7,9,Cluster+CART,0.8566666666666667,0.8565375504620825,0.887888888888889,0.8,0.8136152748684703,0.008565742230789056
redundant,0.7,10,CART,0.7933333333333333,0.7917692893287358,0.8607887599484239,0.8,0.7131729529672481,0.0
redundant,0.7,10,ACP-Gini a=0.5,0.8233333333333334,0.822890559732665,0.8527633275532435,1.0,0.7964974910086151,0.025713735434118867
redundant,0.7,10,Tree-global a=0.5,0.8333333333333334,0.8330662393162394,0.8682806455915699,1.0,0.8852588129575605,0.0425612720226129
redundant,0.7,10,ACP-Gini a=1.0,0.82,0.818840579710145,0.8629674091858965,0.8,0.7598552269124366,0.024950042584556187
redundant,0.7,10,Tree-global a=1.0,0.8266666666666667,0.8265433196940046,0.8750611355653373,1.0,1.0,0.05279756592149807
redundant,0.7,10,ACP-Gini node a=1.0,0.7966666666666666,0.794472085266007,0.8579876395002446,0.8,0.6690598626860077,0.018711914420258775
redundant,0.7,10,VIF+CART,0.7933333333333333,0.7917692893287358,0.8607887599484239,0.8,0.7131729529672481,0.0
redundant,0.7,10,Cluster+CART,0.7933333333333333,0.7909548642330516,0.876217153528078,1.0,0.8002400656392729,0.0
redundant,0.7,11,CART,0.8,0.7998576765700054,0.856324656801569,0.8,0.8387832862167173,0.00945797673670832
redundant,0.7,11,ACP-Gini a=0.5,0.8266666666666667,0.8266358463726885,0.8457835621322874,0.8,0.8207469381462706,0.014125746308057983
redundant,0.7,11,Tree-global a=0.5,0.8333333333333334,0.8333036984352773,0.8410590123016581,1.0,0.9061193751954194,0.018709621520626676
redundant,0.7,11,ACP-Gini a=1.0,0.8333333333333334,0.8332666399893291,0.8457612765198789,1.0,0.8389413234701198,0.00453720092255412
redundant,0.7,11,Tree-global a=1.0,0.8366666666666667,0.8366212836899138,0.8815965412729542,1.0,0.9138284797896844,0.03125274778222405
redundant,0.7,11,ACP-Gini node a=1.0,0.8333333333333334,0.8332666399893291,0.8544972365840613,1.0,0.883896996785009,0.014214436471814997
redundant,0.7,11,VIF+CART,0.8,0.7998576765700054,0.856324656801569,0.8,0.8387832862167173,0.00945797673670832
redundant,0.7,11,Cluster+CART,0.8133333333333334,0.813034188034188,0.8614057764307363,1.0,0.9094445782862259,0.009609883783500538
redundant,0.7,12,CART,0.8066666666666666,0.8066666666666666,0.8627311522048364,0.8,0.7837595142138087,0.028689168127328513
redundant,0.7,12,ACP-Gini a=0.5,0.8133333333333334,0.813200498132005,0.8778894025604551,0.8,0.7465138929979641,0.03064247829252484
redundant,0.7,12,Tree-global a=0.5,0.8166666666666667,0.8157639098248082,0.875022226173542,1.0,0.825297434762623,0.049025351782796905
redundant,0.7,12,ACP-Gini a=1.0,0.8233333333333334,0.8230954950544621,0.8938477951635847,0.8,0.7577298193351033,0.03855869084628699
redundant,0.7,12,Tree-global a=1.0,0.7966666666666666,0.7962841335396467,0.8691322901849217,0.8,0.9425125187571108,0.060561909977484986
redundant,0.7,12,ACP-Gini node a=1.0,0.8366666666666667,0.836664851831687,0.8884468349928877,1.0,0.7855903051590991,0.038788438061747976
redundant,0.7,12,VIF+CART,0.8066666666666666,0.8066666666666666,0.8627311522048364,0.8,0.7837595142138087,0.028689168127328513
redundant,0.7,12,Cluster+CART,0.8133333333333334,0.8133250366682965,0.8922030583214794,0.8,0.8386995703734144,0.04163354053003685
redundant,0.7,13,CART,0.8133333333333334,0.8133001422475107,0.8354818634423897,1.0,0.8997395441317362,0.0013983900258895017
redundant,0.7,13,ACP-Gini a=0.5,0.8133333333333334,0.8133250366682965,0.8411273115220483,1.0,0.8871431513381328,0.013840464758625964
redundant,0.7,13,Tree-global a=0.5,0.7966666666666666,0.7965559026581139,0.8266136201991465,1.0,0.9103650278100279,0.02919007458300673
redundant,0.7,13,ACP-Gini a=1.0,0.8133333333333334,0.8133250366682965,0.8416162873399716,1.0,0.901852536673138,0.014963897132011805
redundant,0.7,13,Tree-global a=1.0,0.81,0.8099809980998101,0.867198613086771,1.0,0.9923789629793489,0.06319822550810555
redundant,0.7,13,ACP-Gini node a=1.0,0.79,0.789717286574172,0.8393714438122333,1.0,0.8499997388747982,0.014961281981273087
redundant,0.7,13,VIF+CART,0.8133333333333334,0.8133001422475107,0.8354818634423897,1.0,0.8997395441317362,0.0013983900258895017
redundant,0.7,13,Cluster+CART,0.8133333333333334,0.8133333333333334,0.8254134068278804,1.0,0.9044657989228962,0.0014050422674750924
redundant,0.7,14,CART,0.8033333333333333,0.8033136646998034,0.8587657285136276,0.8,0.8849135188240886,0.008424256903558854
redundant,0.7,14,ACP-Gini a=0.5,0.8033333333333333,0.8033311481238681,0.8599439775910364,1.0,0.9429289450680638,0.009719996036446925
redundant,0.7,14,Tree-global a=0.5,0.8133333333333334,0.8133333333333334,0.8686585745409274,1.0,0.9548012339013991,0.001210426903196819
redundant,0.7,14,ACP-Gini a=1.0,0.8166666666666667,0.8164198533584041,0.8708594548930683,1.0,0.9473200865139265,0.009723427793234523
redundant,0.7,14,Tree-global a=1.0,0.8133333333333334,0.8133333333333334,0.8686585745409274,1.0,0.9548012339013991,0.001210426903196819
redundant,0.7,14,ACP-Gini node a=1.0,0.8266666666666667,0.8262883613202086,0.8714374638744385,0.8,0.9145157963025434,0.009675993213983302
redundant,0.7,14,VIF+CART,0.8033333333333333,0.8033136646998034,0.8587657285136276,0.8,0.8849135188240886,0.008424256903558854
redundant,0.7,14,Cluster+CART,0.8,0.7999644381223329,0.8574985549775465,0.8,0.883032518223251,0.008375476640019402
redundant,0.7,15,CART,0.8133333333333334,0.8126589053927473,0.8721488595438176,0.8,0.6590162763445083,0.01412005904470984
redundant,0.7,15,ACP-Gini a=0.5,0.8133333333333334,0.8128008557675166,0.8730603352452091,0.8,0.8711119578220771,0.020777118671862323
redundant,0.7,15,Tree-global a=0.5,0.8033333333333333,0.802541304566093,0.8713485394157663,0.8,0.9392042639406128,0.022773029399707052
redundant,0.7,15,ACP-Gini a=1.0,0.8133333333333334,0.8128008557675166,0.8701258281090214,0.8,0.8923338150841372,0.020902097958098637
redundant,0.7,15,Tree-global a=1.0,0.8033333333333333,0.802541304566093,0.8654350629140546,0.8,1.0,0.022909625801494565
redundant,0.7,15,ACP-Gini node a=1.0,0.8033333333333333,0.8021705357043064,0.8575207860922147,1.0,0.8229445783686875,0.009231820704890346
redundant,0.7,15,VIF+CART,0.8133333333333334,0.8126589053927473,0.8721488595438176,0.8,0.6590162763445083,0.01412005904470984
redundant,0.7,15,Cluster+CART,0.81,0.8090644156366193,0.8628117913832198,0.8,0.8715127580636413,0.0027146529841617743
redundant,0.7,16,CART,0.7833333333333333,0.783273131425396,0.8206006674082312,0.8,0.8023573938570955,0.03393423069567034
redundant,0.7,16,ACP-Gini a=0.5,0.7966666666666666,0.7961570593149541,0.8309454949944383,0.8,0.8202941052524159,0.030003521807041644
redundant,0.7,16,Tree-global a=0.5,0.78,0.7793724371545729,0.8049388209121247,0.8,0.8143994465466905,0.07357210557394524
redundant,0.7,16,ACP-Gini a=1.0,0.7933333333333333,0.79288227695871,0.8328587319243603,0.8,0.7754931790537484,0.029867663724049417
redundant,0.7,16,Tree-global a=1.0,0.7766666666666666,0.7763660031820558,0.8145939933259176,0.8,0.9755836556382054,0.07442065510368782
redundant,0.7,16,ACP-Gini node a=1.0,0.8,0.7994294883223391,0.8286985539488321,0.8,0.8551228970977611,0.05655343735024305
redundant,0.7,16,VIF+CART,0.7833333333333333,0.783273131425396,0.8206006674082312,0.8,0.8023573938570955,0.03393423069567034
redundant,0.7,16,Cluster+CART,0.7833333333333333,0.783273131425396,0.8206006674082312,0.8,0.8023573938570955,0.03393423069567034
redundant,0.7,17,CART,0.7533333333333333,0.7519996425220072,0.7558237940403546,0.8,0.7775343397485843,0.010632616784638204
redundant,0.7,17,ACP-Gini a=0.5,0.8033333333333333,0.8023649214484306,0.8629905126720414,0.8,0.7457873648380289,0.01642221547745601
redundant,0.7,17,Tree-global a=0.5,0.7466666666666667,0.7461137588526123,0.8105875016703042,0.8,0.8915296717999255,0.042774512541419764
redundant,0.7,17,ACP-Gini a=1.0,0.8,0.7984864090278089,0.8574673733909404,0.8,0.7990739802692625,0.012300929004167797
redundant,0.7,17,Tree-global a=1.0,0.76,0.7591328783621036,0.8216115095095987,0.8,1.0,0.05134292130464909
redundant,0.7,17,ACP-Gini node a=1.0,0.7766666666666666,0.7761069340016709,0.8317001469867713,0.8,0.7352677232432334,0.013466707631144225
redundant,0.7,17,VIF+CART,0.7533333333333333,0.7519996425220072,0.7558237940403546,0.8,0.7775343397485843,0.010632616784638204
redundant,0.7,17,Cluster+CART,0.72,0.7189883580891208,0.7370050331833772,0.8,0.8021251255050977,0.013271081982875192
redundant,0.7,18,CART,0.7966666666666666,0.7965559026581139,0.8656822629425369,0.8,0.8051949212306659,0.040436230919
redundant,0.7,18,ACP-Gini a=0.5,0.8066666666666666,0.8059681520139168,0.8403753780466109,0.8,0.7799282520636763,0.04244681413836036
redundant,0.7,18,Tree-global a=0.5,0.8,0.7998576765700054,0.8450453655933108,0.8,0.9130778784660336,0.04674220949078642
redundant,0.7,18,ACP-Gini a=1.0,0.81,0.8092348196655473,0.8522060131649172,0.8,0.7863874576962011,0.044467478350890356
redundant,0.7,18,Tree-global a=1.0,0.8,0.7987117552334944,0.8237635652019214,0.8,1.0,0.03944352487407696
redundant,0.7,18,ACP-Gini node a=1.0,0.8233333333333334,0.8227642095172276,0.8577432841131472,0.6,0.7615454294265103,0.04348041179804318
redundant,0.7,18,VIF+CART,0.7966666666666666,0.7965559026581139,0.8656822629425369,0.8,0.8051949212306659,0.040436230919
redundant,0.7,18,Cluster+CART,0.7966666666666666,0.7965559026581139,0.8672834015299768,0.8,0.8050568835268755,0.04051748402313553
redundant,0.7,19,CART,0.8166666666666667,0.8165667974786273,0.8547297297297297,0.8,0.7975841460947866,0.033215647751140026
redundant,0.7,19,ACP-Gini a=0.5,0.8166666666666667,0.8165015180328963,0.8714660384068278,0.8,0.7948923454046295,0.014695610480803258
redundant,0.7,19,Tree-global a=0.5,0.7966666666666666,0.7966644073823043,0.8207681365576103,0.8,0.9011318074320498,0.08390022856311691
redundant,0.7,19,ACP-Gini a=1.0,0.8166666666666667,0.8164198533584041,0.8633979374110952,0.8,0.8209606344227657,0.027787938032023965
redundant,0.7,19,Tree-global a=1.0,0.8,0.7999911107160318,0.8591971906116642,0.8,1.0,0.06068081879924765
redundant,0.7,19,ACP-Gini node a=1.0,0.83,0.8299073940256362,0.8686210881934566,1.0,0.8609507213393781,0.03342209212683003
redundant,0.7,19,VIF+CART,0.8166666666666667,0.8165667974786273,0.8547297297297297,0.8,0.7975841460947866,0.033215647751140026
redundant,0.7,19,Cluster+CART,0.8133333333333334,0.813200498132005,0.8440611664295874,0.8,0.8142054880654804,0.033117830242936755
redundant,0.7,20,CART,0.7733333333333333,0.7732426303854876,0.8328659188034189,0.6,0.7435026691084674,0.03740752681925509
redundant,0.7,20,ACP-Gini a=0.5,0.7733333333333333,0.772838626341811,0.8371394230769231,0.8,0.7717798878502327,0.03610010604826959
redundant,0.7,20,Tree-global a=0.5,0.8066666666666666,0.8054213633923779,0.8573050213675214,0.8,0.9265551297598144,0.03146853498807395
redundant,0.7,20,ACP-Gini a=1.0,0.79,0.7889659330720531,0.8536769943019943,0.8,0.7883634981985201,0.041720953445122944
redundant,0.7,20,Tree-global a=1.0,0.8166666666666667,0.8151695399401822,0.8739983974358974,0.8,1.0,0.0442108024059763
redundant,0.7,20,ACP-Gini node a=1.0,0.8033333333333333,0.8032262009316183,0.848201566951567,0.8,0.7707125310314019,0.02271265324228401
redundant,0.7,20,VIF+CART,0.7733333333333333,0.7732426303854876,0.8328659188034189,0.6,0.7435026691084674,0.03740752681925509
redundant,0.7,20,Cluster+CART,0.8266666666666667,0.8257294785289782,0.8666755698005698,0.8,0.8089846536802036,0.01054002211763017
redundant,0.7,21,CART,0.7766666666666666,0.7763660031820558,0.8337926742532006,0.8,0.8964050697200164,0.0014527568714431548
redundant,0.7,21,ACP-Gini a=0.5,0.7766666666666666,0.7762465073304317,0.8505067567567568,0.8,0.9123816976261437,0.0014424162655824904
redundant,0.7,21,Tree-global a=0.5,0.7733333333333333,0.7721077796148175,0.8347928520625889,0.8,0.9606153972847256,0.04104532751900322
redundant,0.7,21,ACP-Gini a=1.0,0.77,0.7695672985940265,0.8438166785206259,0.8,0.8945666591257087,0.007516958745185251
redundant,0.7,21,Tree-global a=1.0,0.7933333333333333,0.7930021367521367,0.8407716927453768,0.8,0.9821051546264362,0.05059014975970067
redundant,0.7,21,ACP-Gini node a=1.0,0.79,0.7898856043846094,0.8496621621621622,0.8,0.8316757263562622,0.0014459766335441252
redundant,0.7,21,VIF+CART,0.7766666666666666,0.7763660031820558,0.8337926742532006,0.8,0.8964050697200164,0.0014527568714431548
redundant,0.7,21,Cluster+CART,0.7766666666666666,0.7763660031820558,0.8381490042674253,0.8,0.8720462049310737,0.0
redundant,0.7,22,CART,0.8,0.7999199679871949,0.8647681294740116,0.8,0.7948552926888948,0.014156012846303526
redundant,0.7,22,ACP-Gini a=0.5,0.8166666666666667,0.8166646296069957,0.8807967631497043,0.8,0.8132955307669963,0.0
redundant,0.7,22,Tree-global a=0.5,0.7866666666666666,0.7866571847637673,0.8405806767151305,0.8,0.8378186610481679,0.05144664631253812
redundant,0.7,22,ACP-Gini a=1.0,0.8133333333333334,0.8133250366682965,0.8828642568138367,0.8,0.753577861976495,0.0034870771973188764
redundant,0.7,22,Tree-global a=1.0,0.75,0.7482517482517483,0.7986083322217776,1.0,0.9790786905721169,0.10256377854153469
redundant,0.7,22,ACP-Gini node a=1.0,0.8133333333333334,0.8133250366682965,0.8776621759815038,0.8,0.7949039606868761,0.0015333778667197277
redundant,0.7,22,VIF+CART,0.8,0.7999199679871949,0.8647681294740116,0.8,0.7948552926888948,0.014156012846303526
redundant,0.7,22,Cluster+CART,0.8066666666666666,0.8063568376068376,0.8675025565781868,0.8,0.9331830136945924,0.035748900096857904
redundant,0.7,23,CART,0.7866666666666666,0.7863247863247863,0.8546824303302368,0.8,0.6557087830396134,0.05299396807347985
redundant,0.7,23,ACP-Gini a=0.5,0.7833333333333333,0.783273131425396,0.8353260144895329,0.8,0.6612780334363776,0.051783723390021255
redundant,0.7,23,Tree-global a=0.5,0.7133333333333334,0.7128739316239316,0.8114805102448999,0.8,0.7857537089080601,0.06809467118968059
redundant,0.7,23,ACP-Gini a=1.0,0.8,0.7999199679871949,0.8377927907907018,0.8,0.6027580954531807,0.031017322740202743
redundant,0.7,23,Tree-global a=1.0,0.69,0.6899965555172836,0.7358993733054802,0.8,0.8084244829597582,0.12453383756105213
redundant,0.7,23,ACP-Gini node a=1.0,0.7966666666666666,0.7965559026581139,0.843548602160096,0.8,0.762643490696101,0.07032082487863886
redundant,0.7,23,VIF+CART,0.7866666666666666,0.7863247863247863,0.8546824303302368,0.8,0.6557087830396134,0.05299396807347985
redundant,0.7,23,Cluster+CART,0.7766666666666666,0.7764654856037101,0.8479487977243432,0.8,0.685413421690712,0.06756502441983919
redundant,0.7,24,CART,0.7566666666666667,0.7554684621311091,0.8287010143438045,0.8,0.8083618978885315,0.01297740035968273
redundant,0.7,24,ACP-Gini a=0.5,0.7566666666666667,0.7554684621311091,0.8243442513070289,0.8,0.8110385592544646,0.03054151993218398
redundant,0.7,24,Tree-global a=0.5,0.79,0.7898856043846094,0.8175298270700211,1.0,0.9751620871230692,0.008090850436336713
redundant,0.7,24,ACP-Gini a=1.0,0.7533333333333333,0.7522321428571429,0.8231377630814602,0.8,0.8567217211372438,0.030792169345982057
redundant,0.7,24,Tree-global a=1.0,0.7666666666666667,0.765625,0.8328120112605567,1.0,1.0,0.012957977117626626
redundant,0.7,24,ACP-Gini node a=1.0,0.7766666666666666,0.7761069340016709,0.8506188837749675,0.8,0.7985308992135889,0.02697590810607021
redundant,0.7,24,VIF+CART,0.7566666666666667,0.7554684621311091,0.8287010143438045,0.8,0.8083618978885315,0.01297740035968273
redundant,0.7,24,Cluster+CART,0.75,0.7491946361092843,0.826042271772644,0.8,0.8429310265173097,0.012635985748650947
redundant,0.7,25,CART,0.7533333333333333,0.752794975724912,0.7572336548291037,0.8,0.8718341028472054,0.024241680218202055
redundant,0.7,25,ACP-Gini a=0.5,0.76,0.7589285714285714,0.7913907284768211,1.0,0.855749605049172,0.01674104655280486
redundant,0.7,25,Tree-global a=0.5,0.7566666666666667,0.7562088811212164,0.7925018889728432,0.8,0.9025122624263504,0.04134088546829859
redundant,0.7,25,ACP-Gini a=1.0,0.76,0.7589285714285714,0.7940130672474333,1.0,0.8616839118055213,0.016785108083272847
redundant,0.7,25,Tree-global a=1.0,0.7533333333333333,0.7529380341880342,0.8089470643139695,1.0,0.9314202926912885,0.0050443639777257975
redundant,0.7,25,ACP-Gini node a=1.0,0.77,0.7690737290688205,0.816080714698431,1.0,0.8470278133005014,0.01696013834214351
redundant,0.7,25,VIF+CART,0.7533333333333333,0.752794975724912,0.7572336548291037,0.8,0.8718341028472054,0.024241680218202055
redundant,0.7,25,Cluster+CART,0.76,0.7587023548862772,0.7691675185563804,0.8,0.8543411196082943,0.024275969927024542
redundant,0.7,26,CART,0.7433333333333333,0.7426900584795322,0.7849682208098139,0.8,0.8112505441648414,0.028596982259903925
redundant,0.7,26,ACP-Gini a=0.5,0.7733333333333333,0.7730812013348165,0.8082136983865951,0.8,0.7978231638226034,0.02501703730487774
redundant,0.7,26,Tree-global a=0.5,0.7666666666666667,0.7665006226650062,0.8191030712476111,0.8,0.8091430976851834,0.03303446988656672
redundant,0.7,26,ACP-Gini a=1.0,0.7666666666666667,0.765823631740934,0.8008355926930086,0.8,0.7866132372222816,0.025368435468477148
redundant,0.7,26,Tree-global a=1.0,0.76,0.7597330367074526,0.8417485221565404,0.8,0.938221840194781,0.05904717991443163
redundant,0.7,26,ACP-Gini node a=1.0,0.7666666666666667,0.7660010697093956,0.8192808569269746,0.8,0.8098441207929534,0.022358394126575466
redundant,0.7,26,VIF+CART,0.7433333333333333,0.7426900584795322,0.7849682208098139,0.8,0.8112505441648414,0.028596982259903925
redundant,0.7,26,Cluster+CART,0.74,0.7392583348190409,0.7828347926574515,0.8,0.8396413349703813,0.02870860917569116
redundant,0.7,27,CART,0.78,0.779990221787635,0.8231685633001422,0.8,0.8027998430927887,0.016081606356919197
redundant,0.7,27,ACP-Gini a=0.5,0.7833333333333333,0.7830416448781139,0.8180343172119489,0.8,0.7063181940098061,0.016258019115860604
redundant,0.7,27,Tree-global a=0.5,0.8033333333333333,0.8029633422760517,0.8711326458036983,1.0,0.8480538503145196,0.05621779131131503
redundant,0.7,27,ACP-Gini a=1.0,0.8,0.8,0.8431721194879089,0.8,0.7828237035576284,0.018761674727527704
redundant,0.7,27,Tree-global a=1.0,0.8066666666666666,0.8063568376068376,0.8757556899004267,1.0,0.989812213191622,0.07862284006498951
redundant,0.7,27,ACP-Gini node a=1.0,0.83,0.82977113675052,0.8683543741109531,0.8,0.7374950324727726,0.025565802674757793
redundant,0.7,27,VIF+CART,0.78,0.779990221787635,0.8231685633001422,0.8,0.8027998430927887,0.016081606356919197
redundant,0.7,27,Cluster+CART,0.78,0.7799608819345661,0.8185899715504978,0.8,0.780490371609108,0.016047926771584387
redundant,0.7,28,CART,0.7966666666666666,0.7966644073823043,0.8352007469654529,1.0,0.8018323592778114,0.021794659442989868
redundant,0.7,28,ACP-Gini a=0.5,0.8,0.8,0.8429594059846162,0.8,0.7323246350222935,0.04415606960398035
redundant,0.7,28,Tree-global a=0.5,0.7833333333333333,0.7833309258991767,0.8072340047129963,1.0,0.9675283177321633,0.051937028941818904
redundant,0.7,28,ACP-Gini a=1.0,0.7966666666666666,0.79639292827023,0.8390244986883642,0.8,0.763921408587598,0.03989019283442659
redundant,0.7,28,Tree-global a=1.0,0.8066666666666666,0.8065893023876217,0.866568849762127,1.0,0.9752274601641584,0.0693473139833949
redundant,0.7,28,ACP-Gini node a=1.0,0.7933333333333333,0.7931862657890055,0.8406251389444666,0.8,0.8109206465892724,0.04034480057348059
redundant,0.7,28,VIF+CART,0.7966666666666666,0.7966644073823043,0.8352007469654529,1.0,0.8018323592778114,0.021794659442989868
redundant,0.7,28,Cluster+CART,0.8066666666666666,0.8066666666666666,0.8200835889911521,1.0,0.8043408930755431,0.035645804694246885
redundant,0.7,29,CART,0.74,0.7397107897664071,0.8032480533926585,0.8,0.8002702610255751,0.013564550934107498
redundant,0.7,29,ACP-Gini a=0.5,0.7766666666666666,0.7762465073304317,0.8179087875417129,0.8,0.8557974994541375,0.02186277780433617
redundant,0.7,29,Tree-global a=0.5,0.7833333333333333,0.783273131425396,0.8377975528364849,0.8,0.9621726122286807,0.040092109828964266
redundant,0.7,29,ACP-Gini a=1.0,0.77,0.7696903614859978,0.8243159065628476,0.8,0.8479964832593219,0.02966192366576942
redundant,0.7,29,Tree-global a=1.0,0.79,0.7899416504584607,0.8452725250278086,1.0,0.9750152837575925,0.023081937345608983
redundant,0.7,29,ACP-Gini node a=1.0,0.77,0.7692590652205415,0.8169521690767518,0.8,0.8478630263418495,0.01390692029926418
redundant,0.7,29,VIF+CART,0.74,0.7397107897664071,0.8032480533926585,0.8,0.8002702610255751,0.013564550934107498
redundant,0.7,29,Cluster+CART,0.74,0.7397107897664071,0.7989098998887653,0.8,0.805617510116601,0.013582294566164286
redundant,0.8,0,CART,0.8166666666666667,0.8166157265907197,0.8409040401795635,0.8,0.9324258451924432,0.022714935740422097
redundant,0.8,0,ACP-Gini a=0.5,0.83,0.8299981110901232,0.8544824214409529,0.8,0.8416773098420368,0.022596032750433717
redundant,0.8,0,Tree-global a=0.5,0.8033333333333333,0.8032786885245902,0.8605271345393128,0.8,0.9436625258126263,0.061969280558190634
redundant,0.8,0,ACP-Gini a=1.0,0.83,0.8299981110901232,0.8542601893417485,0.8,0.8284035724491575,0.023444413661127574
redundant,0.8,0,Tree-global a=1.0,0.82,0.8198719089130049,0.8526378950175564,0.8,1.0,0.051036686656877314
redundant,0.8,0,ACP-Gini node a=1.0,0.82,0.8199679943100995,0.8446153162362771,0.8,0.9253854611195784,0.023702191105160524
redundant,0.8,0,VIF+CART,0.8166666666666667,0.8166157265907197,0.8409040401795635,0.8,0.9324258451924432,0.022714935740422097
redundant,0.8,0,Cluster+CART,0.8166666666666667,0.8166157265907197,0.8397039868438597,0.8,0.9324258451924434,0.022714935740422104
redundant,0.8,1,CART,0.8,0.7992773986350863,0.8553965149359886,0.8,0.7406640809092185,0.03637536422182384
redundant,0.8,1,ACP-Gini a=0.5,0.8233333333333334,0.822890559732665,0.8700657894736843,0.8,0.7987966247193767,0.04168972727834159
redundant,0.8,1,Tree-global a=0.5,0.79,0.7889659330720531,0.8318145448079659,0.8,0.965744978786655,0.10326310949292668
redundant,0.8,1,ACP-Gini a=1.0,0.8266666666666667,0.8263888888888888,0.8769559032716927,0.8,0.8044381738061783,0.04222715667779274
redundant,0.8,1,Tree-global a=1.0,0.8266666666666667,0.8264738598442714,0.8600640113798008,1.0,1.0,0.0773848897426448
redundant,0.8,1,ACP-Gini node a=1.0,0.8,0.7997775305895439,0.8726217994310099,0.8,0.7271459512802196,0.04340865531130651
redundant,0.8,1,VIF+CART,0.8,0.7992773986350863,0.8553965149359886,0.8,0.7406640809092185,0.03637536422182384
redundant,0.8,1,Cluster+CART,0.8,0.7992773986350863,0.8609975106685632,0.8,0.8404649296413405,0.05468789967818593
redundant,0.8,2,CART,0.7833333333333333,0.7827903091060986,0.8571206191069205,0.6,0.7716711282158629,0.029409358129247817
redundant,0.8,2,ACP-Gini a=0.5,0.8033333333333333,0.8028404344193818,0.8688178260096068,0.8,0.8276685922291115,0.0378891729372962
redundant,0.8,2,Tree-global a=0.5,0.8366666666666667,0.8365195342474894,0.8693293008361502,1.0,0.9662294115663705,0.03734676311303038
redundant,0.8,2,ACP-Gini a=1.0,0.8033333333333333,0.8028404344193818,0.8565869062444404,0.8,0.8416856533795045,0.06564534257332102
redundant,0.8,2,Tree-global a=1.0,0.8266666666666667,0.8260404121504081,0.8898327699697564,0.8,0.8,0.0552956015442282
redundant,0.8,2,ACP-Gini node a=1.0,0.7933333333333333,0.7925866452562559,0.8460238391745241,0.6,0.6749166194236891,0.04991645656304637
redundant,0.8,2,VIF+CART,0.7833333333333333,0.7827903091060986,0.8571206191069205,0.6,0.7716711282158629,0.029409358129247817
redundant,0.8,2,Cluster+CART,0.8033333333333333,0.8029633422760517,0.8626578900551503,0.6,0.602898788208962,0.05541989529354283
redundant,0.8,3,CART,0.76,0.7594761925972118,0.7863016134050405,0.6,0.6971862936212785,0.01427003980432585
redundant,0.8,3,ACP-Gini a=0.5,0.7766666666666666,0.7764654856037101,0.8429707987021645,0.8,0.70809146265597,0.03405293298140756
redundant,0.8,3,Tree-global a=0.5,0.79,0.7898856043846094,0.8223921063158364,1.0,0.8356876214463131,0.10379757532864307
redundant,0.8,3,ACP-Gini a=1.0,0.7733333333333333,0.773172033446006,0.8451708964842882,0.8,0.7123214404198059,0.034223611783193
redundant,0.8,3,Tree-global a=1.0,0.7733333333333333,0.7725143851197644,0.8615494021956532,1.0,1.0,0.019237600496312755
redundant,0.8,3,ACP-Gini node a=1.0,0.76,0.7599573257467995,0.8297035423796614,0.8,0.8275031582614807,0.07482528416549919
redundant,0.8,3,VIF+CART,0.76,0.7594761925972118,0.7863016134050405,0.6,0.6971862936212785,0.01427003980432585
redundant,0.8,3,Cluster+CART,0.76,0.7596153846153846,0.8073469931996977,0.8,0.7548063658283322,0.012526826194235856
redundant,0.8,4,CART,0.7933333333333333,0.7930021367521367,0.8283028093883358,0.6,0.6908101109250697,0.0
redundant,0.8,4,ACP-Gini a=0.5,0.81,0.8099978888654318,0.8681321123755334,0.8,0.7132202558268473,0.0208039837701341
redundant,0.8,4,Tree-global a=0.5,0.8066666666666666,0.8061151720449278,0.8766669630156472,0.8,0.948410168663116,0.016992968431132807
redundant,0.8,4,ACP-Gini a=1.0,0.8066666666666666,0.806658073692164,0.871399359886202,0.8,0.697016426067715,0.02313692355126694
redundant,0.8,4,Tree-global a=1.0,0.8066666666666666,0.8061151720449278,0.8761557610241821,0.8,0.9667533203813686,0.017044733989930824
redundant,0.8,4,ACP-Gini node a=1.0,0.7933333333333333,0.7933241477398996,0.8494843527738264,0.8,0.766851408015258,0.009362262347029372
redundant,0.8,4,VIF+CART,0.7933333333333333,0.7930021367521367,0.8283028093883358,0.6,0.6908101109250697,0.0
redundant,0.8,4,Cluster+CART,0.8133333333333334,0.8132586367880486,0.8698435277382646,0.6,0.714073646590497,0.005692249854375264
redundant,0.8,5,CART,0.8033333333333333,0.8032786885245902,0.8627089260312945,0.6,0.6684680646524744,0.0
redundant,0.8,5,ACP-Gini a=0.5,0.82,0.8197997775305895,0.8794007823613086,0.8,0.820368907195981,0.009976169130103978
redundant,0.8,5,Tree-global a=0.5,0.8366666666666667,0.8366212836899138,0.879156294452347,0.8,0.957619232679189,0.02588695768868462
redundant,0.8,5,ACP-Gini a=1.0,0.78,0.7796474358974359,0.824546586059744,0.8,0.6830034222997406,0.006000625312655282
redundant,0.8,5,Tree-global a=1.0,0.7633333333333333,0.7632675743262017,0.8248577524893315,0.8,1.0,0.046597594887614446
redundant,0.8,5,ACP-Gini node a=1.0,0.8166666666666667,0.8165667974786273,0.8694212304409674,0.8,0.7879513087529258,0.015146811444858549
redundant,0.8,5,VIF+CART,0.8033333333333333,0.8032786885245902,0.8627089260312945,0.6,0.6684680646524744,0.0
redundant,0.8,5,Cluster+CART,0.81,0.8099978888654318,0.8663095661450924,0.8,0.8019707066632884,0.0
redundant,0.8,6,CART,0.7633333333333333,0.7633307036744853,0.8201235775248932,0.8,0.7416891204681352,0.03288035729170564
redundant,0.8,6,ACP-Gini a=0.5,0.77,0.7699974444160491,0.8024315433854907,0.8,0.7046514943779935,0.0704633001538523
redundant,0.8,6,Tree-global a=0.5,0.7366666666666667,0.7358183500351128,0.7982974751066856,0.8,0.7993131873273575,0.09672832207838081
redundant,0.8,6,ACP-Gini a=1.0,0.7866666666666666,0.7852925389157273,0.8128778449502132,0.8,0.7655208107019658,0.06607430445022779
redundant,0.8,6,Tree-global a=1.0,0.7766666666666666,0.7761069340016709,0.8199679943100996,0.8,0.9976131319198572,0.09250210195138872
redundant,0.8,6,ACP-Gini node a=1.0,0.7633333333333333,0.7623802139693661,0.8246354907539117,0.8,0.7683098604824796,0.05977121415208905
redundant,0.8,6,VIF+CART,0.7633333333333333,0.7633307036744853,0.8201235775248932,0.8,0.7416891204681352,0.03288035729170564
redundant,0.8,6,Cluster+CART,0.76,0.7599039615846338,0.823968705547653,0.8,0.782571177055861,0.025378499838190814
redundant,0.8,7,CART,0.76,0.7598292118840064,0.8159955506117909,0.8,0.7906440211472212,0.028787012805798252
redundant,0.8,7,ACP-Gini a=0.5,0.78,0.7790178571428571,0.8123248053392658,0.6,0.6761268166945332,0.021249856706778286
redundant,0.8,7,Tree-global a=0.5,0.7866666666666666,0.7857142857142858,0.8038709677419356,0.8,0.9043896736691582,0.07870219848731001
redundant,0.8,7,ACP-Gini a=1.0,0.7833333333333333,0.7824607592677295,0.8248275862068966,0.6,0.68576852811274,0.025234674849034883
redundant,0.8,7,Tree-global a=1.0,0.8,0.7987117552334944,0.8434927697441602,1.0,1.0,0.05235061066510275
redundant,0.8,7,ACP-Gini node a=1.0,0.7933333333333333,0.7917692893287358,0.8345272525027809,1.0,0.7612670186551488,0.04577299622986303
redundant,0.8,7,VIF+CART,0.76,0.7598292118840064,0.8159955506117909,0.8,0.7906440211472212,0.028787012805798252
redundant,0.8,7,Cluster+CART,0.7933333333333333,0.7930021367521367,0.8116573971078976,0.8,0.8808900396839097,0.03403364775419789
redundant,0.8,8,CART,0.79,0.7896049248032417,0.8322140188578545,0.8,0.6933133262445974,0.01792327706711996
redundant,0.8,8,ACP-Gini a=0.5,0.7933333333333333,0.79288227695871,0.8350604874577477,0.8,0.7036288163407698,0.018871570264442143
redundant,0.8,8,Tree-global a=0.5,0.7866666666666666,0.786628733997155,0.8380848603451343,0.8,0.8199817284846013,0.02142665194970323
redundant,0.8,8,ACP-Gini a=1.0,0.7833333333333333,0.7827903091060986,0.8217176658957481,0.8,0.7128403221205535,0.01793315060385256
redundant,0.8,8,Tree-global a=1.0,0.78,0.7799608819345661,0.8352161537093045,0.8,0.8807464435967202,0.046172544805388516
redundant,0.8,8,ACP-Gini node a=1.0,0.7866666666666666,0.7858958918774255,0.8295232165095179,0.8,0.707740517530214,0.019410533150104606
redundant,0.8,8,VIF+CART,0.79,0.7896049248032417,0.8322140188578545,0.8,0.6933133262445974,0.01792327706711996
redundant,0.8,8,Cluster+CART,0.79,0.789717286574172,0.8359277708592777,0.8,0.7125328532643107,0.017985445330868863
redundant,0.8,9,CART,0.86,0.8599003735990037,0.9050666666666667,0.8,0.9044009583069215,0.010998941087522704
redundant,0.8,9,ACP-Gini a=0.5,0.8533333333333334,0.853307254623044,0.8932666666666667,0.6,0.8002152304714325,0.031034532802083754
redundant,0.8,9,Tree-global a=0.5,0.8233333333333334,0.8231741901044274,0.8787333333333334,0.6,0.6391557616294163,0.04313410289982641
redundant,0.8,9,ACP-Gini a=1.0,0.8466666666666667,0.8466598515489577,0.8934666666666666,0.8,0.832372178488264,0.029541330319772532
redundant,0.8,9,Tree-global a=1.0,0.84,0.8399715504978662,0.8852444444444444,1.0,1.0,0.03290793403348562
redundant,0.8,9,ACP-Gini node a=1.0,0.8433333333333334,0.8433315925732507,0.8957555555555556,0.8,0.830445501623579,0.025592967782040562
redundant,0.8,9,VIF+CART,0.86,0.8599003735990037,0.9050666666666667,0.8,0.9044009583069215,0.010998941087522704
redundant,0.8,9,Cluster+CART,0.8333333333333334,0.8330662393162394,0.8629333333333332,0.8,0.9235080748824955,0.006082873163200954
redundant,0.8,10,CART,0.7933333333333333,0.7909548642330516,0.8390689609177003,0.8,0.7243082230063089,0.0
redundant,0.8,10,ACP-Gini a=0.5,0.81,0.8092348196655473,0.8257302921168468,0.8,0.7535619845774353,0.048784639541736174
redundant,0.8,10,Tree-global a=0.5,0.7933333333333333,0.7932506335867681,0.8240851896314081,1.0,0.8441297043187056,0.07456170768179496
redundant,0.8,10,ACP-Gini a=1.0,0.81,0.8092348196655473,0.8402472099951092,0.8,0.7734762351262884,0.05377215125725569
redundant,0.8,10,Tree-global a=1.0,0.7833333333333333,0.7830416448781139,0.8233071006180249,1.0,1.0,0.0706597192674363
redundant,0.8,10,ACP-Gini node a=1.0,0.8133333333333334,0.8123240538004379,0.8250855897914722,0.8,0.7629189451258099,0.02000308385655307
redundant,0.8,10,VIF+CART,0.7933333333333333,0.7909548642330516,0.8390689609177003,0.8,0.7243082230063089,0.0
redundant,0.8,10,Cluster+CART,0.79,0.7871022247254295,0.8388466497710196,0.8,0.7626182531072916,0.0
redundant,0.8,11,CART,0.8233333333333334,0.8233313703485594,0.8402567302549475,0.8,0.8999953443581619,0.027756024127391032
redundant,0.8,11,ACP-Gini a=0.5,0.8333333333333334,0.8333036984352773,0.8455829916206097,0.8,0.8002367205943074,0.014496825312953578
redundant,0.8,11,Tree-global a=0.5,0.8333333333333334,0.8333036984352773,0.8656177571759671,0.8,0.8238060176903026,0.012540781993109935
redundant,0.8,11,ACP-Gini a=1.0,0.8366666666666667,0.8364467784465781,0.8607594936708862,0.8,0.8407648827365832,0.01756629921540273
redundant,0.8,11,Tree-global a=1.0,0.8466666666666667,0.8465575520370041,0.8830673916919236,1.0,0.9283788454891116,0.023627642487679776
redundant,0.8,11,ACP-Gini node a=1.0,0.8333333333333334,0.8332147304750044,0.8629880549117489,0.8,0.8083904734519202,0.027150401872118805
redundant,0.8,11,VIF+CART,0.8233333333333334,0.8233313703485594,0.8402567302549475,0.8,0.8999953443581619,0.027756024127391032
redundant,0.8,11,Cluster+CART,0.83,0.8299981110901232,0.8608040648957033,0.8,0.8179661890002388,0.011993093514130906
redundant,0.8,12,CART,0.81,0.8097442116623461,0.867798719772404,0.8,0.7257721687845459,0.043993663574876385
redundant,0.8,12,ACP-Gini a=0.5,0.81,0.8098964992051227,0.876200213371266,0.8,0.7284880810107445,0.029468744812545397
redundant,0.8,12,Tree-global a=0.5,0.8366666666666667,0.8363593859580768,0.8929809743954482,0.8,0.817209639819583,0.056205945067004014
redundant,0.8,12,ACP-Gini a=1.0,0.8266666666666667,0.8264738598442714,0.885735241820768,0.8,0.7494274103445768,0.028574723374231698
redundant,0.8,12,Tree-global a=1.0,0.8166666666666667,0.8165015180328963,0.8869576813655762,0.8,0.8901946172363872,0.06783318087043068
redundant,0.8,12,ACP-Gini node a=1.0,0.8333333333333334,0.8333259255966932,0.8894692389758179,0.8,0.7380532734582212,0.03538404693030389
redundant,0.8,12,VIF+CART,0.81,0.8097442116623461,0.867798719772404,0.8,0.7257721687845459,0.043993663574876385
redundant,0.8,12,Cluster+CART,0.81,0.8099978888654318,0.8746443812233287,1.0,0.9309514663022258,0.03142936620000569
redundant,0.8,13,CART,0.82,0.8199919996444287,0.8464838193456615,0.8,0.7353265441688588,0.0
redundant,0.8,13,ACP-Gini a=0.5,0.8133333333333334,0.8132586367880486,0.8561522048364154,1.0,0.8223697097166329,0.008140018012131805
redundant,0.8,13,Tree-global a=0.5,0.8166666666666667,0.8166157265907197,0.8411939900426743,1.0,0.9823886948030648,0.014426555263811472
redundant,0.8,13,ACP-Gini a=1.0,0.8133333333333334,0.8132586367880486,0.8471506045519204,1.0,0.8267558751318184,0.009472359367625693
redundant,0.8,13,Tree-global a=1.0,0.8233333333333334,0.8233313703485594,0.8612419985775249,1.0,1.0,0.028713967443455335
redundant,0.8,13,ACP-Gini node a=1.0,0.8033333333333333,0.8026997804059703,0.8617754267425319,1.0,0.8334300539345942,0.01728626151420482
redundant,0.8,13,VIF+CART,0.82,0.8199919996444287,0.8464838193456615,0.8,0.7353265441688588,0.0
redundant,0.8,13,Cluster+CART,0.82,0.8198719089130049,0.8505734352773826,0.8,0.9345301929369334,0.0
redundant,0.8,14,CART,0.81,0.8099809980998101,0.8471166244275488,0.8,0.9089535698749568,0.0
redundant,0.8,14,ACP-Gini a=0.5,0.8,0.7999911107160318,0.8557200658040994,1.0,0.9406648367435071,0.009356592660782596
redundant,0.8,14,Tree-global a=0.5,0.8,0.7999911107160318,0.8605664488017429,1.0,1.0,0.0012202428975990845
redundant,0.8,14,ACP-Gini a=1.0,0.8133333333333334,0.8131256952169077,0.8669245475968164,1.0,0.9450761361814409,0.009359896113814062
redundant,0.8,14,Tree-global a=1.0,0.8,0.7999911107160318,0.8605664488017429,1.0,1.0,0.0012202428975990845
redundant,0.8,14,ACP-Gini node a=1.0,0.82,0.8196071444479087,0.8677026366101996,0.8,0.8806939569514421,0.010549618190306925
redundant,0.8,14,VIF+CART,0.81,0.8099809980998101,0.8471166244275488,0.8,0.9089535698749568,0.0
redundant,0.8,14,Cluster+CART,0.8,0.7999644381223329,0.855119825708061,1.0,0.9216821284733403,0.0
redundant,0.8,15,CART,0.7933333333333333,0.7931034482758621,0.8728602552131963,0.8,0.6466301840467898,0.014064187043728027
redundant,0.8,15,ACP-Gini a=0.5,0.8033333333333333,0.8032262009316183,0.8666355431061312,0.8,0.8475907024388611,0.02003987206069501
redundant,0.8,15,Tree-global a=0.5,0.7633333333333333,0.7632044112905916,0.8026099328620336,0.8,0.8100238203881149,0.03870489301390241
redundant,0.8,15,ACP-Gini a=1.0,0.8233333333333334,0.8232842456237843,0.8797963629896403,0.8,0.8642620527277967,0.020631518604374337
redundant,0.8,15,Tree-global a=1.0,0.8166666666666667,0.8165667974786273,0.8778177937841805,1.0,1.0,0.00767270554536125
redundant,0.8,15,ACP-Gini node a=1.0,0.7733333333333333,0.7716179302315167,0.8470499310835445,0.8,0.7345379378973479,0.0028086642007461933
redundant,0.8,15,VIF+CART,0.7933333333333333,0.7931034482758621,0.8728602552131963,0.8,0.6466301840467898,0.014064187043728027
redundant,0.8,15,Cluster+CART,0.7333333333333333,0.7321428571428572,0.8242852696634209,0.8,0.7579379419148753,0.048912918720365545
redundant,0.8,16,CART,0.7766666666666666,0.7753462015625174,0.8109010011123471,0.6,0.6431124644134842,0.01986836430390363
redundant,0.8,16,ACP-Gini a=0.5,0.78,0.779205138498595,0.7993103448275862,0.8,0.761238723801506,0.03341256071346285
redundant,0.8,16,Tree-global a=0.5,0.7566666666666667,0.7566423308997566,0.7592213570634038,0.8,0.8644695988767233,0.07074521833700274
redundant,0.8,16,ACP-Gini a=1.0,0.76,0.7593153859868069,0.7978642936596219,0.8,0.7955674208385091,0.03453723395846776
redundant,0.8,16,Tree-global a=1.0,0.6766666666666666,0.6685309428073493,0.737797552836485,0.8,0.9823070969003034,0.11446621723546084
redundant,0.8,16,ACP-Gini node a=1.0,0.7566666666666667,0.7564474693891169,0.7874082313681869,0.8,0.751767869103244,0.03812997865605915
redundant,0.8,16,VIF+CART,0.7766666666666666,0.7753462015625174,0.8109010011123471,0.6,0.6431124644134842,0.01986836430390363
redundant,0.8,16,Cluster+CART,0.7633333333333333,0.7616783216783216,0.8039154616240267,0.8,0.6354941167257534,0.04835159600404124
redundant,0.8,17,CART,0.79,0.7896049248032417,0.8245512449334105,0.6,0.49655212336418836,0.0
redundant,0.8,17,ACP-Gini a=0.5,0.7633333333333333,0.7628880898576216,0.799407598770656,0.8,0.7614876739808717,0.030904537300516448
redundant,0.8,17,Tree-global a=0.5,0.71,0.7090657778867697,0.7767582735735602,0.8,0.8260587524615062,0.07256859423890302
redundant,0.8,17,ACP-Gini a=1.0,0.7633333333333333,0.7625709221834558,0.7986281234688878,0.8,0.7936768179966588,0.03877975650858122
redundant,0.8,17,Tree-global a=1.0,0.74,0.739814979541007,0.8185381497483408,1.0,1.0,0.04531981439662375
redundant,0.8,17,ACP-Gini node a=1.0,0.7666666666666667,0.765823631740934,0.7969355485279052,0.8,0.7869829397294268,0.032918696465742324
redundant,0.8,17,VIF+CART,0.79,0.7896049248032417,0.8245512449334105,0.6,0.49655212336418836,0.0
redundant,0.8,17,Cluster+CART,0.7666666666666667,0.7651637144390768,0.8139949222751771,0.8,0.8072573815877313,0.012988871741108899
redundant,0.8,18,CART,0.76,0.7599893328592382,0.8079078455790785,0.6,0.7604759508522108,0.037854981122220716
redundant,0.8,18,ACP-Gini a=0.5,0.8,0.7999644381223329,0.8317692581391212,0.8,0.6272668709950497,0.05107398111122579
redundant,0.8,18,Tree-global a=0.5,0.8,0.7998576765700054,0.8245641344956414,0.8,0.9345851472724211,0.07625666523841024
redundant,0.8,18,ACP-Gini a=1.0,0.7833333333333333,0.7829257160668366,0.8343711083437111,0.8,0.8456179313852816,0.05331099704223243
redundant,0.8,18,Tree-global a=1.0,0.7833333333333333,0.7829257160668366,0.8410202810887742,0.8,1.0,0.05726768582872223
redundant,0.8,18,ACP-Gini node a=1.0,0.8,0.7998576765700054,0.859878135563067,0.6,0.8496360609624534,0.035312387605373016
redundant,0.8,18,VIF+CART,0.76,0.7599893328592382,0.8079078455790785,0.6,0.7604759508522108,0.037854981122220716
redundant,0.8,18,Cluster+CART,0.75,0.7498638147435825,0.8121108343711083,0.6,0.7958680460977785,0.052120281312033716
redundant,0.8,19,CART,0.7966666666666666,0.7965559026581139,0.8639980440967284,0.8,0.7911304686246133,0.018668273701688217
redundant,0.8,19,ACP-Gini a=0.5,0.8066666666666666,0.8066322901849218,0.8590638335704126,0.8,0.8178503836705943,0.030828444234370894
redundant,0.8,19,Tree-global a=0.5,0.8,0.7999199679871949,0.830436522048364,0.8,0.9261565381639898,0.0748130344083494
redundant,0.8,19,ACP-Gini a=1.0,0.8066666666666666,0.8066322901849218,0.8590638335704126,0.8,0.8178503836705943,0.030828444234370894
redundant,0.8,19,Tree-global a=1.0,0.7966666666666666,0.7966644073823043,0.850951280227596,1.0,1.0,0.025836415276519746
redundant,0.8,19,ACP-Gini node a=1.0,0.8133333333333334,0.8133001422475107,0.8723773115220483,0.8,0.7578724798977153,0.03002983146685062
redundant,0.8,19,VIF+CART,0.7966666666666666,0.7965559026581139,0.8639980440967284,0.8,0.7911304686246133,0.018668273701688217
redundant,0.8,19,Cluster+CART,0.8166666666666667,0.8165667974786273,0.8644203413940257,0.8,0.8145175793858546,0.03337274082927341
redundant,0.8,20,CART,0.81,0.8097442116623461,0.8483573717948718,0.8,0.7177036809513025,0.0
redundant,0.8,20,ACP-Gini a=0.5,0.8,0.7995634938310098,0.8259882478632479,0.8,0.6879595658938016,0.022582874300119054
redundant,0.8,20,Tree-global a=0.5,0.8033333333333333,0.802541304566093,0.8492922008547008,0.8,0.9622767159043019,0.03186493869823312
redundant,0.8,20,ACP-Gini a=1.0,0.79,0.7891542743671839,0.8140357905982907,0.8,0.7296669301414911,0.02281918919578454
redundant,0.8,20,Tree-global a=1.0,0.8166666666666667,0.8153846153846154,0.8603320868945867,0.8,1.0,0.039615816860644686
redundant,0.8,20,ACP-Gini node a=1.0,0.8,0.7995634938310098,0.8243856837606838,0.8,0.6879595658938016,0.022609163823528414
redundant,0.8,20,VIF+CART,0.81,0.8097442116623461,0.8483573717948718,0.8,0.7177036809513025,0.0
redundant,0.8,20,Cluster+CART,0.81,0.8084484323016433,0.861667556980057,0.8,0.7525321178564199,0.0025844993251044066
redundant,0.8,21,CART,0.78,0.7795198432141108,0.8351262446657184,0.8,0.8158215393440778,0.01044531935271417
redundant,0.8,21,ACP-Gini a=0.5,0.79,0.7896049248032417,0.8655761024182077,0.8,0.8797582977269982,0.01480025307895329
redundant,0.8,21,Tree-global a=0.5,0.7766666666666666,0.775767244168275,0.8140113798008535,0.8,0.9335494123371785,0.0443849306419215
redundant,0.8,21,ACP-Gini a=1.0,0.7933333333333333,0.79288227695871,0.8667318634423898,0.8,0.8493509563520657,0.021054249367177046
redundant,0.8,21,Tree-global a=1.0,0.7766666666666666,0.7761069340016709,0.8477729374110953,0.8,1.0,0.01865169776029156
redundant,0.8,21,ACP-Gini node a=1.0,0.7966666666666666,0.7964835018183032,0.8650649004267423,0.8,0.8253457438889628,0.021627101340273992
redundant,0.8,21,VIF+CART,0.78,0.7795198432141108,0.8351262446657184,0.8,0.8158215393440778,0.01044531935271417
redundant,0.8,21,Cluster+CART,0.78,0.779990221787635,0.8515291607396872,0.8,0.8039208182387488,0.02314804668974873
redundant,0.8,22,CART,0.8166666666666667,0.8166157265907197,0.8584989551376105,0.6,0.7505411730250839,0.03675009280175992
redundant,0.8,22,ACP-Gini a=0.5,0.8133333333333334,0.813200498132005,0.8602996754257259,0.8,0.7261263661881847,0.02711664472366771
redundant,0.8,22,Tree-global a=0.5,0.8133333333333334,0.8121309715512615,0.8568093904228358,0.8,0.8812930227818804,0.010205590780198712
redundant,0.8,22,ACP-Gini a=1.0,0.81,0.8097442116623461,0.8613445378151261,0.8,0.7568423105150868,0.027724161817515434
redundant,0.8,22,Tree-global a=1.0,0.8066666666666666,0.8064516129032258,0.8386688008536748,0.8,1.0,0.04861786340871425
redundant,0.8,22,ACP-Gini node a=1.0,0.8066666666666666,0.806658073692164,0.855097594593393,0.8,0.7449109689555838,0.0117907814666756
redundant,0.8,22,VIF+CART,0.8166666666666667,0.8166157265907197,0.8584989551376105,0.6,0.7505411730250839,0.03675009280175992
redundant,0.8,22,Cluster+CART,0.85,0.8497178034308869,0.8760393046107332,0.8,0.7168676670451374,0.013717688311071381
redundant,0.8,23,CART,0.7933333333333333,0.7933333333333333,0.8438597270989823,0.8,0.7895854320301391,0.03534909711409583
redundant,0.8,23,ACP-Gini a=0.5,0.78,0.7796474358974359,0.8345926485621582,0.8,0.636143534717052,0.06314767761186287
redundant,0.8,23,Tree-global a=0.5,0.74,0.738594217793467,0.8415929596870972,0.8,0.8434722790255129,0.04298768765959568
redundant,0.8,23,ACP-Gini a=1.0,0.7833333333333333,0.783138157675241,0.8381261389395083,0.8,0.691804229996489,0.07219202217220996
redundant,0.8,23,Tree-global a=1.0,0.7566666666666667,0.7566423308997566,0.8481710298235476,0.8,1.0,0.07695322126817394
redundant,0.8,23,ACP-Gini node a=1.0,0.7866666666666666,0.7863247863247863,0.8334814880661363,0.8,0.6403529837975457,0.07091172615595509
redundant,0.8,23,VIF+CART,0.7933333333333333,0.7933333333333333,0.8438597270989823,0.8,0.7895854320301391,0.03534909711409583
redundant,0.8,23,Cluster+CART,0.7733333333333333,0.772838626341811,0.8305258011467176,0.8,0.5499342948591008,0.03724043845011728
redundant,0.8,24,CART,0.75,0.7496634363978237,0.8414138254613701,0.8,0.8278335950633775,0.05105491734599739
redundant,0.8,24,ACP-Gini a=0.5,0.7433333333333333,0.7429877947017658,0.8496134769203271,0.8,0.8149585790361499,0.06419596345154807
redundant,0.8,24,Tree-global a=0.5,0.8133333333333334,0.8125,0.8714419768532999,0.8,0.8836598191107544,0.095568148793158
redundant,0.8,24,ACP-Gini a=1.0,0.7433333333333333,0.7429877947017658,0.8496134769203271,0.8,0.8149585790361499,0.06419596345154807
redundant,0.8,24,Tree-global a=1.0,0.82,0.8193496587715776,0.8692524241476384,0.8,1.0,0.09069509414201268
redundant,0.8,24,ACP-Gini node a=1.0,0.7633333333333333,0.7630147197899397,0.8582599758702355,0.8,0.7803338718421649,0.004893680068198053
redundant,0.8,24,VIF+CART,0.75,0.7496634363978237,0.8414138254613701,0.8,0.8278335950633775,0.05105491734599739
redundant,0.8,24,Cluster+CART,0.79,0.7898108297467721,0.8543947450735064,0.8,0.7157202907406154,0.050478788571856115
redundant,0.8,25,CART,0.7333333333333333,0.732905982905983,0.7902351215609582,0.6,0.6266306652739977,0.033127238962240874
redundant,0.8,25,ACP-Gini a=0.5,0.75,0.7498638147435825,0.7903462376105604,0.8,0.7122958574035901,0.047793786554594625
redundant,0.8,25,Tree-global a=0.5,0.74,0.738594217793467,0.7841904084625982,1.0,0.8517845975688829,0.050954942204441356
redundant,0.8,25,ACP-Gini a=1.0,0.7666666666666667,0.7665006226650062,0.8090137339437309,0.8,0.7537963547717162,0.015030697979168586
redundant,0.8,25,Tree-global a=1.0,0.7633333333333333,0.7632675743262017,0.8239699542201875,1.0,1.0,0.053660769372993
redundant,0.8,25,ACP-Gini node a=1.0,0.77,0.7692590652205415,0.820258678163474,1.0,0.7935349286134568,0.0175123816860959
redundant,0.8,25,VIF+CART,0.7333333333333333,0.732905982905983,0.7902351215609582,0.6,0.6266306652739977,0.033127238962240874
redundant,0.8,25,Cluster+CART,0.7333333333333333,0.732905982905983,0.7902351215609582,0.6,0.6266306652739977,0.033127238962240874
redundant,0.8,26,CART,0.7666666666666667,0.7665006226650062,0.8027912351660074,0.8,0.681803003574745,0.024784179860898495
redundant,0.8,26,ACP-Gini a=0.5,0.7766666666666666,0.775767244168275,0.7985021556513623,0.8,0.7066009783390952,0.024847563572417998
redundant,0.8,26,Tree-global a=0.5,0.7633333333333333,0.7623802139693661,0.8186808302591226,0.8,0.8279630132409073,0.04788269750095502
redundant,0.8,26,ACP-Gini a=1.0,0.7766666666666666,0.775767244168275,0.7977465665140673,0.8,0.7077162475438282,0.024873986537827606
redundant,0.8,26,Tree-global a=1.0,0.7733333333333333,0.7716179302315167,0.8436374949997777,0.8,1.0,0.05394001818617471
redundant,0.8,26,ACP-Gini node a=1.0,0.79,0.7885314685314685,0.8183252589003955,0.8,0.761453751523261,0.03870542088002925
redundant,0.8,26,VIF+CART,0.7666666666666667,0.7665006226650062,0.8027912351660074,0.8,0.681803003574745,0.024784179860898495
redundant,0.8,26,Cluster+CART,0.7633333333333333,0.7628880898576216,0.7919463087248323,0.8,0.6874481477612504,0.024344426470758025
redundant,0.8,27,CART,0.77,0.769792813532179,0.8167007467994312,0.8,0.6743867403847787,0.019489353385733776
redundant,0.8,27,ACP-Gini a=0.5,0.7733333333333333,0.772838626341811,0.8256356685633002,0.8,0.7276088652674164,0.0072015285539563795
redundant,0.8,27,Tree-global a=0.5,0.7933333333333333,0.7922159167076277,0.8712882290184922,0.8,0.9701801213535752,0.03117349274721566
redundant,0.8,27,ACP-Gini a=1.0,0.7933333333333333,0.7930021367521367,0.8291696301564724,0.8,0.7137251271094094,0.008527757919434645
redundant,0.8,27,Tree-global a=1.0,0.78,0.7797552836484983,0.8549297652916075,1.0,1.0,0.02650168881753398
redundant,0.8,27,ACP-Gini node a=1.0,0.7833333333333333,0.7829257160668366,0.8205236486486487,0.8,0.6986427496724846,0.01739174345477726
redundant,0.8,27,VIF+CART,0.77,0.769792813532179,0.8167007467994312,0.8,0.6743867403847787,0.019489353385733776
redundant,0.8,27,Cluster+CART,0.7666666666666667,0.7660010697093956,0.8102996088193457,0.8,0.7401863588203204,0.014616556819111462
redundant,0.8,28,CART,0.81,0.8098964992051227,0.8187719532257348,0.8,0.818028997822944,0.02366711349518591
redundant,0.8,28,ACP-Gini a=0.5,0.8166666666666667,0.8166157265907197,0.8521630874572051,1.0,0.7983282253278465,0.028884523964007026
redundant,0.8,28,Tree-global a=0.5,0.8033333333333333,0.8026997804059703,0.8171713129696323,0.8,0.8129300747398785,0.06267753122187353
redundant,0.8,28,ACP-Gini a=1.0,0.82,0.8199679943100995,0.8646125116713352,1.0,0.790041743417458,0.0371406245835205
redundant,0.8,28,Tree-global a=1.0,0.79,0.78997899789979,0.8489840380596683,1.0,1.0,0.07988467966324117
redundant,0.8,28,ACP-Gini node a=1.0,0.7966666666666666,0.7965559026581139,0.85140722955849,1.0,0.8327770632806839,0.03842076258717475
redundant,0.8,28,VIF+CART,0.81,0.8098964992051227,0.8187719532257348,0.8,0.818028997822944,0.02366711349518591
redundant,0.8,28,Cluster+CART,0.8066666666666666,0.8065290873510051,0.8326441687786226,0.8,0.8582031405781446,0.020963497350515923
redundant,0.8,29,CART,0.78,0.779205138498595,0.8141490545050056,0.8,0.8064995877592877,0.024644777602800344
redundant,0.8,29,ACP-Gini a=0.5,0.78,0.779205138498595,0.8127919911012237,0.8,0.823479531841641,0.013931269701485552
redundant,0.8,29,Tree-global a=0.5,0.7833333333333333,0.783138157675241,0.8011345939933259,0.8,0.9332939435454118,0.06105961849369608
redundant,0.8,29,ACP-Gini a=1.0,0.79,0.789717286574172,0.8208676307007786,1.0,0.9178311306160909,0.019389386517373722
redundant,0.8,29,Tree-global a=1.0,0.79,0.7899416504584607,0.8298553948832036,1.0,0.936219598576643,0.027690992395992202
redundant,0.8,29,ACP-Gini node a=1.0,0.78,0.779205138498595,0.8107675194660733,0.8,0.8258536457349042,0.013968552376760859
redundant,0.8,29,VIF+CART,0.78,0.779205138498595,0.8141490545050056,0.8,0.8064995877592877,0.024644777602800344
redundant,0.8,29,Cluster+CART,0.7666666666666667,0.7661574094695114,0.8170189098998888,0.8,0.8092626470334151,0.014078806806756753
redundant,0.9,0,CART,0.8433333333333334,0.8431224201426362,0.8447486554957998,0.6,0.5350883718419407,0.02933685866866717
redundant,0.9,0,ACP-Gini a=0.5,0.8266666666666667,0.8266358463726885,0.8484154851326726,0.8,0.7921092993419568,0.03242482284338425
redundant,0.9,0,Tree-global a=0.5,0.8133333333333334,0.8133001422475107,0.8523045468687498,0.8,0.9964890499116162,0.04908218181823563
redundant,0.9,0,ACP-Gini a=1.0,0.8266666666666667,0.8266358463726885,0.8474154406862526,0.8,0.8268012485405963,0.03242978369436174
redundant,0.9,0,Tree-global a=1.0,0.82,0.8198719089130049,0.8502377883461487,0.8,1.0,0.0509254070329414
redundant,0.9,0,ACP-Gini node a=1.0,0.8166666666666667,0.8165667974786273,0.8430152451220054,0.8,0.9265894490518166,0.03268776600374368
redundant,0.9,0,VIF+CART,0.7666666666666667,0.7662927350427351,0.8118138583937062,0.6,0.5482644356901437,0.04334661745165727
redundant,0.9,0,Cluster+CART,0.7933333333333333,0.7933241477398996,0.8361704964665096,0.8,0.8,0.04681467287371296
redundant,0.9,1,CART,0.7866666666666666,0.7860581208771618,0.8516180654338549,0.6,0.6147638806338395,0.06089231451131742
redundant,0.9,1,ACP-Gini a=0.5,0.7866666666666666,0.7862010600864104,0.8445945945945946,0.6,0.6286245346767749,0.053627090685632706
redundant,0.9,1,Tree-global a=0.5,0.84,0.8398220244716352,0.8898470839260314,1.0,0.8968688789021344,0.051302119452148576
redundant,0.9,1,ACP-Gini a=1.0,0.7933333333333333,0.79288227695871,0.8504400782361309,0.6,0.6476419453122839,0.05403556814538211
redundant,0.9,1,Tree-global a=1.0,0.81,0.8096425510124567,0.8545296941678521,1.0,1.0,0.05754313967018352
redundant,0.9,1,ACP-Gini node a=1.0,0.77,0.7688674505074866,0.8227684921763868,0.6,0.7280767570487671,0.03587530980200968
redundant,0.9,1,VIF+CART,0.8133333333333334,0.8129259275756091,0.8497955192034139,0.6,0.48093169520965073,0.041409135870817515
redundant,0.9,1,Cluster+CART,0.8233333333333334,0.8230954950544621,0.8894025604551921,0.8,1.0,0.04068770006905936
redundant,0.9,2,CART,0.81,0.8098964992051227,0.8610345134317737,0.6,0.65807570334992,0.039528336194084204
redundant,0.9,2,ACP-Gini a=0.5,0.8166666666666667,0.8163217597488618,0.8469355986479274,0.6,0.7036259020867421,0.03943057703510555
redundant,0.9,2,Tree-global a=0.5,0.8233333333333334,0.8227642095172276,0.8934353317914963,0.8,1.0,0.042540149667253536
redundant,0.9,2,ACP-Gini a=1.0,0.7766666666666666,0.7761069340016709,0.8023260985589753,0.6,0.6636436104744212,0.0652371711340885
redundant,0.9,2,Tree-global a=1.0,0.8133333333333334,0.8111850386621111,0.8801592243373066,0.8,1.0,0.033394585548311186
redundant,0.9,2,ACP-Gini node a=1.0,0.8066666666666666,0.8063568376068376,0.841242661448141,0.6,0.68430962427229,0.06161587697610239
redundant,0.9,2,VIF+CART,0.7966666666666666,0.7966644073823043,0.8521170610211706,0.6,0.832022797358684,0.011864389130099347
redundant,0.9,2,Cluster+CART,0.81,0.8098964992051227,0.8531177726383206,0.8,1.0,0.07619379961667172
redundant,0.9,3,CART,0.8333333333333334,0.8333259255966932,0.8327036757189208,0.6,0.5910938908714085,0.02494911344895901
redundant,0.9,3,ACP-Gini a=0.5,0.8066666666666666,0.8065893023876217,0.8378816836303835,0.6,0.6501756216155191,0.028217970262308177
redundant,0.9,3,Tree-global a=0.5,0.8233333333333334,0.8226218498644564,0.8611716076270056,0.8,0.785688205590963,0.04929605787099425
redundant,0.9,3,ACP-Gini a=1.0,0.8033333333333333,0.8032262009316183,0.8326814525090003,0.6,0.647203548316502,0.049178000436882946
redundant,0.9,3,Tree-global a=1.0,0.8,0.7992773986350863,0.8723721054269079,1.0,1.0,0.06366905246070947
redundant,0.9,3,ACP-Gini node a=1.0,0.8133333333333334,0.8132586367880486,0.8512378327925685,0.6,0.6654800676677395,0.016099633725246535
redundant,0.9,3,VIF+CART,0.7666666666666667,0.7660010697093956,0.8025245566469621,0.6,0.6195283548082221,0.03784120721988693
redundant,0.9,3,Cluster+CART,0.78,0.7795198432141108,0.8446819858660384,1.0,1.0,0.05124572113650188
redundant,0.9,4,CART,0.7866666666666666,0.7866571847637673,0.8207014580369842,0.6,0.6893479946908012,0.015141981561295452
redundant,0.9,4,ACP-Gini a=0.5,0.8166666666666667,0.8165667974786273,0.8687099928876245,0.8,0.7278333886281159,0.019842676678907933
redundant,0.9,4,Tree-global a=0.5,0.8033333333333333,0.8029633422760517,0.8632645803698434,0.8,0.9356680846104533,0.030117880891614414
redundant,0.9,4,ACP-Gini a=1.0,0.8166666666666667,0.8165667974786273,0.8687099928876245,0.8,0.7278333886281159,0.019842676678907933
redundant,0.9,4,Tree-global a=1.0,0.8033333333333333,0.8029633422760517,0.8657983641536273,0.8,1.0,0.03016266268305428
redundant,0.9,4,ACP-Gini node a=1.0,0.8033333333333333,0.8031561738898343,0.8673764224751066,0.8,0.7171297023366101,0.009692158741467224
redundant,0.9,4,VIF+CART,0.7433333333333333,0.7433076640997434,0.7983197012802276,0.6,0.6656189665890875,0.022330536332589933
redundant,0.9,4,Cluster+CART,0.82,0.8194865394901052,0.8782672475106685,1.0,1.0,0.012247860858511057
redundant,0.9,5,CART,0.79,0.7898856043846094,0.8475062233285917,0.6,0.6235836324762809,0.0
redundant,0.9,5,ACP-Gini a=0.5,0.8033333333333333,0.8032262009316183,0.8381267780938834,0.8,0.6650607641859083,0.019212863213289556
redundant,0.9,5,Tree-global a=0.5,0.8233333333333334,0.8232370957521318,0.8916918563300142,0.8,0.821817704517961,0.0741686854226687
redundant,0.9,5,ACP-Gini a=1.0,0.8033333333333333,0.8032786885245902,0.8243687766714083,0.8,0.6638879376318043,0.019290491129743292
redundant,0.9,5,Tree-global a=1.0,0.7866666666666666,0.786628733997155,0.8622644025604553,1.0,1.0,0.04899205951016697
redundant,0.9,5,ACP-Gini node a=1.0,0.82,0.8199679943100995,0.8445945945945947,0.8,0.7159256115478093,0.011826693311260992
redundant,0.9,5,VIF+CART,0.7433333333333333,0.7425064930721985,0.8121221550497867,0.8,0.6120657638208027,0.00805874962281699
redundant,0.9,5,Cluster+CART,0.81,0.8098964992051227,0.8693100995732574,0.8,0.8,0.05253083056666369
redundant,0.9,6,CART,0.7566666666666667,0.7564474693891169,0.8056098862019914,0.6,0.5620648948131436,0.02897955955762426
redundant,0.9,6,ACP-Gini a=0.5,0.76,0.7596153846153846,0.8231907894736842,0.6,0.5949172748489986,0.05351317385395452
redundant,0.9,6,Tree-global a=0.5,0.76,0.7599893328592382,0.8079214082503556,0.8,0.7602925524591511,0.09245778837184579
redundant,0.9,6,ACP-Gini a=1.0,0.77,0.7695672985940265,0.8332592460881936,0.6,0.6077477174592028,0.07244984658164719
redundant,0.9,6,Tree-global a=1.0,0.7433333333333333,0.7431021252460548,0.825102240398293,1.0,1.0,0.05712055002085519
redundant,0.9,6,ACP-Gini node a=1.0,0.7533333333333333,0.753322369883106,0.814922652916074,0.8,0.6328195926967173,0.0630098244124937
redundant,0.9,6,VIF+CART,0.6633333333333333,0.6632397888302306,0.7401315789473684,0.6,0.6525319832930867,0.061574832009176614
redundant,0.9,6,Cluster+CART,0.76,0.7599893328592382,0.7923186344238975,1.0,1.0,0.027683585139407548
redundant,0.9,7,CART,0.7733333333333333,0.7725143851197644,0.8314571746384871,0.6,0.6625394554355666,0.013488757530969972
redundant,0.9,7,ACP-Gini a=0.5,0.7766666666666666,0.7732170459545757,0.8233147942157953,0.6,0.6255520883222023,0.03990937210178052
redundant,0.9,7,Tree-global a=0.5,0.7966666666666666,0.7954644521688592,0.8300778642936597,0.8,0.8264218231877928,0.05148332626054149
redundant,0.9,7,ACP-Gini a=1.0,0.7733333333333333,0.7703840439421907,0.815639599555061,0.6,0.6308621247912848,0.039973742397076364
redundant,0.9,7,Tree-global a=1.0,0.79,0.7885314685314685,0.8373971078976641,0.8,1.0,0.05781358525676103
redundant,0.9,7,ACP-Gini node a=1.0,0.79,0.7882851093860268,0.8613793103448275,0.8,0.7282124495158969,0.02909339550513486
redundant,0.9,7,VIF+CART,0.7733333333333333,0.772838626341811,0.8630033370411567,0.6,0.4589945151784985,0.046225711181538634
redundant,0.9,7,Cluster+CART,0.7733333333333333,0.7733333333333333,0.824516129032258,0.8,1.0,0.0681541328981105
redundant,0.9,8,CART,0.7833333333333333,0.7818181818181819,0.8417096602028108,0.8,0.6610804506701091,0.0
redundant,0.9,8,ACP-Gini a=0.5,0.7733333333333333,0.7726867534319843,0.8329033979718912,0.8,0.7090192654265188,0.0214694865363111
redundant,0.9,8,Tree-global a=0.5,0.7533333333333333,0.753322369883106,0.7961439245685822,1.0,0.8590198709478407,0.04862867626833772
redundant,0.9,8,ACP-Gini a=1.0,0.7733333333333333,0.7726867534319843,0.8165584415584415,0.8,0.7055429545711898,0.0270075522902326
redundant,0.9,8,Tree-global a=1.0,0.7633333333333333,0.7631201414606479,0.8260763209393346,1.0,1.0,0.025162390288567562
redundant,0.9,8,ACP-Gini node a=1.0,0.7933333333333333,0.7925866452562559,0.814201209749155,0.8,0.6337560659538544,0.016094043686169134
redundant,0.9,8,VIF+CART,0.7833333333333333,0.7826353512947131,0.8221401885785447,0.6,0.6135307693488682,0.0
redundant,0.9,8,Cluster+CART,0.76,0.7587023548862772,0.8074408468244085,1.0,1.0,0.03407751666321525
redundant,0.9,9,CART,0.8766666666666667,0.8765994819401675,0.9162444444444444,0.8,0.8791310613506005,0.015136447283364565
redundant,0.9,9,ACP-Gini a=0.5,0.8366666666666667,0.8366212836899138,0.8808444444444445,0.8,0.8909071526592676,0.027915036808632082
redundant,0.9,9,Tree-global a=0.5,0.84,0.8398861412560042,0.8899333333333332,0.8,0.9549408780264453,0.02034360467382032
redundant,0.9,9,ACP-Gini a=1.0,0.83,0.8299829982998299,0.8826888888888889,0.8,0.9005027074204532,0.03376409673251034
redundant,0.9,9,Tree-global a=1.0,0.8233333333333334,0.8230009684852668,0.8962888888888889,1.0,1.0,0.022125301784742854
redundant,0.9,9,ACP-Gini node a=1.0,0.83,0.8299981110901232,0.8888222222222223,1.0,0.8995099035655617,0.021320639924038966
redundant,0.9,9,VIF+CART,0.84,0.8399715504978662,0.8925111111111113,0.6,0.7897565450116231,0.051180794132723764
redundant,0.9,9,Cluster+CART,0.8366666666666667,0.8363593859580768,0.8951777777777777,0.8,0.8,0.02105775118311976
redundant,0.9,10,CART,0.7933333333333333,0.7927438045997504,0.8321995464852607,0.8,0.678020727275925,0.03689305506039682
redundant,0.9,10,ACP-Gini a=0.5,0.8233333333333334,0.8227642095172276,0.8762838468720823,0.8,0.7005177919266672,0.04103664127870196
redundant,0.9,10,Tree-global a=0.5,0.8133333333333334,0.8121309715512615,0.8607887599484239,1.0,0.9360436068191197,0.0326103220585323
redundant,0.9,10,ACP-Gini a=1.0,0.8233333333333334,0.8227642095172276,0.8762838468720823,0.8,0.7005177919266672,0.04103664127870196
redundant,0.9,10,Tree-global a=1.0,0.8266666666666667,0.8265433196940046,0.8750611355653373,1.0,1.0,0.05279756592149807
redundant,0.9,10,ACP-Gini node a=1.0,0.78,0.779205138498595,0.844671201814059,0.8,0.7159433604639085,0.03552564288646179
redundant,0.9,10,VIF+CART,0.7466666666666667,0.746384872080089,0.7621048419367749,0.6,0.624172116088802,0.0031887425959020587
redundant,0.9,10,Cluster+CART,0.8033333333333333,0.8031561738898343,0.8738161931439241,1.0,1.0,0.0542479266656785
redundant,0.9,11,CART,0.8233333333333334,0.822890559732665,0.865506329113924,0.6,0.6946520845824817,0.023845088597358746
redundant,0.9,11,ACP-Gini a=0.5,0.8233333333333334,0.8227642095172276,0.8386967373863434,0.6,0.547161938258208,0.02132463933326658
redundant,0.9,11,Tree-global a=0.5,0.81,0.8090644156366193,0.8721028703868783,0.8,0.9093535894204162,0.035883223924974395
redundant,0.9,11,ACP-Gini a=1.0,0.8566666666666667,0.8564737035347523,0.8680468889285077,0.8,0.6247699750145854,0.02393089915894054
redundant,0.9,11,Tree-global a=1.0,0.8266666666666667,0.8261722232126939,0.8671108932073454,1.0,1.0,0.02648426507833575
redundant,0.9,11,ACP-Gini node a=1.0,0.81,0.8095238095238095,0.8488812622570868,0.8,0.8138145313814185,0.01370286874839039
redundant,0.9,11,VIF+CART,0.7733333333333333,0.7696372916572565,0.8335933321447673,0.6,0.6310152491122866,0.008023252267582008
redundant,0.9,11,Cluster+CART,0.8366666666666667,0.836140495591399,0.8713451595649848,1.0,1.0,0.01209964474641319
redundant,0.9,12,CART,0.8166666666666667,0.8166157265907197,0.8524182076813656,0.6,0.683420890414519,0.03896759789387273
redundant,0.9,12,ACP-Gini a=0.5,0.8233333333333334,0.8230009684852668,0.8803565078236131,0.8,0.6846633155710632,0.04302899644098547
redundant,0.9,12,Tree-global a=0.5,0.83,0.8291628982011858,0.8764224751066857,1.0,0.9585547263141064,0.038179388967668905
redundant,0.9,12,ACP-Gini a=1.0,0.84,0.8398220244716352,0.875044452347084,1.0,0.7427686119203676,0.03131794080500719
redundant,0.9,12,Tree-global a=1.0,0.84,0.8399928885728254,0.8831570056899004,1.0,1.0,0.06366691210730166
redundant,0.9,12,ACP-Gini node a=1.0,0.8433333333333334,0.8431922063190205,0.8806899004267424,0.8,0.7553635284073146,0.04250746302808557
redundant,0.9,12,VIF+CART,0.6866666666666666,0.6842953741435672,0.7989642603129445,0.6,0.6217051773181906,0.013530759812996285
redundant,0.9,12,Cluster+CART,0.8233333333333334,0.8231741901044274,0.8901360241820768,1.0,1.0,0.04500773902888252
redundant,0.9,13,CART,0.8066666666666666,0.8065290873510051,0.8398159672830725,0.8,0.7633893836543933,0.001462558886520267
redundant,0.9,13,ACP-Gini a=0.5,0.8066666666666666,0.806658073692164,0.8825346728307254,0.8,0.684715969167028,0.029996603743015146
redundant,0.9,13,Tree-global a=0.5,0.8166666666666667,0.8165015180328963,0.877956081081081,0.8,0.8428101774788608,0.009201137586831472
redundant,0.9,13,ACP-Gini a=1.0,0.8266666666666667,0.8266666666666667,0.8950257823613086,0.6,0.6385131862100916,0.02182665023907378
redundant,0.9,13,Tree-global a=1.0,0.8033333333333333,0.8023649214484306,0.8781116642958748,1.0,1.0,0.01462340017348433
redundant,0.9,13,ACP-Gini node a=1.0,0.8166666666666667,0.8165015180328963,0.8683543741109531,0.8,0.6924831451734603,0.004067343635194738
redundant,0.9,13,VIF+CART,0.7533333333333333,0.753234627184207,0.7931410028449501,0.6,0.5902942016139449,0.05182204825002454
redundant,0.9,13,Cluster+CART,0.82,0.8196071444479087,0.8702435988620199,1.0,1.0,0.008158643194797904
redundant,0.9,14,CART,0.78,0.78,0.8496732026143791,0.6,0.7294990743838433,0.008024852335988587
redundant,0.9,14,ACP-Gini a=0.5,0.7866666666666666,0.786628733997155,0.8572317816015294,0.8,0.7404106658706426,0.0012140175191019203
redundant,0.9,14,Tree-global a=0.5,0.7833333333333333,0.783138157675241,0.8548530523320438,1.0,0.9123960282770929,0.0391283145173075
redundant,0.9,14,ACP-Gini a=1.0,0.7866666666666666,0.786628733997155,0.8572317816015294,0.8,0.7404106658706426,0.0012140175191019203
redundant,0.9,14,Tree-global a=1.0,0.7866666666666666,0.7863247863247863,0.8729269485572007,1.0,1.0,0.004948234144266561
redundant,0.9,14,ACP-Gini node a=1.0,0.7833333333333333,0.783273131425396,0.8594326619536703,0.8,0.8230555810497766,0.005975980202944505
redundant,0.9,14,VIF+CART,0.76,0.7599573257467995,0.8181494820150282,0.6,0.7748569109522392,0.0
redundant,0.9,14,Cluster+CART,0.8233333333333334,0.8230954950544621,0.8701925214530255,1.0,1.0,0.036834627280906584
redundant,0.9,15,CART,0.8033333333333333,0.8032786885245902,0.8395135832110622,0.6,0.5527020707744693,0.01199023687270913
redundant,0.9,15,ACP-Gini a=0.5,0.7833333333333333,0.7829257160668366,0.8295318127250901,0.8,0.7478989698797013,0.013282721972071906
redundant,0.9,15,Tree-global a=0.5,0.78,0.7795198432141108,0.8223733938019653,0.8,0.8780601568588242,0.05388526775165396
redundant,0.9,15,ACP-Gini a=1.0,0.7966666666666666,0.7956654272602419,0.8623449379751901,0.8,0.7993700711415099,0.010000764934146174
redundant,0.9,15,Tree-global a=1.0,0.82,0.8194865394901052,0.882219554488462,1.0,1.0,0.023166238016351433
redundant,0.9,15,ACP-Gini node a=1.0,0.81,0.8090644156366193,0.8784847272242231,0.8,0.8521922157924517,0.022821573237799375
redundant,0.9,15,VIF+CART,0.7366666666666667,0.7365232181965737,0.7852252011915877,0.6,0.7159608725542286,0.03702942886734916
redundant,0.9,15,Cluster+CART,0.77,0.767830505052771,0.8271530834556045,0.8,1.0,0.07562466897816057
redundant,0.9,16,CART,0.7733333333333333,0.770021645021645,0.833948832035595,0.8,0.6368071737364001,0.017428594498532277
redundant,0.9,16,ACP-Gini a=0.5,0.7933333333333333,0.7917692893287358,0.840111234705228,0.8,0.8335010837452244,0.04193200575042703
redundant,0.9,16,Tree-global a=0.5,0.7966666666666666,0.7954644521688592,0.8213348164627363,0.8,0.8158008074615758,0.06678685523645281
redundant,0.9,16,ACP-Gini a=1.0,0.7933333333333333,0.7917692893287358,0.840111234705228,0.8,0.8335010837452244,0.04193200575042703
redundant,0.9,16,Tree-global a=1.0,0.78,0.7785829307568438,0.8372413793103448,0.8,1.0,0.060572596529806365
redundant,0.9,16,ACP-Gini node a=1.0,0.8066666666666666,0.8058035714285714,0.8281646273637375,0.8,0.8788925723403389,0.0539571486808485
redundant,0.9,16,VIF+CART,0.7333333333333333,0.7306397306397306,0.7814238042269188,0.6,0.5699617961466383,0.019780854686342622
redundant,0.9,16,Cluster+CART,0.7466666666666667,0.7455357142857142,0.8015572858731925,0.8,1.0,0.08701622541245178
redundant,0.9,17,CART,0.7466666666666667,0.7461137588526123,0.8009220079283774,0.6,0.7144075433320722,0.05127900785590801
redundant,0.9,17,ACP-Gini a=0.5,0.7433333333333333,0.7431935164700781,0.823459979510935,0.8,0.7429424571185942,0.04196861733836324
redundant,0.9,17,Tree-global a=0.5,0.72,0.71875,0.773239499354149,0.8,0.8219431053270897,0.058321803753327725
redundant,0.9,17,ACP-Gini a=1.0,0.7466666666666667,0.7461137588526123,0.8220346532448444,0.8,0.729858446171247,0.026667354565060697
redundant,0.9,17,Tree-global a=1.0,0.76,0.7591328783621036,0.815063916974745,0.8,0.9894215363330595,0.13246554793438767
redundant,0.9,17,ACP-Gini node a=1.0,0.7533333333333333,0.7531578011030066,0.8319673956616631,0.8,0.7633486718359792,0.03380852450171395
redundant,0.9,17,VIF+CART,0.7466666666666667,0.7459440185416295,0.7974255044318739,0.6,0.704142652293707,0.03191512281398123
redundant,0.9,17,Cluster+CART,0.7633333333333333,0.7627401837928154,0.8546612623045744,1.0,1.0,0.04264184488802963
redundant,0.9,18,CART,0.77,0.7699769976997699,0.7961216865326453,0.6,0.6989077321677526,0.008638041395585244
redundant,0.9,18,ACP-Gini a=0.5,0.7966666666666666,0.7965559026581139,0.8550969578366838,0.8,0.8037788606917612,0.022148596336263853
redundant,0.9,18,Tree-global a=0.5,0.78,0.7799608819345661,0.8472246931151042,0.8,0.8958676726043879,0.07990012114504705
redundant,0.9,18,ACP-Gini a=1.0,0.7966666666666666,0.7965559026581139,0.8551859099804304,0.8,0.8016329344190112,0.02319565153279241
redundant,0.9,18,Tree-global a=1.0,0.8066666666666666,0.8066666666666666,0.8590998043052838,0.8,1.0,0.04724017324970862
redundant,0.9,18,ACP-Gini node a=1.0,0.7666666666666667,0.7665732959850606,0.8395525707169542,0.8,0.7656412894230304,0.020695361154582335
redundant,0.9,18,VIF+CART,0.7266666666666667,0.7266545179785768,0.777908735100516,0.8,0.5935980292007861,0.016926664950037196
redundant,0.9,18,Cluster+CART,0.7966666666666666,0.7962841335396467,0.8399528553638143,0.8,1.0,0.055300884588713586
redundant,0.9,19,CART,0.81,0.8099472075576549,0.8425275604551921,0.8,0.746206380996918,0.007400427623483254
redundant,0.9,19,ACP-Gini a=0.5,0.81,0.8099809980998101,0.8480618776671407,0.8,0.8101506076189473,0.017129933902028743
redundant,0.9,19,Tree-global a=0.5,0.8,0.7998576765700054,0.8216349573257468,0.8,0.9950042023137499,0.0487753690550671
redundant,0.9,19,ACP-Gini a=1.0,0.81,0.8099809980998101,0.8587304409672831,0.8,0.8152162285033029,0.01841888083581781
redundant,0.9,19,Tree-global a=1.0,0.8033333333333333,0.8032262009316183,0.8489953769559033,1.0,1.0,0.01775131620833897
redundant,0.9,19,ACP-Gini node a=1.0,0.7933333333333333,0.7933241477398996,0.869554587482219,0.8,0.7328191220953202,0.03254198887176804
redundant,0.9,19,VIF+CART,0.7466666666666667,0.7466554069069737,0.8087660028449503,0.8,0.8044629450812473,0.03960522590967603
redundant,0.9,19,Cluster+CART,0.82,0.82,0.8661984352773826,0.8,1.0,0.053985273612243964
redundant,0.9,20,CART,0.7866666666666666,0.7865812991863412,0.8283253205128205,0.6,0.6011320143205409,0.0
redundant,0.9,20,ACP-Gini a=0.5,0.7933333333333333,0.7933241477398996,0.8336672008547008,0.6,0.6630192838880119,0.018417753829601924
redundant,0.9,20,Tree-global a=0.5,0.76,0.7598292118840064,0.8074474715099715,0.8,0.844363235577321,0.08737265768981631
redundant,0.9,20,ACP-Gini a=1.0,0.7933333333333333,0.7933241477398996,0.8330884971509972,0.6,0.662585713127656,0.01956535026717974
redundant,0.9,20,Tree-global a=1.0,0.77,0.7696903614859978,0.8043981481481481,0.8,1.0,0.03642356554422982
redundant,0.9,20,ACP-Gini node a=1.0,0.7966666666666666,0.7966101694915255,0.8511841168091168,0.8,0.6984703040035484,0.010591107590466966
redundant,0.9,20,VIF+CART,0.7266666666666667,0.7258869673738635,0.7991007834757835,0.6,0.7122373828552261,0.02819007927715016
redundant,0.9,20,Cluster+CART,0.7266666666666667,0.7263626251390434,0.7893073361823362,1.0,1.0,0.05723897880764995
redundant,0.9,21,CART,0.77,0.7699769976997699,0.8279916429587482,0.6,0.7058541849555693,0.014856490452374294
redundant,0.9,21,ACP-Gini a=0.5,0.78,0.7795198432141108,0.8374155405405405,0.6,0.7070429591644448,0.04403480059744928
redundant,0.9,21,Tree-global a=0.5,0.7866666666666666,0.786628733997155,0.8145892603129445,0.8,0.8638588611617397,0.08809255642176542
redundant,0.9,21,ACP-Gini a=1.0,0.78,0.7795198432141108,0.8374155405405405,0.6,0.7070429591644448,0.04403480059744928
redundant,0.9,21,Tree-global a=1.0,0.7733333333333333,0.7733232588115027,0.8250355618776671,0.8,1.0,0.07610059748836667
redundant,0.9,21,ACP-Gini node a=1.0,0.7833333333333333,0.7832153061111049,0.8536850995732574,0.8,0.745751513393311,0.012704472862275993
redundant,0.9,21,VIF+CART,0.7866666666666666,0.7835497835497836,0.8379267425320056,0.6,0.5683665710311148,0.009212914847725772
redundant,0.9,21,Cluster+CART,0.74,0.7390606182256123,0.8473506401137979,0.8,0.8,0.0495048209328202
redundant,0.9,22,CART,0.8333333333333334,0.8333333333333334,0.8895558223289317,0.8,0.7496439264865248,0.0
redundant,0.9,22,ACP-Gini a=0.5,0.82,0.8199279711884754,0.8686585745409274,0.8,0.7638241571946112,0.0
redundant,0.9,22,Tree-global a=0.5,0.8033333333333333,0.8032786885245902,0.8573873994042062,0.8,0.8803746662244537,0.06919188544606208
redundant,0.9,22,ACP-Gini a=1.0,0.8133333333333334,0.8132586367880486,0.8680805655595571,0.8,0.7173475926262192,0.0
redundant,0.9,22,Tree-global a=1.0,0.8133333333333334,0.8126589053927473,0.8579431772709083,1.0,1.0,0.0330639509239401
redundant,0.9,22,ACP-Gini node a=1.0,0.8133333333333334,0.8132586367880486,0.8728824863278644,0.8,0.6986584804589514,0.0
redundant,0.9,22,VIF+CART,0.75,0.7499305362600722,0.7703081232492995,0.6,0.6194782703638156,0.02733387227871773
redundant,0.9,22,Cluster+CART,0.8466666666666667,0.8461126722868995,0.8791516606642656,1.0,1.0,0.0042395302844710665
redundant,0.9,23,CART,0.7833333333333333,0.7830416448781139,0.8579047957687009,0.6,0.49938198586328186,0.022654899206161126
redundant,0.9,23,ACP-Gini a=0.5,0.7933333333333333,0.7932506335867681,0.8585492688563937,0.6,0.7059954049327958,0.03416271130002848
redundant,0.9,23,Tree-global a=0.5,0.7533333333333333,0.7530589543937709,0.8542379661318281,0.8,0.9413869349945887,0.0716877396666606
redundant,0.9,23,ACP-Gini a=1.0,0.7966666666666666,0.7966463312997967,0.8560602693453043,0.6,0.6957862910122335,0.04312506855047689
redundant,0.9,23,Tree-global a=1.0,0.7433333333333333,0.7422996686710026,0.8546157607004756,0.8,1.0,0.060955910442111245
redundant,0.9,23,ACP-Gini node a=1.0,0.78,0.7796474358974359,0.8502822347659897,0.6,0.662605477882446,0.0426733474683448
redundant,0.9,23,VIF+CART,0.7766666666666666,0.7766641851576128,0.7953909062625006,0.6,0.5621616110335893,0.04160315557058774
redundant,0.9,23,Cluster+CART,0.7833333333333333,0.7827903091060986,0.8670385350460021,0.8,1.0,0.027505975251384478
redundant,0.9,24,CART,0.7866666666666666,0.7865812991863412,0.8556235756736227,0.8,0.6434344179856634,0.0
redundant,0.9,24,ACP-Gini a=0.5,0.8033333333333333,0.8029633422760517,0.8549979891862909,0.8,0.6183377295117303,0.0
redundant,0.9,24,Tree-global a=0.5,0.7666666666666667,0.7665006226650062,0.8412350864649895,0.8,0.8873589691321652,0.044967714009491275
redundant,0.9,24,ACP-Gini a=1.0,0.7933333333333333,0.79288227695871,0.8467089682291434,0.8,0.5925283320280739,0.001597408494502523
redundant,0.9,24,Tree-global a=1.0,0.7633333333333333,0.7625709221834558,0.8297734483220877,1.0,1.0,0.02345470180006865
redundant,0.9,24,ACP-Gini node a=1.0,0.8,0.7999199679871949,0.8517583448768935,0.6,0.5994515682152232,0.007813294914936948
redundant,0.9,24,VIF+CART,0.7566666666666667,0.7543714038964098,0.7829885160194825,0.6,0.5874288663751898,0.011193184145608664
redundant,0.9,24,Cluster+CART,0.8166666666666667,0.8135150713728682,0.8864783949238124,0.8,1.0,0.032572583755067906
redundant,0.9,25,CART,0.77,0.7699769976997699,0.8161251611182719,0.6,0.6438111575461986,0.0026875347137959938
redundant,0.9,25,ACP-Gini a=0.5,0.7666666666666667,0.7666562958353704,0.8117471887639449,0.8,0.6678658405161844,0.03003987616083046
redundant,0.9,25,Tree-global a=0.5,0.7166666666666667,0.7166635184835387,0.7592115205120228,0.8,0.775366851436246,0.05281716087687281
redundant,0.9,25,ACP-Gini a=1.0,0.77,0.7699974444160491,0.8126138939508423,0.8,0.6839288957110197,0.030444232634590063
redundant,0.9,25,Tree-global a=1.0,0.7633333333333333,0.7628880898576216,0.7922796568736388,1.0,1.0,0.05990528825055679
redundant,0.9,25,ACP-Gini node a=1.0,0.7533333333333333,0.7532894736842105,0.8080581359171519,0.8,0.6875830771642442,0.021546502963232843
redundant,0.9,25,VIF+CART,0.74,0.74,0.8062580559135961,0.8,0.6319673089028969,0.012411701881346231
redundant,0.9,25,Cluster+CART,0.7533333333333333,0.753322369883106,0.7905906929196853,1.0,1.0,0.07355882329782547
redundant,0.9,26,CART,0.7433333333333333,0.7433076640997434,0.7862127205653585,0.8,0.7903674348456781,0.02880188597489547
redundant,0.9,26,ACP-Gini a=0.5,0.74,0.7395833333333333,0.7954797991021824,0.8,0.6956921252536634,0.021881899604775257
redundant,0.9,26,Tree-global a=0.5,0.7333333333333333,0.7331435687600072,0.8137250544468643,0.8,0.9143421440547735,0.061442390748713674
redundant,0.9,26,ACP-Gini a=1.0,0.7333333333333333,0.732751325108013,0.7907462553891283,0.8,0.6947943474298716,0.02787167521491404
redundant,0.9,26,Tree-global a=1.0,0.7766666666666666,0.7766641851576128,0.8243921952086759,1.0,1.0,0.050855702561820516
redundant,0.9,26,ACP-Gini node a=1.0,0.7566666666666667,0.7564474693891169,0.7876572292101871,0.8,0.8663206291380343,0.03935922972364752
redundant,0.9,26,VIF+CART,0.7566666666666667,0.756599055293137,0.7981688075025557,0.8,0.6436681471499456,0.0014333025636543827
redundant,0.9,26,Cluster+CART,0.75,0.7497747973175859,0.8223032134761545,0.8,1.0,0.047525724878567405
redundant,0.9,27,CART,0.79,0.7898856043846094,0.7970305832147937,0.4,0.6096653516914972,0.014756124267807648
redundant,0.9,27,ACP-Gini a=0.5,0.7833333333333333,0.783138157675241,0.8093661095305833,0.8,0.681583006220978,0.03599605861939134
redundant,0.9,27,Tree-global a=0.5,0.7966666666666666,0.7966463312997967,0.8191456258890469,0.8,0.7918904544054585,0.10322368366174678
redundant,0.9,27,ACP-Gini a=1.0,0.79,0.7898856043846094,0.821546052631579,0.8,0.6917695522264133,0.05066973653401888
redundant,0.9,27,Tree-global a=1.0,0.7633333333333333,0.7627401837928154,0.8352373755334281,1.0,1.0,0.0308221686928584
redundant,0.9,27,ACP-Gini node a=1.0,0.8066666666666666,0.8066322901849218,0.8322146159317212,0.6,0.6405725468635175,0.08684459109843322
redundant,0.9,27,VIF+CART,0.7833333333333333,0.7833309258991767,0.8104329658605974,0.6,0.6541966413374205,0.010317511293997909
redundant,0.9,27,Cluster+CART,0.78,0.7799119647859143,0.8718438833570412,1.0,1.0,0.017476352349843412
redundant,0.9,28,CART,0.8233333333333334,0.8233313703485594,0.8721710906584855,0.8,0.7671095612514384,0.034930854677158
redundant,0.9,28,ACP-Gini a=0.5,0.8066666666666666,0.8065893023876217,0.8538526521719798,0.8,0.785587935058019,0.041075764361938424
redundant,0.9,28,Tree-global a=0.5,0.8,0.7999911107160318,0.8445600462407185,0.8,0.871151406366694,0.0680120728803496
redundant,0.9,28,ACP-Gini a=1.0,0.79,0.7894736842105263,0.8160597572362278,0.8,0.6732760081076621,0.05716397029574734
redundant,0.9,28,Tree-global a=1.0,0.79,0.789717286574172,0.8455604464007825,1.0,1.0,0.0715189731386394
redundant,0.9,28,ACP-Gini node a=1.0,0.82,0.8197997775305895,0.8508292205771197,0.8,0.6913914641075525,0.04714315501787201
redundant,0.9,28,VIF+CART,0.7933333333333333,0.7933333333333333,0.8252634387088168,0.8,0.7356058661027757,0.03547128463967436
redundant,0.9,28,Cluster+CART,0.79,0.7899976666407404,0.8416255391045308,1.0,1.0,0.04049264298295459
redundant,0.9,29,CART,0.8,0.7997775305895439,0.8413125695216909,0.8,0.6852490767666976,0.022281965418214925
redundant,0.9,29,ACP-Gini a=0.5,0.8066666666666666,0.8061151720449278,0.8073192436040044,0.8,0.7163164377966847,0.04815083286207835
redundant,0.9,29,Tree-global a=0.5,0.82,0.8193496587715776,0.836218020022247,1.0,0.919006841762988,0.014926198443764718
redundant,0.9,29,ACP-Gini a=1.0,0.7833333333333333,0.7826353512947131,0.8118131256952168,0.8,0.7497886393010686,0.04496604630479751
redundant,0.9,29,Tree-global a=1.0,0.8166666666666667,0.8162071846282373,0.8583537263626251,1.0,1.0,0.011401460575526651
redundant,0.9,29,ACP-Gini node a=1.0,0.8066666666666666,0.8061151720449278,0.8030033370411568,0.8,0.7475198547102233,0.0525857344454642
redundant,0.9,29,VIF+CART,0.77,0.7699769976997699,0.8378865406006675,0.6,0.5091999408125546,0.010427221830245251
redundant,0.9,29,Cluster+CART,0.8233333333333334,0.8214265658868586,0.8741268075639599,0.8,1.0,0.06111541503471058
redundant,0.95,0,CART,0.7933333333333333,0.79288227695871,0.8497933241477399,0.6,0.7053315842085975,0.011779858022634378
redundant,0.95,0,ACP-Gini a=0.5,0.8066666666666666,0.8065290873510051,0.8531045824258856,0.8,0.5832623580033122,0.04387561478996546
redundant,0.95,0,Tree-global a=0.5,0.8233333333333334,0.8232842456237843,0.861593848615494,0.8,0.9720593827317423,0.044199345708895076
redundant,0.95,0,ACP-Gini a=1.0,0.8066666666666666,0.8065290873510051,0.8531045824258856,0.8,0.5832623580033122,0.04387561478996546
redundant,0.95,0,Tree-global a=1.0,0.8166666666666667,0.8165667974786273,0.8586826081159162,0.8,1.0,0.050531222956366126
redundant,0.95,0,ACP-Gini node a=1.0,0.7966666666666666,0.7965559026581139,0.8545046446508733,0.8,0.47860552317842586,0.02891197774217864
redundant,0.95,0,VIF+CART,0.81,0.8099809980998101,0.8628827947908795,0.6,0.5217809506079175,0.015191573989885743
redundant,0.95,0,Cluster+CART,0.8,0.7999911107160318,0.8620605360238233,0.8,0.8,0.03333546101096707
redundant,0.95,1,CART,0.8033333333333333,0.8031561738898343,0.86899893314367,0.6,0.5535383177483469,0.017183260689974198
redundant,0.95,1,ACP-Gini a=0.5,0.8066666666666666,0.8065893023876217,0.8577080369843527,0.6,0.683904635199484,0.04419344466941379
redundant,0.95,1,Tree-global a=0.5,0.8233333333333334,0.8232370957521318,0.8495065789473685,1.0,0.9949650650617026,0.04832522797998511
redundant,0.95,1,ACP-Gini a=1.0,0.8066666666666666,0.8065893023876217,0.8549075391180654,0.6,0.6787260605377738,0.04283716390679842
redundant,0.95,1,Tree-global a=1.0,0.8133333333333334,0.8128008557675166,0.8765558321479374,0.8,1.0,0.04087693582310756
redundant,0.95,1,ACP-Gini node a=1.0,0.8066666666666666,0.8065893023876217,0.8605974395448079,0.6,0.676761489659732,0.04188407330253443
redundant,0.95,1,VIF+CART,0.81,0.8096425510124567,0.8554409672830725,0.8,0.6809095440777322,0.029748394113259784
redundant,0.95,1,Cluster+CART,0.8433333333333334,0.8431922063190205,0.8830236486486487,0.8,1.0,0.05307413256613886
redundant,0.95,2,CART,0.83,0.8299527646568491,0.8850293542074364,0.6,0.6227417444249224,0.027714397427944862
redundant,0.95,2,ACP-Gini a=0.5,0.8166666666666667,0.8166157265907197,0.8530065824586373,0.6,0.620537754741327,0.036792656857346714
redundant,0.95,2,Tree-global a=0.5,0.8133333333333334,0.8131256952169077,0.8628580323785804,1.0,0.9946559242074322,0.07185338979024015
redundant,0.95,2,ACP-Gini a=1.0,0.8166666666666667,0.8166483314998166,0.8548301014054438,0.6,0.6268050524508908,0.037015479279006336
redundant,0.95,2,Tree-global a=1.0,0.8066666666666666,0.8064516129032258,0.8580546166162606,1.0,1.0,0.041923965402379915
redundant,0.95,2,ACP-Gini node a=1.0,0.8033333333333333,0.8033136646998034,0.8420432307418608,0.6,0.5978868518102978,0.060566357356660154
redundant,0.95,2,VIF+CART,0.84,0.8399359743897559,0.8955479452054793,0.6,0.729066918175284,0.030499797671550137
redundant,0.95,2,Cluster+CART,0.7266666666666667,0.7264721579790072,0.8514276819071339,0.8,1.0,0.08522869383880967
redundant,0.95,3,CART,0.7933333333333333,0.7931862657890055,0.8401262278323481,1.0,0.6964385355417942,0.04203201612521354
redundant,0.95,3,ACP-Gini a=0.5,0.79,0.7898856043846094,0.8615716254055735,1.0,0.7371716046010828,0.06975973789575961
redundant,0.95,3,Tree-global a=0.5,0.77,0.7690737290688205,0.8564825103337926,1.0,0.984178779868184,0.06283676962753647
redundant,0.95,3,ACP-Gini a=1.0,0.79,0.7898856043846094,0.8615716254055735,1.0,0.7371716046010828,0.06975973789575961
redundant,0.95,3,Tree-global a=1.0,0.7766666666666666,0.7759472082576273,0.8567936352726787,1.0,1.0,0.06441850581531389
redundant,0.95,3,ACP-Gini node a=1.0,0.79,0.7899416504584607,0.8595715365127339,1.0,0.8196426688329176,0.07348788477942521
redundant,0.95,3,VIF+CART,0.8233333333333334,0.8231741901044274,0.8160584914885105,0.8,0.6371450291231793,0.03481041081912431
redundant,0.95,3,Cluster+CART,0.7966666666666666,0.7962841335396467,0.8304591315169563,1.0,1.0,0.06536530567180598
redundant,0.95,4,CART,0.8,0.7998576765700054,0.8519736842105263,0.8,0.8050667061501204,0.0
redundant,0.95,4,ACP-Gini a=0.5,0.7866666666666666,0.7865812991863412,0.8393269914651493,0.6,0.8264331225572427,0.009273476613016784
redundant,0.95,4,Tree-global a=0.5,0.8,0.7999911107160318,0.8567300853485063,0.8,1.0,0.018594895169507818
redundant,0.95,4,ACP-Gini a=1.0,0.7866666666666666,0.7865812991863412,0.8393269914651493,0.6,0.8264331225572427,0.009273476613016784
redundant,0.95,4,Tree-global a=1.0,0.8,0.7999911107160318,0.8567300853485063,0.8,1.0,0.018594895169507818
redundant,0.95,4,ACP-Gini node a=1.0,0.77,0.7696903614859978,0.8437499999999999,0.6,0.8352517828198586,0.0014778126716697788
redundant,0.95,4,VIF+CART,0.81,0.8099809980998101,0.8200791251778095,0.6,0.7130775856269848,0.019229749426404204
redundant,0.95,4,Cluster+CART,0.83,0.8296801772216718,0.8773337482219061,1.0,1.0,0.005736555730470159
redundant,0.95,5,CART,0.7666666666666667,0.7665732959850606,0.8525071123755333,0.6,0.5190558868372996,0.004066622562544541
redundant,0.95,5,ACP-Gini a=0.5,0.7733333333333333,0.7730812013348165,0.8634201635846372,0.8,0.5922711877734517,0.01790076680693113
redundant,0.95,5,Tree-global a=0.5,0.79,0.78997899789979,0.8695323613086772,0.8,0.9167807789810937,0.042172570846078596
redundant,0.95,5,ACP-Gini a=1.0,0.8,0.7992773986350863,0.8798675320056899,0.8,0.5918438287506312,0.02209788586852692
redundant,0.95,5,Tree-global a=1.0,0.79,0.7896049248032417,0.8607974751066856,1.0,1.0,0.04051373968335712
redundant,0.95,5,ACP-Gini node a=1.0,0.7933333333333333,0.7931862657890055,0.8575524537695591,0.8,0.7441586639106307,0.02436808164822874
redundant,0.95,5,VIF+CART,0.76,0.7584541062801933,0.8429054054054055,0.6,0.6014638421307871,0.0014799569716273315
redundant,0.95,5,Cluster+CART,0.8266666666666667,0.8263888888888888,0.8950702347083925,0.8,1.0,0.020562912562616564
redundant,0.95,6,CART,0.8,0.7998576765700054,0.8098550853485065,0.8,0.7015447079965431,0.0
redundant,0.95,6,ACP-Gini a=0.5,0.7533333333333333,0.752794975724912,0.8298808677098151,0.8,0.7972671698688225,0.03430220847555735
redundant,0.95,6,Tree-global a=0.5,0.7766666666666666,0.7762465073304317,0.822724039829303,1.0,0.9980462372835905,0.05939987136389797
redundant,0.95,6,ACP-Gini a=1.0,0.75,0.7496634363978237,0.8248133001422475,0.8,0.7953638682640662,0.034539054375117895
redundant,0.95,6,Tree-global a=1.0,0.7766666666666666,0.7762465073304317,0.8265691678520625,1.0,1.0,0.05937465146894667
redundant,0.95,6,ACP-Gini node a=1.0,0.7866666666666666,0.7865812991863412,0.849706614509246,0.8,0.6255214219490405,0.022908243192659196
redundant,0.95,6,VIF+CART,0.7766666666666666,0.7766443310997766,0.8336370910384068,0.6,0.45919951120342956,0.012014757580357955
redundant,0.95,6,Cluster+CART,0.8033333333333333,0.8032262009316183,0.8470172475106685,1.0,1.0,0.02369209239819795
redundant,0.95,7,CART,0.8133333333333334,0.8123240538004379,0.8624471635150166,0.8,0.7518500755014025,0.01749470949901429
redundant,0.95,7,ACP-Gini a=0.5,0.81,0.8093879234430561,0.8707675194660734,0.6,0.6318150191047003,0.029286218257958074
redundant,0.95,7,Tree-global a=0.5,0.8,0.7997775305895439,0.8499888765294773,0.8,0.792719154079423,0.03467076436011842
redundant,0.95,7,ACP-Gini a=1.0,0.8066666666666666,0.8062447107033095,0.85412680756396,0.6,0.6189408771671102,0.03048380670857696
redundant,0.95,7,Tree-global a=1.0,0.7933333333333333,0.7932506335867681,0.8448498331479422,0.8,1.0,0.037085440454770996
redundant,0.95,7,ACP-Gini node a=1.0,0.7933333333333333,0.7922159167076277,0.8502335928809788,0.8,0.6359028143431671,0.04043111696766795
redundant,0.95,7,VIF+CART,0.7566666666666667,0.7566639629329215,0.8161290322580645,0.6,0.6299131255558654,0.00439400623876465
redundant,0.95,7,Cluster+CART,0.7833333333333333,0.7829257160668366,0.8659621802002226,0.8,1.0,0.05257950349513438
redundant,0.95,8,CART,0.7533333333333333,0.7526297022642182,0.823652375022238,0.6,0.6102985335963164,0.011862625469028196
redundant,0.95,8,ACP-Gini a=0.5,0.7533333333333333,0.752794975724912,0.8169142501334281,0.6,0.6683429026888144,0.02133790263499916
redundant,0.95,8,Tree-global a=0.5,0.7266666666666667,0.7266666666666667,0.7591175947340332,0.8,0.8845526790094687,0.0573356822176597
redundant,0.95,8,ACP-Gini a=1.0,0.7433333333333333,0.7431021252460548,0.8156022060131649,0.6,0.670847896723759,0.03970884453310014
redundant,0.95,8,Tree-global a=1.0,0.7433333333333333,0.7431935164700781,0.8127557374132717,1.0,1.0,0.024772954370843557
redundant,0.95,8,ACP-Gini node a=1.0,0.7633333333333333,0.7628880898576216,0.8203611457036115,0.8,0.7054921707989672,0.02648142802433383
redundant,0.95,8,VIF+CART,0.8033333333333333,0.8033311481238681,0.8394636185732076,0.6,0.605562975932995,0.008418489896004449
redundant,0.95,8,Cluster+CART,0.7533333333333333,0.7526297022642182,0.8106876000711617,1.0,1.0,0.017205751903574082
redundant,0.95,9,CART,0.7866666666666666,0.7863247863247863,0.86,0.6,0.7426417172667391,0.023472857187717393
redundant,0.95,9,ACP-Gini a=0.5,0.78,0.7799608819345661,0.8523333333333334,0.8,0.7414162984588739,0.04171742375041431
redundant,0.95,9,Tree-global a=0.5,0.81,0.8099978888654318,0.8689111111111111,1.0,0.9943429869163909,0.03075919871973942
redundant,0.95,9,ACP-Gini a=1.0,0.7833333333333333,0.7833309258991767,0.8613777777777778,0.8,0.7762525703819356,0.04701039403236658
redundant,0.95,9,Tree-global a=1.0,0.8066666666666666,0.8066666666666666,0.8681111111111111,1.0,1.0,0.034055790572270844
redundant,0.95,9,ACP-Gini node a=1.0,0.8,0.7998576765700054,0.8633333333333333,0.8,0.725116750557192,0.04397152697083633
redundant,0.95,9,VIF+CART,0.8233333333333334,0.8233156648998233,0.8827333333333331,0.6,0.7826221655184027,0.026668757129865835
redundant,0.95,9,Cluster+CART,0.8033333333333333,0.8033311481238681,0.8722666666666667,1.0,1.0,0.02450190453366135
redundant,0.95,10,CART,0.7433333333333333,0.7432620172270075,0.7885376372771331,0.6,0.5911890336897949,0.008598615118684035
redundant,0.95,10,ACP-Gini a=0.5,0.7466666666666667,0.7452969301577372,0.7869369970210306,0.6,0.6379708774872188,0.03130182065989674
redundant,0.95,10,Tree-global a=0.5,0.7566666666666667,0.75588277914637,0.7640611800275666,0.8,0.8494017633454668,0.06530926383606034
redundant,0.95,10,ACP-Gini a=1.0,0.7566666666666667,0.7556866988699116,0.786003290204971,0.6,0.6866874864776693,0.03781183215513958
redundant,0.95,10,Tree-global a=1.0,0.76,0.7598292118840064,0.786581299186341,1.0,1.0,0.05105348289915768
redundant,0.95,10,ACP-Gini node a=1.0,0.7633333333333333,0.761934034491623,0.8091236494597839,0.6,0.6470658714183125,0.040194274158807504
redundant,0.95,10,VIF+CART,0.7566666666666667,0.7554684621311091,0.8263083010982171,0.6,0.5709730882574613,0.0027722009684991757
redundant,0.95,10,Cluster+CART,0.7633333333333333,0.7630147197899397,0.8184384865057135,1.0,1.0,0.04993907206659853
redundant,0.95,11,CART,0.8166666666666667,0.8166483314998166,0.8877696559101443,0.6,0.6367284661242911,0.0
redundant,0.95,11,ACP-Gini a=0.5,0.8066666666666666,0.8066322901849218,0.8693394544482083,0.6,0.6436299138110816,0.011034861181752589
redundant,0.95,11,Tree-global a=0.5,0.7966666666666666,0.7958477894666385,0.8415270101622392,0.8,0.9765496507615824,0.06731870510069247
redundant,0.95,11,ACP-Gini a=1.0,0.8066666666666666,0.8066322901849218,0.8702085933321448,0.6,0.7041646989430105,0.024595993180784315
redundant,0.95,11,Tree-global a=1.0,0.7933333333333333,0.7924107142857143,0.8760697093956142,0.8,1.0,0.08185866647316022
redundant,0.95,11,ACP-Gini node a=1.0,0.81,0.8099472075576549,0.877161704403637,0.6,0.6501002552913361,0.011828200880993156
redundant,0.95,11,VIF+CART,0.8133333333333334,0.8133333333333334,0.860157782135853,0.8,0.8554056849618128,0.03371967316637049
redundant,0.95,11,Cluster+CART,0.85,0.8499182888461496,0.9074701372793725,0.8,1.0,0.03126026346540883
redundant,0.95,12,CART,0.8133333333333334,0.8132586367880486,0.8615087126600285,0.6,0.6587787422789528,0.006247315181209694
redundant,0.95,12,ACP-Gini a=0.5,0.7933333333333333,0.7930021367521367,0.8370154694167852,0.8,0.6773497428634941,0.019544822314466102
redundant,0.95,12,Tree-global a=0.5,0.7833333333333333,0.7832153061111049,0.8496177098150783,1.0,0.9816308991916486,0.04826881367632181
redundant,0.95,12,ACP-Gini a=1.0,0.7966666666666666,0.7961570593149541,0.8389935988620199,0.8,0.6983688725992219,0.019710473105298325
redundant,0.95,12,Tree-global a=1.0,0.7866666666666666,0.7862010600864104,0.8439944879089616,1.0,1.0,0.04731977475325639
redundant,0.95,12,ACP-Gini node a=1.0,0.8033333333333333,0.802541304566093,0.8344594594594595,0.8,0.714676070688799,0.031000715446067403
redundant,0.95,12,VIF+CART,0.7966666666666666,0.7964835018183032,0.7918741109530583,0.6,0.7294388687385762,0.00592272955682188
redundant,0.95,12,Cluster+CART,0.82,0.8197997775305895,0.8653316145092461,1.0,1.0,0.04703793114154626
redundant,0.95,13,CART,0.78,0.779990221787635,0.8337259957325747,0.8,0.7145660098229203,0.022057264771026347
redundant,0.95,13,ACP-Gini a=0.5,0.7833333333333333,0.7833309258991767,0.8361264224751066,1.0,0.6829991596068327,0.02436360729602856
redundant,0.95,13,Tree-global a=0.5,0.8,0.7999199679871949,0.8442834281650071,1.0,0.9762003607333597,0.026558118031524237
redundant,0.95,13,ACP-Gini a=1.0,0.7833333333333333,0.7833116644997833,0.8359930654338548,1.0,0.6888396029797438,0.02445312749045353
redundant,0.95,13,Tree-global a=1.0,0.7966666666666666,0.7962841335396467,0.8570857041251778,1.0,1.0,0.02724813996420279
redundant,0.95,13,ACP-Gini node a=1.0,0.7833333333333333,0.7833116644997833,0.8370376955903273,0.8,0.7154976719294349,0.024414428397653013
redundant,0.95,13,VIF+CART,0.7566666666666667,0.7566423308997566,0.8364153627311521,0.8,0.6570556617046823,0.03685403325356449
redundant,0.95,13,Cluster+CART,0.8033333333333333,0.8028404344193818,0.8770670341394025,1.0,1.0,0.04851070144151086
redundant,0.95,14,CART,0.81,0.8099809980998101,0.8366235383042105,0.6,0.5701343004112592,0.004692756862451435
redundant,0.95,14,ACP-Gini a=0.5,0.7766666666666666,0.7764654856037101,0.849628740385043,0.6,0.701201740719862,0.020444659012657754
redundant,0.95,14,Tree-global a=0.5,0.7633333333333333,0.7633307036744853,0.8525854786358988,1.0,0.946381603353618,0.0463660216773019
redundant,0.95,14,ACP-Gini a=1.0,0.77,0.769792813532179,0.8383353341336535,0.6,0.682207372163487,0.02280685952442924
redundant,0.95,14,Tree-global a=1.0,0.7933333333333333,0.7932506335867681,0.837468320661598,0.8,1.0,0.03126132326185802
redundant,0.95,14,ACP-Gini node a=1.0,0.77,0.769792813532179,0.8281090213863325,0.8,0.7655280700694934,0.022928101970138372
redundant,0.95,14,VIF+CART,0.7966666666666666,0.7962841335396467,0.8253968253968254,0.6,0.6541851785822475,0.002718787216337959
redundant,0.95,14,Cluster+CART,0.78,0.779990221787635,0.8284202569916856,1.0,1.0,0.016710001306228364
redundant,0.95,15,CART,0.7966666666666666,0.7966463312997967,0.8255302120848339,0.6,0.6175724086589269,0.004173646139705132
redundant,0.95,15,ACP-Gini a=0.5,0.7866666666666666,0.7866666666666666,0.8295985060690944,0.6,0.7663150934372347,0.02186455421510162
redundant,0.95,15,Tree-global a=0.5,0.7433333333333333,0.7422996686710026,0.7847361166688898,0.8,0.9871727379189412,0.07514195327606107
redundant,0.95,15,ACP-Gini a=1.0,0.7733333333333333,0.7733232588115027,0.8267529233915789,0.6,0.7660020288637046,0.03209699000960778
redundant,0.95,15,Tree-global a=1.0,0.7366666666666667,0.7358183500351128,0.775332355164288,1.0,1.0,0.09781841723361878
redundant,0.95,15,ACP-Gini node a=1.0,0.7833333333333333,0.7832153061111049,0.8462273798408252,0.8,0.7142508574283267,0.00801007208265072
redundant,0.95,15,VIF+CART,0.7766666666666666,0.7766443310997766,0.8436708016539949,0.6,0.6482883493906842,0.010018133344959084
redundant,0.95,15,Cluster+CART,0.7833333333333333,0.783138157675241,0.8338001867413631,0.8,1.0,0.05811939886804032
redundant,0.95,16,CART,0.77,0.7688674505074866,0.8293437152391547,0.8,0.5723967836893058,0.03606031860200992
redundant,0.95,16,ACP-Gini a=0.5,0.76,0.7531428571428571,0.8158843159065627,0.8,0.6776461629943753,0.04600926527105935
redundant,0.95,16,Tree-global a=0.5,0.7866666666666666,0.7838908648867678,0.8263403781979978,0.8,0.9915186185362928,0.057684966117230584
redundant,0.95,16,ACP-Gini a=1.0,0.78,0.7756017951856384,0.8216240266963293,0.8,0.6065419841396922,0.04107099099044228
redundant,0.95,16,Tree-global a=1.0,0.7766666666666666,0.7739312346053919,0.8262958843159066,0.8,1.0,0.06421040788564077
redundant,0.95,16,ACP-Gini node a=1.0,0.7633333333333333,0.7568465393440564,0.8226473859844272,0.8,0.692623909783085,0.04923840774433
redundant,0.95,16,VIF+CART,0.77,0.7660461804495982,0.8146384872080089,0.8,0.5876278325543159,0.06171528211024749
redundant,0.95,16,Cluster+CART,0.77,0.7692590652205415,0.8482758620689655,0.8,1.0,0.04700027913212705
redundant,0.95,17,CART,0.7733333333333333,0.7726867534319843,0.8367556010868112,0.8,0.768513928286661,0.04066600695993476
redundant,0.95,17,ACP-Gini a=0.5,0.7566666666666667,0.7563390780938818,0.822257360473921,0.8,0.5756750308058816,0.039178830826410695
redundant,0.95,17,Tree-global a=0.5,0.7733333333333333,0.7729700854700854,0.8134381542024853,0.8,0.7745377412112654,0.05843112335159675
redundant,0.95,17,ACP-Gini a=1.0,0.7766666666666666,0.7764654856037101,0.8219678410761213,0.6,0.6402088518086402,0.03183914737474501
redundant,0.95,17,Tree-global a=1.0,0.76,0.7596153846153846,0.8170237405906196,0.8,1.0,0.088847754055418
redundant,0.95,17,ACP-Gini node a=1.0,0.7766666666666666,0.7765450078376005,0.8060665449200481,0.8,0.8755038896981526,0.0461736514958933
redundant,0.95,17,VIF+CART,0.7666666666666667,0.7665732959850606,0.8333481804819385,0.8,0.6423406982145905,0.0164011428676178
redundant,0.95,17,Cluster+CART,0.7733333333333333,0.7730812013348165,0.8356643356643356,0.8,1.0,0.03903898701572673
redundant,0.95,18,CART,0.77,0.7699360933592665,0.8317692581391212,0.6,0.6705281320350708,0.0190680177023249
redundant,0.95,18,ACP-Gini a=0.5,0.7666666666666667,0.7665006226650062,0.8093755559508984,0.8,0.6724606349246246,0.022876457616326205
redundant,0.95,18,Tree-global a=0.5,0.79,0.78997899789979,0.8385073830279309,0.8,0.9701177754869355,0.06616436686915186
redundant,0.95,18,ACP-Gini a=1.0,0.7966666666666666,0.7966644073823043,0.8420209927059242,0.8,0.8851785551830694,0.03318288425232364
redundant,0.95,18,Tree-global a=1.0,0.8066666666666666,0.8066322901849218,0.8583881871553105,0.8,1.0,0.03241101412571851
redundant,0.95,18,ACP-Gini node a=1.0,0.7633333333333333,0.7633307036744853,0.8220734744707348,0.8,0.7221626287138974,0.03603721713314042
redundant,0.95,18,VIF+CART,0.7533333333333333,0.7530589543937709,0.8029710016011385,0.6,0.6554953788721216,0.022172761903893858
redundant,0.95,18,Cluster+CART,0.8,0.7996794871794872,0.8498710193915674,0.8,1.0,0.05458577107984792
redundant,0.95,19,CART,0.7933333333333333,0.793296586059744,0.8424164295874823,0.8,0.685838463251062,0.00865732420524902
redundant,0.95,19,ACP-Gini a=0.5,0.7933333333333333,0.7931862657890055,0.84975106685633,0.6,0.6551116176875867,0.0334982925704331
redundant,0.95,19,Tree-global a=0.5,0.7966666666666666,0.7966101694915255,0.8532405761024182,0.8,0.991938616292462,0.05014070930900344
redundant,0.95,19,ACP-Gini a=1.0,0.8,0.7999911107160318,0.84850640113798,0.8,0.7228935846075267,0.042399876140994025
redundant,0.95,19,Tree-global a=1.0,0.7966666666666666,0.7966101694915255,0.8623755334281651,1.0,1.0,0.01907030792576883
redundant,0.95,19,ACP-Gini node a=1.0,0.79,0.7899976666407404,0.8504400782361309,0.8,0.6552572514922888,0.036931192617862416
redundant,0.95,19,VIF+CART,0.7733333333333333,0.7732930298719772,0.845572546230441,0.8,0.7188724479816209,0.0
redundant,0.95,19,Cluster+CART,0.7766666666666666,0.7766046123923311,0.8556854551920341,1.0,1.0,0.021722350569608945
redundant,0.95,20,CART,0.7933333333333333,0.79288227695871,0.8361600783475784,0.6,0.609982146599011,0.001397684902206801
redundant,0.95,20,ACP-Gini a=0.5,0.78,0.7797552836484983,0.8526086182336183,0.8,0.6966660284955559,0.022076004635114877
redundant,0.95,20,Tree-global a=0.5,0.7566666666666667,0.7566639629329215,0.8216702279202278,0.8,0.9195134675475547,0.07961256685246144
redundant,0.95,20,ACP-Gini a=1.0,0.7766666666666666,0.7762465073304317,0.832287215099715,0.6,0.7415424238749972,0.04301188182149786
redundant,0.95,20,Tree-global a=1.0,0.77,0.769792813532179,0.8325765669515669,1.0,1.0,0.0653375017399827
redundant,0.95,20,ACP-Gini node a=1.0,0.7633333333333333,0.7627401837928154,0.8051326566951568,0.6,0.7482013166571353,0.05626965856168133
redundant,0.95,20,VIF+CART,0.7866666666666666,0.7858958918774255,0.8202679843304843,0.4,0.6263825366030986,0.01901905737676502
redundant,0.95,20,Cluster+CART,0.7933333333333333,0.7925866452562559,0.8395432692307692,0.8,1.0,0.02685563432746038
redundant,0.95,21,CART,0.8166666666666667,0.8164198533584041,0.8286362019914651,0.8,0.6172991137181025,0.042400040328608
redundant,0.95,21,ACP-Gini a=0.5,0.7833333333333333,0.7833116644997833,0.8201902560455192,0.8,0.5898805161339519,0.02771307208999718
redundant,0.95,21,Tree-global a=0.5,0.79,0.78997899789979,0.8282361308677098,0.8,0.7538497806486623,0.07249315984702792
redundant,0.95,21,ACP-Gini a=1.0,0.7766666666666666,0.7766046123923311,0.8451947012802277,0.8,0.6420084400256819,0.056494138099033586
redundant,0.95,21,Tree-global a=1.0,0.8,0.7999199679871949,0.8723773115220483,0.8,1.0,0.06969580933228872
redundant,0.95,21,ACP-Gini node a=1.0,0.7733333333333333,0.7733232588115027,0.8303920697012803,0.8,0.6329811104638219,0.069647866336713
redundant,0.95,21,VIF+CART,0.7666666666666667,0.7664071190211346,0.8321257112375534,0.6,0.6186441636177908,0.04310231957002833
redundant,0.95,21,Cluster+CART,0.8066666666666666,0.8056213414361678,0.8589971550497867,0.8,1.0,0.05940927851763665
redundant,0.95,22,CART,0.8266666666666667,0.8263888888888888,0.8859988439820371,0.6,0.7283271678149248,0.01893896753637733
redundant,0.95,22,ACP-Gini a=0.5,0.8166666666666667,0.8164198533584041,0.8960250766973457,0.6,0.7288720553798358,0.0
redundant,0.95,22,Tree-global a=0.5,0.8266666666666667,0.8263888888888888,0.8862211551287182,0.8,0.9702154199661382,0.011195773652858485
redundant,0.95,22,ACP-Gini a=1.0,0.8166666666666667,0.8164198533584041,0.8960250766973457,0.6,0.7288720553798358,0.0
redundant,0.95,22,Tree-global a=1.0,0.8033333333333333,0.8032786885245902,0.8749944422213329,0.8,1.0,0.01654856960474707
redundant,0.95,22,ACP-Gini node a=1.0,0.83,0.8299073940256362,0.8946467475879241,0.8,0.6815716518360094,0.011741872726901198
redundant,0.95,22,VIF+CART,0.7633333333333333,0.7621679563192979,0.8339558045440398,0.6,0.5862382232449458,0.061541153131501526
redundant,0.95,22,Cluster+CART,0.81,0.8096425510124567,0.8321773153705927,0.8,1.0,0.044728218897903904
redundant,0.95,23,CART,0.79,0.7894736842105263,0.8483043690830704,0.6,0.5631442114385695,0.0
redundant,0.95,23,ACP-Gini a=0.5,0.7666666666666667,0.7662927350427351,0.8399039957331437,0.8,0.6898751921096551,0.04993078771553497
redundant,0.95,23,Tree-global a=0.5,0.7266666666666667,0.7265572895824997,0.8057691452953465,0.8,0.8797594480717048,0.06328258067748394
redundant,0.95,23,ACP-Gini a=1.0,0.7633333333333333,0.7627401837928154,0.8313036134939331,0.8,0.7307971069049832,0.05828404004040257
redundant,0.95,23,Tree-global a=1.0,0.73,0.7297567811029927,0.8101248944397529,0.8,1.0,0.04562894439098219
redundant,0.95,23,ACP-Gini node a=1.0,0.7666666666666667,0.7665732959850606,0.8372594337526111,0.8,0.8276196548746981,0.05801840842979515
redundant,0.95,23,VIF+CART,0.7866666666666666,0.7860581208771618,0.8415707364771767,0.6,0.6750031015600512,0.013726999072133568
redundant,0.95,23,Cluster+CART,0.7633333333333333,0.7630147197899397,0.8340370683141473,0.8,1.0,0.1026791030201086
redundant,0.95,24,CART,0.8133333333333334,0.8133333333333334,0.8776978417266187,0.8,0.5587055205911896,0.01730398235792137
redundant,0.95,24,ACP-Gini a=0.5,0.75,0.7489931837704571,0.8570534876446669,0.8,0.592597234528287,0.0031833252039670835
redundant,0.95,24,Tree-global a=0.5,0.76,0.7597330367074526,0.8394030117520891,0.8,0.9372253000353783,0.020338652862807546
redundant,0.95,24,ACP-Gini a=1.0,0.7333333333333333,0.7321428571428572,0.8486080700656866,0.8,0.6186345854499524,0.014472973517936246
redundant,0.95,24,Tree-global a=1.0,0.7633333333333333,0.7631201414606479,0.8480048259529023,0.8,1.0,0.03218633813143096
redundant,0.95,24,ACP-Gini node a=1.0,0.7633333333333333,0.7621679563192979,0.8607176370704679,0.8,0.6281305634428691,0.015715773458099474
redundant,0.95,24,VIF+CART,0.83,0.82977113675052,0.8675544036820233,0.8,0.6078632425968684,0.003345352340034929
redundant,0.95,24,Cluster+CART,0.82,0.8194865394901052,0.884601635461817,0.8,1.0,0.025632925420428207
redundant,0.95,25,CART,0.7266666666666667,0.7256791114679513,0.7709898217698563,0.6,0.6251813295015008,0.01498500021757655
redundant,0.95,25,ACP-Gini a=0.5,0.7433333333333333,0.7422996686710026,0.8005244677541224,0.6,0.6483809539483625,0.021754507733820178
redundant,0.95,25,Tree-global a=0.5,0.77,0.7694235588972431,0.828481265834037,1.0,0.890419109865735,0.019579989629232655
redundant,0.95,25,ACP-Gini a=1.0,0.7433333333333333,0.7422996686710026,0.8018578603493489,0.6,0.6485971616964677,0.021854706015134513
redundant,0.95,25,Tree-global a=1.0,0.7633333333333333,0.7627401837928154,0.8243477487888351,1.0,1.0,0.020109891909089322
redundant,0.95,25,ACP-Gini node a=1.0,0.76,0.7598292118840064,0.8045246455398019,0.8,0.6655516836613004,0.07017963757849897
redundant,0.95,25,VIF+CART,0.7366666666666667,0.7356061535715481,0.7571003155695808,0.8,0.7945653202030062,0.02365092791050885
redundant,0.95,25,Cluster+CART,0.7766666666666666,0.7765450078376005,0.8214142850793368,1.0,1.0,0.016167198453646472
redundant,0.95,26,CART,0.7733333333333333,0.772838626341811,0.8295035334903773,0.6,0.6668930906289676,0.0
redundant,0.95,26,ACP-Gini a=0.5,0.7766666666666666,0.7764654856037101,0.8331259167074092,0.6,0.7143747139426712,0.0228773979526206
redundant,0.95,26,Tree-global a=0.5,0.78,0.7788104919790875,0.8479043513045025,0.8,0.8429696782480605,0.03578851860149523
redundant,0.95,26,ACP-Gini a=1.0,0.76,0.7599039615846338,0.8246810969376417,0.8,0.7248796035626917,0.04034018588327866
redundant,0.95,26,Tree-global a=1.0,0.75,0.7499972221913577,0.8231254722432109,1.0,1.0,0.0568906716536797
redundant,0.95,26,ACP-Gini node a=1.0,0.7733333333333333,0.773172033446006,0.8233699275523356,0.6,0.62598741541918,0.05045142456109455
redundant,0.95,26,VIF+CART,0.7966666666666666,0.79639292827023,0.8450375572247656,0.6,0.5573499197041926,0.0069758512975803665
redundant,0.95,26,Cluster+CART,0.77,0.769792813532179,0.8245922040979599,0.8,1.0,0.09820035684078607
redundant,0.95,27,CART,0.83,0.8299073940256362,0.8918474395448079,0.6,0.6686381159731393,0.013593916271890067
redundant,0.95,27,ACP-Gini a=0.5,0.8133333333333334,0.8133250366682965,0.8536628733997154,0.6,0.5437308753195145,0.03705794021469286
redundant,0.95,27,Tree-global a=0.5,0.7766666666666666,0.7763660031820558,0.853951813655761,1.0,0.9057610419056443,0.06423051004998093
redundant,0.95,27,ACP-Gini a=1.0,0.8133333333333334,0.8129259275756091,0.8435055120910384,0.6,0.5888649623764275,0.0562153830707496
redundant,0.95,27,Tree-global a=1.0,0.7966666666666666,0.7965559026581139,0.838926920341394,1.0,1.0,0.06826285135848953
redundant,0.95,27,ACP-Gini node a=1.0,0.83,0.8295739348370927,0.8718438833570413,0.8,0.6371628367823953,0.05543808695558421
redundant,0.95,27,VIF+CART,0.8233333333333334,0.8233156648998233,0.8818901137980085,0.6,0.6470681434458097,0.025215544849670066
redundant,0.95,27,Cluster+CART,0.7833333333333333,0.7832153061111049,0.8401715860597438,1.0,1.0,0.04003406917157007
redundant,0.95,28,CART,0.7866666666666666,0.7865812991863412,0.8389355742296919,0.6,0.7158962741945716,0.014987302668012637
redundant,0.95,28,ACP-Gini a=0.5,0.7866666666666666,0.7866571847637673,0.839446889867058,0.8,0.692021112490389,0.04257111283827906
redundant,0.95,28,Tree-global a=0.5,0.78,0.7799119647859143,0.8155929038281979,0.8,1.0,0.022468820544406663
redundant,0.95,28,ACP-Gini a=1.0,0.7866666666666666,0.7866571847637673,0.839446889867058,0.8,0.692021112490389,0.04257111283827906
redundant,0.95,28,Tree-global a=1.0,0.7533333333333333,0.7530589543937709,0.795962829576275,1.0,1.0,0.029986475900141755
redundant,0.95,28,ACP-Gini node a=1.0,0.8033333333333333,0.8031561738898343,0.8436708016539949,0.8,0.7615078468524406,0.03100716442429139
redundant,0.95,28,VIF+CART,0.7766666666666666,0.7766046123923311,0.850895913921124,0.6,0.685888338756252,0.03307879904458217
redundant,0.95,28,Cluster+CART,0.8166666666666667,0.8166157265907197,0.8478724823262638,1.0,1.0,0.036435746225771184
redundant,0.95,29,CART,0.8033333333333333,0.8028404344193818,0.8482091212458287,0.8,0.6708960078830944,0.02203175014611243
redundant,0.95,29,ACP-Gini a=0.5,0.8033333333333333,0.8023649214484306,0.8301223581757509,0.8,0.822453416635566,0.014319236996973772
redundant,0.95,29,Tree-global a=0.5,0.82,0.8196071444479087,0.803781979977753,0.8,0.9562486040225391,0.014250354032004812
redundant,0.95,29,ACP-Gini a=1.0,0.7866666666666666,0.7862010600864104,0.8113904338153504,0.8,0.8114564325487598,0.014454206233761042
redundant,0.95,29,Tree-global a=1.0,0.7866666666666666,0.7866571847637673,0.8044716351501668,1.0,1.0,0.014033236782693075
redundant,0.95,29,ACP-Gini node a=1.0,0.7933333333333333,0.7932506335867681,0.8080533926585094,0.8,0.8373862065606245,0.02929226155943107
redundant,0.95,29,VIF+CART,0.7733333333333333,0.772838626341811,0.8347719688542825,0.6,0.625440162755736,0.029934889786041353
redundant,0.95,29,Cluster+CART,0.79,0.78997899789979,0.8380645161290323,1.0,1.0,0.04356096196014225
redundant,0.99,0,CART,0.8133333333333334,0.8129259275756091,0.8670607582559224,0.8,0.786392329386072,0.018619447101538348
redundant,0.99,0,ACP-Gini a=0.5,0.7766666666666666,0.7766443310997766,0.8422818791946309,0.8,0.8068108258422729,0.04339787443659448
redundant,0.99,0,Tree-global a=0.5,0.7666666666666667,0.7666251778093883,0.8353037912796124,0.8,0.7113233118873316,0.055784853358955167
redundant,0.99,0,ACP-Gini a=1.0,0.79,0.78997899789979,0.8448375483354815,0.8,0.8148813193172886,0.04360517115836907
redundant,0.99,0,Tree-global a=1.0,0.7733333333333333,0.7730812013348165,0.8279701320058669,0.8,1.0,0.06825413643017626
redundant,0.99,0,ACP-Gini node a=1.0,0.7833333333333333,0.7832153061111049,0.8307480332459221,0.8,0.732599583428328,0.014245024665637897
redundant,0.99,0,VIF+CART,0.7666666666666667,0.7664071190211346,0.8249922218765279,1.0,1.0,0.02846810494156699
redundant,0.99,0,Cluster+CART,0.7766666666666666,0.7763660031820558,0.8437041646295392,0.8,1.0,0.012092689430885557
redundant,0.99,1,CART,0.8166666666666667,0.8166483314998166,0.8825124466571836,0.6,0.563659569009126,0.030866354624966362
redundant,0.99,1,ACP-Gini a=0.5,0.82,0.8198719089130049,0.8679765291607395,0.6,0.6832736987992621,0.04352877542713526
redundant,0.99,1,Tree-global a=0.5,0.79,0.7899976666407404,0.8569967994310099,1.0,1.0,0.05258649298020736
redundant,0.99,1,ACP-Gini a=1.0,0.8166666666666667,0.8164198533584041,0.8682432432432431,0.6,0.6288040167860574,0.029884500228163392
redundant,0.99,1,Tree-global a=1.0,0.79,0.7899976666407404,0.8568634423897582,1.0,1.0,0.05048227926975825
redundant,0.99,1,ACP-Gini node a=1.0,0.8033333333333333,0.8031561738898343,0.8535295163584636,0.6,0.7552108982102091,0.048010818237642264
redundant,0.99,1,VIF+CART,0.81,0.8090644156366193,0.8630423186344238,1.0,1.0,0.01373865556825875
redundant,0.99,1,Cluster+CART,0.8366666666666667,0.8364467784465781,0.8900915718349929,0.8,1.0,0.04474128502510526
redundant,0.99,2,CART,0.84,0.839421918908069,0.8769791851983633,0.6,0.5567292193329599,0.03363887210332743
redundant,0.99,2,ACP-Gini a=0.5,0.8,0.7976982557094048,0.8588774239459172,0.6,0.6944489441085693,0.05823324434059179
redundant,0.99,2,Tree-global a=0.5,0.84,0.839421918908069,0.9049991104785625,0.8,1.0,0.06257812528297234
redundant,0.99,2,ACP-Gini a=1.0,0.8,0.7976982557094048,0.8588774239459172,0.6,0.6944489441085693,0.05823324434059179
redundant,0.99,2,Tree-global a=1.0,0.84,0.839421918908069,0.9064445828144458,0.8,1.0,0.06301351054239034
redundant,0.99,2,ACP-Gini node a=1.0,0.81,0.8073782033230077,0.8691069204767834,0.6,0.7031345774493465,0.06629491645828224
redundant,0.99,2,VIF+CART,0.8233333333333334,0.8230954950544621,0.886519302615193,0.8,1.0,0.0699217083649775
redundant,0.99,2,Cluster+CART,0.8266666666666667,0.8265973055889022,0.87473314356876,1.0,1.0,0.039544136046647776
redundant,0.99,3,CART,0.8033333333333333,0.8031561738898343,0.8583270367571892,0.8,0.6191211817685958,0.025508125073436617
redundant,0.99,3,ACP-Gini a=0.5,0.84,0.8399359743897559,0.8814169518645273,0.8,0.7346712156558615,0.039704265805270124
redundant,0.99,3,Tree-global a=0.5,0.7866666666666666,0.7865812991863412,0.8710164896217609,1.0,0.9857226742702363,0.06586297211934065
redundant,0.99,3,ACP-Gini a=1.0,0.84,0.8399359743897559,0.8814169518645273,0.8,0.7346712156558615,0.039704265805270124
redundant,0.99,3,Tree-global a=1.0,0.78,0.7798434442270059,0.8641939641761855,1.0,1.0,0.06291478807454372
redundant,0.99,3,ACP-Gini node a=1.0,0.7866666666666666,0.7865148550080057,0.8583048135472687,1.0,0.7981193799476576,0.04270004092423008
redundant,0.99,3,VIF+CART,0.79,0.7893234943317988,0.8607271434285968,1.0,1.0,0.06622844702492477
redundant,0.99,3,Cluster+CART,0.7866666666666666,0.7864293659621802,0.861593848615494,1.0,1.0,0.04373422389454005
redundant,0.99,4,CART,0.8,0.7995634938310098,0.8526849217638691,0.4,0.6697045982328356,0.0147098489758073
redundant,0.99,4,ACP-Gini a=0.5,0.8166666666666667,0.8166646296069957,0.8424831081081082,0.6,0.7602316257049528,0.027067289962664776
redundant,0.99,4,Tree-global a=0.5,0.8133333333333334,0.8133250366682965,0.8390380512091038,0.8,1.0,0.021856388577225026
redundant,0.99,4,ACP-Gini a=1.0,0.8233333333333334,0.8233313703485594,0.8538184566145093,0.6,0.7730873114178737,0.0271310127877089
redundant,0.99,4,Tree-global a=1.0,0.8133333333333334,0.8133250366682965,0.8390380512091038,0.8,1.0,0.021856388577225026
redundant,0.99,4,ACP-Gini node a=1.0,0.8166666666666667,0.8165015180328963,0.8496177098150782,0.8,0.827732430427559,0.03614012691408685
redundant,0.99,4,VIF+CART,0.7866666666666666,0.7866666666666666,0.857530227596017,0.8,1.0,0.01886186562651816
redundant,0.99,4,Cluster+CART,0.8366666666666667,0.8366503316998366,0.8789340327169275,1.0,1.0,0.03435746770515006
redundant,0.99,5,CART,0.8,0.7995634938310098,0.8699546586059743,0.6,0.6629539092012683,0.016675356991868433
redundant,0.99,5,ACP-Gini a=0.5,0.8066666666666666,0.8058035714285714,0.8638424608819346,0.8,0.6989460120371477,0.009337379716816467
redundant,0.99,5,Tree-global a=0.5,0.81,0.8092348196655473,0.868421052631579,1.0,1.0,0.03507182735547527
redundant,0.99,5,ACP-Gini a=1.0,0.8133333333333334,0.8125,0.8792007467994309,0.8,0.6876084934875658,0.0181414106033612
redundant,0.99,5,Tree-global a=1.0,0.81,0.8092348196655473,0.868421052631579,1.0,1.0,0.03507182735547527
redundant,0.99,5,ACP-Gini node a=1.0,0.7933333333333333,0.7925866452562559,0.8619976884779517,0.6,0.5838265636490683,0.028703958165897756
redundant,0.99,5,VIF+CART,0.7933333333333333,0.7933333333333333,0.8538184566145092,1.0,1.0,0.035181734680582485
redundant,0.99,5,Cluster+CART,0.7933333333333333,0.7922159167076277,0.8596194879089617,0.8,1.0,0.03640085587905355
redundant,0.99,6,CART,0.76,0.7599039615846338,0.8260579658605975,0.8,0.7186434144246003,0.033688579452467504
redundant,0.99,6,ACP-Gini a=0.5,0.8033333333333333,0.8030685699662881,0.8547519559032717,0.8,0.7306712672904161,0.04194040371678828
redundant,0.99,6,Tree-global a=0.5,0.78,0.7799119647859143,0.8330592105263157,1.0,0.986471322460581,0.035454091428671425
redundant,0.99,6,ACP-Gini a=1.0,0.8,0.7996794871794872,0.8550186699857752,0.8,0.7410032322468642,0.03233151891674944
redundant,0.99,6,Tree-global a=1.0,0.7933333333333333,0.7927438045997504,0.8514624822190612,1.0,1.0,0.03700746481941329
redundant,0.99,6,ACP-Gini node a=1.0,0.79,0.7899416504584607,0.8540629445234709,0.8,0.7656698283751203,0.0424288654960356
redundant,0.99,6,VIF+CART,0.74,0.7395833333333333,0.7889624822190612,0.8,1.0,0.060810015231438114
redundant,0.99,6,Cluster+CART,0.7966666666666666,0.7960116373688846,0.8627089260312943,1.0,1.0,0.04384291411255382
redundant,0.99,7,CART,0.8033333333333333,0.8030685699662881,0.826607341490545,0.4,0.7241463598097515,0.03947842416287703
redundant,0.99,7,ACP-Gini a=0.5,0.8166666666666667,0.8149373591000347,0.8529699666295883,0.6,0.7052340326082659,0.023016191012897126
redundant,0.99,7,Tree-global a=0.5,0.7866666666666666,0.786628733997155,0.8453837597330367,1.0,1.0,0.05107531801636711
redundant,0.99,7,ACP-Gini a=1.0,0.8133333333333334,0.8119206484259549,0.8554393770856507,0.6,0.6629609238390214,0.042647260356873495
redundant,0.99,7,Tree-global a=1.0,0.7866666666666666,0.786628733997155,0.8453837597330367,1.0,1.0,0.05107531801636711
redundant,0.99,7,ACP-Gini node a=1.0,0.8033333333333333,0.8023649214484306,0.8476529477196884,0.8,0.6466980862654971,0.04236934236761899
redundant,0.99,7,VIF+CART,0.82,0.8196071444479087,0.8592436040044493,1.0,1.0,0.04084804153644789
redundant,0.99,7,Cluster+CART,0.8066666666666666,0.8044416471857581,0.8465183537263626,1.0,1.0,0.017262161108577492
redundant,0.99,8,CART,0.7833333333333333,0.7827903091060986,0.8440668920120975,0.6,0.5876834121268766,0.004951495032557867
redundant,0.99,8,ACP-Gini a=0.5,0.7766666666666666,0.7761069340016709,0.8265433196940045,0.6,0.6570745695876521,0.02165561638235918
redundant,0.99,8,Tree-global a=0.5,0.7566666666666667,0.7564474693891169,0.8089530332681018,1.0,0.9856936080989225,0.03351683665876224
redundant,0.99,8,ACP-Gini a=1.0,0.7833333333333333,0.7822664388838643,0.8238080412737947,0.6,0.6502945430140187,0.015345439619577992
redundant,0.99,8,Tree-global a=1.0,0.76,0.7597330367074526,0.7997687244262588,1.0,1.0,0.036834085209436006
redundant,0.99,8,ACP-Gini node a=1.0,0.7933333333333333,0.7925866452562559,0.8382405265966909,0.6,0.7023227018400775,0.012775092273496385
redundant,0.99,8,VIF+CART,0.7566666666666667,0.7543714038964098,0.8447117950542609,1.0,1.0,0.008964108736181437
redundant,0.99,8,Cluster+CART,0.7566666666666667,0.7564474693891169,0.8051503291229318,1.0,1.0,0.023250171333577242
redundant,0.99,9,CART,0.8166666666666667,0.8160760664801417,0.8812,0.6,0.7633450340162694,0.020592993955682044
redundant,0.99,9,ACP-Gini a=0.5,0.8066666666666666,0.8065893023876217,0.8834,0.6,0.6545190432391612,0.055368255275776
redundant,0.99,9,Tree-global a=0.5,0.8266666666666667,0.8266589626205609,0.8843111111111112,0.8,1.0,0.03523704122779302
redundant,0.99,9,ACP-Gini a=1.0,0.8133333333333334,0.813034188034188,0.8864666666666667,0.6,0.6599551303227577,0.05574436859158702
redundant,0.99,9,Tree-global a=1.0,0.8266666666666667,0.8266589626205609,0.8843111111111112,0.8,1.0,0.03523704122779302
redundant,0.99,9,ACP-Gini node a=1.0,0.82,0.8197997775305895,0.8915555555555557,0.6,0.6963187851398616,0.06804588764603939
redundant,0.99,9,VIF+CART,0.8166666666666667,0.8159283347650018,0.9022888888888889,1.0,1.0,0.0
redundant,0.99,9,Cluster+CART,0.84,0.8398861412560042,0.8805555555555555,1.0,1.0,0.025459763378238884
redundant,0.99,10,CART,0.8033333333333333,0.8026997804059703,0.8624560935485306,0.8,0.6533634815364842,0.014342444940244668
redundant,0.99,10,ACP-Gini a=0.5,0.76,0.76,0.8289093415143836,0.8,0.6967424067458784,0.053299470235032426
redundant,0.99,10,Tree-global a=0.5,0.78,0.7797552836484983,0.8512071495264772,0.8,1.0,0.07053241273678644
redundant,0.99,10,ACP-Gini a=1.0,0.7533333333333333,0.7531578011030066,0.8144368858654573,0.8,0.6583926919858556,0.06237636261031029
redundant,0.99,10,Tree-global a=1.0,0.7766666666666666,0.7765450078376005,0.8533635676492819,0.8,1.0,0.060059704176638196
redundant,0.99,10,ACP-Gini node a=1.0,0.76,0.7599893328592382,0.8125694722333376,0.6,0.6693500237306086,0.07902043411008425
redundant,0.99,10,VIF+CART,0.77,0.7699769976997699,0.8225067804899737,1.0,1.0,0.04444496220000018
redundant,0.99,10,Cluster+CART,0.78,0.78,0.863300875905918,0.8,1.0,0.057346879231016244
redundant,0.99,11,CART,0.8033333333333333,0.8026997804059703,0.856859511499376,0.6,0.5943956722866097,0.01991022484150999
redundant,0.99,11,ACP-Gini a=0.5,0.8,0.7995634938310098,0.862564628275985,0.6,0.64802277318663,0.019759053507309256
redundant,0.99,11,Tree-global a=0.5,0.8133333333333334,0.8132586367880486,0.8647486182920306,0.8,0.9921584007781009,0.059760315583872056
redundant,0.99,11,ACP-Gini a=1.0,0.8033333333333333,0.8031561738898343,0.8565920841504725,0.8,0.5892097489186434,0.010572111598591038
redundant,0.99,11,Tree-global a=1.0,0.8066666666666666,0.8065893023876217,0.8587983597789266,1.0,1.0,0.014488022282178995
redundant,0.99,11,ACP-Gini node a=1.0,0.7966666666666666,0.7961570593149541,0.8540292387234801,0.6,0.593543393276622,0.015762980941311396
redundant,0.99,11,VIF+CART,0.7866666666666666,0.7863247863247863,0.873685148867891,0.8,1.0,0.051938186977973096
redundant,0.99,11,Cluster+CART,0.7866666666666666,0.7866571847637673,0.852357817792833,0.8,1.0,0.039662993027594046
redundant,0.99,12,CART,0.8166666666666667,0.8166483314998166,0.8733997155049786,0.8,0.6051002151058731,0.042797032440979835
redundant,0.99,12,ACP-Gini a=0.5,0.82,0.8197115384615384,0.8720883712660028,0.6,0.6981174252519531,0.07609823201644914
redundant,0.99,12,Tree-global a=0.5,0.8066666666666666,0.806658073692164,0.8659983997155051,0.8,0.9923428614907337,0.07984360407069438
redundant,0.99,12,ACP-Gini a=1.0,0.82,0.8197115384615384,0.8739331436699858,0.6,0.6995238555128608,0.07620733477338788
redundant,0.99,12,Tree-global a=1.0,0.8066666666666666,0.806658073692164,0.8646203769559033,0.8,1.0,0.07215696971774781
redundant,0.99,12,ACP-Gini node a=1.0,0.8166666666666667,0.8163217597488618,0.8705325391180654,0.6,0.6728529803223252,0.07621559896871109
redundant,0.99,12,VIF+CART,0.7966666666666666,0.7966463312997967,0.876822546230441,1.0,1.0,0.0341615114287665
redundant,0.99,12,Cluster+CART,0.8166666666666667,0.8166646296069957,0.8616420697012801,1.0,1.0,0.04148721142705883
redundant,0.99,13,CART,0.8166666666666667,0.8166157265907197,0.8800675675675675,0.6,0.5891974712245319,0.004596989183187138
redundant,0.99,13,ACP-Gini a=0.5,0.81,0.8095238095238095,0.8509735064011379,0.8,0.6166587561361135,0.03494895306690912
redundant,0.99,13,Tree-global a=0.5,0.7433333333333333,0.7433076640997434,0.847928520625889,0.8,0.9945020761988275,0.06405702213964622
redundant,0.99,13,ACP-Gini a=1.0,0.82,0.8198719089130049,0.8672652916073968,0.8,0.6374398966312657,0.02035050440623418
redundant,0.99,13,Tree-global a=1.0,0.7866666666666666,0.7865812991863412,0.8723995376955904,1.0,1.0,0.04958428487911179
redundant,0.99,13,ACP-Gini node a=1.0,0.8166666666666667,0.8165015180328963,0.8620643669985775,0.8,0.7247183323211084,0.026156225417381752
redundant,0.99,13,VIF+CART,0.8,0.8,0.8713549075391183,1.0,1.0,0.054462396748644365
redundant,0.99,13,Cluster+CART,0.76,0.7599573257467995,0.8512846728307254,0.8,1.0,0.05298926719012736
redundant,0.99,14,CART,0.7966666666666666,0.79639292827023,0.858121026188253,0.6,0.7743822416350605,0.009817786985570159
redundant,0.99,14,ACP-Gini a=0.5,0.78,0.7797552836484983,0.8540082699746565,0.8,0.7775608657633402,0.012576614749803688
redundant,0.99,14,Tree-global a=0.5,0.7766666666666666,0.7764654856037101,0.847650171179583,0.8,0.9657200473804902,0.01919647893565823
redundant,0.99,14,ACP-Gini a=1.0,0.79,0.7898108297467721,0.8570094704548485,0.8,0.7944450167841077,0.012784951458644927
redundant,0.99,14,Tree-global a=1.0,0.7833333333333333,0.783138157675241,0.8602996754257258,0.8,1.0,0.04245895408465706
redundant,0.99,14,ACP-Gini node a=1.0,0.78,0.7796474358974359,0.8624338624338624,0.8,0.8182117178045918,0.0075936685790676025
redundant,0.99,14,VIF+CART,0.7633333333333333,0.7633096642997633,0.8249299719887955,1.0,1.0,0.050029358813579436
redundant,0.99,14,Cluster+CART,0.8033333333333333,0.8033311481238681,0.843937575030012,1.0,1.0,0.03175920068238102
redundant,0.99,15,CART,0.8133333333333334,0.8133001422475107,0.8594771241830065,0.6,0.5571693978377777,0.016239207371795777
redundant,0.99,15,ACP-Gini a=0.5,0.79,0.7898108297467721,0.852140856342537,0.6,0.6474592922495305,0.03079363730143677
redundant,0.99,15,Tree-global a=0.5,0.7933333333333333,0.7931862657890055,0.8520074696545286,1.0,1.0,0.03835338242143704
redundant,0.99,15,ACP-Gini a=1.0,0.8,0.7998576765700054,0.8569872393401805,0.6,0.5756697761772893,0.03837875021121476
redundant,0.99,15,Tree-global a=1.0,0.79,0.7899416504584607,0.845182517451425,1.0,1.0,0.04400832009089564
redundant,0.99,15,ACP-Gini node a=1.0,0.7633333333333333,0.7630147197899397,0.8436263394246587,0.6,0.5653305438912662,0.03173614580894822
redundant,0.99,15,VIF+CART,0.7666666666666667,0.7662927350427351,0.8268640789649193,0.8,1.0,0.08760719022669874
redundant,0.99,15,Cluster+CART,0.79,0.7896049248032417,0.8517629273931795,1.0,1.0,0.04315280150739697
redundant,0.99,16,CART,0.8033333333333333,0.8033311481238681,0.854972191323693,0.6,0.6629949167916577,0.025496612521376662
redundant,0.99,16,ACP-Gini a=0.5,0.75,0.7469379491851402,0.8377975528364849,0.8,0.769077936977504,0.0642441340251531
redundant,0.99,16,Tree-global a=0.5,0.7833333333333333,0.7803435651929034,0.8417352614015572,0.8,0.9649638929947327,0.05499184366934686
redundant,0.99,16,ACP-Gini a=1.0,0.74,0.7362012987012987,0.836551724137931,0.8,0.5703342842352923,0.06743093580982046
redundant,0.99,16,Tree-global a=1.0,0.7566666666666667,0.7543714038964098,0.8340600667408231,0.8,1.0,0.06705046501057023
redundant,0.99,16,ACP-Gini node a=1.0,0.7566666666666667,0.7529081246967765,0.8405339265850946,0.8,0.7068717163208845,0.05601177730600992
redundant,0.99,16,VIF+CART,0.82,0.818840579710145,0.8722358175750835,0.8,1.0,0.03633822774118457
redundant,0.99,16,Cluster+CART,0.7666666666666667,0.764616212338594,0.8585539488320356,0.8,1.0,0.07845873821810753
redundant,0.99,17,CART,0.8133333333333334,0.813034188034188,0.8631464077323949,0.6,0.6124163398958352,0.033030479430020514
redundant,0.99,17,ACP-Gini a=0.5,0.8033333333333333,0.8033311481238681,0.8564651908600953,0.8,0.7872674751405102,0.04152145299134585
redundant,0.99,17,Tree-global a=0.5,0.81,0.8096425510124567,0.8540376820631598,0.8,1.0,0.1049582784162556
redundant,0.99,17,ACP-Gini a=1.0,0.8033333333333333,0.8033311481238681,0.857356019776402,0.8,0.7872674751405103,0.03650175824750456
redundant,0.99,17,Tree-global a=1.0,0.8033333333333333,0.8031561738898343,0.8544385550754978,0.8,1.0,0.09162382623215734
redundant,0.99,17,ACP-Gini node a=1.0,0.7866666666666666,0.7866571847637673,0.851097946639348,0.8,0.7414396969254817,0.047625028964475236
redundant,0.99,17,VIF+CART,0.7966666666666666,0.7966101694915255,0.8352857333749053,1.0,1.0,0.06723429929219744
redundant,0.99,17,Cluster+CART,0.8133333333333334,0.8114478114478114,0.8610975012248898,1.0,1.0,0.054100022852777714
redundant,0.99,18,CART,0.82,0.8198719089130049,0.9003291229318626,0.6,0.5497172454006607,0.005809125612983601
redundant,0.99,18,ACP-Gini a=0.5,0.79,0.7889659330720531,0.8721757694360432,0.8,0.656076614658277,0.03313075334608066
redundant,0.99,18,Tree-global a=0.5,0.81,0.8090644156366193,0.8575209037537805,0.8,0.9592320621817716,0.057302988355577594
redundant,0.99,18,ACP-Gini a=1.0,0.79,0.7889659330720531,0.8726650062266499,0.8,0.6539414962504929,0.0332040085447797
redundant,0.99,18,Tree-global a=1.0,0.7833333333333333,0.7822664388838643,0.8593221846646505,1.0,1.0,0.06646796552660279
redundant,0.99,18,ACP-Gini node a=1.0,0.7733333333333333,0.7721077796148175,0.8517390144102472,0.6,0.6607883277925574,0.04410403154824719
redundant,0.99,18,VIF+CART,0.7966666666666666,0.7966644073823043,0.8859633517167764,1.0,1.0,0.05590701018496237
redundant,0.99,18,Cluster+CART,0.7566666666666667,0.7554684621311091,0.8350827254936845,1.0,1.0,0.05978618673743212
redundant,0.99,19,CART,0.8166666666666667,0.8166157265907197,0.874377667140825,0.4,0.6232096321943805,0.02059050218792689
redundant,0.99,19,ACP-Gini a=0.5,0.8,0.7999911107160318,0.8876911450924609,0.8,0.7389627713036354,0.014737637235627103
redundant,0.99,19,Tree-global a=0.5,0.81,0.8099472075576549,0.8871577169274537,1.0,0.9968920633842444,0.05700901945253058
redundant,0.99,19,ACP-Gini a=1.0,0.8,0.7999911107160318,0.8850684566145093,0.8,0.7389709862517756,0.01472972421161893
redundant,0.99,19,Tree-global a=1.0,0.8033333333333333,0.8032786885245902,0.8776671408250356,1.0,1.0,0.015765648651667807
redundant,0.99,19,ACP-Gini node a=1.0,0.8066666666666666,0.8066666666666666,0.8853573968705548,0.8,0.7322238936122244,0.02025490810435974
redundant,0.99,19,VIF+CART,0.8,0.7999911107160318,0.8572190611664295,1.0,1.0,0.04034160527241745
redundant,0.99,19,Cluster+CART,0.8133333333333334,0.8133333333333334,0.8825568990042674,1.0,1.0,0.0
redundant,0.99,20,CART,0.79,0.7893234943317988,0.861266915954416,0.4,0.5618869209442618,0.024987465553795975
redundant,0.99,20,ACP-Gini a=0.5,0.8066666666666666,0.8061151720449278,0.8667423433048433,0.6,0.7809236506365329,0.07970356496105763
redundant,0.99,20,Tree-global a=0.5,0.8033333333333333,0.8006195437904815,0.8688345797720798,0.8,1.0,0.1067065624761066
redundant,0.99,20,ACP-Gini a=1.0,0.8,0.7994294883223391,0.8663417022792022,0.6,0.7206926995036421,0.07234254355517933
redundant,0.99,20,Tree-global a=1.0,0.8066666666666666,0.804967718794835,0.8721287393162394,0.8,1.0,0.08609825890763849
redundant,0.99,20,ACP-Gini node a=1.0,0.79,0.7894736842105263,0.8590188746438747,0.6,0.7398623112656689,0.04812300037744415
redundant,0.99,20,VIF+CART,0.8066666666666666,0.805203528726882,0.8670984686609686,1.0,1.0,0.01162827482915995
redundant,0.99,20,Cluster+CART,0.8,0.7999644381223329,0.8494702635327636,0.8,1.0,0.054895733103678686
redundant,0.99,21,CART,0.7766666666666666,0.7766641851576128,0.8186121977240399,0.6,0.5254437231520221,0.006821494290876889
redundant,0.99,21,ACP-Gini a=0.5,0.7733333333333333,0.7732930298719772,0.8407939189189189,0.6,0.5661599607465335,0.020352082117318815
redundant,0.99,21,Tree-global a=0.5,0.7733333333333333,0.7732930298719772,0.8310144025604551,1.0,1.0,0.05992801853869428
redundant,0.99,21,ACP-Gini a=1.0,0.78,0.7799119647859143,0.8613531294452348,0.6,0.6132005452981397,0.020749598554974127
redundant,0.99,21,Tree-global a=1.0,0.7733333333333333,0.7732930298719772,0.8310144025604551,1.0,1.0,0.05992801853869428
redundant,0.99,21,ACP-Gini node a=1.0,0.7866666666666666,0.7866571847637673,0.8582636913229018,0.6,0.6789029435526813,0.026276182800538377
redundant,0.99,21,VIF+CART,0.7666666666666667,0.7654050672505475,0.8324146514935988,0.8,1.0,0.05036957010138305
redundant,0.99,21,Cluster+CART,0.7833333333333333,0.7833309258991767,0.8252800497866287,0.8,1.0,0.05549429893391692
redundant,0.99,22,CART,0.8266666666666667,0.8264738598442714,0.8417811569072073,0.6,0.6353481646449486,0.0097482550694338
redundant,0.99,22,ACP-Gini a=0.5,0.8533333333333334,0.8530982905982906,0.8935796540838559,0.8,0.6644721194376766,0.01303237947674524
redundant,0.99,22,Tree-global a=0.5,0.8033333333333333,0.8033136646998034,0.8453603663687697,1.0,0.9682027552389088,0.05446360144704436
redundant,0.99,22,ACP-Gini a=1.0,0.84,0.8397435897435898,0.8841314303499177,0.8,0.7264990073777137,0.013194221263850291
redundant,0.99,22,Tree-global a=1.0,0.83,0.8286117552172598,0.8700813658796852,0.8,1.0,0.04727285579447362
redundant,0.99,22,ACP-Gini node a=1.0,0.8366666666666667,0.8362573099415205,0.887399404206127,0.8,0.789235716965691,0.014943093995216318
redundant,0.99,22,VIF+CART,0.7966666666666666,0.7954644521688592,0.8290649593170601,1.0,1.0,0.05569579255308357
redundant,0.99,22,Cluster+CART,0.8233333333333334,0.8227642095172276,0.8606109110310791,1.0,1.0,0.053966979477994934
redundant,0.99,23,CART,0.83,0.8299981110901232,0.85988266145162,0.6,0.41900799334534045,0.004902680316756116
redundant,0.99,23,ACP-Gini a=0.5,0.84,0.84,0.891284057069203,0.6,0.6494108914135215,0.0392993981518026
redundant,0.99,23,Tree-global a=0.5,0.79,0.7899416504584607,0.8402595670918709,0.8,0.9654651383805462,0.04675085114677749
redundant,0.99,23,ACP-Gini a=1.0,0.83,0.8299829982998299,0.8779501311169386,0.6,0.669416556157203,0.03542132535379223
redundant,0.99,23,Tree-global a=1.0,0.8166666666666667,0.8165015180328963,0.8642384105960264,0.8,1.0,0.040234929430035954
redundant,0.99,23,ACP-Gini node a=1.0,0.8066666666666666,0.8066322901849218,0.8615049557758123,0.6,0.715986628927542,0.06022796995150181
redundant,0.99,23,VIF+CART,0.74,0.7399884439308414,0.8233699275523356,0.8,1.0,0.07500748212283515
redundant,0.99,23,Cluster+CART,0.82,0.8191964285714286,0.8601937863905063,0.8,1.0,0.0483373550409214
redundant,0.99,24,CART,0.8166666666666667,0.8160760664801417,0.8822556861343225,0.6,0.667794188545391,0.020707835700474513
redundant,0.99,24,ACP-Gini a=0.5,0.7866666666666666,0.7858958918774255,0.8338844452388401,0.6,0.6137377967523431,0.028409821531826873
redundant,0.99,24,Tree-global a=0.5,0.81,0.8086713286713287,0.8611644845614193,0.8,1.0,0.02472901041977586
redundant,0.99,24,ACP-Gini a=1.0,0.7866666666666666,0.7858958918774255,0.8338844452388401,0.6,0.6137377967523431,0.028409821531826873
redundant,0.99,24,Tree-global a=1.0,0.81,0.8086713286713287,0.8611644845614193,0.8,1.0,0.02472901041977586
redundant,0.99,24,ACP-Gini node a=1.0,0.7866666666666666,0.7866571847637673,0.844251307028911,0.6,0.6206970991630114,0.047976616434493614
redundant,0.99,24,VIF+CART,0.8166666666666667,0.8160760664801417,0.8479377988292596,1.0,1.0,0.025732911391956912
redundant,0.99,24,Cluster+CART,0.77,0.767830505052771,0.8581706063720452,1.0,1.0,0.010076406064106543
redundant,0.99,25,CART,0.7566666666666667,0.756599055293137,0.8117249655540246,0.6,0.6644028938482966,0.026079523716402205
redundant,0.99,25,ACP-Gini a=0.5,0.7633333333333333,0.7631201414606479,0.8197030979154629,0.8,0.7372054612622245,0.005747749242432723
redundant,0.99,25,Tree-global a=0.5,0.7866666666666666,0.7866666666666666,0.8232143650828925,1.0,0.9990068784848422,0.03535062480812522
redundant,0.99,25,ACP-Gini a=1.0,0.7633333333333333,0.7631201414606479,0.8197030979154629,0.8,0.7372054612622245,0.005747749242432723
redundant,0.99,25,Tree-global a=1.0,0.7833333333333333,0.783273131425396,0.8194364193964176,1.0,1.0,0.035615053632667135
redundant,0.99,25,ACP-Gini node a=1.0,0.7566666666666667,0.7565341130170871,0.8267923018800833,0.6,0.74026427598947,0.03415996652740618
redundant,0.99,25,VIF+CART,0.7566666666666667,0.7566423308997566,0.8185919374194408,1.0,1.0,0.04761300365449874
redundant,0.99,25,Cluster+CART,0.7566666666666667,0.7560568086883876,0.8209920440908485,1.0,1.0,0.025159805970996645
redundant,0.99,26,CART,0.7933333333333333,0.7922159167076277,0.8735054891328502,0.6,0.6679536082427187,0.005811482244134338
redundant,0.99,26,ACP-Gini a=0.5,0.7733333333333333,0.7732930298719772,0.8606604737988355,0.8,0.7310269874186295,0.019605298509481284
redundant,0.99,26,Tree-global a=0.5,0.8033333333333333,0.8032262009316183,0.8505711364949553,1.0,1.0,0.06281070168729985
redundant,0.99,26,ACP-Gini a=1.0,0.7733333333333333,0.7732930298719772,0.8624827770123116,0.8,0.7324377079141379,0.019637680300939434
redundant,0.99,26,Tree-global a=1.0,0.8066666666666666,0.806658073692164,0.8579492421885417,1.0,1.0,0.07210033868558996
redundant,0.99,26,ACP-Gini node a=1.0,0.7933333333333333,0.7931034482758621,0.8423707720343127,0.6,0.7508192675917271,0.034265290307382276
redundant,0.99,26,VIF+CART,0.7933333333333333,0.7933333333333333,0.858171474287746,1.0,1.0,0.0433390840418052
redundant,0.99,26,Cluster+CART,0.7666666666666667,0.7666562958353704,0.8495933152584559,1.0,1.0,0.053748110726424256
redundant,0.99,27,CART,0.78,0.7799119647859143,0.8585304054054055,0.4,0.625202248227249,0.042557811239423586
redundant,0.99,27,ACP-Gini a=0.5,0.7966666666666666,0.7962841335396467,0.8660428520625889,0.6,0.6703574669660555,0.027747755298358087
redundant,0.99,27,Tree-global a=0.5,0.7833333333333333,0.7833116644997833,0.8645314722617354,0.8,0.9206724971494415,0.09700813824413067
redundant,0.99,27,ACP-Gini a=1.0,0.7966666666666666,0.7962841335396467,0.8776226884779517,0.6,0.6634658862875614,0.02616305482984148
redundant,0.99,27,Tree-global a=1.0,0.7833333333333333,0.7833309258991767,0.8579969772403981,0.8,1.0,0.10565174973373674
redundant,0.99,27,ACP-Gini node a=1.0,0.8,0.7997775305895439,0.8705103129445235,0.8,0.6398131138629999,0.028697003606380386
redundant,0.99,27,VIF+CART,0.8366666666666667,0.8363593859580768,0.8989598150782361,0.8,1.0,0.08078899052848801
redundant,0.99,27,Cluster+CART,0.7966666666666666,0.79639292827023,0.857574679943101,0.8,1.0,0.08725875624601813
redundant,0.99,28,CART,0.8233333333333334,0.8232842456237843,0.8563869992441421,0.8,0.7960901930043787,0.021813342998486106
redundant,0.99,28,ACP-Gini a=0.5,0.8033333333333333,0.8029633422760517,0.8606776043750832,0.8,0.7868305223689358,0.05225329717239975
redundant,0.99,28,Tree-global a=0.5,0.7866666666666666,0.7864293659621802,0.8455159841714464,1.0,1.0,0.054818193885458166
redundant,0.99,28,ACP-Gini a=1.0,0.8033333333333333,0.8029633422760517,0.8642568138366458,0.8,0.7913488927260557,0.05225575453529327
redundant,0.99,28,Tree-global a=1.0,0.7866666666666666,0.7864293659621802,0.8455159841714464,1.0,1.0,0.054818193885458166
redundant,0.99,28,ACP-Gini node a=1.0,0.7933333333333333,0.7930021367521367,0.8557200658040994,0.8,0.8135663313983604,0.043912929026992745
redundant,0.99,28,VIF+CART,0.8333333333333334,0.8330662393162394,0.8574763238628785,1.0,1.0,0.04244810721286591
redundant,0.99,28,Cluster+CART,0.8233333333333334,0.8231741901044274,0.8785736516828953,0.8,1.0,0.035742316897900785
redundant,0.99,29,CART,0.78,0.7797552836484983,0.8081868743047832,0.8,0.6103799242734127,0.014157615251411775
redundant,0.99,29,ACP-Gini a=0.5,0.8133333333333334,0.8126589053927473,0.8373081201334817,0.8,0.726619956008695,0.022041026086705766
redundant,0.99,29,Tree-global a=0.5,0.8033333333333333,0.8031561738898343,0.869944382647386,1.0,0.9471553046152227,0.009251362341233752
redundant,0.99,29,ACP-Gini a=1.0,0.8133333333333334,0.8126589053927473,0.8369966629588432,0.8,0.7364069761878203,0.020990423897975535
redundant,0.99,29,Tree-global a=1.0,0.78,0.779205138498595,0.8595550611790879,1.0,1.0,0.009304614132910897
redundant,0.99,29,ACP-Gini node a=1.0,0.8,0.7994294883223391,0.8286540600667408,0.6,0.7135745871502204,0.03714043033830144
redundant,0.99,29,VIF+CART,0.8033333333333333,0.8029633422760517,0.8450055617352614,1.0,1.0,0.046009372714228114
redundant,0.99,29,Cluster+CART,0.8,0.7989186290718977,0.8674972191323692,1.0,1.0,0.03879222663023652
redundant,1.0,0,CART,0.7933333333333333,0.7933241477398996,0.8383039246188719,0.8,1.0,0.046759878829552945
redundant,1.0,0,ACP-Gini a=0.5,0.82,0.8198719089130049,0.852171207609227,0.8,1.0,0.05102887516566312
redundant,1.0,0,Tree-global a=0.5,0.82,0.8198719089130049,0.8526378950175564,0.8,1.0,0.051036686656877314
redundant,1.0,0,ACP-Gini a=1.0,0.82,0.8198719089130049,0.8526378950175564,0.8,1.0,0.051036686656877314
redundant,1.0,0,Tree-global a=1.0,0.82,0.8198719089130049,0.8526378950175564,0.8,1.0,0.051036686656877314
redundant,1.0,0,ACP-Gini node a=1.0,0.8133333333333334,0.8133001422475107,0.8459931552513444,0.8,1.0,0.03518639984108219
redundant,1.0,0,VIF+CART,0.7933333333333333,0.7933241477398996,0.8383039246188719,0.8,1.0,0.046759878829552945
redundant,1.0,0,Cluster+CART,0.7933333333333333,0.7933241477398996,0.8383039246188719,0.8,1.0,0.046759878829552945
redundant,1.0,1,CART,0.82,0.8194865394901052,0.8471728307254622,0.8,1.0,0.08565360924877845
redundant,1.0,1,ACP-Gini a=0.5,0.8233333333333334,0.822890559732665,0.8589971550497867,0.6,1.0,0.09222906005675738
redundant,1.0,1,Tree-global a=0.5,0.8266666666666667,0.8262883613202086,0.8595528093883357,0.8,1.0,0.09947892491212576
redundant,1.0,1,ACP-Gini a=1.0,0.8266666666666667,0.8263888888888888,0.8660206258890468,0.8,1.0,0.07886587497522889
redundant,1.0,1,Tree-global a=1.0,0.8266666666666667,0.8262883613202086,0.8595528093883357,0.8,1.0,0.09947892491212576
redundant,1.0,1,ACP-Gini node a=1.0,0.8366666666666667,0.8362573099415205,0.8766002844950213,0.8,1.0,0.05420835617770066
redundant,1.0,1,VIF+CART,0.82,0.8194865394901052,0.8471728307254622,0.8,1.0,0.08565360924877846
redundant,1.0,1,Cluster+CART,0.82,0.8194865394901052,0.8471728307254622,0.8,1.0,0.08565360924877846
redundant,1.0,2,CART,0.8266666666666667,0.8262883613202086,0.8934130937555597,0.8,1.0,0.05529560154422819
redundant,1.0,2,ACP-Gini a=0.5,0.8266666666666667,0.8260404121504081,0.8831168831168832,0.8,1.0,0.05529560154422819
redundant,1.0,2,Tree-global a=0.5,0.8266666666666667,0.8260404121504081,0.8898327699697564,0.8,0.8,0.0552956015442282
redundant,1.0,2,ACP-Gini a=1.0,0.8266666666666667,0.8260404121504081,0.8831168831168832,0.8,1.0,0.05529560154422819
redundant,1.0,2,Tree-global a=1.0,0.8266666666666667,0.8260404121504081,0.8898327699697564,0.8,0.8,0.0552956015442282
redundant,1.0,2,ACP-Gini node a=1.0,0.8233333333333334,0.8230009684852668,0.8889654865682264,0.8,1.0,0.054417999770219334
redundant,1.0,2,VIF+CART,0.8266666666666667,0.8262883613202086,0.8934130937555597,0.8,1.0,0.05529560154422819
redundant,1.0,2,Cluster+CART,0.8266666666666667,0.8262883613202086,0.8934130937555597,0.8,1.0,0.05529560154422819
redundant,1.0,3,CART,0.8133333333333334,0.8126589053927473,0.8580825814480644,1.0,1.0,0.0488219801681178
redundant,1.0,3,ACP-Gini a=0.5,0.8033333333333333,0.8030685699662881,0.8558602604560203,1.0,1.0,0.0698327449420796
redundant,1.0,3,Tree-global a=0.5,0.8033333333333333,0.8030685699662881,0.8650828925730032,1.0,1.0,0.07064222647935937
redundant,1.0,3,ACP-Gini a=1.0,0.8033333333333333,0.8030685699662881,0.8558602604560203,1.0,1.0,0.0698327449420796
redundant,1.0,3,Tree-global a=1.0,0.8033333333333333,0.8030685699662881,0.8561047157651451,1.0,1.0,0.07508804834917654
redundant,1.0,3,ACP-Gini node a=1.0,0.7966666666666666,0.7965559026581139,0.8489488421707632,1.0,1.0,0.09271723503934953
redundant,1.0,3,VIF+CART,0.8133333333333334,0.8126589053927473,0.8580825814480644,1.0,1.0,0.0488219801681178
redundant,1.0,3,Cluster+CART,0.8133333333333334,0.8126589053927473,0.8580825814480644,1.0,1.0,0.0488219801681178
redundant,1.0,4,CART,0.83,0.82977113675052,0.88224573257468,1.0,1.0,0.005715875829532847
redundant,1.0,4,ACP-Gini a=0.5,0.8166666666666667,0.8163217597488618,0.883445945945946,0.8,1.0,0.0196032171062734
redundant,1.0,4,Tree-global a=0.5,0.82,0.8196071444479087,0.8791340682788051,0.8,1.0,0.017062059333237962
redundant,1.0,4,ACP-Gini a=1.0,0.8166666666666667,0.8163217597488618,0.883445945945946,0.8,1.0,0.0196032171062734
redundant,1.0,4,Tree-global a=1.0,0.82,0.8196071444479087,0.8776226884779517,0.8,1.0,0.01711861075124428
redundant,1.0,4,ACP-Gini node a=1.0,0.8033333333333333,0.8033136646998034,0.8791340682788051,0.8,1.0,0.024602790208676298
redundant,1.0,4,VIF+CART,0.83,0.82977113675052,0.88224573257468,1.0,1.0,0.005715875829532847
redundant,1.0,4,Cluster+CART,0.83,0.82977113675052,0.88224573257468,1.0,1.0,0.005715875829532847
redundant,1.0,5,CART,0.81,0.8098964992051227,0.8693100995732574,0.8,0.8,0.052530830566663696
redundant,1.0,5,ACP-Gini a=0.5,0.81,0.8098964992051227,0.8628200568990041,0.8,0.8,0.053912801369592735
redundant,1.0,5,Tree-global a=0.5,0.81,0.8098964992051227,0.8412606685633002,0.8,0.8,0.060697021674880655
redundant,1.0,5,ACP-Gini a=1.0,0.81,0.8098964992051227,0.8628200568990041,0.8,0.8,0.053912801369592735
redundant,1.0,5,Tree-global a=1.0,0.81,0.8098964992051227,0.8453947368421053,0.8,0.8,0.05794875177819296
redundant,1.0,5,ACP-Gini node a=1.0,0.7966666666666666,0.7964835018183032,0.8568856685633002,0.8,0.8,0.07023242301430957
redundant,1.0,5,VIF+CART,0.81,0.8098964992051227,0.8693100995732574,0.8,0.8,0.05253083056666369
redundant,1.0,5,Cluster+CART,0.81,0.8098964992051227,0.8693100995732574,0.8,0.8,0.05253083056666369
redundant,1.0,6,CART,0.7933333333333333,0.7920021470746108,0.8503067211948789,1.0,1.0,0.02746901662998777
redundant,1.0,6,ACP-Gini a=0.5,0.7933333333333333,0.7920021470746108,0.8528849573257468,1.0,1.0,0.028681882539114266
redundant,1.0,6,Tree-global a=0.5,0.7733333333333333,0.7723214285714286,0.8379267425320056,1.0,1.0,0.03965698441291162
redundant,1.0,6,ACP-Gini a=1.0,0.7933333333333333,0.7920021470746108,0.8528849573257468,1.0,1.0,0.028681882539114266
redundant,1.0,6,Tree-global a=1.0,0.77,0.7692590652205415,0.8371043741109531,1.0,1.0,0.03966799089686323
redundant,1.0,6,ACP-Gini node a=1.0,0.8066666666666666,0.8065290873510051,0.8504178520625889,1.0,1.0,0.03595116688294955
redundant,1.0,6,VIF+CART,0.7933333333333333,0.7920021470746108,0.8503067211948789,1.0,1.0,0.02746901662998777
redundant,1.0,6,Cluster+CART,0.7933333333333333,0.7920021470746108,0.8503067211948789,1.0,1.0,0.02746901662998777
redundant,1.0,7,CART,0.82,0.818637768125028,0.8731924360400445,1.0,1.0,0.04731837901259732
redundant,1.0,7,ACP-Gini a=0.5,0.8166666666666667,0.8157639098248082,0.8650500556173526,0.8,1.0,0.05240019225288361
redundant,1.0,7,Tree-global a=0.5,0.8166666666666667,0.8159283347650018,0.8654060066740823,0.8,1.0,0.0520890993672331
redundant,1.0,7,ACP-Gini a=1.0,0.8166666666666667,0.8157639098248082,0.8650500556173526,0.8,1.0,0.05240019225288361
redundant,1.0,7,Tree-global a=1.0,0.8166666666666667,0.8159283347650018,0.8654060066740823,0.8,1.0,0.0520890993672331
redundant,1.0,7,ACP-Gini node a=1.0,0.81,0.8086713286713287,0.8645828698553949,0.8,1.0,0.053960636925300454
redundant,1.0,7,VIF+CART,0.82,0.818637768125028,0.8731924360400445,1.0,1.0,0.04731837901259732
redundant,1.0,7,Cluster+CART,0.82,0.818637768125028,0.8731924360400445,1.0,1.0,0.04731837901259732
redundant,1.0,8,CART,0.7733333333333333,0.7732930298719772,0.8341487279843445,1.0,1.0,0.014772982087510286
redundant,1.0,8,ACP-Gini a=0.5,0.7733333333333333,0.7732930298719772,0.836839530332681,1.0,1.0,0.017864651931634022
redundant,1.0,8,Tree-global a=0.5,0.78,0.7799119647859143,0.8341264899484078,1.0,1.0,0.02230198995507155
redundant,1.0,8,ACP-Gini a=1.0,0.7733333333333333,0.7732930298719772,0.836839530332681,1.0,1.0,0.017864651931634022
redundant,1.0,8,Tree-global a=1.0,0.78,0.7797552836484983,0.831702544031311,1.0,1.0,0.01931360175820142
redundant,1.0,8,ACP-Gini node a=1.0,0.7633333333333333,0.7633096642997633,0.8443782245152107,1.0,1.0,0.038666112385659784
redundant,1.0,8,VIF+CART,0.7733333333333333,0.7732930298719772,0.8341487279843445,1.0,1.0,0.014772982087510286
redundant,1.0,8,Cluster+CART,0.7733333333333333,0.7732930298719772,0.8341487279843445,1.0,1.0,0.014772982087510286
redundant,1.0,9,CART,0.84,0.8398220244716352,0.8954,1.0,1.0,0.012846390660262035
redundant,1.0,9,ACP-Gini a=0.5,0.83,0.8298468621759583,0.889888888888889,1.0,1.0,0.02697511649559301
redundant,1.0,9,Tree-global a=0.5,0.8466666666666667,0.8466053087901828,0.8972666666666667,1.0,1.0,0.017241312667514008
redundant,1.0,9,ACP-Gini a=1.0,0.84,0.8399715504978662,0.8958444444444444,1.0,1.0,0.030388320331148858
redundant,1.0,9,Tree-global a=1.0,0.8466666666666667,0.8466053087901828,0.8972666666666667,1.0,1.0,0.017241312667514008
redundant,1.0,9,ACP-Gini node a=1.0,0.83,0.8298468621759583,0.889888888888889,1.0,1.0,0.02697511649559301
redundant,1.0,9,VIF+CART,0.84,0.8398220244716352,0.8954,1.0,1.0,0.012846390660262035
redundant,1.0,9,Cluster+CART,0.84,0.8398220244716352,0.8954,1.0,1.0,0.012846390660262035
redundant,1.0,10,CART,0.8133333333333334,0.8125,0.8795962829576276,1.0,1.0,0.0661752691951963
redundant,1.0,10,ACP-Gini a=0.5,0.8333333333333334,0.8332666399893291,0.885687608376684,0.8,1.0,0.06421102388256772
redundant,1.0,10,Tree-global a=0.5,0.8133333333333334,0.8125,0.8749499799919969,1.0,1.0,0.0628926355228981
redundant,1.0,10,ACP-Gini a=1.0,0.8333333333333334,0.8332666399893291,0.885687608376684,0.8,1.0,0.06421102388256772
redundant,1.0,10,Tree-global a=1.0,0.8266666666666667,0.8265433196940046,0.8750611355653373,1.0,1.0,0.05279756592149807
redundant,1.0,10,ACP-Gini node a=1.0,0.84,0.8395435906578712,0.8932906495931707,1.0,1.0,0.04057669524809229
redundant,1.0,10,VIF+CART,0.8133333333333334,0.8125,0.8795962829576276,1.0,1.0,0.0661752691951963
redundant,1.0,10,Cluster+CART,0.8133333333333334,0.8125,0.8795962829576276,1.0,1.0,0.0661752691951963
redundant,1.0,11,CART,0.8333333333333334,0.8328579069352826,0.8720805847744697,1.0,1.0,0.03513172211111404
redundant,1.0,11,ACP-Gini a=0.5,0.8333333333333334,0.8328579069352826,0.873083437332858,1.0,1.0,0.03513172211111404
redundant,1.0,11,Tree-global a=0.5,0.8333333333333334,0.8328579069352826,0.8763594223569264,1.0,1.0,0.03901304527327466
redundant,1.0,11,ACP-Gini a=1.0,0.8333333333333334,0.8328579069352826,0.873083437332858,1.0,1.0,0.03513172211111404
redundant,1.0,11,Tree-global a=1.0,0.8333333333333334,0.8328579069352826,0.8763594223569264,1.0,1.0,0.03901304527327466
redundant,1.0,11,ACP-Gini node a=1.0,0.8333333333333334,0.8328579069352826,0.8734177215189873,1.0,1.0,0.03469349252992658
redundant,1.0,11,VIF+CART,0.8333333333333334,0.8328579069352826,0.8720805847744697,1.0,1.0,0.03513172211111404
redundant,1.0,11,Cluster+CART,0.8333333333333334,0.8328579069352826,0.8720805847744697,1.0,1.0,0.03513172211111404
redundant,1.0,12,CART,0.8266666666666667,0.8263888888888888,0.884557254623044,1.0,1.0,0.053530473711878565
redundant,1.0,12,ACP-Gini a=0.5,0.8166666666666667,0.8165015180328963,0.8798008534850641,1.0,1.0,0.059833306673577426
redundant,1.0,12,Tree-global a=0.5,0.8166666666666667,0.8165015180328963,0.8798008534850641,1.0,1.0,0.06297168281036816
redundant,1.0,12,ACP-Gini a=1.0,0.8133333333333334,0.813034188034188,0.8848684210526316,1.0,1.0,0.05130183523558367
redundant,1.0,12,Tree-global a=1.0,0.8,0.7998576765700054,0.8733108108108109,1.0,1.0,0.06515505184106132
redundant,1.0,12,ACP-Gini node a=1.0,0.8133333333333334,0.813034188034188,0.8821790540540541,1.0,1.0,0.05133150712122857
redundant,1.0,12,VIF+CART,0.8266666666666667,0.8263888888888888,0.884557254623044,1.0,1.0,0.053530473711878565
redundant,1.0,12,Cluster+CART,0.8266666666666667,0.8263888888888888,0.884557254623044,1.0,1.0,0.053530473711878565
redundant,1.0,13,CART,0.8266666666666667,0.8266589626205609,0.849173186344239,1.0,1.0,0.005559793552223955
redundant,1.0,13,ACP-Gini a=0.5,0.82,0.8199919996444287,0.8471283783783784,1.0,1.0,0.02204247365563764
redundant,1.0,13,Tree-global a=0.5,0.8266666666666667,0.8266589626205609,0.8512179943100996,1.0,1.0,0.010998018748124212
redundant,1.0,13,ACP-Gini a=1.0,0.82,0.8199919996444287,0.8471283783783784,1.0,1.0,0.02204247365563764
redundant,1.0,13,Tree-global a=1.0,0.8233333333333334,0.8233313703485594,0.8458170341394025,1.0,1.0,0.022042473655637638
redundant,1.0,13,ACP-Gini node a=1.0,0.82,0.8199279711884754,0.8525960170697013,1.0,1.0,0.01786431919493392
redundant,1.0,13,VIF+CART,0.8266666666666667,0.8266589626205609,0.849173186344239,1.0,1.0,0.005559793552223955
redundant,1.0,13,Cluster+CART,0.8266666666666667,0.8266589626205609,0.849173186344239,1.0,1.0,0.005559793552223955
redundant,1.0,14,CART,0.8033333333333333,0.8033311481238681,0.8679471788715485,1.0,1.0,0.001218293638244521
redundant,1.0,14,ACP-Gini a=0.5,0.8033333333333333,0.8033311481238681,0.8708149926637321,1.0,1.0,0.001218293638244521
redundant,1.0,14,Tree-global a=0.5,0.8033333333333333,0.8033311481238681,0.8708149926637321,1.0,1.0,0.001218293638244521
redundant,1.0,14,ACP-Gini a=1.0,0.8166666666666667,0.8163217597488618,0.8813747721310746,1.0,1.0,0.0012187244559419325
redundant,1.0,14,Tree-global a=1.0,0.8,0.8,0.8659241474367525,1.0,1.0,0.0012182936382445209
redundant,1.0,14,ACP-Gini node a=1.0,0.8133333333333334,0.8129259275756091,0.8767951625094481,0.8,1.0,0.004709295659075998
redundant,1.0,14,VIF+CART,0.8033333333333333,0.8033311481238681,0.8679471788715485,1.0,1.0,0.001218293638244521
redundant,1.0,14,Cluster+CART,0.8033333333333333,0.8033311481238681,0.8679471788715485,1.0,1.0,0.001218293638244521
redundant,1.0,15,CART,0.8066666666666666,0.8063568376068376,0.8689920412609488,1.0,1.0,0.0027608512676371945
redundant,1.0,15,ACP-Gini a=0.5,0.8033333333333333,0.8030685699662881,0.8664132319594504,1.0,1.0,0.007559020367254824
redundant,1.0,15,Tree-global a=0.5,0.8033333333333333,0.8030685699662881,0.8664132319594504,1.0,1.0,0.007559020367254824
redundant,1.0,15,ACP-Gini a=1.0,0.8033333333333333,0.8030685699662881,0.8664132319594504,1.0,1.0,0.007559020367254824
redundant,1.0,15,Tree-global a=1.0,0.8,0.7998576765700054,0.8622337824018496,1.0,1.0,0.006990861141756964
redundant,1.0,15,ACP-Gini node a=1.0,0.8033333333333333,0.8030685699662881,0.8664132319594504,1.0,1.0,0.007559020367254824
redundant,1.0,15,VIF+CART,0.8066666666666666,0.8063568376068376,0.8689920412609488,1.0,1.0,0.0027608512676371945
redundant,1.0,15,Cluster+CART,0.8066666666666666,0.8063568376068376,0.8689920412609488,1.0,1.0,0.0027608512676371945
redundant,1.0,16,CART,0.8066666666666666,0.8062447107033095,0.8511234705228031,0.8,1.0,0.06758105064973541
redundant,1.0,16,ACP-Gini a=0.5,0.8066666666666666,0.8062447107033095,0.848520578420467,0.8,1.0,0.06934234909955105
redundant,1.0,16,Tree-global a=0.5,0.8033333333333333,0.802541304566093,0.846496106785317,0.8,1.0,0.051715989037130816
redundant,1.0,16,ACP-Gini a=1.0,0.7966666666666666,0.7958477894666385,0.8288320355951058,0.8,1.0,0.06695196574121186
redundant,1.0,16,Tree-global a=1.0,0.79,0.7891542743671839,0.8371523915461623,0.8,1.0,0.057248107665108024
redundant,1.0,16,ACP-Gini node a=1.0,0.7866666666666666,0.7865812991863412,0.8452057842046719,0.8,1.0,0.07425540227845351
redundant,1.0,16,VIF+CART,0.8066666666666666,0.8062447107033095,0.8511234705228031,0.8,1.0,0.06758105064973541
redundant,1.0,16,Cluster+CART,0.8066666666666666,0.8062447107033095,0.8511234705228031,0.8,1.0,0.06758105064973541
redundant,1.0,17,CART,0.76,0.7591328783621036,0.8298516769854349,0.8,1.0,0.051188147761757515
redundant,1.0,17,ACP-Gini a=0.5,0.76,0.7591328783621036,0.8273350852968687,0.8,1.0,0.05620043459393519
redundant,1.0,17,Tree-global a=0.5,0.76,0.7591328783621036,0.8273350852968687,0.8,1.0,0.05620043459393519
redundant,1.0,17,ACP-Gini a=1.0,0.76,0.7591328783621036,0.8216115095095987,0.8,1.0,0.05134292130464909
redundant,1.0,17,Tree-global a=1.0,0.76,0.7591328783621036,0.8216115095095987,0.8,1.0,0.05134292130464909
redundant,1.0,17,ACP-Gini node a=1.0,0.77,0.7694235588972431,0.8369337668700726,0.8,1.0,0.06074799601058352
redundant,1.0,17,VIF+CART,0.76,0.7591328783621036,0.8298516769854349,0.8,1.0,0.051188147761757515
redundant,1.0,17,Cluster+CART,0.76,0.7591328783621036,0.8298516769854349,0.8,1.0,0.051188147761757515
redundant,1.0,18,CART,0.7933333333333333,0.7922159167076277,0.8268991282689913,0.8,1.0,0.0636782109067934
redundant,1.0,18,ACP-Gini a=0.5,0.7933333333333333,0.7922159167076277,0.8393301903575876,0.8,1.0,0.06464992584696734
redundant,1.0,18,Tree-global a=0.5,0.8,0.7987117552334944,0.8200942892723715,0.8,0.8,0.04075604220030642
redundant,1.0,18,ACP-Gini a=1.0,0.7933333333333333,0.7922159167076277,0.8393301903575876,0.8,1.0,0.06464992584696734
redundant,1.0,18,Tree-global a=1.0,0.8,0.7987117552334944,0.8200942892723715,0.8,0.8,0.04075604220030642
redundant,1.0,18,ACP-Gini node a=1.0,0.8033333333333333,0.802541304566093,0.8552748621241772,1.0,1.0,0.06453909307944726
redundant,1.0,18,VIF+CART,0.7933333333333333,0.7922159167076277,0.8268991282689913,0.8,1.0,0.0636782109067934
redundant,1.0,18,Cluster+CART,0.7933333333333333,0.7922159167076277,0.8268991282689913,0.8,1.0,0.0636782109067934
redundant,1.0,19,CART,0.8233333333333334,0.8233313703485594,0.8708214793741109,1.0,1.0,0.04639800923526526
redundant,1.0,19,ACP-Gini a=0.5,0.8133333333333334,0.8133333333333334,0.8743554409672831,0.8,1.0,0.04045923454666812
redundant,1.0,19,Tree-global a=0.5,0.8133333333333334,0.8133333333333334,0.8743554409672831,0.8,1.0,0.04045923454666812
redundant,1.0,19,ACP-Gini a=1.0,0.8133333333333334,0.8133333333333334,0.8743554409672831,0.8,1.0,0.04045923454666812
redundant,1.0,19,Tree-global a=1.0,0.82,0.82,0.8756445590327169,1.0,1.0,0.029013453730553636
redundant,1.0,19,ACP-Gini node a=1.0,0.8166666666666667,0.8166483314998166,0.8686877667140825,1.0,1.0,0.036632990513847385
redundant,1.0,19,VIF+CART,0.8233333333333334,0.8233313703485594,0.8708214793741109,1.0,1.0,0.04639800923526526
redundant,1.0,19,Cluster+CART,0.8233333333333334,0.8233313703485594,0.8708214793741109,1.0,1.0,0.04639800923526526
redundant,1.0,20,CART,0.83,0.8291628982011858,0.883346688034188,0.8,1.0,0.029052177380742197
redundant,1.0,20,ACP-Gini a=0.5,0.8333333333333334,0.8324321908932482,0.8779157763532764,0.8,1.0,0.028921722002158732
redundant,1.0,20,Tree-global a=0.5,0.8333333333333334,0.8324321908932482,0.8748887108262109,0.8,1.0,0.03323422719943655
redundant,1.0,20,ACP-Gini a=1.0,0.8333333333333334,0.8324321908932482,0.8779157763532764,0.8,1.0,0.028921722002158732
redundant,1.0,20,Tree-global a=1.0,0.8466666666666667,0.8461126722868995,0.8776041666666667,0.8,1.0,0.03421507188147605
redundant,1.0,20,ACP-Gini node a=1.0,0.84,0.8396507950648078,0.8603543447293448,0.8,1.0,0.033026851856425204
redundant,1.0,20,VIF+CART,0.83,0.8291628982011858,0.883346688034188,0.8,1.0,0.029052177380742197
redundant,1.0,20,Cluster+CART,0.83,0.8291628982011858,0.883346688034188,0.8,1.0,0.029052177380742197
redundant,1.0,21,CART,0.7833333333333333,0.7830416448781139,0.8508846017069702,0.8,1.0,0.025781083176882248
redundant,1.0,21,ACP-Gini a=0.5,0.78,0.7796474358974359,0.8459059388335705,0.8,1.0,0.02578108317688225
redundant,1.0,21,Tree-global a=0.5,0.78,0.7796474358974359,0.8435944167852063,0.8,1.0,0.02578108317688225
redundant,1.0,21,ACP-Gini a=1.0,0.78,0.7796474358974359,0.8459059388335705,0.8,1.0,0.02578108317688225
redundant,1.0,21,Tree-global a=1.0,0.78,0.7796474358974359,0.8435944167852063,0.8,1.0,0.02578108317688225
redundant,1.0,21,ACP-Gini node a=1.0,0.7966666666666666,0.7962841335396467,0.8614198079658606,0.8,1.0,0.017181873488245465
redundant,1.0,21,VIF+CART,0.7833333333333333,0.7830416448781139,0.8508846017069702,0.8,1.0,0.025781083176882248
redundant,1.0,21,Cluster+CART,0.7833333333333333,0.7830416448781139,0.8508846017069702,0.8,1.0,0.025781083176882248
redundant,1.0,22,CART,0.85,0.8495167816655705,0.8696145124716553,1.0,1.0,0.00890237343196476
redundant,1.0,22,ACP-Gini a=0.5,0.85,0.8495167816655705,0.8696145124716553,1.0,1.0,0.00890237343196476
redundant,1.0,22,Tree-global a=0.5,0.85,0.8495167816655705,0.8696145124716553,1.0,1.0,0.00890237343196476
redundant,1.0,22,ACP-Gini a=1.0,0.85,0.8495167816655705,0.8696145124716553,1.0,1.0,0.00890237343196476
redundant,1.0,22,Tree-global a=1.0,0.84,0.8397435897435898,0.8648792850473523,1.0,1.0,0.021011669428512
redundant,1.0,22,ACP-Gini node a=1.0,0.85,0.8495167816655705,0.8696145124716553,1.0,1.0,0.00890237343196476
redundant,1.0,22,VIF+CART,0.85,0.8495167816655705,0.8696145124716553,1.0,1.0,0.00890237343196476
redundant,1.0,22,Cluster+CART,0.85,0.8495167816655705,0.8696145124716553,1.0,1.0,0.00890237343196476
redundant,1.0,23,CART,0.7666666666666667,0.7662927350427351,0.8495710920485355,0.8,0.8,0.07534568116396533
redundant,1.0,23,ACP-Gini a=0.5,0.7666666666666667,0.7662927350427351,0.854993555269123,0.8,0.8,0.07609206400414752
redundant,1.0,23,Tree-global a=0.5,0.7666666666666667,0.7662927350427351,0.8496155384683763,0.8,0.8,0.07748022299857732
redundant,1.0,23,ACP-Gini a=1.0,0.7666666666666667,0.7662927350427351,0.854993555269123,0.8,0.8,0.07609206400414752
redundant,1.0,23,Tree-global a=1.0,0.7666666666666667,0.7662927350427351,0.8496155384683763,0.8,0.8,0.07748022299857732
redundant,1.0,23,ACP-Gini node a=1.0,0.7866666666666666,0.786628733997155,0.8560380461353837,0.8,0.8,0.0607497854056101
redundant,1.0,23,VIF+CART,0.7666666666666667,0.7662927350427351,0.8495710920485355,0.8,0.8,0.07534568116396531
redundant,1.0,23,Cluster+CART,0.7666666666666667,0.7662927350427351,0.8495710920485355,0.8,0.8,0.07534568116396531
redundant,1.0,24,CART,0.78,0.7771374544144793,0.855802314670003,0.8,1.0,0.03957349141027563
redundant,1.0,24,ACP-Gini a=0.5,0.78,0.7771374544144793,0.8577684436301889,0.8,1.0,0.03957349141027563
redundant,1.0,24,Tree-global a=0.5,0.78,0.7774680812803452,0.8577237588810939,0.8,1.0,0.03957349141027563
redundant,1.0,24,ACP-Gini a=1.0,0.78,0.7771374544144793,0.8577684436301889,0.8,1.0,0.03957349141027563
redundant,1.0,24,Tree-global a=1.0,0.7833333333333333,0.7806795559604548,0.8519817686223693,0.8,1.0,0.03981419037938441
redundant,1.0,24,ACP-Gini node a=1.0,0.78,0.7780667144906743,0.8670181866928818,1.0,1.0,0.020520971282890453
redundant,1.0,24,VIF+CART,0.78,0.7771374544144793,0.855802314670003,0.8,1.0,0.03957349141027562
redundant,1.0,24,Cluster+CART,0.78,0.7771374544144793,0.855802314670003,0.8,1.0,0.03957349141027562
redundant,1.0,25,CART,0.7666666666666667,0.7662927350427351,0.8128361260500467,1.0,1.0,0.0208470079027095
redundant,1.0,25,ACP-Gini a=0.5,0.7733333333333333,0.7729700854700854,0.8211253833503711,1.0,1.0,0.0208470079027095
redundant,1.0,25,Tree-global a=0.5,0.7733333333333333,0.7729700854700854,0.8211253833503711,1.0,1.0,0.0208470079027095
redundant,1.0,25,ACP-Gini a=1.0,0.7733333333333333,0.7729700854700854,0.8211253833503711,1.0,1.0,0.0208470079027095
redundant,1.0,25,Tree-global a=1.0,0.7733333333333333,0.7729700854700854,0.8211253833503711,1.0,1.0,0.0208470079027095
redundant,1.0,25,ACP-Gini node a=1.0,0.7666666666666667,0.7661574094695114,0.8052802346770968,1.0,1.0,0.020952662390804167
redundant,1.0,25,VIF+CART,0.7666666666666667,0.7662927350427351,0.8128361260500467,1.0,1.0,0.0208470079027095
redundant,1.0,25,Cluster+CART,0.7666666666666667,0.7662927350427351,0.8128361260500467,1.0,1.0,0.0208470079027095
redundant,1.0,26,CART,0.7666666666666667,0.7654050672505475,0.8140361793857505,0.8,1.0,0.07556148269384402
redundant,1.0,26,ACP-Gini a=0.5,0.78,0.7788104919790875,0.8284590426241165,0.8,1.0,0.06401679282450368
redundant,1.0,26,Tree-global a=0.5,0.7833333333333333,0.7822664388838643,0.8233477043424151,0.8,1.0,0.05450029275631283
redundant,1.0,26,ACP-Gini a=1.0,0.78,0.7788104919790875,0.8284590426241165,0.8,1.0,0.06401679282450368
redundant,1.0,26,Tree-global a=1.0,0.7766666666666666,0.775767244168275,0.8412818347482109,1.0,1.0,0.03806775259773628
redundant,1.0,26,ACP-Gini node a=1.0,0.78,0.779205138498595,0.8361038268367482,0.8,1.0,0.055353339784123955
redundant,1.0,26,VIF+CART,0.7666666666666667,0.7654050672505475,0.8140361793857505,0.8,1.0,0.07556148269384402
redundant,1.0,26,Cluster+CART,0.7666666666666667,0.7654050672505475,0.8140361793857505,0.8,1.0,0.07556148269384402
redundant,1.0,27,CART,0.7833333333333333,0.7833309258991767,0.8430165362731152,1.0,1.0,0.017457774841973306
redundant,1.0,27,ACP-Gini a=0.5,0.7866666666666666,0.7866571847637673,0.8511513157894737,1.0,1.0,0.020037163089058667
redundant,1.0,27,Tree-global a=0.5,0.79,0.78997899789979,0.8468172119487909,1.0,1.0,0.020037163089058667
redundant,1.0,27,ACP-Gini a=1.0,0.7733333333333333,0.7733232588115027,0.8474839971550499,1.0,1.0,0.020010557326566283
redundant,1.0,27,Tree-global a=1.0,0.79,0.78997899789979,0.8468172119487909,1.0,1.0,0.020037163089058667
redundant,1.0,27,ACP-Gini node a=1.0,0.8166666666666667,0.8162071846282373,0.882868065433855,1.0,1.0,0.026770292248280134
redundant,1.0,27,VIF+CART,0.7833333333333333,0.7833309258991767,0.8430165362731152,1.0,1.0,0.017457774841973306
redundant,1.0,27,Cluster+CART,0.7833333333333333,0.7833309258991767,0.8430165362731152,1.0,1.0,0.017457774841973306
redundant,1.0,28,CART,0.79,0.7899416504584607,0.8240184962874039,1.0,1.0,0.040827417107595916
redundant,1.0,28,ACP-Gini a=0.5,0.8,0.7999911107160318,0.8640122715752967,1.0,1.0,0.04277993688429389
redundant,1.0,28,Tree-global a=0.5,0.7866666666666666,0.7864293659621802,0.8455159841714464,1.0,1.0,0.054818193885458166
redundant,1.0,28,ACP-Gini a=1.0,0.8,0.7999911107160318,0.8640122715752967,1.0,1.0,0.04277993688429389
redundant,1.0,28,Tree-global a=1.0,0.7866666666666666,0.7864293659621802,0.8455159841714464,1.0,1.0,0.054818193885458166
redundant,1.0,28,ACP-Gini node a=1.0,0.7833333333333333,0.7832153061111049,0.8471388555422168,1.0,1.0,0.05004416310552498
redundant,1.0,28,VIF+CART,0.79,0.7899416504584607,0.8240184962874039,1.0,1.0,0.040827417107595916
redundant,1.0,28,Cluster+CART,0.79,0.7899416504584607,0.8240184962874039,1.0,1.0,0.040827417107595916
redundant,1.0,29,CART,0.79,0.7898108297467721,0.8453837597330367,1.0,1.0,0.027408086574749788
redundant,1.0,29,ACP-Gini a=0.5,0.79,0.7898108297467721,0.8453837597330367,1.0,1.0,0.027408086574749788
redundant,1.0,29,Tree-global a=0.5,0.7866666666666666,0.7864293659621802,0.8345494994438265,1.0,1.0,0.028422417305691224
redundant,1.0,29,ACP-Gini a=1.0,0.79,0.7898108297467721,0.8453837597330367,1.0,1.0,0.027408086574749788
redundant,1.0,29,Tree-global a=1.0,0.7866666666666666,0.7864293659621802,0.8345494994438265,1.0,1.0,0.028422417305691224
redundant,1.0,29,ACP-Gini node a=1.0,0.7866666666666666,0.7863247863247863,0.8449610678531702,1.0,1.0,0.019542654803207507
redundant,1.0,29,VIF+CART,0.79,0.7898108297467721,0.8453837597330367,1.0,1.0,0.027408086574749788
redundant,1.0,29,Cluster+CART,0.79,0.7898108297467721,0.8453837597330367,1.0,1.0,0.027408086574749788
