scenario,rep,method,accuracy,macro_f1,auc,p_left,acc_left,acc_right,root_is_gate,corr_ab
conditional,0,CART,0.9266666666666666,0.926401712832865,0.9441103836008294,0.5,0.923728813559322,0.9299065420560748,1.0,0.49174416290902506
conditional,0,ACP-Gini a=0.5,0.9266666666666666,0.926401712832865,0.9460850543653092,0.5,0.923728813559322,0.9299065420560748,1.0,0.49174416290902506
conditional,0,Tree-global a=0.5,0.9244444444444444,0.9241071428571428,0.9436229022216284,0.5,0.923728813559322,0.9252336448598131,1.0,0.49174416290902506
conditional,0,ACP-Gini a=1.0,0.9266666666666666,0.926401712832865,0.9476860718898936,0.5,0.923728813559322,0.9299065420560748,1.0,0.49174416290902506
conditional,0,Tree-global a=1.0,0.9244444444444444,0.9241071428571428,0.9425068915514775,0.5,0.923728813559322,0.9252336448598131,1.0,0.49174416290902506
conditional,0,ACP-Gini node a=1.0,0.9211111111111111,0.9208365801898187,0.952986503941918,0.5,0.913135593220339,0.9299065420560748,1.0,0.49174416290902506
conditional,0,VIF+CART,0.9266666666666666,0.926401712832865,0.9441103836008294,0.5,0.923728813559322,0.9299065420560748,1.0,0.49174416290902506
conditional,0,Cluster+CART,0.9266666666666666,0.926401712832865,0.9441103836008294,0.5,0.923728813559322,0.9299065420560748,1.0,0.49174416290902506
conditional,1,CART,0.9277777777777778,0.9276555066526018,0.9657195387755706,0.5,0.9334763948497854,0.9216589861751152,1.0,0.48499595643066123
conditional,1,ACP-Gini a=0.5,0.9277777777777778,0.9276555066526018,0.9659419466122343,0.5,0.9334763948497854,0.9216589861751152,1.0,0.48499595643066123
conditional,1,Tree-global a=0.5,0.9222222222222223,0.9221357063403781,0.9630185191591996,0.5,0.9291845493562232,0.9147465437788018,1.0,0.48499595643066123
conditional,1,ACP-Gini a=1.0,0.93,0.9299369432489241,0.9629369696190895,0.5,0.9377682403433476,0.9216589861751152,1.0,0.48499595643066123
conditional,1,Tree-global a=1.0,0.9277777777777778,0.9277305796007516,0.959628035249171,0.5,0.9377682403433476,0.9170506912442397,1.0,0.48499595643066123
conditional,1,ACP-Gini node a=1.0,0.9277777777777778,0.9276555066526018,0.964506180466661,0.5,0.9334763948497854,0.9216589861751152,1.0,0.48499595643066123
conditional,1,VIF+CART,0.9277777777777778,0.9276555066526018,0.9657195387755706,0.5,0.9334763948497854,0.9216589861751152,1.0,0.48499595643066123
conditional,1,Cluster+CART,0.9277777777777778,0.9276555066526018,0.9657195387755706,0.5,0.9334763948497854,0.9216589861751152,1.0,0.48499595643066123
conditional,2,CART,0.91,0.90999099909991,0.9627931790788199,0.5,0.9316628701594533,0.8893709327548807,1.0,0.485426592031143
conditional,2,ACP-Gini a=0.5,0.9155555555555556,0.9155217642612601,0.9646999545535379,0.5,0.9316628701594533,0.9002169197396963,1.0,0.485426592031143
conditional,2,Tree-global a=0.5,0.9155555555555556,0.9155217642612601,0.9646999545535379,0.5,0.9316628701594533,0.9002169197396963,1.0,0.485426592031143
conditional,2,ACP-Gini a=1.0,0.9155555555555556,0.9155217642612601,0.9646999545535379,0.5,0.9316628701594533,0.9002169197396963,1.0,0.485426592031143
conditional,2,Tree-global a=1.0,0.9122222222222223,0.9122091077802981,0.9534445454365823,0.5,0.9316628701594533,0.8937093275488069,1.0,0.485426592031143
conditional,2,ACP-Gini node a=1.0,0.9166666666666666,0.9166542162471184,0.9693977355806279,0.5,0.9316628701594533,0.9023861171366594,1.0,0.485426592031143
conditional,2,VIF+CART,0.91,0.90999099909991,0.9627931790788199,0.5,0.9316628701594533,0.8893709327548807,1.0,0.485426592031143
conditional,2,Cluster+CART,0.91,0.90999099909991,0.9627931790788199,0.5,0.9316628701594533,0.8893709327548807,1.0,0.485426592031143
conditional,3,CART,0.9388888888888889,0.9388761358851414,0.9733500215198453,0.5,0.9260869565217391,0.9522727272727273,1.0,0.49335889804370114
conditional,3,ACP-Gini a=0.5,0.9388888888888889,0.9388761358851414,0.9742330772389296,0.5,0.9260869565217391,0.9522727272727273,1.0,0.49335889804370114
conditional,3,Tree-global a=0.5,0.9322222222222222,0.9322154437665988,0.9565497009483573,0.5,0.9260869565217391,0.9386363636363636,1.0,0.49335889804370114
conditional,3,ACP-Gini a=1.0,0.9388888888888889,0.9388761358851414,0.9742330772389296,0.5,0.9260869565217391,0.9522727272727273,1.0,0.49335889804370114
conditional,3,Tree-global a=1.0,0.9322222222222222,0.9322154437665988,0.9577444233918243,0.5,0.9260869565217391,0.9386363636363636,1.0,0.49335889804370114
conditional,3,ACP-Gini node a=1.0,0.9388888888888889,0.9388761358851414,0.9729542542507876,0.5,0.9260869565217391,0.9522727272727273,1.0,0.49335889804370114
conditional,3,VIF+CART,0.9388888888888889,0.9388761358851414,0.9733500215198453,0.5,0.9260869565217391,0.9522727272727273,1.0,0.49335889804370114
conditional,3,Cluster+CART,0.9388888888888889,0.9388761358851414,0.9733500215198453,0.5,0.9260869565217391,0.9522727272727273,1.0,0.49335889804370114
conditional,4,CART,0.9088888888888889,0.9088726884779517,0.9653383146533832,0.5,0.931350114416476,0.8876889848812095,1.0,0.4764324415145339
conditional,4,ACP-Gini a=0.5,0.9088888888888889,0.9088726884779517,0.962889659807468,0.5,0.931350114416476,0.8876889848812095,1.0,0.4764324415145339
conditional,4,Tree-global a=0.5,0.9111111111111111,0.9111040872365224,0.9630650932020794,0.5,0.931350114416476,0.8920086393088553,1.0,0.4764324415145339
conditional,4,ACP-Gini a=1.0,0.91,0.9099972221364857,0.9593019233430192,0.5,0.9336384439359268,0.8876889848812095,1.0,0.4764324415145339
conditional,4,Tree-global a=1.0,0.9088888888888889,0.9088524298608333,0.9531271620312716,0.5,0.9336384439359268,0.8855291576673866,1.0,0.4764324415145339
conditional,4,ACP-Gini node a=1.0,0.9088888888888889,0.9088726884779517,0.9651974737591176,0.5,0.931350114416476,0.8876889848812095,1.0,0.4764324415145339
conditional,4,VIF+CART,0.9088888888888889,0.9088726884779517,0.9653383146533832,0.5,0.931350114416476,0.8876889848812095,1.0,0.4764324415145339
conditional,4,Cluster+CART,0.9088888888888889,0.9088726884779517,0.9653383146533832,0.5,0.931350114416476,0.8876889848812095,1.0,0.4764324415145339
conditional,5,CART,0.9355555555555556,0.9355017273675315,0.9725015954368034,0.5,0.9488272921108742,0.9211136890951276,1.0,0.5353171823997982
conditional,5,ACP-Gini a=0.5,0.9355555555555556,0.9355017273675315,0.9750790297765397,0.5,0.9488272921108742,0.9211136890951276,1.0,0.5353171823997982
conditional,5,Tree-global a=0.5,0.9355555555555556,0.935493119266055,0.9719994657141867,0.5,0.9488272921108742,0.9211136890951276,1.0,0.5353171823997982
conditional,5,ACP-Gini a=1.0,0.9288888888888889,0.9288294922676209,0.9728182092520494,0.5,0.9360341151385928,0.9211136890951276,1.0,0.5353171823997982
conditional,5,Tree-global a=1.0,0.9233333333333333,0.9232035378312233,0.973471225245994,0.5,0.9339019189765458,0.9118329466357309,1.0,0.5353171823997982
conditional,5,ACP-Gini node a=1.0,0.9355555555555556,0.935493119266055,0.9746634741440295,0.5,0.9488272921108742,0.9211136890951276,1.0,0.5353171823997982
conditional,5,VIF+CART,0.9355555555555556,0.9355017273675315,0.9725015954368034,0.5,0.9488272921108742,0.9211136890951276,1.0,0.5353171823997982
conditional,5,Cluster+CART,0.9355555555555556,0.9355017273675315,0.9725015954368034,0.5,0.9488272921108742,0.9211136890951276,1.0,0.5353171823997982
conditional,6,CART,0.9233333333333333,0.9232991493739802,0.9606732688924469,0.5,0.9588377723970944,0.893223819301848,1.0,0.5033452846316618
conditional,6,ACP-Gini a=0.5,0.9277777777777778,0.9277127192250804,0.9628155330210124,0.5,0.9515738498789347,0.9075975359342916,1.0,0.5033452846316618
conditional,6,Tree-global a=0.5,0.9233333333333333,0.9232741312741313,0.9614614837217578,0.5,0.9539951573849879,0.8973305954825462,1.0,0.5033452846316618
conditional,6,ACP-Gini a=1.0,0.9266666666666666,0.9266228215378078,0.9645896341101822,0.5,0.9491525423728814,0.9075975359342916,1.0,0.5033452846316618
conditional,6,Tree-global a=1.0,0.9211111111111111,0.9210759363123565,0.9631466326671807,0.5,0.9491525423728814,0.8973305954825462,1.0,0.5033452846316618
conditional,6,ACP-Gini node a=1.0,0.92,0.9199604743083004,0.9680637095020657,0.5,0.9515738498789347,0.893223819301848,1.0,0.5033452846316618
conditional,6,VIF+CART,0.9233333333333333,0.9232991493739802,0.9606732688924469,0.5,0.9588377723970944,0.893223819301848,1.0,0.5033452846316618
conditional,6,Cluster+CART,0.9233333333333333,0.9232991493739802,0.9606732688924469,0.5,0.9588377723970944,0.893223819301848,1.0,0.5033452846316618
conditional,7,CART,0.92,0.919666367481739,0.963305655973216,0.5,0.9491916859122402,0.892933618843683,1.0,0.45743325401979024
conditional,7,ACP-Gini a=0.5,0.9188888888888889,0.9185622329566372,0.9645840236188931,0.5,0.9468822170900693,0.892933618843683,1.0,0.45743325401979024
conditional,7,Tree-global a=0.5,0.9122222222222223,0.9119394500117042,0.960778592658164,0.5,0.9468822170900693,0.880085653104925,1.0,0.45743325401979024
conditional,7,ACP-Gini a=1.0,0.9188888888888889,0.9185622329566372,0.9646334769127296,0.5,0.9468822170900693,0.892933618843683,1.0,0.45743325401979024
conditional,7,Tree-global a=1.0,0.9155555555555556,0.9152273493426402,0.9638718961876456,0.5,0.9468822170900693,0.8865096359743041,1.0,0.45743325401979024
conditional,7,ACP-Gini node a=1.0,0.9188888888888889,0.9185622329566372,0.9604794002304523,0.5,0.9468822170900693,0.892933618843683,1.0,0.45743325401979024
conditional,7,VIF+CART,0.92,0.919666367481739,0.963305655973216,0.5,0.9491916859122402,0.892933618843683,1.0,0.45743325401979024
conditional,7,Cluster+CART,0.92,0.919666367481739,0.963305655973216,0.5,0.9491916859122402,0.892933618843683,1.0,0.45743325401979024
conditional,8,CART,0.9066666666666666,0.9066205533596838,0.9559511286921394,0.5,0.9071925754060325,0.906183368869936,1.0,0.4984439096339318
conditional,8,ACP-Gini a=0.5,0.9077777777777778,0.9077366579426139,0.9568943804909849,0.5,0.9071925754060325,0.908315565031983,1.0,0.4984439096339318
conditional,8,Tree-global a=0.5,0.9088888888888889,0.9088600841747515,0.9502496407247729,0.5,0.9002320185614849,0.9168443496801706,1.0,0.4984439096339318
conditional,8,ACP-Gini a=1.0,0.9022222222222223,0.9022048364153628,0.9543979732432553,0.5,0.9025522041763341,0.9019189765458422,1.0,0.4984439096339318
conditional,8,Tree-global a=1.0,0.9066666666666666,0.9066205533596838,0.9451555871618986,0.5,0.9002320185614849,0.9125799573560768,1.0,0.4984439096339318
conditional,8,ACP-Gini node a=1.0,0.9044444444444445,0.9044326460056797,0.9565314013956175,0.5,0.9025522041763341,0.906183368869936,1.0,0.4984439096339318
conditional,8,VIF+CART,0.9066666666666666,0.9066205533596838,0.9559511286921394,0.5,0.9071925754060325,0.906183368869936,1.0,0.4984439096339318
conditional,8,Cluster+CART,0.9066666666666666,0.9066205533596838,0.9559511286921394,0.5,0.9071925754060325,0.906183368869936,1.0,0.4984439096339318
conditional,9,CART,0.9133333333333333,0.9132369299221357,0.954462943178221,0.5,0.9163090128755365,0.9101382488479263,1.0,0.49434052732462014
conditional,9,ACP-Gini a=0.5,0.9166666666666666,0.9165255845991558,0.9573935580880025,0.5,0.9163090128755365,0.9170506912442397,1.0,0.49434052732462014
conditional,9,Tree-global a=0.5,0.9166666666666666,0.9165544787992745,0.9567307692307692,0.5,0.9163090128755365,0.9170506912442397,1.0,0.49434052732462014
conditional,9,ACP-Gini a=1.0,0.92,0.9198717948717949,0.9586548353909465,0.5,0.924892703862661,0.9147465437788018,1.0,0.49434052732462014
conditional,9,Tree-global a=1.0,0.9233333333333333,0.923217211214491,0.9637865028490028,0.5,0.924892703862661,0.9216589861751152,1.0,0.49434052732462014
conditional,9,ACP-Gini node a=1.0,0.9188888888888889,0.9187362937070722,0.9533822016460906,0.5,0.9291845493562232,0.9078341013824884,1.0,0.49434052732462014
conditional,9,VIF+CART,0.9133333333333333,0.9132369299221357,0.954462943178221,0.5,0.9163090128755365,0.9101382488479263,1.0,0.49434052732462014
conditional,9,Cluster+CART,0.9133333333333333,0.9132369299221357,0.954462943178221,0.5,0.9163090128755365,0.9101382488479263,1.0,0.49434052732462014
conditional,10,CART,0.9111111111111111,0.9110122358175751,0.9599972306155451,0.5,0.921875,0.9004424778761062,1.0,0.4834873769090555
conditional,10,ACP-Gini a=0.5,0.9111111111111111,0.9109985957556219,0.9608354639460761,0.5,0.921875,0.9004424778761062,1.0,0.4834873769090555
conditional,10,Tree-global a=0.5,0.9066666666666666,0.9065485255434029,0.9606475414294968,0.5,0.921875,0.8915929203539823,1.0,0.4834873769090555
conditional,10,ACP-Gini a=1.0,0.9033333333333333,0.9032328627624484,0.9682188407158859,0.5,0.921875,0.8849557522123894,1.0,0.4834873769090555
conditional,10,Tree-global a=1.0,0.91,0.9098476313670883,0.9613250515550588,0.5,0.9285714285714286,0.8915929203539823,1.0,0.4834873769090555
conditional,10,ACP-Gini node a=1.0,0.9033333333333333,0.9031514733221271,0.9695318256672485,0.5,0.921875,0.8849557522123894,1.0,0.4834873769090555
conditional,10,VIF+CART,0.9111111111111111,0.9110122358175751,0.9599972306155451,0.5,0.921875,0.9004424778761062,1.0,0.4834873769090555
conditional,10,Cluster+CART,0.9111111111111111,0.9110122358175751,0.9599972306155451,0.5,0.921875,0.9004424778761062,1.0,0.4834873769090555
conditional,11,CART,0.9277777777777778,0.9277769752997256,0.9646260082686675,0.5,0.9333333333333333,0.9229166666666667,1.0,0.490184171290758
conditional,11,ACP-Gini a=0.5,0.9277777777777778,0.9277769752997256,0.9646852818706748,0.5,0.9333333333333333,0.9229166666666667,1.0,0.490184171290758
conditional,11,Tree-global a=0.5,0.9333333333333333,0.9333303702386773,0.9662683809909559,0.5,0.9333333333333333,0.9333333333333333,1.0,0.490184171290758
conditional,11,ACP-Gini a=1.0,0.9277777777777778,0.9277769752997256,0.9646852818706748,0.5,0.9333333333333333,0.9229166666666667,1.0,0.490184171290758
conditional,11,Tree-global a=1.0,0.9244444444444444,0.9244261574405659,0.9649248460121216,0.5,0.9333333333333333,0.9166666666666666,1.0,0.490184171290758
conditional,11,ACP-Gini node a=1.0,0.9311111111111111,0.9310770750988142,0.9629959842134641,0.5,0.9357142857142857,0.9270833333333334,1.0,0.490184171290758
conditional,11,VIF+CART,0.9277777777777778,0.9277769752997256,0.9646260082686675,0.5,0.9333333333333333,0.9229166666666667,1.0,0.490184171290758
conditional,11,Cluster+CART,0.9277777777777778,0.9277769752997256,0.9646260082686675,0.5,0.9333333333333333,0.9229166666666667,1.0,0.490184171290758
conditional,12,CART,0.9333333333333333,0.9332934741252799,0.9745231425903694,0.5,0.9419642857142857,0.9247787610619469,1.0,0.4797727477849853
conditional,12,ACP-Gini a=0.5,0.9311111111111111,0.9310770750988142,0.9726162069766177,0.5,0.9375,0.9247787610619469,1.0,0.4797727477849853
conditional,12,Tree-global a=0.5,0.9277777777777778,0.927757710475132,0.9682366773870041,0.5,0.9375,0.918141592920354,1.0,0.4797727477849853
conditional,12,ACP-Gini a=1.0,0.9311111111111111,0.9310770750988142,0.9726162069766177,0.5,0.9375,0.9247787610619469,1.0,0.4797727477849853
conditional,12,Tree-global a=1.0,0.9222222222222223,0.9221976328321049,0.9734486387147452,0.5,0.9375,0.9070796460176991,1.0,0.4797727477849853
conditional,12,ACP-Gini node a=1.0,0.9311111111111111,0.9310770750988142,0.9725272825179454,0.5,0.9375,0.9247787610619469,1.0,0.4797727477849853
conditional,12,VIF+CART,0.9333333333333333,0.9332934741252799,0.9745231425903694,0.5,0.9419642857142857,0.9247787610619469,1.0,0.4797727477849853
conditional,12,Cluster+CART,0.9333333333333333,0.9332934741252799,0.9745231425903694,0.5,0.9419642857142857,0.9247787610619469,1.0,0.4797727477849853
conditional,13,CART,0.9222222222222223,0.9220682830282039,0.9594289951798295,0.5,0.9314159292035398,0.9129464285714286,1.0,0.4639264167023993
conditional,13,ACP-Gini a=0.5,0.9155555555555556,0.9154047462389742,0.9567593622543569,0.5,0.9292035398230089,0.9017857142857143,1.0,0.4639264167023993
conditional,13,Tree-global a=0.5,0.9144444444444444,0.9143555222150406,0.9549425287356322,0.5,0.9269911504424779,0.9017857142857143,1.0,0.4639264167023993
conditional,13,ACP-Gini a=1.0,0.9177777777777778,0.917660265762001,0.9550933135582746,0.5,0.9336283185840708,0.9017857142857143,1.0,0.4639264167023993
conditional,13,Tree-global a=1.0,0.9122222222222223,0.9120022277917015,0.953066370040786,0.5,0.9292035398230089,0.8950892857142857,1.0,0.4639264167023993
conditional,13,ACP-Gini node a=1.0,0.9211111111111111,0.9209775534205342,0.9589741688295637,0.5,0.9292035398230089,0.9129464285714286,1.0,0.4639264167023993
conditional,13,VIF+CART,0.9222222222222223,0.9220682830282039,0.9594289951798295,0.5,0.9314159292035398,0.9129464285714286,1.0,0.4639264167023993
conditional,13,Cluster+CART,0.9222222222222223,0.9220682830282039,0.9594289951798295,0.5,0.9314159292035398,0.9129464285714286,1.0,0.4639264167023993
conditional,14,CART,0.9377777777777778,0.9376780626780628,0.976756791541264,0.5,0.9237472766884531,0.9523809523809523,1.0,0.5269410472986815
conditional,14,ACP-Gini a=0.5,0.9377777777777778,0.9376419758585364,0.9696014177094884,0.5,0.9237472766884531,0.9523809523809523,1.0,0.5269410472986815
conditional,14,Tree-global a=0.5,0.9377777777777778,0.9376419758585364,0.9705642127356248,0.5,0.9237472766884531,0.9523809523809523,1.0,0.5269410472986815
conditional,14,ACP-Gini a=1.0,0.9377777777777778,0.9376419758585364,0.9696014177094884,0.5,0.9237472766884531,0.9523809523809523,1.0,0.5269410472986815
conditional,14,Tree-global a=1.0,0.9377777777777778,0.9376419758585364,0.9739698835735782,0.5,0.9237472766884531,0.9523809523809523,1.0,0.5269410472986815
conditional,14,ACP-Gini node a=1.0,0.9333333333333333,0.933143162774113,0.9692450102962141,0.5,0.9215686274509803,0.9455782312925171,1.0,0.5269410472986815
conditional,14,VIF+CART,0.9377777777777778,0.9376780626780628,0.976756791541264,0.5,0.9237472766884531,0.9523809523809523,1.0,0.5269410472986815
conditional,14,Cluster+CART,0.9377777777777778,0.9376780626780628,0.976756791541264,0.5,0.9237472766884531,0.9523809523809523,1.0,0.5269410472986815
conditional,15,CART,0.9277777777777778,0.9277127192250804,0.971803628707415,0.5,0.9362637362637363,0.9191011235955057,1.0,0.46683624920871375
conditional,15,ACP-Gini a=0.5,0.9277777777777778,0.9277127192250804,0.9717097231763792,0.5,0.9362637362637363,0.9191011235955057,1.0,0.46683624920871375
conditional,15,Tree-global a=0.5,0.9222222222222223,0.9221468680797216,0.9718703510584141,0.5,0.9340659340659341,0.9101123595505618,1.0,0.46683624920871375
conditional,15,ACP-Gini a=1.0,0.9255555555555556,0.9254781816676327,0.9712327819266449,0.5,0.9318681318681319,0.9191011235955057,1.0,0.46683624920871375
conditional,15,Tree-global a=1.0,0.9188888888888889,0.9187796926979606,0.9708225630279097,0.5,0.9318681318681319,0.9056179775280899,1.0,0.46683624920871375
conditional,15,ACP-Gini node a=1.0,0.9266666666666666,0.926595618475166,0.9712303107284598,0.5,0.9340659340659341,0.9191011235955057,1.0,0.46683624920871375
conditional,15,VIF+CART,0.9277777777777778,0.9277127192250804,0.971803628707415,0.5,0.9362637362637363,0.9191011235955057,1.0,0.46683624920871375
conditional,15,Cluster+CART,0.9277777777777778,0.9277127192250804,0.971803628707415,0.5,0.9362637362637363,0.9191011235955057,1.0,0.46683624920871375
conditional,16,CART,0.9333333333333333,0.9333320164348926,0.9694741312893858,0.5,0.927765237020316,0.9387308533916849,1.0,0.46175692561146475
conditional,16,ACP-Gini a=0.5,0.9322222222222222,0.9322120958809896,0.9712792121846664,0.5,0.9255079006772009,0.9387308533916849,1.0,0.46175692561146475
conditional,16,Tree-global a=0.5,0.9277777777777778,0.927757710475132,0.967231978823018,0.5,0.9255079006772009,0.9299781181619255,1.0,0.46175692561146475
conditional,16,ACP-Gini a=1.0,0.9355555555555556,0.9355475984689468,0.9742275932913217,0.5,0.9322799097065463,0.9387308533916849,1.0,0.46175692561146475
conditional,16,Tree-global a=1.0,0.9255555555555556,0.9255348707974438,0.9608364117658676,0.5,0.9345372460496614,0.9168490153172867,1.0,0.46175692561146475
conditional,16,ACP-Gini node a=1.0,0.9333333333333333,0.9333330041136005,0.9659108867861165,0.5,0.927765237020316,0.9387308533916849,1.0,0.46175692561146475
conditional,16,VIF+CART,0.9333333333333333,0.9333320164348926,0.9694741312893858,0.5,0.927765237020316,0.9387308533916849,1.0,0.46175692561146475
conditional,16,Cluster+CART,0.9333333333333333,0.9333320164348926,0.9694741312893858,0.5,0.927765237020316,0.9387308533916849,1.0,0.46175692561146475
conditional,17,CART,0.9433333333333334,0.9433024646752121,0.9718098032242768,0.5,0.9481981981981982,0.9385964912280702,1.0,0.49236027236727203
conditional,17,ACP-Gini a=0.5,0.9433333333333334,0.9433024646752121,0.9715900110636951,0.5,0.9481981981981982,0.9385964912280702,1.0,0.49236027236727203
conditional,17,Tree-global a=0.5,0.9377777777777778,0.937740575850261,0.9678609530583215,0.5,0.9481981981981982,0.9276315789473685,1.0,0.49236027236727203
conditional,17,ACP-Gini a=1.0,0.9433333333333334,0.9433024646752121,0.9727334242136874,0.5,0.9481981981981982,0.9385964912280702,1.0,0.49236027236727203
conditional,17,Tree-global a=1.0,0.9411111111111111,0.9410848538669703,0.9743732219061166,0.5,0.954954954954955,0.9276315789473685,1.0,0.49236027236727203
conditional,17,ACP-Gini node a=1.0,0.9411111111111111,0.9410726264436897,0.9710071914019283,0.5,0.9436936936936937,0.9385964912280702,1.0,0.49236027236727203
conditional,17,VIF+CART,0.9433333333333334,0.9433024646752121,0.9718098032242768,0.5,0.9481981981981982,0.9385964912280702,1.0,0.49236027236727203
conditional,17,Cluster+CART,0.9433333333333334,0.9433024646752121,0.9718098032242768,0.5,0.9481981981981982,0.9385964912280702,1.0,0.49236027236727203
conditional,18,CART,0.9155555555555556,0.9155488828746963,0.9571813241106719,0.5,0.929384965831435,0.9023861171366594,1.0,0.4578370748001063
conditional,18,ACP-Gini a=0.5,0.9155555555555556,0.9155488828746963,0.9561091897233203,0.5,0.929384965831435,0.9023861171366594,1.0,0.4578370748001063
conditional,18,Tree-global a=0.5,0.9077777777777778,0.9077767530750342,0.9519342885375494,0.5,0.929384965831435,0.8872017353579176,1.0,0.4578370748001063
conditional,18,ACP-Gini a=1.0,0.9177777777777778,0.9177741232943686,0.9585054347826087,0.5,0.929384965831435,0.9067245119305857,1.0,0.4578370748001063
conditional,18,Tree-global a=1.0,0.9077777777777778,0.9077767530750342,0.9519392292490119,0.5,0.929384965831435,0.8872017353579176,1.0,0.4578370748001063
conditional,18,ACP-Gini node a=1.0,0.9177777777777778,0.9177741232943686,0.9612030632411068,0.5,0.929384965831435,0.9067245119305857,1.0,0.4578370748001063
conditional,18,VIF+CART,0.9155555555555556,0.9155488828746963,0.9571813241106719,0.5,0.929384965831435,0.9023861171366594,1.0,0.4578370748001063
conditional,18,Cluster+CART,0.9155555555555556,0.9155488828746963,0.9571813241106719,0.5,0.929384965831435,0.9023861171366594,1.0,0.4578370748001063
conditional,19,CART,0.9166666666666666,0.9165098907949372,0.9614574474397262,0.5,0.921875,0.911504424778761,1.0,0.5341856386611472
conditional,19,ACP-Gini a=0.5,0.9077777777777778,0.9076042791463972,0.9542903621368248,0.5,0.9174107142857143,0.8982300884955752,1.0,0.5341856386611472
conditional,19,Tree-global a=0.5,0.9077777777777778,0.9073521696583937,0.9624389351476434,0.5,0.9174107142857143,0.8982300884955752,1.0,0.5341856386611472
conditional,19,ACP-Gini a=1.0,0.9077777777777778,0.9076042791463972,0.9578108621269357,0.5,0.9174107142857143,0.8982300884955752,1.0,0.5341856386611472
conditional,19,Tree-global a=1.0,0.9066666666666666,0.9062216245987129,0.9573386602321947,0.5,0.9174107142857143,0.8960176991150443,1.0,0.5341856386611472
conditional,19,ACP-Gini node a=1.0,0.9133333333333333,0.9131256930144147,0.9618900931548031,0.5,0.9174107142857143,0.9092920353982301,1.0,0.5341856386611472
conditional,19,VIF+CART,0.9166666666666666,0.9165098907949372,0.9614574474397262,0.5,0.921875,0.911504424778761,1.0,0.5341856386611472
conditional,19,Cluster+CART,0.9166666666666666,0.9165098907949372,0.9614574474397262,0.5,0.921875,0.911504424778761,1.0,0.5341856386611472
conditional,20,CART,0.9322222222222222,0.93222213854585,0.973530341340076,0.5,0.9242761692650334,0.9401330376940134,1.0,0.44297256857466755
conditional,20,ACP-Gini a=0.5,0.9333333333333333,0.9332934741252799,0.9762513827433628,0.5,0.9265033407572383,0.9401330376940134,1.0,0.44297256857466755
conditional,20,Tree-global a=0.5,0.9177777777777778,0.9177192670343355,0.9724340233881161,0.5,0.9265033407572383,0.9090909090909091,1.0,0.44297256857466755
conditional,20,ACP-Gini a=1.0,0.9333333333333333,0.9332934741252799,0.9791551438053097,0.5,0.9265033407572383,0.9401330376940134,1.0,0.44297256857466755
conditional,20,Tree-global a=1.0,0.92,0.9198987361800597,0.9677154116624526,0.5,0.9265033407572383,0.9135254988913526,1.0,0.44297256857466755
conditional,20,ACP-Gini node a=1.0,0.9211111111111111,0.9211063385315902,0.9785971080910241,0.5,0.9131403118040089,0.9290465631929047,1.0,0.44297256857466755
conditional,20,VIF+CART,0.9322222222222222,0.93222213854585,0.973530341340076,0.5,0.9242761692650334,0.9401330376940134,1.0,0.44297256857466755
conditional,20,Cluster+CART,0.9322222222222222,0.93222213854585,0.973530341340076,0.5,0.9242761692650334,0.9401330376940134,1.0,0.44297256857466755
conditional,21,CART,0.9233333333333333,0.9232035378312233,0.9599858427055282,0.5,0.9298642533936652,0.9170305676855895,1.0,0.49237604339857755
conditional,21,ACP-Gini a=0.5,0.9233333333333333,0.9232035378312233,0.9602085973388246,0.5,0.9298642533936652,0.9170305676855895,1.0,0.49237604339857755
conditional,21,Tree-global a=0.5,0.9211111111111111,0.9209306181641798,0.9557906304451131,0.5,0.9298642533936652,0.9126637554585153,1.0,0.49237604339857755
conditional,21,ACP-Gini a=1.0,0.9233333333333333,0.9232035378312233,0.9602085973388246,0.5,0.9298642533936652,0.9170305676855895,1.0,0.49237604339857755
conditional,21,Tree-global a=1.0,0.9122222222222223,0.9120892708107942,0.9532710280373831,0.5,0.9298642533936652,0.8951965065502183,1.0,0.49237604339857755
conditional,21,ACP-Gini node a=1.0,0.9233333333333333,0.923217211214491,0.9556866782829082,0.5,0.9298642533936652,0.9170305676855895,1.0,0.49237604339857755
conditional,21,VIF+CART,0.9233333333333333,0.9232035378312233,0.9599858427055282,0.5,0.9298642533936652,0.9170305676855895,1.0,0.49237604339857755
conditional,21,Cluster+CART,0.9233333333333333,0.9232035378312233,0.9599858427055282,0.5,0.9298642533936652,0.9170305676855895,1.0,0.49237604339857755
conditional,22,CART,0.9333333333333333,0.9332489468167164,0.9631841189496995,0.5,0.9399141630901288,0.9262672811059908,1.0,0.5070177063863434
conditional,22,ACP-Gini a=0.5,0.9333333333333333,0.9332489468167164,0.9669878005378045,0.5,0.9399141630901288,0.9262672811059908,1.0,0.5070177063863434
conditional,22,Tree-global a=0.5,0.93,0.9299618681282031,0.9667653630180323,0.5,0.9399141630901288,0.9193548387096774,1.0,0.5070177063863434
conditional,22,ACP-Gini a=1.0,0.9333333333333333,0.9332489468167164,0.9669878005378045,0.5,0.9399141630901288,0.9262672811059908,1.0,0.5070177063863434
conditional,22,Tree-global a=1.0,0.9366666666666666,0.9366177606177606,0.9648004982600444,0.5,0.9399141630901288,0.9331797235023042,1.0,0.5070177063863434
conditional,22,ACP-Gini node a=1.0,0.9322222222222222,0.9322033898305084,0.9665379824422652,0.5,0.9420600858369099,0.9216589861751152,1.0,0.5070177063863434
conditional,22,VIF+CART,0.9333333333333333,0.9332489468167164,0.9631841189496995,0.5,0.9399141630901288,0.9262672811059908,1.0,0.5070177063863434
conditional,22,Cluster+CART,0.9333333333333333,0.9332489468167164,0.9631841189496995,0.5,0.9399141630901288,0.9262672811059908,1.0,0.5070177063863434
conditional,23,CART,0.92,0.92,0.9729408685000791,0.5,0.9187935034802784,0.9211087420042644,1.0,0.488669124071863
conditional,23,ACP-Gini a=0.5,0.92,0.9199996049363206,0.9720370041093725,0.5,0.9187935034802784,0.9211087420042644,1.0,0.488669124071863
conditional,23,Tree-global a=0.5,0.9177777777777778,0.9177777777777778,0.9696933775881144,0.5,0.9164733178654292,0.9189765458422174,1.0,0.488669124071863
conditional,23,ACP-Gini a=1.0,0.9222222222222223,0.922221838132534,0.9755413308044887,0.5,0.9234338747099768,0.9211087420042644,1.0,0.488669124071863
conditional,23,Tree-global a=1.0,0.9188888888888889,0.9188719621748241,0.972933459775565,0.5,0.9234338747099768,0.9147121535181236,1.0,0.488669124071863
conditional,23,ACP-Gini node a=1.0,0.9233333333333333,0.9233332386830106,0.976585960960961,0.5,0.925754060324826,0.9211087420042644,1.0,0.488669124071863
conditional,23,VIF+CART,0.92,0.92,0.9729408685000791,0.5,0.9187935034802784,0.9211087420042644,1.0,0.488669124071863
conditional,23,Cluster+CART,0.92,0.92,0.9729408685000791,0.5,0.9187935034802784,0.9211087420042644,1.0,0.488669124071863
conditional,24,CART,0.9066666666666666,0.9066592915983485,0.9428092224544138,0.5,0.9067599067599068,0.9065817409766455,1.0,0.5138162984035586
conditional,24,ACP-Gini a=0.5,0.9088888888888889,0.9088848393261922,0.9432933667294079,0.5,0.9067599067599068,0.910828025477707,1.0,0.5138162984035586
conditional,24,Tree-global a=0.5,0.9133333333333333,0.9133179231863442,0.9318072908175616,0.5,0.916083916083916,0.910828025477707,1.0,0.5138162984035586
conditional,24,ACP-Gini a=1.0,0.91,0.9099972221364857,0.9423720105326082,0.5,0.9090909090909091,0.910828025477707,1.0,0.5138162984035586
conditional,24,Tree-global a=1.0,0.9077777777777778,0.907768554633241,0.9288110305850736,0.5,0.9044289044289044,0.910828025477707,1.0,0.5138162984035586
conditional,24,ACP-Gini node a=1.0,0.91,0.9099972221364857,0.9501034981893992,0.5,0.9090909090909091,0.910828025477707,1.0,0.5138162984035586
conditional,24,VIF+CART,0.9066666666666666,0.9066592915983485,0.9428092224544138,0.5,0.9067599067599068,0.9065817409766455,1.0,0.5138162984035586
conditional,24,Cluster+CART,0.9066666666666666,0.9066592915983485,0.9428092224544138,0.5,0.9067599067599068,0.9065817409766455,1.0,0.5138162984035586
conditional,25,CART,0.9133333333333333,0.9133179231863442,0.967445363625139,0.5,0.8901869158878505,0.934322033898305,1.0,0.5357779983538659
conditional,25,ACP-Gini a=0.5,0.9111111111111111,0.9110755413276421,0.9663711569329547,0.5,0.8901869158878505,0.9300847457627118,1.0,0.5357779983538659
conditional,25,Tree-global a=0.5,0.9111111111111111,0.9110755413276421,0.9667786146437831,0.5,0.8901869158878505,0.9300847457627118,1.0,0.5357779983538659
conditional,25,ACP-Gini a=1.0,0.9088888888888889,0.9088600841747515,0.9659093715273491,0.5,0.8855140186915887,0.9300847457627118,1.0,0.5357779983538659
conditional,25,Tree-global a=1.0,0.9088888888888889,0.9088600841747515,0.9591035930361773,0.5,0.8855140186915887,0.9300847457627118,1.0,0.5357779983538659
conditional,25,ACP-Gini node a=1.0,0.9066666666666666,0.9066440768383461,0.9658599827139154,0.5,0.8808411214953271,0.9300847457627118,1.0,0.5357779983538659
conditional,25,VIF+CART,0.9133333333333333,0.9133179231863442,0.967445363625139,0.5,0.8901869158878505,0.934322033898305,1.0,0.5357779983538659
conditional,25,Cluster+CART,0.9133333333333333,0.9133179231863442,0.967445363625139,0.5,0.8901869158878505,0.934322033898305,1.0,0.5357779983538659
conditional,26,CART,0.9188888888888889,0.9188045859960774,0.9489218901246518,0.5,0.9107551487414187,0.9265658747300216,1.0,0.49673435529629567
conditional,26,ACP-Gini a=0.5,0.9222222222222223,0.9221468680797216,0.9512035518855811,0.5,0.9153318077803204,0.9287257019438445,1.0,0.49673435529629567
conditional,26,Tree-global a=0.5,0.9211111111111111,0.9210501930501931,0.9462327887635567,0.5,0.9153318077803204,0.9265658747300216,1.0,0.49673435529629567
conditional,26,ACP-Gini a=1.0,0.9222222222222223,0.9221468680797216,0.9512035518855811,0.5,0.9153318077803204,0.9287257019438445,1.0,0.49673435529629567
conditional,26,Tree-global a=1.0,0.92,0.9199521689503358,0.9450499792576204,0.5,0.9153318077803204,0.9244060475161987,1.0,0.49673435529629567
conditional,26,ACP-Gini node a=1.0,0.9188888888888889,0.9188045859960774,0.9530086327808618,0.5,0.9084668192219679,0.9287257019438445,1.0,0.49673435529629567
conditional,26,VIF+CART,0.9188888888888889,0.9188045859960774,0.9489218901246518,0.5,0.9107551487414187,0.9265658747300216,1.0,0.49673435529629567
conditional,26,Cluster+CART,0.9188888888888889,0.9188045859960774,0.9489218901246518,0.5,0.9107551487414187,0.9265658747300216,1.0,0.49673435529629567
conditional,27,CART,0.9166666666666666,0.9166583324999167,0.9536974378985531,0.5,0.9025974025974026,0.9315068493150684,1.0,0.48446068158133687
conditional,27,ACP-Gini a=0.5,0.9177777777777778,0.9177631578947368,0.9545840721952472,0.5,0.9047619047619048,0.9315068493150684,1.0,0.48446068158133687
conditional,27,Tree-global a=0.5,0.9177777777777778,0.9177631578947368,0.9545840721952472,0.5,0.9047619047619048,0.9315068493150684,1.0,0.48446068158133687
conditional,27,ACP-Gini a=1.0,0.9188888888888889,0.9188719621748241,0.9563400526547164,0.5,0.9069264069264069,0.9315068493150684,1.0,0.48446068158133687
conditional,27,Tree-global a=1.0,0.91,0.9099989999888887,0.9595210692957801,0.5,0.9047619047619048,0.9155251141552512,1.0,0.48446068158133687
conditional,27,ACP-Gini node a=1.0,0.9077777777777778,0.9076380946493153,0.9578539992393222,0.5,0.8896103896103896,0.9269406392694064,1.0,0.48446068158133687
conditional,27,VIF+CART,0.9166666666666666,0.9166583324999167,0.9536974378985531,0.5,0.9025974025974026,0.9315068493150684,1.0,0.48446068158133687
conditional,27,Cluster+CART,0.9166666666666666,0.9166583324999167,0.9536974378985531,0.5,0.9025974025974026,0.9315068493150684,1.0,0.48446068158133687
conditional,28,CART,0.9033333333333333,0.9030910609857978,0.9579009270790093,0.5,0.8978260869565218,0.9090909090909091,1.0,0.4913331170839607
conditional,28,ACP-Gini a=0.5,0.9044444444444445,0.904235891497038,0.9644092589298067,0.5,0.9,0.9090909090909091,1.0,0.4913331170839607
conditional,28,Tree-global a=0.5,0.9044444444444445,0.904235891497038,0.9592500345925005,0.5,0.9,0.9090909090909091,1.0,0.4913331170839607
conditional,28,ACP-Gini a=1.0,0.9066666666666666,0.9064629637878046,0.9641003973195752,0.5,0.9,0.9136363636363637,1.0,0.4913331170839607
conditional,28,Tree-global a=1.0,0.9066666666666666,0.9064629637878046,0.9589411729822689,0.5,0.9,0.9136363636363637,1.0,0.4913331170839607
conditional,28,ACP-Gini node a=1.0,0.9066666666666666,0.9064629637878046,0.9616171499733144,0.5,0.9,0.9136363636363637,1.0,0.4913331170839607
conditional,28,VIF+CART,0.9033333333333333,0.9030910609857978,0.9579009270790093,0.5,0.8978260869565218,0.9090909090909091,1.0,0.4913331170839607
conditional,28,Cluster+CART,0.9033333333333333,0.9030910609857978,0.9579009270790093,0.5,0.8978260869565218,0.9090909090909091,1.0,0.4913331170839607
conditional,29,CART,0.9111111111111111,0.9109171083693377,0.9710697610003164,0.5,0.9085106382978724,0.913953488372093,1.0,0.47540908954762007
conditional,29,ACP-Gini a=0.5,0.9122222222222223,0.9119821835103388,0.9723928656220322,0.5,0.9,0.9255813953488372,1.0,0.47540908954762007
conditional,29,Tree-global a=0.5,0.9055555555555556,0.9053394724500743,0.9701670821462489,0.5,0.9,0.9116279069767442,1.0,0.47540908954762007
conditional,29,ACP-Gini a=1.0,0.9188888888888889,0.9187925427575185,0.9722791033554923,0.5,0.9127659574468086,0.9255813953488372,1.0,0.47540908954762007
conditional,29,Tree-global a=1.0,0.9122222222222223,0.9121431510581746,0.9699148266856601,0.5,0.9127659574468086,0.9116279069767442,1.0,0.47540908954762007
conditional,29,ACP-Gini node a=1.0,0.9233333333333333,0.9232035378312233,0.9740053220956,0.5,0.9191489361702128,0.9279069767441861,1.0,0.47540908954762007
conditional,29,VIF+CART,0.9111111111111111,0.9109171083693377,0.9710697610003164,0.5,0.9085106382978724,0.913953488372093,1.0,0.47540908954762007
conditional,29,Cluster+CART,0.9111111111111111,0.9109171083693377,0.9710697610003164,0.5,0.9085106382978724,0.913953488372093,1.0,0.47540908954762007
conditional,30,CART,0.9322222222222222,0.9321698841698842,0.9772628458498024,0.5,0.9408983451536643,0.9245283018867925,1.0,0.4801292431756254
conditional,30,ACP-Gini a=0.5,0.9355555555555556,0.935493119266055,0.9765538537549407,0.5,0.9456264775413712,0.9266247379454927,1.0,0.4801292431756254
conditional,30,Tree-global a=0.5,0.9344444444444444,0.9343938223938224,0.9766477272727273,0.5,0.9432624113475178,0.9266247379454927,1.0,0.4801292431756254
conditional,30,ACP-Gini a=1.0,0.9366666666666666,0.9366096153204551,0.9781892292490119,0.5,0.9479905437352246,0.9266247379454927,1.0,0.4801292431756254
conditional,30,Tree-global a=1.0,0.9422222222222222,0.9421991018629674,0.9760474308300395,0.5,0.9456264775413712,0.939203354297694,1.0,0.4801292431756254
conditional,30,ACP-Gini node a=1.0,0.9322222222222222,0.9321611672727677,0.9739599802371542,0.5,0.9385342789598109,0.9266247379454927,1.0,0.4801292431756254
conditional,30,VIF+CART,0.9322222222222222,0.9321698841698842,0.9772628458498024,0.5,0.9408983451536643,0.9245283018867925,1.0,0.4801292431756254
conditional,30,Cluster+CART,0.9322222222222222,0.9321698841698842,0.9772628458498024,0.5,0.9408983451536643,0.9245283018867925,1.0,0.4801292431756254
conditional,31,CART,0.9088888888888889,0.9085597038226504,0.9638117647058824,0.5,0.9050772626931567,0.912751677852349,1.0,0.511776092973032
conditional,31,ACP-Gini a=0.5,0.9188888888888889,0.91862759304879,0.9641312693498454,0.5,0.9227373068432672,0.9149888143176734,1.0,0.511776092973032
conditional,31,Tree-global a=0.5,0.9211111111111111,0.9208365801898187,0.9618402476780187,0.5,0.9227373068432672,0.9194630872483222,1.0,0.511776092973032
conditional,31,ACP-Gini a=1.0,0.9188888888888889,0.91862759304879,0.9628829721362231,0.5,0.9227373068432672,0.9149888143176734,1.0,0.511776092973032
conditional,31,Tree-global a=1.0,0.9222222222222223,0.9219617092119867,0.9596804953560372,0.5,0.9227373068432672,0.9217002237136466,1.0,0.511776092973032
conditional,31,ACP-Gini node a=1.0,0.9166666666666666,0.9163766692145974,0.9592049535603715,0.5,0.9183222958057395,0.9149888143176734,1.0,0.511776092973032
conditional,31,VIF+CART,0.9088888888888889,0.9085597038226504,0.9638117647058824,0.5,0.9050772626931567,0.912751677852349,1.0,0.511776092973032
conditional,31,Cluster+CART,0.9088888888888889,0.9085597038226504,0.9638117647058824,0.5,0.9050772626931567,0.912751677852349,1.0,0.511776092973032
conditional,32,CART,0.9222222222222223,0.9219617092119867,0.9619730702309396,0.5,0.9359823399558499,0.9082774049217002,1.0,0.4654609555520787
conditional,32,ACP-Gini a=0.5,0.9211111111111111,0.9208365801898187,0.9609597437519772,0.5,0.9359823399558499,0.9060402684563759,1.0,0.4654609555520787
conditional,32,Tree-global a=0.5,0.9222222222222223,0.9219617092119867,0.960900427080038,0.5,0.9359823399558499,0.9082774049217002,1.0,0.4654609555520787
conditional,32,ACP-Gini a=1.0,0.9166666666666666,0.9163542860683416,0.9655815011072445,0.5,0.9271523178807947,0.9060402684563759,1.0,0.4654609555520787
conditional,32,Tree-global a=1.0,0.9177777777777778,0.9174807083277576,0.9707865390699145,0.5,0.9271523178807947,0.9082774049217002,1.0,0.4654609555520787
conditional,32,ACP-Gini node a=1.0,0.9133333333333333,0.9130430474076423,0.9660486198987662,0.5,0.9183222958057395,0.9082774049217002,1.0,0.4654609555520787
conditional,32,VIF+CART,0.9222222222222223,0.9219617092119867,0.9619730702309396,0.5,0.9359823399558499,0.9082774049217002,1.0,0.4654609555520787
conditional,32,Cluster+CART,0.9222222222222223,0.9219617092119867,0.9619730702309396,0.5,0.9359823399558499,0.9082774049217002,1.0,0.4654609555520787
conditional,33,CART,0.9355555555555556,0.9355399578169532,0.9658116703539823,0.5,0.9434389140271493,0.9279475982532751,1.0,0.48546227918031076
conditional,33,ACP-Gini a=0.5,0.9344444444444444,0.9344346501143999,0.9658092011694059,0.5,0.9457013574660633,0.9235807860262009,1.0,0.48546227918031076
conditional,33,Tree-global a=0.5,0.9344444444444444,0.9344346501143999,0.9542632940897597,0.5,0.9457013574660633,0.9235807860262009,1.0,0.48546227918031076
conditional,33,ACP-Gini a=1.0,0.9344444444444444,0.9344346501143999,0.9658092011694059,0.5,0.9457013574660633,0.9235807860262009,1.0,0.48546227918031076
conditional,33,Tree-global a=1.0,0.93,0.9299957651759181,0.9560978982300884,0.5,0.9434389140271493,0.9170305676855895,1.0,0.48546227918031076
conditional,33,ACP-Gini node a=1.0,0.9344444444444444,0.9344346501143999,0.9661697021175727,0.5,0.9457013574660633,0.9235807860262009,1.0,0.48546227918031076
conditional,33,VIF+CART,0.9355555555555556,0.9355399578169532,0.9658116703539823,0.5,0.9434389140271493,0.9279475982532751,1.0,0.48546227918031076
conditional,33,Cluster+CART,0.9355555555555556,0.9355399578169532,0.9658116703539823,0.5,0.9434389140271493,0.9279475982532751,1.0,0.48546227918031076
conditional,34,CART,0.92,0.9197523219814241,0.9600798946618091,0.5,0.9252136752136753,0.9143518518518519,1.0,0.49586549485197834
conditional,34,ACP-Gini a=0.5,0.9211111111111111,0.9207470366957343,0.9674481229209568,0.5,0.9273504273504274,0.9143518518518519,1.0,0.49586549485197834
conditional,34,Tree-global a=0.5,0.9211111111111111,0.9207470366957343,0.9674827736416918,0.5,0.9273504273504274,0.9143518518518519,1.0,0.49586549485197834
conditional,34,ACP-Gini a=1.0,0.9211111111111111,0.9207470366957343,0.9674481229209568,0.5,0.9273504273504274,0.9143518518518519,1.0,0.49586549485197834
conditional,34,Tree-global a=1.0,0.91,0.9097538843587016,0.96826488990971,0.5,0.9273504273504274,0.8912037037037037,1.0,0.49586549485197834
conditional,34,ACP-Gini node a=1.0,0.9211111111111111,0.9207470366957343,0.9673070449865357,0.5,0.9273504273504274,0.9143518518518519,1.0,0.49586549485197834
conditional,34,VIF+CART,0.92,0.9197523219814241,0.9600798946618091,0.5,0.9252136752136753,0.9143518518518519,1.0,0.49586549485197834
conditional,34,Cluster+CART,0.92,0.9197523219814241,0.9600798946618091,0.5,0.9252136752136753,0.9143518518518519,1.0,0.49586549485197834
conditional,35,CART,0.9266666666666666,0.9266434823845562,0.9685993083003952,0.5,0.9389671361502347,0.9156118143459916,1.0,0.442038140105681
conditional,35,ACP-Gini a=0.5,0.9266666666666666,0.9266434823845562,0.9686709486166007,0.5,0.9389671361502347,0.9156118143459916,1.0,0.442038140105681
conditional,35,Tree-global a=0.5,0.9255555555555556,0.9255289850329316,0.9653656126482215,0.5,0.9342723004694836,0.9177215189873418,1.0,0.442038140105681
conditional,35,ACP-Gini a=1.0,0.9255555555555556,0.925522362435604,0.968191699604743,0.5,0.9389671361502347,0.9135021097046413,1.0,0.442038140105681
conditional,35,Tree-global a=1.0,0.9222222222222223,0.9221837944664031,0.9633176877470354,0.5,0.9342723004694836,0.9113924050632911,1.0,0.442038140105681
conditional,35,ACP-Gini node a=1.0,0.9266666666666666,0.9266434823845562,0.9686709486166007,0.5,0.9389671361502347,0.9156118143459916,1.0,0.442038140105681
conditional,35,VIF+CART,0.9266666666666666,0.9266434823845562,0.9685993083003952,0.5,0.9389671361502347,0.9156118143459916,1.0,0.442038140105681
conditional,35,Cluster+CART,0.9266666666666666,0.9266434823845562,0.9685993083003952,0.5,0.9389671361502347,0.9156118143459916,1.0,0.442038140105681
conditional,36,CART,0.92,0.9199901222373132,0.9702794698126165,0.5,0.945823927765237,0.8949671772428884,1.0,0.49071149940716957
conditional,36,ACP-Gini a=0.5,0.9222222222222223,0.9222160763319571,0.9727693546554423,0.5,0.9503386004514672,0.8949671772428884,1.0,0.49071149940716957
conditional,36,Tree-global a=0.5,0.9222222222222223,0.9222160763319571,0.9726137368527658,0.5,0.9503386004514672,0.8949671772428884,1.0,0.49071149940716957
conditional,36,ACP-Gini a=1.0,0.9222222222222223,0.922220685840708,0.9645636032190653,0.5,0.9503386004514672,0.8949671772428884,1.0,0.49071149940716957
conditional,36,Tree-global a=1.0,0.9222222222222223,0.9222187652784568,0.9658258365074425,0.5,0.9503386004514672,0.8949671772428884,1.0,0.49071149940716957
conditional,36,ACP-Gini node a=1.0,0.9322222222222222,0.9322201302509336,0.9672980303232404,0.5,0.9435665914221218,0.9212253829321663,1.0,0.49071149940716957
conditional,36,VIF+CART,0.92,0.9199901222373132,0.9702794698126165,0.5,0.945823927765237,0.8949671772428884,1.0,0.49071149940716957
conditional,36,Cluster+CART,0.92,0.9199901222373132,0.9702794698126165,0.5,0.945823927765237,0.8949671772428884,1.0,0.49071149940716957
conditional,37,CART,0.9155555555555556,0.9154616240266964,0.9548296072268676,0.5,0.9166666666666666,0.9144144144144144,1.0,0.4864172764911432
conditional,37,ACP-Gini a=0.5,0.9144444444444444,0.9143555222150406,0.953455790784558,0.5,0.9166666666666666,0.9121621621621622,1.0,0.4864172764911432
conditional,37,Tree-global a=0.5,0.9177777777777778,0.9177091004344367,0.9535645100713595,0.5,0.9166666666666666,0.918918918918919,1.0,0.4864172764911432
conditional,37,ACP-Gini a=1.0,0.9144444444444444,0.9143555222150406,0.9535645100713595,0.5,0.9166666666666666,0.9121621621621622,1.0,0.4864172764911432
conditional,37,Tree-global a=1.0,0.9144444444444444,0.9143783783783783,0.9528948981003775,0.5,0.9166666666666666,0.9121621621621622,1.0,0.4864172764911432
conditional,37,ACP-Gini node a=1.0,0.9177777777777778,0.9176460113960114,0.9472217280436458,0.5,0.9166666666666666,0.918918918918919,1.0,0.4864172764911432
conditional,37,VIF+CART,0.9155555555555556,0.9154616240266964,0.9548296072268676,0.5,0.9166666666666666,0.9144144144144144,1.0,0.4864172764911432
conditional,37,Cluster+CART,0.9155555555555556,0.9154616240266964,0.9548296072268676,0.5,0.9166666666666666,0.9144144144144144,1.0,0.4864172764911432
conditional,38,CART,0.9322222222222222,0.9319492631555462,0.965042430472839,0.5,0.9436619718309859,0.9219409282700421,1.0,0.4688811510315957
conditional,38,ACP-Gini a=0.5,0.9322222222222222,0.9319492631555462,0.9650374880764687,0.5,0.9436619718309859,0.9219409282700421,1.0,0.4688811510315957
conditional,38,Tree-global a=0.5,0.9366666666666666,0.9365217638782851,0.9628059961152765,0.5,0.9436619718309859,0.930379746835443,1.0,0.4688811510315957
conditional,38,ACP-Gini a=1.0,0.9322222222222222,0.9319492631555462,0.9650374880764687,0.5,0.9436619718309859,0.9219409282700421,1.0,0.4688811510315957
conditional,38,Tree-global a=1.0,0.9355555555555556,0.9354149035677698,0.9602038244263114,0.5,0.9436619718309859,0.9282700421940928,1.0,0.4688811510315957
conditional,38,ACP-Gini node a=1.0,0.9355555555555556,0.9353867634462374,0.9665646885548929,0.5,0.9436619718309859,0.9282700421940928,1.0,0.4688811510315957
conditional,38,VIF+CART,0.9322222222222222,0.9319492631555462,0.965042430472839,0.5,0.9436619718309859,0.9219409282700421,1.0,0.4688811510315957
conditional,38,Cluster+CART,0.9322222222222222,0.9319492631555462,0.965042430472839,0.5,0.9436619718309859,0.9219409282700421,1.0,0.4688811510315957
conditional,39,CART,0.9188888888888889,0.9188767704805285,0.9602334499594773,0.5,0.9135254988913526,0.9242761692650334,1.0,0.5162886457685814
conditional,39,ACP-Gini a=0.5,0.9233333333333333,0.9232915698546986,0.9624448990887347,0.5,0.9223946784922394,0.9242761692650334,1.0,0.5162886457685814
conditional,39,Tree-global a=0.5,0.9188888888888889,0.9188839818705082,0.9608783530016408,0.5,0.9135254988913526,0.9242761692650334,1.0,0.5162886457685814
conditional,39,ACP-Gini a=1.0,0.9222222222222223,0.9221757198128264,0.9628822471288225,0.5,0.9201773835920177,0.9242761692650334,1.0,0.5162886457685814
conditional,39,Tree-global a=1.0,0.9222222222222223,0.9221910986616868,0.955271897052719,0.5,0.9201773835920177,0.9242761692650334,1.0,0.5162886457685814
conditional,39,ACP-Gini node a=1.0,0.9255555555555556,0.9255150026125335,0.9586125442289828,0.5,0.9201773835920177,0.9309576837416481,1.0,0.5162886457685814
conditional,39,VIF+CART,0.9188888888888889,0.9188767704805285,0.9602334499594773,0.5,0.9135254988913526,0.9242761692650334,1.0,0.5162886457685814
conditional,39,Cluster+CART,0.9188888888888889,0.9188767704805285,0.9602334499594773,0.5,0.9135254988913526,0.9242761692650334,1.0,0.5162886457685814
conditional,40,CART,0.9088888888888889,0.9088870891276866,0.9664565566679026,0.5,0.9013452914798207,0.9162995594713657,1.0,0.4844491052012695
conditional,40,ACP-Gini a=0.5,0.9088888888888889,0.9088816894174354,0.9671981213694228,0.5,0.9013452914798207,0.9162995594713657,1.0,0.4844491052012695
conditional,40,Tree-global a=0.5,0.9033333333333333,0.9033236656999033,0.9668446421950315,0.5,0.9013452914798207,0.9052863436123348,1.0,0.4844491052012695
conditional,40,ACP-Gini a=1.0,0.9088888888888889,0.9088816894174354,0.9672772216042517,0.5,0.9013452914798207,0.9162995594713657,1.0,0.4844491052012695
conditional,40,Tree-global a=1.0,0.8944444444444445,0.8943629343629345,0.9625139043381534,0.5,0.9013452914798207,0.8876651982378855,1.0,0.4844491052012695
conditional,40,ACP-Gini node a=1.0,0.91,0.90999099909991,0.9680904708935856,0.5,0.9035874439461884,0.9162995594713657,1.0,0.4844491052012695
conditional,40,VIF+CART,0.9088888888888889,0.9088870891276866,0.9664565566679026,0.5,0.9013452914798207,0.9162995594713657,1.0,0.4844491052012695
conditional,40,Cluster+CART,0.9088888888888889,0.9088870891276866,0.9664565566679026,0.5,0.9013452914798207,0.9162995594713657,1.0,0.4844491052012695
conditional,41,CART,0.9188888888888889,0.9187362937070722,0.9655241576038509,0.5,0.9384965831435079,0.9002169197396963,1.0,0.5062558949728772
conditional,41,ACP-Gini a=0.5,0.9188888888888889,0.9187362937070722,0.9636917850280302,0.5,0.9384965831435079,0.9002169197396963,1.0,0.5062558949728772
conditional,41,Tree-global a=0.5,0.9222222222222223,0.9220975783475784,0.9645931142410016,0.5,0.9384965831435079,0.9067245119305857,1.0,0.5062558949728772
conditional,41,ACP-Gini a=1.0,0.9222222222222223,0.9220682830282039,0.9669950080228205,0.5,0.9339407744874715,0.911062906724512,1.0,0.5062558949728772
conditional,41,Tree-global a=1.0,0.9222222222222223,0.9220975783475784,0.962255601117252,0.5,0.9384965831435079,0.9067245119305857,1.0,0.5062558949728772
conditional,41,ACP-Gini node a=1.0,0.9233333333333333,0.923173895454641,0.9657940611319111,0.5,0.9362186788154897,0.911062906724512,1.0,0.5062558949728772
conditional,41,VIF+CART,0.9188888888888889,0.9187362937070722,0.9655241576038509,0.5,0.9384965831435079,0.9002169197396963,1.0,0.5062558949728772
conditional,41,Cluster+CART,0.9188888888888889,0.9187362937070722,0.9655241576038509,0.5,0.9384965831435079,0.9002169197396963,1.0,0.5062558949728772
conditional,42,CART,0.9266666666666666,0.9265738414983882,0.955494576063546,0.5,0.9301310043668122,0.9230769230769231,1.0,0.5292683703288159
conditional,42,ACP-Gini a=0.5,0.9255555555555556,0.9254671282842978,0.9505572131439073,0.5,0.9301310043668122,0.920814479638009,1.0,0.5292683703288159
conditional,42,Tree-global a=0.5,0.9277777777777778,0.927702713558151,0.9557390977889308,0.5,0.9344978165938864,0.920814479638009,1.0,0.5292683703288159
conditional,42,ACP-Gini a=1.0,0.9222222222222223,0.9220975783475784,0.9517897014365033,0.5,0.9301310043668122,0.9140271493212669,1.0,0.5292683703288159
conditional,42,Tree-global a=1.0,0.9288888888888889,0.9288199936728883,0.9616743069414531,0.5,0.9344978165938864,0.9230769230769231,1.0,0.5292683703288159
conditional,42,ACP-Gini node a=1.0,0.9277777777777778,0.9276919901265576,0.9545263688276788,0.5,0.9323144104803494,0.9230769230769231,1.0,0.5292683703288159
conditional,42,VIF+CART,0.9266666666666666,0.9265738414983882,0.955494576063546,0.5,0.9301310043668122,0.9230769230769231,1.0,0.5292683703288159
conditional,42,Cluster+CART,0.9266666666666666,0.9265738414983882,0.955494576063546,0.5,0.9301310043668122,0.9230769230769231,1.0,0.5292683703288159
conditional,43,CART,0.9422222222222222,0.9422119487908962,0.972858830332475,0.5,0.9445676274944568,0.9398663697104677,1.0,0.5282323345488537
conditional,43,ACP-Gini a=0.5,0.9422222222222222,0.9422119487908962,0.9736471425535386,0.5,0.9445676274944568,0.9398663697104677,1.0,0.5282323345488537
conditional,43,Tree-global a=0.5,0.9366666666666666,0.936649069185885,0.9760466759913211,0.5,0.9445676274944568,0.9287305122494433,1.0,0.5282323345488537
conditional,43,ACP-Gini a=1.0,0.9422222222222222,0.9422119487908962,0.9736471425535386,0.5,0.9445676274944568,0.9398663697104677,1.0,0.5282323345488537
conditional,43,Tree-global a=1.0,0.9288888888888889,0.9288874841972188,0.9780088073503319,0.5,0.9445676274944568,0.9131403118040089,1.0,0.5282323345488537
conditional,43,ACP-Gini node a=1.0,0.94,0.9399641267127519,0.9729675630526217,0.5,0.9401330376940134,0.9398663697104677,1.0,0.5282323345488537
conditional,43,VIF+CART,0.9422222222222222,0.9422119487908962,0.972858830332475,0.5,0.9445676274944568,0.9398663697104677,1.0,0.5282323345488537
conditional,43,Cluster+CART,0.9422222222222222,0.9422119487908962,0.972858830332475,0.5,0.9445676274944568,0.9398663697104677,1.0,0.5282323345488537
conditional,44,CART,0.9144444444444444,0.9143148588915335,0.957661599307873,0.5,0.9129464285714286,0.915929203539823,1.0,0.4567162164807663
conditional,44,ACP-Gini a=0.5,0.9211111111111111,0.9210049065966466,0.9567741935483871,0.5,0.9263392857142857,0.915929203539823,1.0,0.4567162164807663
conditional,44,Tree-global a=0.5,0.9277777777777778,0.9276419053556122,0.9588283277715981,0.5,0.9263392857142857,0.9292035398230089,1.0,0.4567162164807663
conditional,44,ACP-Gini a=1.0,0.9211111111111111,0.9210174045997783,0.9570461006056111,0.5,0.9263392857142857,0.915929203539823,1.0,0.4567162164807663
conditional,44,Tree-global a=1.0,0.9233333333333333,0.923264271177393,0.9577357557780249,0.5,0.9263392857142857,0.9203539823008849,1.0,0.4567162164807663
conditional,44,ACP-Gini node a=1.0,0.9211111111111111,0.9210174045997783,0.9569126189593375,0.5,0.9263392857142857,0.915929203539823,1.0,0.4567162164807663
conditional,44,VIF+CART,0.9144444444444444,0.9143148588915335,0.957661599307873,0.5,0.9129464285714286,0.915929203539823,1.0,0.4567162164807663
conditional,44,Cluster+CART,0.9144444444444444,0.9143148588915335,0.957661599307873,0.5,0.9129464285714286,0.915929203539823,1.0,0.4567162164807663
conditional,45,CART,0.9288888888888889,0.9288762446657184,0.9756513149771577,0.5,0.9218390804597701,0.9354838709677419,1.0,0.44450600644860006
conditional,45,ACP-Gini a=0.5,0.93,0.9299895416475794,0.9767428077540437,0.5,0.9218390804597701,0.9376344086021505,1.0,0.44450600644860006
conditional,45,Tree-global a=0.5,0.9244444444444444,0.9244310099573257,0.9699567847882455,0.5,0.9172413793103448,0.9311827956989247,1.0,0.44450600644860006
conditional,45,ACP-Gini a=1.0,0.93,0.9299853920138893,0.9777923200395111,0.5,0.9218390804597701,0.9376344086021505,1.0,0.44450600644860006
conditional,45,Tree-global a=1.0,0.9255555555555556,0.9255510518537541,0.9664131374243735,0.5,0.9172413793103448,0.9333333333333333,1.0,0.44450600644860006
conditional,45,ACP-Gini node a=1.0,0.9311111111111111,0.931069923262789,0.9684751203852328,0.5,0.9264367816091954,0.9354838709677419,1.0,0.44450600644860006
conditional,45,VIF+CART,0.9288888888888889,0.9288762446657184,0.9756513149771577,0.5,0.9218390804597701,0.9354838709677419,1.0,0.44450600644860006
conditional,45,Cluster+CART,0.9288888888888889,0.9288762446657184,0.9756513149771577,0.5,0.9218390804597701,0.9354838709677419,1.0,0.44450600644860006
conditional,46,CART,0.9211111111111111,0.9210291178865959,0.9669929551353356,0.5,0.9418103448275862,0.8990825688073395,1.0,0.47501701127331747
conditional,46,ACP-Gini a=0.5,0.9211111111111111,0.9210291178865959,0.9696947225312076,0.5,0.9418103448275862,0.8990825688073395,1.0,0.47501701127331747
conditional,46,Tree-global a=0.5,0.92,0.9199224928819993,0.9649610678531703,0.5,0.9396551724137931,0.8990825688073395,1.0,0.47501701127331747
conditional,46,ACP-Gini a=1.0,0.9211111111111111,0.9210291178865959,0.9693189964157707,0.5,0.9418103448275862,0.8990825688073395,1.0,0.47501701127331747
conditional,46,Tree-global a=1.0,0.9211111111111111,0.9210291178865959,0.9676727227783959,0.5,0.9418103448275862,0.8990825688073395,1.0,0.47501701127331747
conditional,46,ACP-Gini node a=1.0,0.9177777777777778,0.9177192670343355,0.9722135706340378,0.5,0.9353448275862069,0.8990825688073395,1.0,0.47501701127331747
conditional,46,VIF+CART,0.9211111111111111,0.9210291178865959,0.9669929551353356,0.5,0.9418103448275862,0.8990825688073395,1.0,0.47501701127331747
conditional,46,Cluster+CART,0.9211111111111111,0.9210291178865959,0.9669929551353356,0.5,0.9418103448275862,0.8990825688073395,1.0,0.47501701127331747
conditional,47,CART,0.9277777777777778,0.9277220077220077,0.9646615538842167,0.5,0.9268867924528302,0.9285714285714286,1.0,0.5171496110133458
conditional,47,ACP-Gini a=0.5,0.93,0.929945945945946,0.9649850122716657,0.5,0.9268867924528302,0.9327731092436975,1.0,0.5171496110133458
conditional,47,Tree-global a=0.5,0.9311111111111111,0.9310344827586208,0.9650442718235646,0.5,0.9268867924528302,0.9348739495798319,1.0,0.5171496110133458
conditional,47,ACP-Gini a=1.0,0.93,0.929945945945946,0.9649850122716657,0.5,0.9268867924528302,0.9327731092436975,1.0,0.5171496110133458
conditional,47,Tree-global a=1.0,0.93,0.9299057621913907,0.9650541484155477,0.5,0.9268867924528302,0.9327731092436975,1.0,0.5171496110133458
conditional,47,ACP-Gini node a=1.0,0.9277777777777778,0.9277220077220077,0.9646615538842167,0.5,0.9268867924528302,0.9285714285714286,1.0,0.5171496110133458
conditional,47,VIF+CART,0.9277777777777778,0.9277220077220077,0.9646615538842167,0.5,0.9268867924528302,0.9285714285714286,1.0,0.5171496110133458
conditional,47,Cluster+CART,0.9277777777777778,0.9277220077220077,0.9646615538842167,0.5,0.9268867924528302,0.9285714285714286,1.0,0.5171496110133458
conditional,48,CART,0.94,0.9398690481493029,0.9490006191950465,0.5,0.9360341151385928,0.9443155452436195,1.0,0.5008700143479664
conditional,48,ACP-Gini a=0.5,0.94,0.9398690481493029,0.9490947368421053,0.5,0.9360341151385928,0.9443155452436195,1.0,0.5008700143479664
conditional,48,Tree-global a=0.5,0.94,0.9398562490099794,0.9517077399380807,0.5,0.9360341151385928,0.9443155452436195,1.0,0.5008700143479664
conditional,48,ACP-Gini a=1.0,0.9377777777777778,0.9376287026770157,0.949107120743034,0.5,0.9317697228144989,0.9443155452436195,1.0,0.5008700143479664
conditional,48,Tree-global a=1.0,0.9355555555555556,0.935401156344052,0.9510538699690403,0.5,0.9275053304904051,0.9443155452436195,1.0,0.5008700143479664
conditional,48,ACP-Gini node a=1.0,0.9333333333333333,0.9332013854527461,0.9572359133126935,0.5,0.9275053304904051,0.9396751740139211,1.0,0.5008700143479664
conditional,48,VIF+CART,0.94,0.9398690481493029,0.9490006191950465,0.5,0.9360341151385928,0.9443155452436195,1.0,0.5008700143479664
conditional,48,Cluster+CART,0.94,0.9398690481493029,0.9490006191950465,0.5,0.9360341151385928,0.9443155452436195,1.0,0.5008700143479664
conditional,49,CART,0.9322222222222222,0.9321309760900767,0.9620719313508383,0.5,0.9504310344827587,0.9128440366972477,1.0,0.5403566944405507
conditional,49,ACP-Gini a=0.5,0.9255555555555556,0.9254295222419125,0.958013682378994,0.5,0.9418103448275862,0.908256880733945,1.0,0.5403566944405507
conditional,49,Tree-global a=0.5,0.9266666666666666,0.9265357006812145,0.9589602776020245,0.5,0.9418103448275862,0.9105504587155964,1.0,0.5403566944405507
conditional,49,ACP-Gini a=1.0,0.9255555555555556,0.9254295222419125,0.958013682378994,0.5,0.9418103448275862,0.908256880733945,1.0,0.5403566944405507
conditional,49,Tree-global a=1.0,0.9233333333333333,0.923217211214491,0.9554457647896235,0.5,0.9418103448275862,0.9036697247706422,1.0,0.5403566944405507
conditional,49,ACP-Gini node a=1.0,0.9266666666666666,0.9265357006812145,0.9559425419171148,0.5,0.9418103448275862,0.9105504587155964,1.0,0.5403566944405507
conditional,49,VIF+CART,0.9322222222222222,0.9321309760900767,0.9620719313508383,0.5,0.9504310344827587,0.9128440366972477,1.0,0.5403566944405507
conditional,49,Cluster+CART,0.9322222222222222,0.9321309760900767,0.9620719313508383,0.5,0.9504310344827587,0.9128440366972477,1.0,0.5403566944405507
conditional,0,CART,0.92,0.9171118069626082,0.960372372922776,0.6,0.9222222222222223,0.9166666666666666,1.0,0.5978530193651922
conditional,0,ACP-Gini a=0.5,0.9211111111111111,0.9184357014210569,0.9596035964483546,0.6,0.9222222222222223,0.9194444444444444,1.0,0.5978530193651922
conditional,0,Tree-global a=0.5,0.9211111111111111,0.9184357014210569,0.9593006679700228,0.6,0.9222222222222223,0.9194444444444444,1.0,0.5978530193651922
conditional,0,ACP-Gini a=1.0,0.9211111111111111,0.9184357014210569,0.959198843271424,0.6,0.9222222222222223,0.9194444444444444,1.0,0.5978530193651922
conditional,0,Tree-global a=1.0,0.9188888888888889,0.9155482486866275,0.9555076979472141,0.6,0.9222222222222223,0.9138888888888889,1.0,0.5978530193651922
conditional,0,ACP-Gini node a=1.0,0.9244444444444444,0.9217835397804827,0.9597665159661128,0.6,0.9222222222222223,0.9277777777777778,1.0,0.5978530193651922
conditional,0,VIF+CART,0.92,0.9171118069626082,0.960372372922776,0.6,0.9222222222222223,0.9166666666666666,1.0,0.5978530193651922
conditional,0,Cluster+CART,0.92,0.9171118069626082,0.960372372922776,0.6,0.9222222222222223,0.9166666666666666,1.0,0.5978530193651922
conditional,1,CART,0.9288888888888889,0.9273735972765098,0.9736526915846286,0.6,0.9454545454545454,0.9028571428571428,1.0,0.6229869071193403
conditional,1,ACP-Gini a=0.5,0.9277777777777778,0.9262145277918972,0.9708529584184034,0.6,0.9436363636363636,0.9028571428571428,1.0,0.6229869071193403
conditional,1,Tree-global a=0.5,0.9233333333333333,0.9214599097737515,0.9733267298712324,0.6,0.9454545454545454,0.8885714285714286,1.0,0.6229869071193403
conditional,1,ACP-Gini a=1.0,0.9277777777777778,0.9262145277918972,0.9759470577533403,0.6,0.9436363636363636,0.9028571428571428,1.0,0.6229869071193403
conditional,1,Tree-global a=1.0,0.9233333333333333,0.9214599097737515,0.9781883603873132,0.6,0.9454545454545454,0.8885714285714286,1.0,0.6229869071193403
conditional,1,ACP-Gini node a=1.0,0.9266666666666666,0.9250545058139534,0.9696729264792092,0.6,0.9436363636363636,0.9,1.0,0.6229869071193403
conditional,1,VIF+CART,0.9288888888888889,0.9273735972765098,0.9736526915846286,0.6,0.9454545454545454,0.9028571428571428,1.0,0.6229869071193403
conditional,1,Cluster+CART,0.9288888888888889,0.9273735972765098,0.9736526915846286,0.6,0.9454545454545454,0.9028571428571428,1.0,0.6229869071193403
conditional,2,CART,0.9311111111111111,0.929643172361619,0.9730946356275303,0.6,0.9343339587242027,0.9264305177111717,1.0,0.5763368359971788
conditional,2,ACP-Gini a=0.5,0.9311111111111111,0.9296889175621459,0.9715536437246964,0.6,0.9343339587242027,0.9264305177111717,1.0,0.5763368359971788
conditional,2,Tree-global a=0.5,0.93,0.9285778167989509,0.968087044534413,0.6,0.9324577861163227,0.9264305177111717,1.0,0.5763368359971788
conditional,2,ACP-Gini a=1.0,0.9355555555555556,0.9341388081395349,0.9721963562753038,0.6,0.9418386491557224,0.9264305177111717,1.0,0.5763368359971788
conditional,2,Tree-global a=1.0,0.9344444444444444,0.9329354930377949,0.9706831983805668,0.6,0.9399624765478424,0.9264305177111717,1.0,0.5763368359971788
conditional,2,ACP-Gini node a=1.0,0.9322222222222222,0.9307090271370712,0.9676796558704455,0.6,0.9399624765478424,0.9209809264305178,1.0,0.5763368359971788
conditional,2,VIF+CART,0.9311111111111111,0.929643172361619,0.9730946356275303,0.6,0.9343339587242027,0.9264305177111717,1.0,0.5763368359971788
conditional,2,Cluster+CART,0.9311111111111111,0.929643172361619,0.9730946356275303,0.6,0.9343339587242027,0.9264305177111717,1.0,0.5763368359971788
conditional,3,CART,0.9333333333333333,0.9316313766402139,0.9564982122899378,0.6,0.9247706422018349,0.9464788732394366,1.0,0.5903014568484297
conditional,3,ACP-Gini a=0.5,0.9333333333333333,0.9316313766402139,0.9541390418683213,0.6,0.9247706422018349,0.9464788732394366,1.0,0.5903014568484297
conditional,3,Tree-global a=0.5,0.93,0.9281870328832462,0.9527736056114373,0.6,0.9247706422018349,0.9380281690140845,1.0,0.5903014568484297
conditional,3,ACP-Gini a=1.0,0.9333333333333333,0.9316313766402139,0.9541390418683213,0.6,0.9247706422018349,0.9464788732394366,1.0,0.5903014568484297
conditional,3,Tree-global a=1.0,0.9155555555555556,0.9132732501229897,0.9488922266219613,0.6,0.9247706422018349,0.9014084507042254,1.0,0.5903014568484297
conditional,3,ACP-Gini node a=1.0,0.9333333333333333,0.9316313766402139,0.9541137560117123,0.6,0.9247706422018349,0.9464788732394366,1.0,0.5903014568484297
conditional,3,VIF+CART,0.9333333333333333,0.9316313766402139,0.9564982122899378,0.6,0.9247706422018349,0.9464788732394366,1.0,0.5903014568484297
conditional,3,Cluster+CART,0.9333333333333333,0.9316313766402139,0.9564982122899378,0.6,0.9247706422018349,0.9464788732394366,1.0,0.5903014568484297
conditional,4,CART,0.92,0.9186007366130872,0.968836212331358,0.6,0.9289827255278311,0.9076517150395779,1.0,0.5973933265757929
conditional,4,ACP-Gini a=0.5,0.92,0.9184519974226804,0.9598512167444206,0.6,0.927063339731286,0.9102902374670184,1.0,0.5973933265757929
conditional,4,Tree-global a=0.5,0.9211111111111111,0.9197073779998215,0.9698726516202244,0.6,0.927063339731286,0.9129287598944591,1.0,0.5973933265757929
conditional,4,ACP-Gini a=1.0,0.9233333333333333,0.9219691419998266,0.9566107678729038,0.6,0.9309021113243762,0.9129287598944591,1.0,0.5973933265757929
conditional,4,Tree-global a=1.0,0.9244444444444444,0.923298658979822,0.9690379523389232,0.6,0.9309021113243762,0.9155672823218998,1.0,0.5973933265757929
conditional,4,ACP-Gini node a=1.0,0.9222222222222223,0.9207172197164948,0.9705762198966084,0.6,0.9328214971209213,0.9076517150395779,1.0,0.5973933265757929
conditional,4,VIF+CART,0.92,0.9186007366130872,0.968836212331358,0.6,0.9289827255278311,0.9076517150395779,1.0,0.5973933265757929
conditional,4,Cluster+CART,0.92,0.9186007366130872,0.968836212331358,0.6,0.9289827255278311,0.9076517150395779,1.0,0.5973933265757929
conditional,5,CART,0.9344444444444444,0.9323869199886421,0.9717978520383304,0.6,0.9418181818181818,0.9228571428571428,1.0,0.632407958899261
conditional,5,ACP-Gini a=0.5,0.9366666666666666,0.9347307484334744,0.9737087867467922,0.6,0.9418181818181818,0.9285714285714286,1.0,0.632407958899261
conditional,5,Tree-global a=0.5,0.9366666666666666,0.9347307484334744,0.9733433490336202,0.6,0.9418181818181818,0.9285714285714286,1.0,0.632407958899261
conditional,5,ACP-Gini a=1.0,0.9311111111111111,0.9284996719698212,0.9734550105570894,0.6,0.9345454545454546,0.9257142857142857,1.0,0.632407958899261
conditional,5,Tree-global a=1.0,0.9355555555555556,0.9337644144875752,0.9682348343349034,0.6,0.9418181818181818,0.9257142857142857,1.0,0.632407958899261
conditional,5,ACP-Gini node a=1.0,0.9311111111111111,0.9291428571428572,0.9710771276595747,0.6,0.9418181818181818,0.9142857142857143,1.0,0.632407958899261
conditional,5,VIF+CART,0.9344444444444444,0.9323869199886421,0.9717978520383304,0.6,0.9418181818181818,0.9228571428571428,1.0,0.632407958899261
conditional,5,Cluster+CART,0.9344444444444444,0.9323869199886421,0.9717978520383304,0.6,0.9418181818181818,0.9228571428571428,1.0,0.632407958899261
conditional,6,CART,0.9144444444444444,0.9125925944611706,0.9505305260818844,0.6,0.9271028037383178,0.8958904109589041,1.0,0.5745262490273777
conditional,6,ACP-Gini a=0.5,0.9177777777777778,0.9160803209612709,0.9510102974077197,0.6,0.9271028037383178,0.9041095890410958,1.0,0.5745262490273777
conditional,6,Tree-global a=0.5,0.9166666666666666,0.9149187190162336,0.9542550666377121,0.6,0.9252336448598131,0.9041095890410958,1.0,0.5745262490273777
conditional,6,ACP-Gini a=1.0,0.9177777777777778,0.9160803209612709,0.9510102974077197,0.6,0.9271028037383178,0.9041095890410958,1.0,0.5745262490273777
conditional,6,Tree-global a=1.0,0.9144444444444444,0.9125925944611706,0.9537550944139468,0.6,0.9252336448598131,0.8986301369863013,1.0,0.5745262490273777
conditional,6,ACP-Gini node a=1.0,0.92,0.9183484203947501,0.9526541454767663,0.6,0.9289719626168225,0.9068493150684932,1.0,0.5745262490273777
conditional,6,VIF+CART,0.9144444444444444,0.9125925944611706,0.9505305260818844,0.6,0.9271028037383178,0.8958904109589041,1.0,0.5745262490273777
conditional,6,Cluster+CART,0.9144444444444444,0.9125925944611706,0.9505305260818844,0.6,0.9271028037383178,0.8958904109589041,1.0,0.5745262490273777
conditional,7,CART,0.9388888888888889,0.9371667138445212,0.9728354517626547,0.6,0.946257197696737,0.9287598944591029,1.0,0.5819234075068078
conditional,7,ACP-Gini a=0.5,0.9388888888888889,0.9371667138445212,0.9724046706805327,0.6,0.946257197696737,0.9287598944591029,1.0,0.5819234075068078
conditional,7,Tree-global a=0.5,0.9288888888888889,0.92644655116051,0.9634773662551439,0.6,0.946257197696737,0.9050131926121372,1.0,0.5819234075068078
conditional,7,ACP-Gini a=1.0,0.9377777777777778,0.9360960790379924,0.9719865596302377,0.6,0.946257197696737,0.9261213720316622,1.0,0.5819234075068078
conditional,7,Tree-global a=1.0,0.93,0.9279724694772225,0.9614957732773824,0.6,0.946257197696737,0.9076517150395779,1.0,0.5819234075068078
conditional,7,ACP-Gini node a=1.0,0.9377777777777778,0.9359999999999999,0.9694474852520829,0.6,0.946257197696737,0.9261213720316622,1.0,0.5819234075068078
conditional,7,VIF+CART,0.9388888888888889,0.9371667138445212,0.9728354517626547,0.6,0.946257197696737,0.9287598944591029,1.0,0.5819234075068078
conditional,7,Cluster+CART,0.9388888888888889,0.9371667138445212,0.9728354517626547,0.6,0.946257197696737,0.9287598944591029,1.0,0.5819234075068078
conditional,8,CART,0.92,0.9187868153903997,0.9640983803479549,0.6,0.9106145251396648,0.9338842975206612,1.0,0.558460977169475
conditional,8,ACP-Gini a=0.5,0.9188888888888889,0.9176814485057994,0.9639407195339247,0.6,0.9087523277467412,0.9338842975206612,1.0,0.558460977169475
conditional,8,Tree-global a=0.5,0.9166666666666666,0.91537949475917,0.9518558930108711,0.6,0.9106145251396648,0.9256198347107438,1.0,0.558460977169475
conditional,8,ACP-Gini a=1.0,0.9233333333333333,0.9222754153759505,0.9630197801757794,0.6,0.9162011173184358,0.9338842975206612,1.0,0.558460977169475
conditional,8,Tree-global a=1.0,0.9211111111111111,0.9201049263627485,0.9681199823820297,0.6,0.9162011173184358,0.928374655647383,1.0,0.558460977169475
conditional,8,ACP-Gini node a=1.0,0.9222222222222223,0.9211281429809055,0.9661604836933673,0.6,0.9143389199255121,0.9338842975206612,1.0,0.558460977169475
conditional,8,VIF+CART,0.92,0.9187868153903997,0.9640983803479549,0.6,0.9106145251396648,0.9338842975206612,1.0,0.558460977169475
conditional,8,Cluster+CART,0.92,0.9187868153903997,0.9640983803479549,0.6,0.9106145251396648,0.9338842975206612,1.0,0.558460977169475
conditional,9,CART,0.9088888888888889,0.9055995579296372,0.9600684207315833,0.6,0.9125475285171103,0.9037433155080213,1.0,0.6034936223921599
conditional,9,ACP-Gini a=0.5,0.9088888888888889,0.9055995579296372,0.9633115430755781,0.6,0.9125475285171103,0.9037433155080213,1.0,0.6034936223921599
conditional,9,Tree-global a=0.5,0.9088888888888889,0.9055178594290103,0.9617458978060633,0.6,0.9125475285171103,0.9037433155080213,1.0,0.6034936223921599
conditional,9,ACP-Gini a=1.0,0.9022222222222223,0.8987786985394481,0.9632912100201297,0.6,0.9011406844106464,0.9037433155080213,1.0,0.6034936223921599
conditional,9,Tree-global a=1.0,0.9111111111111111,0.9082100968893422,0.9568634228665542,0.6,0.9106463878326996,0.9117647058823529,1.0,0.6034936223921599
conditional,9,ACP-Gini node a=1.0,0.9088888888888889,0.9055995579296372,0.9636114556434395,0.6,0.9125475285171103,0.9037433155080213,1.0,0.6034936223921599
conditional,9,VIF+CART,0.9088888888888889,0.9055995579296372,0.9600684207315833,0.6,0.9125475285171103,0.9037433155080213,1.0,0.6034936223921599
conditional,9,Cluster+CART,0.9088888888888889,0.9055995579296372,0.9600684207315833,0.6,0.9125475285171103,0.9037433155080213,1.0,0.6034936223921599
conditional,10,CART,0.92,0.9171118069626082,0.9658982793522268,0.6,0.9033989266547406,0.9472140762463344,1.0,0.552674885307726
conditional,10,ACP-Gini a=0.5,0.92,0.9171118069626082,0.9658603238866397,0.6,0.9033989266547406,0.9472140762463344,1.0,0.552674885307726
conditional,10,Tree-global a=0.5,0.9211111111111111,0.9184357014210569,0.9647444331983805,0.6,0.9033989266547406,0.9501466275659824,1.0,0.552674885307726
conditional,10,ACP-Gini a=1.0,0.92,0.9171118069626082,0.9658603238866397,0.6,0.9033989266547406,0.9472140762463344,1.0,0.552674885307726
conditional,10,Tree-global a=1.0,0.92,0.917389087200408,0.9630718623481781,0.6,0.9033989266547406,0.9472140762463344,1.0,0.552674885307726
conditional,10,ACP-Gini node a=1.0,0.92,0.9171825715322758,0.9677024291497976,0.6,0.9033989266547406,0.9472140762463344,1.0,0.552674885307726
conditional,10,VIF+CART,0.92,0.9171118069626082,0.9658982793522268,0.6,0.9033989266547406,0.9472140762463344,1.0,0.552674885307726
conditional,10,Cluster+CART,0.92,0.9171118069626082,0.9658982793522268,0.6,0.9033989266547406,0.9472140762463344,1.0,0.552674885307726
conditional,11,CART,0.9044444444444445,0.9020049731843066,0.9584593785193751,0.6,0.9101123595505618,0.8961748633879781,1.0,0.5799232866525436
conditional,11,ACP-Gini a=0.5,0.9155555555555556,0.9132732501229897,0.9562675810939796,0.6,0.9176029962546817,0.912568306010929,1.0,0.5799232866525436
conditional,11,Tree-global a=0.5,0.9066666666666666,0.9046778464254193,0.95704279055204,0.6,0.9176029962546817,0.8907103825136612,1.0,0.5799232866525436
conditional,11,ACP-Gini a=1.0,0.9166666666666666,0.9145083724800551,0.9635146532263359,0.6,0.9194756554307116,0.912568306010929,1.0,0.5799232866525436
conditional,11,Tree-global a=1.0,0.9144444444444444,0.9123538123562154,0.9611183217093999,0.6,0.9194756554307116,0.907103825136612,1.0,0.5799232866525436
conditional,11,ACP-Gini node a=1.0,0.9155555555555556,0.9132732501229897,0.9561968779512249,0.6,0.9176029962546817,0.912568306010929,1.0,0.5799232866525436
conditional,11,VIF+CART,0.9044444444444445,0.9020049731843066,0.9584593785193751,0.6,0.9101123595505618,0.8961748633879781,1.0,0.5799232866525436
conditional,11,Cluster+CART,0.9044444444444445,0.9020049731843066,0.9584593785193751,0.6,0.9101123595505618,0.8961748633879781,1.0,0.5799232866525436
conditional,12,CART,0.9166666666666666,0.9141194058335189,0.9604832995951418,0.6,0.9120879120879121,0.923728813559322,1.0,0.5767082558091715
conditional,12,ACP-Gini a=0.5,0.9177777777777778,0.9152309384164223,0.9631148785425101,0.6,0.9157509157509157,0.9209039548022598,1.0,0.5767082558091715
conditional,12,Tree-global a=0.5,0.9177777777777778,0.9154925288289751,0.9587828947368422,0.6,0.9120879120879121,0.9265536723163842,1.0,0.5767082558091715
conditional,12,ACP-Gini a=1.0,0.9188888888888889,0.9164750168766234,0.9669433198380568,0.6,0.9175824175824175,0.9209039548022598,1.0,0.5767082558091715
conditional,12,Tree-global a=1.0,0.9233333333333333,0.9214042441708148,0.974213056680162,0.6,0.9175824175824175,0.9322033898305084,1.0,0.5767082558091715
conditional,12,ACP-Gini node a=1.0,0.9166666666666666,0.913981947678086,0.963044028340081,0.6,0.9139194139194139,0.9209039548022598,1.0,0.5767082558091715
conditional,12,VIF+CART,0.9166666666666666,0.9141194058335189,0.9604832995951418,0.6,0.9120879120879121,0.923728813559322,1.0,0.5767082558091715
conditional,12,Cluster+CART,0.9166666666666666,0.9141194058335189,0.9604832995951418,0.6,0.9120879120879121,0.923728813559322,1.0,0.5767082558091715
conditional,13,CART,0.9144444444444444,0.9120333993823297,0.9496275176112509,0.6,0.9075785582255084,0.924791086350975,1.0,0.5843021628959854
conditional,13,ACP-Gini a=0.5,0.9155555555555556,0.913142857142857,0.9494097508849937,0.6,0.911275415896488,0.9220055710306406,1.0,0.5843021628959854
conditional,13,Tree-global a=0.5,0.9133333333333333,0.9108571428571428,0.9488805270967644,0.6,0.911275415896488,0.9164345403899722,1.0,0.5843021628959854
conditional,13,ACP-Gini a=1.0,0.9155555555555556,0.913142857142857,0.9510556621880997,0.6,0.911275415896488,0.9220055710306406,1.0,0.5843021628959854
conditional,13,Tree-global a=1.0,0.9133333333333333,0.9107887192208373,0.9507644624960119,0.6,0.911275415896488,0.9164345403899722,1.0,0.5843021628959854
conditional,13,ACP-Gini node a=1.0,0.9122222222222223,0.9097485526130397,0.9516102076886848,0.6,0.911275415896488,0.9136490250696379,1.0,0.5843021628959854
conditional,13,VIF+CART,0.9144444444444444,0.9120333993823297,0.9496275176112509,0.6,0.9075785582255084,0.924791086350975,1.0,0.5843021628959854
conditional,13,Cluster+CART,0.9144444444444444,0.9120333993823297,0.9496275176112509,0.6,0.9075785582255084,0.924791086350975,1.0,0.5843021628959854
conditional,14,CART,0.9177777777777778,0.9160257218509645,0.9628311746406132,0.6,0.9123134328358209,0.9258241758241759,1.0,0.6237572731379121
conditional,14,ACP-Gini a=0.5,0.9144444444444444,0.9126498848566664,0.9596719261503426,0.6,0.9067164179104478,0.9258241758241759,1.0,0.6237572731379121
conditional,14,Tree-global a=0.5,0.9133333333333333,0.9114865716807464,0.9642570301539212,0.6,0.9067164179104478,0.9230769230769231,1.0,0.6237572731379121
conditional,14,ACP-Gini a=1.0,0.9144444444444444,0.9126498848566664,0.9596719261503426,0.6,0.9067164179104478,0.9258241758241759,1.0,0.6237572731379121
conditional,14,Tree-global a=1.0,0.9111111111111111,0.9090959593153916,0.9638478274130252,0.6,0.9067164179104478,0.9175824175824175,1.0,0.6237572731379121
conditional,14,ACP-Gini node a=1.0,0.9144444444444444,0.9126498848566664,0.9598701734409629,0.6,0.9067164179104478,0.9258241758241759,1.0,0.6237572731379121
conditional,14,VIF+CART,0.9177777777777778,0.9160257218509645,0.9628311746406132,0.6,0.9123134328358209,0.9258241758241759,1.0,0.6237572731379121
conditional,14,Cluster+CART,0.9177777777777778,0.9160257218509645,0.9628311746406132,0.6,0.9123134328358209,0.9258241758241759,1.0,0.6237572731379121
conditional,15,CART,0.9155555555555556,0.913641161349622,0.948645850251746,0.6,0.9092558983666061,0.9255014326647565,1.0,0.5948913238799755
conditional,15,ACP-Gini a=0.5,0.9155555555555556,0.9135822434251754,0.9512216785772292,0.6,0.9092558983666061,0.9255014326647565,1.0,0.5948913238799755
conditional,15,Tree-global a=0.5,0.9144444444444444,0.9126498848566664,0.9409640449894429,0.6,0.9092558983666061,0.9226361031518625,1.0,0.5948913238799755
conditional,15,ACP-Gini a=1.0,0.9144444444444444,0.9122916927703295,0.9523712847165828,0.6,0.9074410163339383,0.9255014326647565,1.0,0.5948913238799755
conditional,15,Tree-global a=1.0,0.9122222222222223,0.9100772880018313,0.9413218694169238,0.6,0.9074410163339383,0.9197707736389685,1.0,0.5948913238799755
conditional,15,ACP-Gini node a=1.0,0.9144444444444444,0.9122916927703295,0.9569722470358941,0.6,0.9074410163339383,0.9255014326647565,1.0,0.5948913238799755
conditional,15,VIF+CART,0.9155555555555556,0.913641161349622,0.948645850251746,0.6,0.9092558983666061,0.9255014326647565,1.0,0.5948913238799755
conditional,15,Cluster+CART,0.9155555555555556,0.913641161349622,0.948645850251746,0.6,0.9092558983666061,0.9255014326647565,1.0,0.5948913238799755
conditional,16,CART,0.9288888888888889,0.9278105025692442,0.970188534788018,0.6,0.9329608938547486,0.9228650137741047,1.0,0.5602245872312633
conditional,16,ACP-Gini a=0.5,0.9311111111111111,0.9300664243639554,0.9699719439281523,0.6,0.9329608938547486,0.928374655647383,1.0,0.5602245872312633
conditional,16,Tree-global a=0.5,0.9244444444444444,0.9232559539335086,0.9774115881147025,0.6,0.9329608938547486,0.9118457300275482,1.0,0.5602245872312633
conditional,16,ACP-Gini a=1.0,0.9255555555555556,0.9244473568477884,0.966038049473382,0.6,0.9273743016759777,0.9228650137741047,1.0,0.5602245872312633
conditional,16,Tree-global a=1.0,0.9166666666666666,0.9155607205985556,0.9708584553545795,0.6,0.9273743016759777,0.9008264462809917,1.0,0.5602245872312633
conditional,16,ACP-Gini node a=1.0,0.9277777777777778,0.9266622287912807,0.9655872382650568,0.6,0.9273743016759777,0.928374655647383,1.0,0.5602245872312633
conditional,16,VIF+CART,0.9288888888888889,0.9278105025692442,0.970188534788018,0.6,0.9329608938547486,0.9228650137741047,1.0,0.5602245872312633
conditional,16,Cluster+CART,0.9288888888888889,0.9278105025692442,0.970188534788018,0.6,0.9329608938547486,0.9228650137741047,1.0,0.5602245872312633
conditional,17,CART,0.9366666666666666,0.9352526974887386,0.9728643367760176,0.6,0.9354838709677419,0.938337801608579,1.0,0.5831508400585802
conditional,17,ACP-Gini a=0.5,0.9366666666666666,0.9352526974887386,0.9740364927884737,0.6,0.9354838709677419,0.938337801608579,1.0,0.5831508400585802
conditional,17,Tree-global a=0.5,0.9355555555555556,0.9341388081395349,0.9733045241197511,0.6,0.9354838709677419,0.935656836461126,1.0,0.5831508400585802
conditional,17,ACP-Gini a=1.0,0.9366666666666666,0.9352526974887386,0.9740364927884737,0.6,0.9354838709677419,0.938337801608579,1.0,0.5831508400585802
conditional,17,Tree-global a=1.0,0.9355555555555556,0.9341388081395349,0.9719814467323007,0.6,0.9354838709677419,0.935656836461126,1.0,0.5831508400585802
conditional,17,ACP-Gini node a=1.0,0.9322222222222222,0.930614447613908,0.9735359368947425,0.6,0.9354838709677419,0.9276139410187667,1.0,0.5831508400585802
conditional,17,VIF+CART,0.9366666666666666,0.9352526974887386,0.9728643367760176,0.6,0.9354838709677419,0.938337801608579,1.0,0.5831508400585802
conditional,17,Cluster+CART,0.9366666666666666,0.9352526974887386,0.9728643367760176,0.6,0.9354838709677419,0.938337801608579,1.0,0.5831508400585802
conditional,18,CART,0.8955555555555555,0.8925714285714286,0.9533046086002255,0.6,0.8901515151515151,0.9032258064516129,1.0,0.5906897389530119
conditional,18,ACP-Gini a=0.5,0.8955555555555555,0.8925714285714286,0.9518633147735146,0.6,0.8901515151515151,0.9032258064516129,1.0,0.5906897389530119
conditional,18,Tree-global a=0.5,0.8944444444444445,0.8909548655173778,0.9503840921618902,0.6,0.8901515151515151,0.9005376344086021,1.0,0.5906897389530119
conditional,18,ACP-Gini a=1.0,0.8955555555555555,0.8925714285714286,0.9518633147735146,0.6,0.8901515151515151,0.9032258064516129,1.0,0.5906897389530119
conditional,18,Tree-global a=1.0,0.8911111111111111,0.8880847003410752,0.9471550882729254,0.6,0.8901515151515151,0.8924731182795699,1.0,0.5906897389530119
conditional,18,ACP-Gini node a=1.0,0.8933333333333333,0.8906102026243423,0.9510541673620277,0.6,0.8863636363636364,0.9032258064516129,1.0,0.5906897389530119
conditional,18,VIF+CART,0.8955555555555555,0.8925714285714286,0.9533046086002255,0.6,0.8901515151515151,0.9032258064516129,1.0,0.5906897389530119
conditional,18,Cluster+CART,0.8955555555555555,0.8925714285714286,0.9533046086002255,0.6,0.8901515151515151,0.9032258064516129,1.0,0.5906897389530119
conditional,19,CART,0.9222222222222223,0.9199999999999999,0.9659232541931414,0.6,0.9005424954792043,0.9567723342939481,1.0,0.5998321892033064
conditional,19,ACP-Gini a=0.5,0.9222222222222223,0.9199385941725463,0.966042803872392,0.6,0.9005424954792043,0.9567723342939481,1.0,0.5998321892033064
conditional,19,Tree-global a=0.5,0.9222222222222223,0.9199385941725463,0.9627869828204567,0.6,0.9005424954792043,0.9567723342939481,1.0,0.5998321892033064
conditional,19,ACP-Gini a=1.0,0.9222222222222223,0.9199385941725463,0.9658723819892049,0.6,0.9005424954792043,0.9567723342939481,1.0,0.5998321892033064
conditional,19,Tree-global a=1.0,0.9211111111111111,0.9188261163949649,0.9614541310773206,0.6,0.8987341772151899,0.9567723342939481,1.0,0.5998321892033064
conditional,19,ACP-Gini node a=1.0,0.9222222222222223,0.9200605002436251,0.9617669951315301,0.6,0.9041591320072333,0.9510086455331412,1.0,0.5998321892033064
conditional,19,VIF+CART,0.9222222222222223,0.9199999999999999,0.9659232541931414,0.6,0.9005424954792043,0.9567723342939481,1.0,0.5998321892033064
conditional,19,Cluster+CART,0.9222222222222223,0.9199999999999999,0.9659232541931414,0.6,0.9005424954792043,0.9567723342939481,1.0,0.5998321892033064
conditional,20,CART,0.9255555555555556,0.9244473568477884,0.9602832806967174,0.6,0.9207547169811321,0.9324324324324325,1.0,0.5506194749790169
conditional,20,ACP-Gini a=0.5,0.9211111111111111,0.9199800638907221,0.9616306773249517,0.6,0.9207547169811321,0.9216216216216216,1.0,0.5506194749790169
conditional,20,Tree-global a=0.5,0.9255555555555556,0.9244473568477884,0.9572761936423028,0.6,0.9207547169811321,0.9324324324324325,1.0,0.5506194749790169
conditional,20,ACP-Gini a=1.0,0.9211111111111111,0.9199800638907221,0.9616306773249517,0.6,0.9207547169811321,0.9216216216216216,1.0,0.5506194749790169
conditional,20,Tree-global a=1.0,0.9177777777777778,0.9160257218509645,0.9646679863598128,0.6,0.9150943396226415,0.9216216216216216,1.0,0.5506194749790169
conditional,20,ACP-Gini node a=1.0,0.9233333333333333,0.9222341465980257,0.9587243302053583,0.6,0.9169811320754717,0.9324324324324325,1.0,0.5506194749790169
conditional,20,VIF+CART,0.9255555555555556,0.9244473568477884,0.9602832806967174,0.6,0.9207547169811321,0.9324324324324325,1.0,0.5506194749790169
conditional,20,Cluster+CART,0.9255555555555556,0.9244473568477884,0.9602832806967174,0.6,0.9207547169811321,0.9324324324324325,1.0,0.5506194749790169
conditional,21,CART,0.9177777777777778,0.91555553301449,0.957436346868169,0.6,0.9263351749539595,0.9047619047619048,1.0,0.5630562909303567
conditional,21,ACP-Gini a=0.5,0.9211111111111111,0.9191261063206935,0.9551001482734549,0.6,0.9281767955801105,0.9103641456582633,1.0,0.5630562909303567
conditional,21,Tree-global a=0.5,0.9155555555555556,0.913142857142857,0.9557625382784993,0.6,0.9281767955801105,0.896358543417367,1.0,0.5630562909303567
conditional,21,ACP-Gini a=1.0,0.9211111111111111,0.9191261063206935,0.956669503054637,0.6,0.9281767955801105,0.9103641456582633,1.0,0.5630562909303567
conditional,21,Tree-global a=1.0,0.9244444444444444,0.9226252787765691,0.9625622264456661,0.6,0.9281767955801105,0.9187675070028011,1.0,0.5630562909303567
conditional,21,ACP-Gini node a=1.0,0.9266666666666666,0.9243951612903225,0.9541294921506784,0.6,0.9337016574585635,0.9159663865546218,1.0,0.5630562909303567
conditional,21,VIF+CART,0.9177777777777778,0.91555553301449,0.957436346868169,0.6,0.9263351749539595,0.9047619047619048,1.0,0.5630562909303567
conditional,21,Cluster+CART,0.9177777777777778,0.91555553301449,0.957436346868169,0.6,0.9263351749539595,0.9047619047619048,1.0,0.5630562909303567
conditional,22,CART,0.9088888888888889,0.9070079232273542,0.9589079251895329,0.6,0.9279112754158965,0.8802228412256268,1.0,0.5986078825124346
conditional,22,ACP-Gini a=0.5,0.9088888888888889,0.9070079232273542,0.9623491458986422,0.6,0.9279112754158965,0.8802228412256268,1.0,0.5986078825124346
conditional,22,Tree-global a=0.5,0.9077777777777778,0.905904107846237,0.9631087972693065,0.6,0.9279112754158965,0.8774373259052924,1.0,0.5986078825124346
conditional,22,ACP-Gini a=1.0,0.9088888888888889,0.9070079232273542,0.962052881864083,0.6,0.9279112754158965,0.8802228412256268,1.0,0.5986078825124346
conditional,22,Tree-global a=1.0,0.9077777777777778,0.905904107846237,0.9569480246532193,0.6,0.9279112754158965,0.8774373259052924,1.0,0.5986078825124346
conditional,22,ACP-Gini node a=1.0,0.9111111111111111,0.909156976744186,0.9590573232924302,0.6,0.9279112754158965,0.8857938718662952,1.0,0.5986078825124346
conditional,22,VIF+CART,0.9088888888888889,0.9070079232273542,0.9589079251895329,0.6,0.9279112754158965,0.8802228412256268,1.0,0.5986078825124346
conditional,22,Cluster+CART,0.9088888888888889,0.9070079232273542,0.9589079251895329,0.6,0.9279112754158965,0.8802228412256268,1.0,0.5986078825124346
conditional,23,CART,0.9311111111111111,0.9292492303634916,0.9670474716671976,0.6,0.930841121495327,0.9315068493150684,1.0,0.5691046752941387
conditional,23,ACP-Gini a=0.5,0.9311111111111111,0.9292492303634916,0.9640081117028001,0.6,0.930841121495327,0.9315068493150684,1.0,0.5691046752941387
conditional,23,Tree-global a=0.5,0.9311111111111111,0.9292492303634916,0.9607083074153304,0.6,0.930841121495327,0.9315068493150684,1.0,0.5691046752941387
conditional,23,ACP-Gini a=1.0,0.9311111111111111,0.9292492303634916,0.9640081117028001,0.6,0.930841121495327,0.9315068493150684,1.0,0.5691046752941387
conditional,23,Tree-global a=1.0,0.9288888888888889,0.9271255060728745,0.9546422304148398,0.6,0.930841121495327,0.9260273972602739,1.0,0.5691046752941387
conditional,23,ACP-Gini node a=1.0,0.9266666666666666,0.9247400109469075,0.9640409833163918,0.6,0.9233644859813084,0.9315068493150684,1.0,0.5691046752941387
conditional,23,VIF+CART,0.9311111111111111,0.9292492303634916,0.9670474716671976,0.6,0.930841121495327,0.9315068493150684,1.0,0.5691046752941387
conditional,23,Cluster+CART,0.9311111111111111,0.9292492303634916,0.9670474716671976,0.6,0.930841121495327,0.9315068493150684,1.0,0.5691046752941387
conditional,24,CART,0.9233333333333333,0.9214599097737515,0.9606071639888945,0.6,0.9186691312384473,0.9303621169916435,1.0,0.5935473920555616
conditional,24,ACP-Gini a=0.5,0.9233333333333333,0.9214599097737515,0.9612367818184576,0.6,0.9186691312384473,0.9303621169916435,1.0,0.5935473920555616
conditional,24,Tree-global a=0.5,0.92,0.9184519974226804,0.9562251250385609,0.6,0.9186691312384473,0.9220055710306406,1.0,0.5935473920555616
conditional,24,ACP-Gini a=1.0,0.9233333333333333,0.9214599097737515,0.9612367818184576,0.6,0.9186691312384473,0.9303621169916435,1.0,0.5935473920555616
conditional,24,Tree-global a=1.0,0.9155555555555556,0.9139215528350515,0.9518557290165319,0.6,0.9186691312384473,0.9108635097493036,1.0,0.5935473920555616
conditional,24,ACP-Gini node a=1.0,0.9177777777777778,0.9159702034883721,0.9614542401852948,0.6,0.9186691312384473,0.9164345403899722,1.0,0.5935473920555616
conditional,24,VIF+CART,0.9233333333333333,0.9214599097737515,0.9606071639888945,0.6,0.9186691312384473,0.9303621169916435,1.0,0.5935473920555616
conditional,24,Cluster+CART,0.9233333333333333,0.9214599097737515,0.9606071639888945,0.6,0.9186691312384473,0.9303621169916435,1.0,0.5935473920555616
conditional,25,CART,0.9311111111111111,0.9295493684694285,0.9621217845072054,0.6,0.9227871939736346,0.943089430894309,1.0,0.605236716109927
conditional,25,ACP-Gini a=0.5,0.9333333333333333,0.9317754553356647,0.9601598742765614,0.6,0.9227871939736346,0.948509485094851,1.0,0.605236716109927
conditional,25,Tree-global a=0.5,0.9277777777777778,0.926262889814069,0.9565105701376612,0.6,0.9171374764595104,0.943089430894309,1.0,0.605236716109927
conditional,25,ACP-Gini a=1.0,0.93,0.928484850013685,0.9596712855926782,0.6,0.9171374764595104,0.948509485094851,1.0,0.605236716109927
conditional,25,Tree-global a=1.0,0.9211111111111111,0.9195083332178653,0.9593237328175448,0.6,0.9171374764595104,0.926829268292683,1.0,0.605236716109927
conditional,25,ACP-Gini node a=1.0,0.93,0.928484850013685,0.9633054787413553,0.6,0.9171374764595104,0.948509485094851,1.0,0.605236716109927
conditional,25,VIF+CART,0.9311111111111111,0.9295493684694285,0.9621217845072054,0.6,0.9227871939736346,0.943089430894309,1.0,0.605236716109927
conditional,25,Cluster+CART,0.9311111111111111,0.9295493684694285,0.9621217845072054,0.6,0.9227871939736346,0.943089430894309,1.0,0.605236716109927
conditional,26,CART,0.9055555555555556,0.9036978756884344,0.9669378300564268,0.6,0.9146567717996289,0.8919667590027701,1.0,0.5996031233434754
conditional,26,ACP-Gini a=0.5,0.9044444444444445,0.9027149321266967,0.9704726684386918,0.6,0.9053803339517625,0.9030470914127424,1.0,0.5996031233434754
conditional,26,Tree-global a=0.5,0.9055555555555556,0.9038170184784481,0.9689250775051628,0.6,0.9016697588126159,0.9113573407202216,1.0,0.5996031233434754
conditional,26,ACP-Gini a=1.0,0.9077777777777778,0.9062470584543942,0.9707063144724876,0.6,0.9053803339517625,0.9113573407202216,1.0,0.5996031233434754
conditional,26,Tree-global a=1.0,0.9022222222222223,0.9007394410327109,0.9632748632040156,0.6,0.9016697588126159,0.9030470914127424,1.0,0.5996031233434754
conditional,26,ACP-Gini node a=1.0,0.9022222222222223,0.9005704644062349,0.9693345861450413,0.6,0.9016697588126159,0.9030470914127424,1.0,0.5996031233434754
conditional,26,VIF+CART,0.9055555555555556,0.9036978756884344,0.9669378300564268,0.6,0.9146567717996289,0.8919667590027701,1.0,0.5996031233434754
conditional,26,Cluster+CART,0.9055555555555556,0.9036978756884344,0.9669378300564268,0.6,0.9146567717996289,0.8919667590027701,1.0,0.5996031233434754
conditional,27,CART,0.9222222222222223,0.9198130498533724,0.9738321624677003,0.6,0.9133574007220217,0.9364161849710982,1.0,0.5940043837198482
conditional,27,ACP-Gini a=0.5,0.9222222222222223,0.9198130498533724,0.973610101744186,0.6,0.9133574007220217,0.9364161849710982,1.0,0.5940043837198482
conditional,27,Tree-global a=0.5,0.9222222222222223,0.9198130498533724,0.9736681403423774,0.6,0.9133574007220217,0.9364161849710982,1.0,0.5940043837198482
conditional,27,ACP-Gini a=1.0,0.9222222222222223,0.9198130498533724,0.973610101744186,0.6,0.9133574007220217,0.9364161849710982,1.0,0.5940043837198482
conditional,27,Tree-global a=1.0,0.9188888888888889,0.9164750168766234,0.9710488331718345,0.6,0.9133574007220217,0.9277456647398844,1.0,0.5940043837198482
conditional,27,ACP-Gini node a=1.0,0.9311111111111111,0.9294028340080971,0.97554808624031,0.6,0.927797833935018,0.9364161849710982,1.0,0.5940043837198482
conditional,27,VIF+CART,0.9222222222222223,0.9198130498533724,0.9738321624677003,0.6,0.9133574007220217,0.9364161849710982,1.0,0.5940043837198482
conditional,27,Cluster+CART,0.9222222222222223,0.9198130498533724,0.9738321624677003,0.6,0.9133574007220217,0.9364161849710982,1.0,0.5940043837198482
conditional,28,CART,0.9277777777777778,0.926448308248225,0.9637697908239916,0.6,0.9260628465804066,0.9303621169916435,1.0,0.5581837741629919
conditional,28,ACP-Gini a=0.5,0.9288888888888889,0.9274672469286913,0.9675407875629964,0.6,0.9279112754158965,0.9303621169916435,1.0,0.5581837741629919
conditional,28,Tree-global a=0.5,0.9288888888888889,0.9274672469286913,0.9663072369974726,0.6,0.9279112754158965,0.9303621169916435,1.0,0.5581837741629919
conditional,28,ACP-Gini a=1.0,0.9288888888888889,0.9274672469286913,0.9673372894045292,0.6,0.9279112754158965,0.9303621169916435,1.0,0.5581837741629919
conditional,28,Tree-global a=1.0,0.9322222222222222,0.9310570869923936,0.966583592521317,0.6,0.9297597042513863,0.935933147632312,1.0,0.5581837741629919
conditional,28,ACP-Gini node a=1.0,0.9288888888888889,0.9274672469286913,0.9671438405378381,0.6,0.9279112754158965,0.9303621169916435,1.0,0.5581837741629919
conditional,28,VIF+CART,0.9277777777777778,0.926448308248225,0.9637697908239916,0.6,0.9260628465804066,0.9303621169916435,1.0,0.5581837741629919
conditional,28,Cluster+CART,0.9277777777777778,0.926448308248225,0.9637697908239916,0.6,0.9260628465804066,0.9303621169916435,1.0,0.5581837741629919
conditional,29,CART,0.9266666666666666,0.9251040221914009,0.9733343103761952,0.6,0.9250457038391224,0.9291784702549575,1.0,0.5552279701534116
conditional,29,ACP-Gini a=0.5,0.9266666666666666,0.9252939193778015,0.9742035416119185,0.6,0.9250457038391224,0.9291784702549575,1.0,0.5552279701534116
conditional,29,Tree-global a=0.5,0.9277777777777778,0.9264031522096038,0.9746204693848672,0.6,0.9250457038391224,0.9320113314447592,1.0,0.5552279701534116
conditional,29,ACP-Gini a=1.0,0.9266666666666666,0.9252939193778015,0.9742035416119185,0.6,0.9250457038391224,0.9291784702549575,1.0,0.5552279701534116
conditional,29,Tree-global a=1.0,0.9222222222222223,0.9205123546511628,0.9709312903030181,0.6,0.9250457038391224,0.9178470254957507,1.0,0.5552279701534116
conditional,29,ACP-Gini node a=1.0,0.9266666666666666,0.9257124848048264,0.972821362873719,0.6,0.9250457038391224,0.9291784702549575,1.0,0.5552279701534116
conditional,29,VIF+CART,0.9266666666666666,0.9251040221914009,0.9733343103761952,0.6,0.9250457038391224,0.9291784702549575,1.0,0.5552279701534116
conditional,29,Cluster+CART,0.9266666666666666,0.9251040221914009,0.9733343103761952,0.6,0.9250457038391224,0.9291784702549575,1.0,0.5552279701534116
conditional,30,CART,0.9366666666666666,0.9351190559000555,0.9726089191750166,0.6,0.9344569288389513,0.9398907103825137,1.0,0.5564984048544661
conditional,30,ACP-Gini a=0.5,0.9366666666666666,0.9351190559000555,0.9739092961835447,0.6,0.9344569288389513,0.9398907103825137,1.0,0.5564984048544661
conditional,30,Tree-global a=0.5,0.9366666666666666,0.9351190559000555,0.9739092961835447,0.6,0.9344569288389513,0.9398907103825137,1.0,0.5564984048544661
conditional,30,ACP-Gini a=1.0,0.9366666666666666,0.9351190559000555,0.9739092961835447,0.6,0.9344569288389513,0.9398907103825137,1.0,0.5564984048544661
conditional,30,Tree-global a=1.0,0.9311111111111111,0.929352422528221,0.9661221547952663,0.6,0.9344569288389513,0.9262295081967213,1.0,0.5564984048544661
conditional,30,ACP-Gini node a=1.0,0.9344444444444444,0.9326974872461105,0.9722888651438479,0.6,0.9307116104868914,0.9398907103825137,1.0,0.5564984048544661
conditional,30,VIF+CART,0.9366666666666666,0.9351190559000555,0.9726089191750166,0.6,0.9344569288389513,0.9398907103825137,1.0,0.5564984048544661
conditional,30,Cluster+CART,0.9366666666666666,0.9351190559000555,0.9726089191750166,0.6,0.9344569288389513,0.9398907103825137,1.0,0.5564984048544661
conditional,31,CART,0.9311111111111111,0.9288043727894906,0.9537076953507362,0.6,0.9357798165137615,0.923943661971831,1.0,0.5830489947325015
conditional,31,ACP-Gini a=0.5,0.9333333333333333,0.9312133456300093,0.968223014540678,0.6,0.9394495412844037,0.923943661971831,1.0,0.5830489947325015
conditional,31,Tree-global a=0.5,0.9322222222222222,0.9301504500779287,0.9688721972298158,0.6,0.9339449541284404,0.9295774647887324,1.0,0.5830489947325015
conditional,31,ACP-Gini a=1.0,0.9333333333333333,0.9312133456300093,0.9704216137261565,0.6,0.9394495412844037,0.923943661971831,1.0,0.5830489947325015
conditional,31,Tree-global a=1.0,0.9322222222222222,0.9302590577477867,0.9652180087335359,0.6,0.9339449541284404,0.9295774647887324,1.0,0.5830489947325015
conditional,31,ACP-Gini node a=1.0,0.9333333333333333,0.9311575726670067,0.9703861115478443,0.6,0.9394495412844037,0.923943661971831,1.0,0.5830489947325015
conditional,31,VIF+CART,0.9311111111111111,0.9288043727894906,0.9537076953507362,0.6,0.9357798165137615,0.923943661971831,1.0,0.5830489947325015
conditional,31,Cluster+CART,0.9311111111111111,0.9288043727894906,0.9537076953507362,0.6,0.9357798165137615,0.923943661971831,1.0,0.5830489947325015
conditional,32,CART,0.9144444444444444,0.9124751349815289,0.961086381621447,0.6,0.9154135338345865,0.9130434782608695,1.0,0.5584361757225824
conditional,32,ACP-Gini a=0.5,0.9144444444444444,0.9124751349815289,0.9603798247739017,0.6,0.9154135338345865,0.9130434782608695,1.0,0.5584361757225824
conditional,32,Tree-global a=0.5,0.9144444444444444,0.9124751349815289,0.9601880450581395,0.6,0.9154135338345865,0.9130434782608695,1.0,0.5584361757225824
conditional,32,ACP-Gini a=1.0,0.9144444444444444,0.9124751349815289,0.9603798247739017,0.6,0.9154135338345865,0.9130434782608695,1.0,0.5584361757225824
conditional,32,Tree-global a=1.0,0.9144444444444444,0.91222859574619,0.9596833615956072,0.6,0.9154135338345865,0.9130434782608695,1.0,0.5584361757225824
conditional,32,ACP-Gini node a=1.0,0.9155555555555556,0.913522370397342,0.960087108365633,0.6,0.9172932330827067,0.9130434782608695,1.0,0.5584361757225824
conditional,32,VIF+CART,0.9144444444444444,0.9124751349815289,0.961086381621447,0.6,0.9154135338345865,0.9130434782608695,1.0,0.5584361757225824
conditional,32,Cluster+CART,0.9144444444444444,0.9124751349815289,0.961086381621447,0.6,0.9154135338345865,0.9130434782608695,1.0,0.5584361757225824
conditional,33,CART,0.9355555555555556,0.9345782679533776,0.9756373597207685,0.6,0.9452830188679245,0.9216216216216216,1.0,0.5636701689216379
conditional,33,ACP-Gini a=0.5,0.9355555555555556,0.9345782679533776,0.975569755271895,0.6,0.9452830188679245,0.9216216216216216,1.0,0.5636701689216379
conditional,33,Tree-global a=0.5,0.9266666666666666,0.9253393665158371,0.9694277658983128,0.6,0.9452830188679245,0.9,1.0,0.5636701689216379
conditional,33,ACP-Gini a=1.0,0.9355555555555556,0.9345782679533776,0.975569755271895,0.6,0.9452830188679245,0.9216216216216216,1.0,0.5636701689216379
conditional,33,Tree-global a=1.0,0.9266666666666666,0.9253393665158371,0.9684111952967334,0.6,0.9452830188679245,0.9,1.0,0.5636701689216379
conditional,33,ACP-Gini node a=1.0,0.9333333333333333,0.9322846652354487,0.9751265705515021,0.6,0.9415094339622642,0.9216216216216216,1.0,0.5636701689216379
conditional,33,VIF+CART,0.9355555555555556,0.9345782679533776,0.9756373597207685,0.6,0.9452830188679245,0.9216216216216216,1.0,0.5636701689216379
conditional,33,Cluster+CART,0.9355555555555556,0.9345782679533776,0.9756373597207685,0.6,0.9452830188679245,0.9216216216216216,1.0,0.5636701689216379
conditional,34,CART,0.9333333333333333,0.9314804287802501,0.9680936851768263,0.6,0.9336917562724014,0.9327485380116959,1.0,0.5873290106254104
conditional,34,ACP-Gini a=0.5,0.9355555555555556,0.9338624338624338,0.9671351263623962,0.6,0.9354838709677419,0.935672514619883,1.0,0.5873290106254104
conditional,34,Tree-global a=0.5,0.9322222222222222,0.9306621199204319,0.9734621217116108,0.6,0.9283154121863799,0.9385964912280702,1.0,0.5873290106254104
conditional,34,ACP-Gini a=1.0,0.9355555555555556,0.9338624338624338,0.9669221132925228,0.6,0.9354838709677419,0.935672514619883,1.0,0.5873290106254104
conditional,34,Tree-global a=1.0,0.9311111111111111,0.9295013038468536,0.970647306145427,0.6,0.9283154121863799,0.935672514619883,1.0,0.5873290106254104
conditional,34,ACP-Gini node a=1.0,0.9311111111111111,0.9291964430729251,0.967921246025024,0.6,0.9283154121863799,0.935672514619883,1.0,0.5873290106254104
conditional,34,VIF+CART,0.9333333333333333,0.9314804287802501,0.9680936851768263,0.6,0.9336917562724014,0.9327485380116959,1.0,0.5873290106254104
conditional,34,Cluster+CART,0.9333333333333333,0.9314804287802501,0.9680936851768263,0.6,0.9336917562724014,0.9327485380116959,1.0,0.5873290106254104
conditional,35,CART,0.9344444444444444,0.9324935067906955,0.9601422222222221,0.6,0.9386617100371747,0.9281767955801105,1.0,0.5531701371345782
conditional,35,ACP-Gini a=0.5,0.9344444444444444,0.9324935067906955,0.9613257142857142,0.6,0.9386617100371747,0.9281767955801105,1.0,0.5531701371345782
conditional,35,Tree-global a=0.5,0.9288888888888889,0.9267440263314528,0.9641422222222222,0.6,0.9368029739776952,0.9171270718232044,1.0,0.5531701371345782
conditional,35,ACP-Gini a=1.0,0.9344444444444444,0.9324935067906955,0.9613257142857142,0.6,0.9386617100371747,0.9281767955801105,1.0,0.5531701371345782
conditional,35,Tree-global a=1.0,0.9288888888888889,0.9267440263314528,0.9641422222222222,0.6,0.9368029739776952,0.9171270718232044,1.0,0.5531701371345782
conditional,35,ACP-Gini node a=1.0,0.9255555555555556,0.9232800025446102,0.9589409523809523,0.6,0.9349442379182156,0.9116022099447514,1.0,0.5531701371345782
conditional,35,VIF+CART,0.9344444444444444,0.9324935067906955,0.9601422222222221,0.6,0.9386617100371747,0.9281767955801105,1.0,0.5531701371345782
conditional,35,Cluster+CART,0.9344444444444444,0.9324935067906955,0.9601422222222221,0.6,0.9386617100371747,0.9281767955801105,1.0,0.5531701371345782
conditional,36,CART,0.94,0.9382857142857144,0.9743756708771893,0.6,0.9411764705882353,0.9382022471910112,1.0,0.610933462732747
conditional,36,ACP-Gini a=0.5,0.9411111111111111,0.9394970262217606,0.9764512567977982,0.6,0.9430147058823529,0.9382022471910112,1.0,0.610933462732747
conditional,36,Tree-global a=0.5,0.9388888888888889,0.9371667138445212,0.9808720513198793,0.6,0.9430147058823529,0.9325842696629213,1.0,0.610933462732747
conditional,36,ACP-Gini a=1.0,0.9411111111111111,0.9394970262217606,0.9764512567977982,0.6,0.9430147058823529,0.9382022471910112,1.0,0.610933462732747
conditional,36,Tree-global a=1.0,0.9277777777777778,0.9258531639152064,0.972813894216339,0.6,0.9430147058823529,0.9044943820224719,1.0,0.610933462732747
conditional,36,ACP-Gini node a=1.0,0.9411111111111111,0.9394970262217606,0.9759450783686301,0.6,0.9430147058823529,0.9382022471910112,1.0,0.610933462732747
conditional,36,VIF+CART,0.94,0.9382857142857144,0.9743756708771893,0.6,0.9411764705882353,0.9382022471910112,1.0,0.610933462732747
conditional,36,Cluster+CART,0.94,0.9382857142857144,0.9743756708771893,0.6,0.9411764705882353,0.9382022471910112,1.0,0.610933462732747
conditional,37,CART,0.9188888888888889,0.9165395281244006,0.9541387932302419,0.6,0.9162112932604736,0.9230769230769231,1.0,0.5733737688538036
conditional,37,ACP-Gini a=0.5,0.9166666666666666,0.9143825842760762,0.9528049256736538,0.6,0.912568306010929,0.9230769230769231,1.0,0.5733737688538036
conditional,37,Tree-global a=0.5,0.9166666666666666,0.9143825842760762,0.9526375582616106,0.6,0.912568306010929,0.9230769230769231,1.0,0.5733737688538036
conditional,37,ACP-Gini a=1.0,0.9166666666666666,0.9143825842760762,0.9528049256736538,0.6,0.912568306010929,0.9230769230769231,1.0,0.5733737688538036
conditional,37,Tree-global a=1.0,0.9166666666666666,0.9143825842760762,0.9528936811194345,0.6,0.912568306010929,0.9230769230769231,1.0,0.5733737688538036
conditional,37,ACP-Gini node a=1.0,0.9077777777777778,0.9047289877678142,0.9552190737988853,0.6,0.907103825136612,0.9088319088319088,1.0,0.5733737688538036
conditional,37,VIF+CART,0.9188888888888889,0.9165395281244006,0.9541387932302419,0.6,0.9162112932604736,0.9230769230769231,1.0,0.5733737688538036
conditional,37,Cluster+CART,0.9188888888888889,0.9165395281244006,0.9541387932302419,0.6,0.9162112932604736,0.9230769230769231,1.0,0.5733737688538036
conditional,38,CART,0.9266666666666666,0.9250545058139534,0.971941409653908,0.6,0.9296577946768061,0.9224598930481284,1.0,0.5414744024510367
conditional,38,ACP-Gini a=0.5,0.9288888888888889,0.9274208181286667,0.9748250902881666,0.6,0.935361216730038,0.9197860962566845,1.0,0.5414744024510367
conditional,38,Tree-global a=0.5,0.9222222222222223,0.9208618272627236,0.9727271811455138,0.6,0.9334600760456274,0.9064171122994652,1.0,0.5414744024510367
conditional,38,ACP-Gini a=1.0,0.9233333333333333,0.9221053872716942,0.9789806125995437,0.6,0.9258555133079848,0.9197860962566845,1.0,0.5414744024510367
conditional,38,Tree-global a=1.0,0.9211111111111111,0.9199367512864622,0.9716039308722568,0.6,0.9334600760456274,0.9037433155080213,1.0,0.5414744024510367
conditional,38,ACP-Gini node a=1.0,0.9277777777777778,0.9260129584825194,0.9642902116042329,0.6,0.9277566539923955,0.9278074866310161,1.0,0.5414744024510367
conditional,38,VIF+CART,0.9266666666666666,0.9250545058139534,0.971941409653908,0.6,0.9296577946768061,0.9224598930481284,1.0,0.5414744024510367
conditional,38,Cluster+CART,0.9266666666666666,0.9250545058139534,0.971941409653908,0.6,0.9296577946768061,0.9224598930481284,1.0,0.5414744024510367
conditional,39,CART,0.9166666666666666,0.9146898946072639,0.9590647267357477,0.6,0.9273743016759777,0.9008264462809917,1.0,0.5818038300091932
conditional,39,ACP-Gini a=0.5,0.9155555555555556,0.9135822434251754,0.9641952270417066,0.6,0.925512104283054,0.9008264462809917,1.0,0.5818038300091932
conditional,39,Tree-global a=0.5,0.9155555555555556,0.9135822434251754,0.9641952270417066,0.6,0.925512104283054,0.9008264462809917,1.0,0.5818038300091932
conditional,39,ACP-Gini a=1.0,0.9155555555555556,0.9135822434251754,0.9641952270417066,0.6,0.925512104283054,0.9008264462809917,1.0,0.5818038300091932
conditional,39,Tree-global a=1.0,0.9177777777777778,0.9157980974921487,0.9592644850029586,0.6,0.925512104283054,0.90633608815427,1.0,0.5818038300091932
conditional,39,ACP-Gini node a=1.0,0.9155555555555556,0.9135822434251754,0.9641244266432014,0.6,0.925512104283054,0.9008264462809917,1.0,0.5818038300091932
conditional,39,VIF+CART,0.9166666666666666,0.9146898946072639,0.9590647267357477,0.6,0.9273743016759777,0.9008264462809917,1.0,0.5818038300091932
conditional,39,Cluster+CART,0.9166666666666666,0.9146898946072639,0.9590647267357477,0.6,0.9273743016759777,0.9008264462809917,1.0,0.5818038300091932
conditional,40,CART,0.91,0.9076690422784596,0.9569746125215266,0.6,0.9064220183486239,0.9154929577464789,1.0,0.5769583688897998
conditional,40,ACP-Gini a=0.5,0.91,0.9076690422784596,0.9572271237456506,0.6,0.9064220183486239,0.9154929577464789,1.0,0.5769583688897998
conditional,40,Tree-global a=0.5,0.9111111111111111,0.9086405717070001,0.953176843710703,0.6,0.908256880733945,0.9154929577464789,1.0,0.5769583688897998
conditional,40,ACP-Gini a=1.0,0.9066666666666666,0.9044194620181147,0.9573988313780547,0.6,0.9009174311926605,0.9154929577464789,1.0,0.5769583688897998
conditional,40,Tree-global a=1.0,0.9044444444444445,0.9016388442691283,0.9577674977652758,0.6,0.9009174311926605,0.9098591549295775,1.0,0.5769583688897998
conditional,40,ACP-Gini node a=1.0,0.9077777777777778,0.90488329422131,0.9610476185666453,0.6,0.9064220183486239,0.9098591549295775,1.0,0.5769583688897998
conditional,40,VIF+CART,0.91,0.9076690422784596,0.9569746125215266,0.6,0.9064220183486239,0.9154929577464789,1.0,0.5769583688897998
conditional,40,Cluster+CART,0.91,0.9076690422784596,0.9569746125215266,0.6,0.9064220183486239,0.9154929577464789,1.0,0.5769583688897998
conditional,41,CART,0.9255555555555556,0.9235717228049052,0.9637733178559791,0.6,0.9348230912476723,0.9118457300275482,1.0,0.5856822364293726
conditional,41,ACP-Gini a=0.5,0.9211111111111111,0.9191261063206935,0.9638267758227436,0.6,0.9273743016759777,0.9118457300275482,1.0,0.5856822364293726
conditional,41,Tree-global a=0.5,0.9244444444444444,0.9224594052180259,0.967380457803845,0.6,0.9329608938547486,0.9118457300275482,1.0,0.5856822364293726
conditional,41,ACP-Gini a=1.0,0.9188888888888889,0.9167881492139203,0.9650333985011404,0.6,0.9236499068901304,0.9118457300275482,1.0,0.5856822364293726
conditional,41,Tree-global a=1.0,0.9088888888888889,0.9065628814082924,0.9634703893776475,0.6,0.9236499068901304,0.8870523415977961,1.0,0.5856822364293726
conditional,41,ACP-Gini node a=1.0,0.9211111111111111,0.9191261063206935,0.9630707274356467,0.6,0.9273743016759777,0.9118457300275482,1.0,0.5856822364293726
conditional,41,VIF+CART,0.9255555555555556,0.9235717228049052,0.9637733178559791,0.6,0.9348230912476723,0.9118457300275482,1.0,0.5856822364293726
conditional,41,Cluster+CART,0.9255555555555556,0.9235717228049052,0.9637733178559791,0.6,0.9348230912476723,0.9118457300275482,1.0,0.5856822364293726
conditional,42,CART,0.9177777777777778,0.9157388663967612,0.9581659990175175,0.6,0.9166666666666666,0.9194444444444444,1.0,0.61800309648762
conditional,42,ACP-Gini a=0.5,0.9177777777777778,0.9157388663967612,0.9580191330858557,0.6,0.9166666666666666,0.9194444444444444,1.0,0.61800309648762
conditional,42,Tree-global a=0.5,0.9177777777777778,0.9157980974921487,0.9581659990175175,0.6,0.9166666666666666,0.9194444444444444,1.0,0.61800309648762
conditional,42,ACP-Gini a=1.0,0.9177777777777778,0.9157980974921487,0.9580950982229223,0.6,0.9166666666666666,0.9194444444444444,1.0,0.61800309648762
conditional,42,Tree-global a=1.0,0.9188888888888889,0.9167881492139203,0.9621415078573273,0.6,0.9166666666666666,0.9222222222222223,1.0,0.61800309648762
conditional,42,ACP-Gini node a=1.0,0.9177777777777778,0.9157388663967612,0.9575430848935729,0.6,0.9166666666666666,0.9194444444444444,1.0,0.61800309648762
conditional,42,VIF+CART,0.9177777777777778,0.9157388663967612,0.9581659990175175,0.6,0.9166666666666666,0.9194444444444444,1.0,0.61800309648762
conditional,42,Cluster+CART,0.9177777777777778,0.9157388663967612,0.9581659990175175,0.6,0.9166666666666666,0.9194444444444444,1.0,0.61800309648762
conditional,43,CART,0.9333333333333333,0.9322071348224329,0.9669915929114332,0.6,0.9344262295081968,0.9316239316239316,1.0,0.6019727830227642
conditional,43,ACP-Gini a=0.5,0.9411111111111111,0.9401336638323241,0.9624604342654381,0.6,0.9398907103825137,0.9430199430199431,1.0,0.6019727830227642
conditional,43,Tree-global a=0.5,0.9377777777777778,0.9367990208864188,0.966830305840608,0.6,0.9398907103825137,0.9344729344729344,1.0,0.6019727830227642
conditional,43,ACP-Gini a=1.0,0.9411111111111111,0.9401336638323241,0.9629417753674321,0.6,0.9398907103825137,0.9430199430199431,1.0,0.6019727830227642
conditional,43,Tree-global a=1.0,0.9388888888888889,0.9379791735317666,0.9626116408943368,0.6,0.9398907103825137,0.9373219373219374,1.0,0.6019727830227642
conditional,43,ACP-Gini node a=1.0,0.9311111111111111,0.9298642533936652,0.9620698171407834,0.6,0.9326047358834244,0.9287749287749287,1.0,0.6019727830227642
conditional,43,VIF+CART,0.9333333333333333,0.9322071348224329,0.9669915929114332,0.6,0.9344262295081968,0.9316239316239316,1.0,0.6019727830227642
conditional,43,Cluster+CART,0.9333333333333333,0.9322071348224329,0.9669915929114332,0.6,0.9344262295081968,0.9316239316239316,1.0,0.6019727830227642
conditional,44,CART,0.9266666666666666,0.9249010058713759,0.9664856133986213,0.6,0.9371428571428572,0.912,1.0,0.5747938303306394
conditional,44,ACP-Gini a=0.5,0.92,0.9182412790697674,0.9657620797008035,0.6,0.9257142857142857,0.912,1.0,0.5747938303306394
conditional,44,Tree-global a=0.5,0.9266666666666666,0.9249010058713759,0.9664805180908902,0.6,0.9371428571428572,0.912,1.0,0.5747938303306394
conditional,44,ACP-Gini a=1.0,0.9188888888888889,0.9171875531758007,0.9648398290014727,0.6,0.9219047619047619,0.9146666666666666,1.0,0.5747938303306394
conditional,44,Tree-global a=1.0,0.9088888888888889,0.9068859011627907,0.9588502947635522,0.6,0.9257142857142857,0.8853333333333333,1.0,0.5747938303306394
conditional,44,ACP-Gini node a=1.0,0.9211111111111111,0.9194563873353677,0.9698918266168686,0.6,0.9257142857142857,0.9146666666666666,1.0,0.5747938303306394
conditional,44,VIF+CART,0.9266666666666666,0.9249010058713759,0.9664856133986213,0.6,0.9371428571428572,0.912,1.0,0.5747938303306394
conditional,44,Cluster+CART,0.9266666666666666,0.9249010058713759,0.9664856133986213,0.6,0.9371428571428572,0.912,1.0,0.5747938303306394
conditional,45,CART,0.9111111111111111,0.9093911082474226,0.9606865275161482,0.6,0.9124087591240876,0.9090909090909091,1.0,0.5492315468418133
conditional,45,ACP-Gini a=0.5,0.9177777777777778,0.9161867751288659,0.9654842407745025,0.6,0.9124087591240876,0.9261363636363636,1.0,0.5492315468418133
conditional,45,Tree-global a=0.5,0.91,0.9082297403619197,0.9615172894435156,0.6,0.9124087591240876,0.90625,1.0,0.5492315468418133
conditional,45,ACP-Gini a=1.0,0.9233333333333333,0.9217252214949347,0.9682467135664181,0.6,0.916058394160584,0.9346590909090909,1.0,0.5492315468418133
conditional,45,Tree-global a=1.0,0.9122222222222223,0.9104388496367798,0.9592472135386418,0.6,0.916058394160584,0.90625,1.0,0.5492315468418133
conditional,45,ACP-Gini node a=1.0,0.9144444444444444,0.9125925944611706,0.9642242097661242,0.6,0.916058394160584,0.9119318181818182,1.0,0.5492315468418133
conditional,45,VIF+CART,0.9111111111111111,0.9093911082474226,0.9606865275161482,0.6,0.9124087591240876,0.9090909090909091,1.0,0.5492315468418133
conditional,45,Cluster+CART,0.9111111111111111,0.9093911082474226,0.9606865275161482,0.6,0.9124087591240876,0.9090909090909091,1.0,0.5492315468418133
conditional,46,CART,0.9255555555555556,0.9233400839826542,0.9775916738731358,0.6,0.9312267657992565,0.9171270718232044,1.0,0.5936215420185096
conditional,46,ACP-Gini a=0.5,0.9233333333333333,0.9212902816946038,0.9778799326384779,0.6,0.9275092936802974,0.9171270718232044,1.0,0.5936215420185096
conditional,46,Tree-global a=0.5,0.9233333333333333,0.9212902816946038,0.9772123860240013,0.6,0.9275092936802974,0.9171270718232044,1.0,0.5936215420185096
conditional,46,ACP-Gini a=1.0,0.9211111111111111,0.9190088405843024,0.9783173779578132,0.6,0.9275092936802974,0.9116022099447514,1.0,0.5936215420185096
conditional,46,Tree-global a=1.0,0.92,0.917651125434619,0.9747065576340528,0.6,0.9275092936802974,0.9088397790055248,1.0,0.5936215420185096
conditional,46,ACP-Gini node a=1.0,0.9244444444444444,0.9225708502024292,0.976580239608777,0.6,0.9330855018587361,0.9116022099447514,1.0,0.5936215420185096
conditional,46,VIF+CART,0.9255555555555556,0.9233400839826542,0.9775916738731358,0.6,0.9312267657992565,0.9171270718232044,1.0,0.5936215420185096
conditional,46,Cluster+CART,0.9255555555555556,0.9233400839826542,0.9775916738731358,0.6,0.9312267657992565,0.9171270718232044,1.0,0.5936215420185096
conditional,47,CART,0.9233333333333333,0.9216216864337363,0.969943297822879,0.6,0.9387755102040817,0.9002770083102493,1.0,0.6229787120882581
conditional,47,ACP-Gini a=0.5,0.9233333333333333,0.9216216864337363,0.9693823404556389,0.6,0.9387755102040817,0.9002770083102493,1.0,0.6229787120882581
conditional,47,Tree-global a=0.5,0.9244444444444444,0.9227834302325582,0.9635276637894439,0.6,0.9406307977736549,0.9002770083102493,1.0,0.6229787120882581
conditional,47,ACP-Gini a=1.0,0.9266666666666666,0.9250545058139534,0.9710727930623219,0.6,0.9424860853432282,0.9030470914127424,1.0,0.6229787120882581
conditional,47,Tree-global a=1.0,0.9266666666666666,0.9250545058139534,0.96589025450282,0.6,0.9424860853432282,0.9030470914127424,1.0,0.6229787120882581
conditional,47,ACP-Gini node a=1.0,0.9211111111111111,0.9190088405843024,0.9719849804928339,0.6,0.9332096474953617,0.9030470914127424,1.0,0.6229787120882581
conditional,47,VIF+CART,0.9233333333333333,0.9216216864337363,0.969943297822879,0.6,0.9387755102040817,0.9002770083102493,1.0,0.6229787120882581
conditional,47,Cluster+CART,0.9233333333333333,0.9216216864337363,0.969943297822879,0.6,0.9387755102040817,0.9002770083102493,1.0,0.6229787120882581
conditional,48,CART,0.91,0.907321594068582,0.9588885095715356,0.6,0.89568345323741,0.9331395348837209,1.0,0.5936903166069619
conditional,48,ACP-Gini a=0.5,0.9177777777777778,0.9154285714285715,0.9605139127377598,0.6,0.908273381294964,0.9331395348837209,1.0,0.5936903166069619
conditional,48,Tree-global a=0.5,0.9122222222222223,0.9097485526130397,0.9601266693501954,0.6,0.908273381294964,0.9186046511627907,1.0,0.5936903166069619
conditional,48,ACP-Gini a=1.0,0.9111111111111111,0.9086405717070001,0.9603126480823809,0.6,0.908273381294964,0.9156976744186046,1.0,0.5936903166069619
conditional,48,Tree-global a=1.0,0.9088888888888889,0.9062857142857144,0.9605495798918775,0.6,0.908273381294964,0.9098837209302325,1.0,0.5936903166069619
conditional,48,ACP-Gini node a=1.0,0.9088888888888889,0.9058380414312617,0.9537014863012651,0.6,0.908273381294964,0.9098837209302325,1.0,0.5936903166069619
conditional,48,VIF+CART,0.91,0.907321594068582,0.9588885095715356,0.6,0.89568345323741,0.9331395348837209,1.0,0.5936903166069619
conditional,48,Cluster+CART,0.91,0.907321594068582,0.9588885095715356,0.6,0.89568345323741,0.9331395348837209,1.0,0.5936903166069619
conditional,49,CART,0.9277777777777778,0.9264031522096038,0.9683451929438264,0.6,0.9401869158878504,0.9095890410958904,1.0,0.6450336117303161
conditional,49,ACP-Gini a=0.5,0.9311111111111111,0.9297338954621697,0.9684133709743398,0.6,0.9401869158878504,0.9178082191780822,1.0,0.6450336117303161
conditional,49,Tree-global a=0.5,0.9333333333333333,0.932043331185567,0.9677063395467929,0.6,0.9401869158878504,0.9232876712328767,1.0,0.6450336117303161
conditional,49,ACP-Gini a=1.0,0.9333333333333333,0.932043331185567,0.969143128412058,0.6,0.9439252336448598,0.9178082191780822,1.0,0.6450336117303161
conditional,49,Tree-global a=1.0,0.9333333333333333,0.9320853812525468,0.9650852730403867,0.6,0.9439252336448598,0.9178082191780822,1.0,0.6450336117303161
conditional,49,ACP-Gini node a=1.0,0.9288888888888889,0.9274208181286667,0.9707238486750736,0.6,0.9383177570093458,0.915068493150685,1.0,0.6450336117303161
conditional,49,VIF+CART,0.9277777777777778,0.9264031522096038,0.9683451929438264,0.6,0.9401869158878504,0.9095890410958904,1.0,0.6450336117303161
conditional,49,Cluster+CART,0.9277777777777778,0.9264031522096038,0.9683451929438264,0.6,0.9401869158878504,0.9095890410958904,1.0,0.6450336117303161
conditional,0,CART,0.9077777777777778,0.900133556328284,0.9718685576075017,0.7,0.9115323854660348,0.898876404494382,1.0,0.6710027966351727
conditional,0,ACP-Gini a=0.5,0.9044444444444445,0.8963155864197531,0.9707133233411431,0.7,0.9131121642969984,0.8838951310861424,1.0,0.6710027966351727
conditional,0,Tree-global a=0.5,0.9088888888888889,0.9011381172839505,0.9642337306762043,0.7,0.9131121642969984,0.898876404494382,1.0,0.6710027966351727
conditional,0,ACP-Gini a=1.0,0.9077777777777778,0.8993097257099878,0.9701587026746243,0.7,0.9178515007898894,0.8838951310861424,1.0,0.6710027966351727
conditional,0,Tree-global a=1.0,0.91,0.9021443672606464,0.9628566481432382,0.7,0.9178515007898894,0.8913857677902621,1.0,0.6710027966351727
conditional,0,ACP-Gini node a=1.0,0.9055555555555556,0.8975902243510366,0.970028840274659,0.7,0.9131121642969984,0.8876404494382022,1.0,0.6710027966351727
conditional,0,VIF+CART,0.9077777777777778,0.900133556328284,0.9718685576075017,0.7,0.9115323854660348,0.898876404494382,1.0,0.6710027966351727
conditional,0,Cluster+CART,0.9077777777777778,0.900133556328284,0.9718685576075017,0.7,0.9115323854660348,0.898876404494382,1.0,0.6710027966351727
conditional,1,CART,0.9211111111111111,0.9144577168108659,0.934792341804537,0.7,0.9250398724082934,0.9120879120879121,1.0,0.6917850958267183
conditional,1,ACP-Gini a=0.5,0.9222222222222223,0.9157190635451505,0.9382142247995907,0.7,0.9250398724082934,0.9157509157509157,1.0,0.6917850958267183
conditional,1,Tree-global a=0.5,0.9211111111111111,0.9145720783049175,0.93505617857752,0.7,0.9250398724082934,0.9120879120879121,1.0,0.6917850958267183
conditional,1,ACP-Gini a=1.0,0.9211111111111111,0.9144577168108659,0.9334491727784411,0.7,0.9234449760765551,0.9157509157509157,1.0,0.6917850958267183
conditional,1,Tree-global a=1.0,0.9177777777777778,0.9112549036329525,0.9309387259082381,0.7,0.9234449760765551,0.9047619047619048,1.0,0.6917850958267183
conditional,1,ACP-Gini node a=1.0,0.9244444444444444,0.918016975308642,0.952690602080846,0.7,0.9250398724082934,0.9230769230769231,1.0,0.6917850958267183
conditional,1,VIF+CART,0.9211111111111111,0.9144577168108659,0.934792341804537,0.7,0.9250398724082934,0.9120879120879121,1.0,0.6917850958267183
conditional,1,Cluster+CART,0.9211111111111111,0.9144577168108659,0.934792341804537,0.7,0.9250398724082934,0.9120879120879121,1.0,0.6917850958267183
conditional,2,CART,0.9322222222222222,0.9262048172527492,0.9668548494983278,0.7,0.927536231884058,0.942652329749104,1.0,0.6858183548167291
conditional,2,ACP-Gini a=0.5,0.9333333333333333,0.9273642922860879,0.9668147157190636,0.7,0.92914653784219,0.942652329749104,1.0,0.6858183548167291
conditional,2,Tree-global a=0.5,0.9322222222222222,0.9262048172527492,0.9649337792642141,0.7,0.92914653784219,0.9390681003584229,1.0,0.6858183548167291
conditional,2,ACP-Gini a=1.0,0.9333333333333333,0.9273642922860879,0.9668147157190636,0.7,0.92914653784219,0.942652329749104,1.0,0.6858183548167291
conditional,2,Tree-global a=1.0,0.9333333333333333,0.9274645919748974,0.9673658862876253,0.7,0.92914653784219,0.942652329749104,1.0,0.6858183548167291
conditional,2,ACP-Gini node a=1.0,0.9322222222222222,0.9262048172527492,0.9665311036789297,0.7,0.927536231884058,0.942652329749104,1.0,0.6858183548167291
conditional,2,VIF+CART,0.9322222222222222,0.9262048172527492,0.9668548494983278,0.7,0.927536231884058,0.942652329749104,1.0,0.6858183548167291
conditional,2,Cluster+CART,0.9322222222222222,0.9262048172527492,0.9668548494983278,0.7,0.927536231884058,0.942652329749104,1.0,0.6858183548167291
conditional,3,CART,0.9255555555555556,0.9193849189637954,0.9645572540792292,0.7,0.9266770670826833,0.9227799227799228,1.0,0.6816175532669306
conditional,3,ACP-Gini a=0.5,0.93,0.9241977596226733,0.965453316234822,0.7,0.9266770670826833,0.9382239382239382,1.0,0.6816175532669306
conditional,3,Tree-global a=0.5,0.9188888888888889,0.9122819900372634,0.9597442735189488,0.7,0.9266770670826833,0.8996138996138996,1.0,0.6816175532669306
conditional,3,ACP-Gini a=1.0,0.93,0.9241977596226733,0.9658503737169409,0.7,0.9266770670826833,0.9382239382239382,1.0,0.6816175532669306
conditional,3,Tree-global a=1.0,0.9122222222222223,0.9050722905882713,0.9505341496262831,0.7,0.9266770670826833,0.8764478764478765,1.0,0.6816175532669306
conditional,3,ACP-Gini node a=1.0,0.9255555555555556,0.9195973199106637,0.9736546994972394,0.7,0.9204368174726989,0.9382239382239382,1.0,0.6816175532669306
conditional,3,VIF+CART,0.9255555555555556,0.9193849189637954,0.9645572540792292,0.7,0.9266770670826833,0.9227799227799228,1.0,0.6816175532669306
conditional,3,Cluster+CART,0.9255555555555556,0.9193849189637954,0.9645572540792292,0.7,0.9266770670826833,0.9227799227799228,1.0,0.6816175532669306
conditional,4,CART,0.9255555555555556,0.9193849189637954,0.9610807117223271,0.7,0.9449685534591195,0.8787878787878788,1.0,0.6875714570086134
conditional,4,ACP-Gini a=0.5,0.9277777777777778,0.9219973999133304,0.9586353095626254,0.7,0.9481132075471698,0.8787878787878788,1.0,0.6875714570086134
conditional,4,Tree-global a=0.5,0.9244444444444444,0.918763506230786,0.9610753312995335,0.7,0.9481132075471698,0.8674242424242424,1.0,0.6875714570086134
conditional,4,ACP-Gini a=1.0,0.9255555555555556,0.9194916894862555,0.9608493535422012,0.7,0.9449685534591195,0.8787878787878788,1.0,0.6875714570086134
conditional,4,Tree-global a=1.0,0.92,0.9131944444444444,0.9610322879171844,0.7,0.9449685534591195,0.8598484848484849,1.0,0.6875714570086134
conditional,4,ACP-Gini node a=1.0,0.9255555555555556,0.9198051917826255,0.9647124971080228,0.7,0.9449685534591195,0.8787878787878788,1.0,0.6875714570086134
conditional,4,VIF+CART,0.9255555555555556,0.9193849189637954,0.9610807117223271,0.7,0.9449685534591195,0.8787878787878788,1.0,0.6875714570086134
conditional,4,Cluster+CART,0.9255555555555556,0.9193849189637954,0.9610807117223271,0.7,0.9449685534591195,0.8787878787878788,1.0,0.6875714570086134
conditional,5,CART,0.9211111111111111,0.9143421301329373,0.9673849472289143,0.7,0.9216300940438872,0.9198473282442748,1.0,0.7182678537214523
conditional,5,ACP-Gini a=0.5,0.9188888888888889,0.9119292323902031,0.9661562152910056,0.7,0.9216300940438872,0.9122137404580153,1.0,0.7182678537214523
conditional,5,Tree-global a=0.5,0.9155555555555556,0.9084949832775919,0.9648684612949439,0.7,0.9216300940438872,0.9007633587786259,1.0,0.7182678537214523
conditional,5,ACP-Gini a=1.0,0.9188888888888889,0.9119292323902031,0.9658986644917932,0.7,0.9216300940438872,0.9122137404580153,1.0,0.7182678537214523
conditional,5,Tree-global a=1.0,0.9122222222222223,0.9046905391620006,0.9662823078697866,0.7,0.9216300940438872,0.8893129770992366,1.0,0.7182678537214523
conditional,5,ACP-Gini node a=1.0,0.91,0.9022776414192665,0.9639428881102747,0.7,0.9216300940438872,0.8816793893129771,1.0,0.7182678537214523
conditional,5,VIF+CART,0.9211111111111111,0.9143421301329373,0.9673849472289143,0.7,0.9216300940438872,0.9198473282442748,1.0,0.7182678537214523
conditional,5,Cluster+CART,0.8755555555555555,0.8676470588235294,0.9272660446099448,0.7,0.9216300940438872,0.7633587786259542,1.0,0.7182678537214523
conditional,6,CART,0.9222222222222223,0.9162679425837321,0.967772706868173,0.7,0.939935064935065,0.8838028169014085,1.0,0.6807758975251597
conditional,6,ACP-Gini a=0.5,0.9211111111111111,0.9151258037480126,0.9695442594215601,0.7,0.939935064935065,0.8802816901408451,1.0,0.6807758975251597
conditional,6,Tree-global a=0.5,0.9233333333333333,0.9176207929894101,0.9687025715568286,0.7,0.9431818181818182,0.8802816901408451,1.0,0.6807758975251597
conditional,6,ACP-Gini a=1.0,0.9211111111111111,0.9151258037480126,0.9691594878262543,0.7,0.939935064935065,0.8802816901408451,1.0,0.6807758975251597
conditional,6,Tree-global a=1.0,0.9233333333333333,0.9169784986343565,0.9641093606378659,0.7,0.9431818181818182,0.8802816901408451,1.0,0.6807758975251597
conditional,6,ACP-Gini node a=1.0,0.9211111111111111,0.9152329898876539,0.9697927577435284,0.7,0.939935064935065,0.8802816901408451,1.0,0.6807758975251597
conditional,6,VIF+CART,0.9222222222222223,0.9162679425837321,0.967772706868173,0.7,0.939935064935065,0.8838028169014085,1.0,0.6807758975251597
conditional,6,Cluster+CART,0.9222222222222223,0.9162679425837321,0.967772706868173,0.7,0.939935064935065,0.8838028169014085,1.0,0.6807758975251597
conditional,7,CART,0.9255555555555556,0.9188336817338094,0.9671251058870503,0.7,0.936608557844691,0.8996282527881041,1.0,0.6742225739118141
conditional,7,ACP-Gini a=0.5,0.9266666666666666,0.9198765505371238,0.9687491569502371,0.7,0.9381933438985737,0.8996282527881041,1.0,0.6742225739118141
conditional,7,Tree-global a=0.5,0.9233333333333333,0.9164108065616843,0.9634804331522238,0.7,0.9334389857369255,0.8996282527881041,1.0,0.6742225739118141
conditional,7,ACP-Gini a=1.0,0.9266666666666666,0.9198765505371238,0.969709559240095,0.7,0.9381933438985737,0.8996282527881041,1.0,0.6742225739118141
conditional,7,Tree-global a=1.0,0.9222222222222223,0.9146544997398994,0.965867950080663,0.7,0.9334389857369255,0.895910780669145,1.0,0.6742225739118141
conditional,7,ACP-Gini node a=1.0,0.9244444444444444,0.9175646551724138,0.9670171955174033,0.7,0.9350237717908082,0.8996282527881041,1.0,0.6742225739118141
conditional,7,VIF+CART,0.9255555555555556,0.9188336817338094,0.9671251058870503,0.7,0.936608557844691,0.8996282527881041,1.0,0.6742225739118141
conditional,7,Cluster+CART,0.9255555555555556,0.9188336817338094,0.9671251058870503,0.7,0.936608557844691,0.8996282527881041,1.0,0.6742225739118141
conditional,8,CART,0.9133333333333333,0.9071644696472778,0.965006651628203,0.7,0.919558359621451,0.8984962406015038,1.0,0.655648548109551
conditional,8,ACP-Gini a=0.5,0.92,0.914305664289795,0.9685112446694956,0.7,0.9227129337539433,0.9135338345864662,1.0,0.655648548109551
conditional,8,Tree-global a=0.5,0.9188888888888889,0.9130620038612645,0.9680274898911025,0.7,0.9227129337539433,0.9097744360902256,1.0,0.655648548109551
conditional,8,ACP-Gini a=1.0,0.92,0.914305664289795,0.9685112446694956,0.7,0.9227129337539433,0.9135338345864662,1.0,0.655648548109551
conditional,8,Tree-global a=1.0,0.9166666666666666,0.9105693749792985,0.9654167915490144,0.7,0.9227129337539433,0.9022556390977443,1.0,0.655648548109551
conditional,8,ACP-Gini node a=1.0,0.9177777777777778,0.9114832535885168,0.9588282617954663,0.7,0.919558359621451,0.9135338345864662,1.0,0.655648548109551
conditional,8,VIF+CART,0.9133333333333333,0.9071644696472778,0.965006651628203,0.7,0.919558359621451,0.8984962406015038,1.0,0.655648548109551
conditional,8,Cluster+CART,0.9133333333333333,0.9071644696472778,0.965006651628203,0.7,0.919558359621451,0.8984962406015038,1.0,0.655648548109551
conditional,9,CART,0.9188888888888889,0.9125109361329833,0.9650981218526444,0.7,0.9254457050243112,0.9045936395759717,1.0,0.6886570886212314
conditional,9,ACP-Gini a=0.5,0.9188888888888889,0.9125109361329833,0.9628801141152823,0.7,0.9254457050243112,0.9045936395759717,1.0,0.6886570886212314
conditional,9,Tree-global a=0.5,0.9144444444444444,0.9080695805823852,0.9562098813460417,0.7,0.9254457050243112,0.8904593639575972,1.0,0.6886570886212314
conditional,9,ACP-Gini a=1.0,0.9188888888888889,0.9125109361329833,0.9670783894184011,0.7,0.9254457050243112,0.9045936395759717,1.0,0.6886570886212314
conditional,9,Tree-global a=1.0,0.9111111111111111,0.9041834567414924,0.9599596922345416,0.7,0.9254457050243112,0.8798586572438163,1.0,0.6886570886212314
conditional,9,ACP-Gini node a=1.0,0.9233333333333333,0.9168673585908416,0.9649279215025179,0.7,0.9319286871961102,0.9045936395759717,1.0,0.6886570886212314
conditional,9,VIF+CART,0.9188888888888889,0.9125109361329833,0.9650981218526444,0.7,0.9254457050243112,0.9045936395759717,1.0,0.6886570886212314
conditional,9,Cluster+CART,0.9188888888888889,0.9125109361329833,0.9650981218526444,0.7,0.9254457050243112,0.9045936395759717,1.0,0.6886570886212314
conditional,10,CART,0.9222222222222223,0.9147778000227259,0.9622353512549967,0.7,0.9220985691573926,0.922509225092251,1.0,0.6577790981807689
conditional,10,ACP-Gini a=0.5,0.9222222222222223,0.9147778000227259,0.9655603054901772,0.7,0.9220985691573926,0.922509225092251,1.0,0.6577790981807689
conditional,10,Tree-global a=0.5,0.9288888888888889,0.9225219117718271,0.9682901836463487,0.7,0.9220985691573926,0.9446494464944649,1.0,0.6577790981807689
conditional,10,ACP-Gini a=1.0,0.9233333333333333,0.9160555574330033,0.9651333450747447,0.7,0.9236883942766295,0.922509225092251,1.0,0.6577790981807689
conditional,10,Tree-global a=1.0,0.92,0.912468391363548,0.9615869051240588,0.7,0.9236883942766295,0.9114391143911439,1.0,0.6577790981807689
conditional,10,ACP-Gini node a=1.0,0.9188888888888889,0.9105361702127659,0.958301978427825,0.7,0.9173290937996821,0.922509225092251,1.0,0.6577790981807689
conditional,10,VIF+CART,0.9222222222222223,0.9147778000227259,0.9622353512549967,0.7,0.9220985691573926,0.922509225092251,1.0,0.6577790981807689
conditional,10,Cluster+CART,0.9222222222222223,0.9147778000227259,0.9622353512549967,0.7,0.9220985691573926,0.922509225092251,1.0,0.6577790981807689
conditional,11,CART,0.92,0.912468391363548,0.9751880787037036,0.7,0.92,0.92,1.0,0.6715193807273893
conditional,11,ACP-Gini a=0.5,0.9222222222222223,0.9147778000227259,0.9769295481824418,0.7,0.9184,0.9309090909090909,1.0,0.6715193807273893
conditional,11,Tree-global a=0.5,0.9288888888888889,0.9226288981065572,0.9775805898491086,0.7,0.9264,0.9345454545454546,1.0,0.6715193807273893
conditional,11,ACP-Gini a=1.0,0.9222222222222223,0.9147778000227259,0.9769295481824418,0.7,0.9184,0.9309090909090909,1.0,0.6715193807273893
conditional,11,Tree-global a=1.0,0.9133333333333333,0.9057039695673665,0.9662583590534979,0.7,0.9264,0.8836363636363637,1.0,0.6715193807273893
conditional,11,ACP-Gini node a=1.0,0.9233333333333333,0.9160555574330033,0.9770447530864198,0.7,0.92,0.9309090909090909,1.0,0.6715193807273893
conditional,11,VIF+CART,0.92,0.912468391363548,0.9751880787037036,0.7,0.92,0.92,1.0,0.6715193807273893
conditional,11,Cluster+CART,0.92,0.912468391363548,0.9751880787037036,0.7,0.92,0.92,1.0,0.6715193807273893
conditional,12,CART,0.9244444444444444,0.9185559382302685,0.9695304347826087,0.7,0.9351701782820098,0.901060070671378,1.0,0.6837927994424117
conditional,12,ACP-Gini a=0.5,0.9166666666666666,0.9106801409533538,0.9694849498327759,0.7,0.9238249594813615,0.901060070671378,1.0,0.6837927994424117
conditional,12,Tree-global a=0.5,0.92,0.91409299168505,0.9626515050167224,0.7,0.9238249594813615,0.911660777385159,1.0,0.6837927994424117
conditional,12,ACP-Gini a=1.0,0.9166666666666666,0.9106801409533538,0.9694849498327759,0.7,0.9238249594813615,0.901060070671378,1.0,0.6837927994424117
conditional,12,Tree-global a=1.0,0.9255555555555556,0.9197018180946559,0.9642675585284282,0.7,0.9238249594813615,0.9293286219081273,1.0,0.6837927994424117
conditional,12,ACP-Gini node a=1.0,0.9122222222222223,0.9059164151375327,0.96481872909699,0.7,0.9173419773095624,0.901060070671378,1.0,0.6837927994424117
conditional,12,VIF+CART,0.9244444444444444,0.9185559382302685,0.9695304347826087,0.7,0.9351701782820098,0.901060070671378,1.0,0.6837927994424117
conditional,12,Cluster+CART,0.9244444444444444,0.9185559382302685,0.9695304347826087,0.7,0.9351701782820098,0.901060070671378,1.0,0.6837927994424117
conditional,13,CART,0.91,0.9025399766577228,0.9500297793111591,0.7,0.9060092449922958,0.9203187250996016,1.0,0.6849025129998993
conditional,13,ACP-Gini a=0.5,0.9088888888888889,0.9015322541908833,0.9494046820589042,0.7,0.9044684129429892,0.9203187250996016,1.0,0.6849025129998993
conditional,13,Tree-global a=0.5,0.9088888888888889,0.9015322541908833,0.945892869598811,0.7,0.9044684129429892,0.9203187250996016,1.0,0.6849025129998993
conditional,13,ACP-Gini a=1.0,0.9088888888888889,0.9015322541908833,0.9494046820589042,0.7,0.9044684129429892,0.9203187250996016,1.0,0.6849025129998993
conditional,13,Tree-global a=1.0,0.9111111111111111,0.903933906527691,0.9501075811150876,0.7,0.9044684129429892,0.9282868525896414,1.0,0.6849025129998993
conditional,13,ACP-Gini node a=1.0,0.9077777777777778,0.9003966798893297,0.9473362272027301,0.7,0.9029275808936826,0.9203187250996016,1.0,0.6849025129998993
conditional,13,VIF+CART,0.91,0.9025399766577228,0.9500297793111591,0.7,0.9060092449922958,0.9203187250996016,1.0,0.6849025129998993
conditional,13,Cluster+CART,0.91,0.9025399766577228,0.9500297793111591,0.7,0.9060092449922958,0.9203187250996016,1.0,0.6849025129998993
conditional,14,CART,0.9177777777777778,0.9100369577903131,0.961842893292831,0.7,0.9182389937106918,0.9166666666666666,1.0,0.6891710106045694
conditional,14,ACP-Gini a=0.5,0.9233333333333333,0.9162936273974597,0.9640658469075586,0.7,0.9261006289308176,0.9166666666666666,1.0,0.6891710106045694
conditional,14,Tree-global a=0.5,0.9255555555555556,0.918488729681322,0.9621666244017719,0.7,0.9261006289308176,0.9242424242424242,1.0,0.6891710106045694
conditional,14,ACP-Gini a=1.0,0.9233333333333333,0.9162936273974597,0.9663346624293861,0.7,0.9261006289308176,0.9166666666666666,1.0,0.6891710106045694
conditional,14,Tree-global a=1.0,0.9255555555555556,0.9182526954241845,0.9594715629198387,0.7,0.9261006289308176,0.9242424242424242,1.0,0.6891710106045694
conditional,14,ACP-Gini node a=1.0,0.92,0.9119584356861807,0.9631081423769416,0.7,0.9166666666666666,0.928030303030303,1.0,0.6891710106045694
conditional,14,VIF+CART,0.9177777777777778,0.9100369577903131,0.961842893292831,0.7,0.9182389937106918,0.9166666666666666,1.0,0.6891710106045694
conditional,14,Cluster+CART,0.9177777777777778,0.9100369577903131,0.961842893292831,0.7,0.9182389937106918,0.9166666666666666,1.0,0.6891710106045694
conditional,15,CART,0.92,0.9115619148483178,0.9681074481074481,0.7,0.9245283018867925,0.9090909090909091,1.0,0.6914219978035893
conditional,15,ACP-Gini a=0.5,0.9222222222222223,0.9133491780550604,0.9648704382037715,0.7,0.9261006289308176,0.9128787878787878,1.0,0.6914219978035893
conditional,15,Tree-global a=0.5,0.9233333333333333,0.9147885149737573,0.9653778320444987,0.7,0.9261006289308176,0.9166666666666666,1.0,0.6914219978035893
conditional,15,ACP-Gini a=1.0,0.9222222222222223,0.9133491780550604,0.9648704382037715,0.7,0.9261006289308176,0.9128787878787878,1.0,0.6914219978035893
conditional,15,Tree-global a=1.0,0.91,0.8993303882753735,0.9514421381088047,0.7,0.9261006289308176,0.8712121212121212,1.0,0.6914219978035893
conditional,15,ACP-Gini node a=1.0,0.9244444444444444,0.9159576162723633,0.9608357075023741,0.7,0.9292452830188679,0.9128787878787878,1.0,0.6914219978035893
conditional,15,VIF+CART,0.92,0.9115619148483178,0.9681074481074481,0.7,0.9245283018867925,0.9090909090909091,1.0,0.6914219978035893
conditional,15,Cluster+CART,0.92,0.9115619148483178,0.9681074481074481,0.7,0.9245283018867925,0.9090909090909091,1.0,0.6914219978035893
conditional,16,CART,0.9144444444444444,0.9073528173166007,0.9709772187340913,0.7,0.9106583072100314,0.9236641221374046,1.0,0.6354320975881604
conditional,16,ACP-Gini a=0.5,0.9288888888888889,0.923247484223094,0.9660905947734602,0.7,0.9294670846394985,0.9274809160305344,1.0,0.6354320975881604
conditional,16,Tree-global a=0.5,0.92,0.91409299168505,0.9568105167147464,0.7,0.9216300940438872,0.916030534351145,1.0,0.6354320975881604
conditional,16,ACP-Gini a=1.0,0.9333333333333333,0.9273642922860879,0.9668489097234005,0.7,0.9357366771159875,0.9274809160305344,1.0,0.6354320975881604
conditional,16,Tree-global a=1.0,0.93,0.9237853030643147,0.9625774223655184,0.7,0.9357366771159875,0.916030534351145,1.0,0.6354320975881604
conditional,16,ACP-Gini node a=1.0,0.9277777777777778,0.9216866421507928,0.9775448625487868,0.7,0.9278996865203761,0.9274809160305344,1.0,0.6354320975881604
conditional,16,VIF+CART,0.9144444444444444,0.9073528173166007,0.9709772187340913,0.7,0.9106583072100314,0.9236641221374046,1.0,0.6354320975881604
conditional,16,Cluster+CART,0.9144444444444444,0.9073528173166007,0.9709772187340913,0.7,0.9106583072100314,0.9236641221374046,1.0,0.6354320975881604
conditional,17,CART,0.9411111111111111,0.9367232178034599,0.9619706775855238,0.7,0.9431818181818182,0.9366197183098591,1.0,0.6902170687924071
conditional,17,ACP-Gini a=0.5,0.9422222222222222,0.937799043062201,0.9620657773081496,0.7,0.9448051948051948,0.9366197183098591,1.0,0.6902170687924071
conditional,17,Tree-global a=0.5,0.9377777777777778,0.9328415486952073,0.961658961828028,0.7,0.9448051948051948,0.9225352112676056,1.0,0.6902170687924071
conditional,17,ACP-Gini a=1.0,0.9422222222222222,0.937799043062201,0.9583621714436666,0.7,0.9448051948051948,0.9366197183098591,1.0,0.6902170687924071
conditional,17,Tree-global a=1.0,0.9355555555555556,0.930710049432141,0.9514410249636771,0.7,0.9448051948051948,0.9154929577464789,1.0,0.6902170687924071
conditional,17,ACP-Gini node a=1.0,0.9422222222222222,0.937799043062201,0.9620737022850351,0.7,0.9448051948051948,0.9366197183098591,1.0,0.6902170687924071
conditional,17,VIF+CART,0.9411111111111111,0.9367232178034599,0.9619706775855238,0.7,0.9431818181818182,0.9366197183098591,1.0,0.6902170687924071
conditional,17,Cluster+CART,0.9411111111111111,0.9367232178034599,0.9619706775855238,0.7,0.9431818181818182,0.9366197183098591,1.0,0.6902170687924071
conditional,18,CART,0.8966666666666666,0.8885413295940747,0.9558332566784444,0.7,0.8892405063291139,0.914179104477612,1.0,0.696612620873567
conditional,18,ACP-Gini a=0.5,0.8966666666666666,0.8878002549628615,0.9511068064130381,0.7,0.8892405063291139,0.914179104477612,1.0,0.696612620873567
conditional,18,Tree-global a=0.5,0.8966666666666666,0.8889671557683354,0.9541639837455562,0.7,0.8892405063291139,0.914179104477612,1.0,0.696612620873567
conditional,18,ACP-Gini a=1.0,0.8966666666666666,0.8878002549628615,0.9527679629459285,0.7,0.8892405063291139,0.914179104477612,1.0,0.696612620873567
conditional,18,Tree-global a=1.0,0.88,0.869255726114958,0.9351607858839572,0.7,0.8876582278481012,0.8619402985074627,1.0,0.696612620873567
conditional,18,ACP-Gini node a=1.0,0.8955555555555555,0.886670524691358,0.9558197293451147,0.7,0.8876582278481012,0.914179104477612,1.0,0.696612620873567
conditional,18,VIF+CART,0.8966666666666666,0.8885413295940747,0.9558332566784444,0.7,0.8892405063291139,0.914179104477612,1.0,0.696612620873567
conditional,18,Cluster+CART,0.8966666666666666,0.8885413295940747,0.9558332566784444,0.7,0.8892405063291139,0.914179104477612,1.0,0.696612620873567
conditional,19,CART,0.9077777777777778,0.9003966798893297,0.9634561533190532,0.7,0.9044684129429892,0.9163346613545816,1.0,0.6922189697209539
conditional,19,ACP-Gini a=0.5,0.9022222222222223,0.895002545392839,0.9561425280162297,0.7,0.8983050847457628,0.9123505976095617,1.0,0.6922189697209539
conditional,19,Tree-global a=0.5,0.9033333333333333,0.8959992243109451,0.9594230032534976,0.7,0.8983050847457628,0.9163346613545816,1.0,0.6922189697209539
conditional,19,ACP-Gini a=1.0,0.8988888888888888,0.8914908416415488,0.9557378641300536,0.7,0.8936825885978429,0.9123505976095617,1.0,0.6922189697209539
conditional,19,Tree-global a=1.0,0.8988888888888888,0.8914908416415488,0.950234435278058,0.7,0.8967642526964561,0.9043824701195219,1.0,0.6922189697209539
conditional,19,ACP-Gini node a=1.0,0.9066666666666666,0.8993926295785669,0.9597035702145797,0.7,0.9044684129429892,0.9123505976095617,1.0,0.6922189697209539
conditional,19,VIF+CART,0.9077777777777778,0.9003966798893297,0.9634561533190532,0.7,0.9044684129429892,0.9163346613545816,1.0,0.6922189697209539
conditional,19,Cluster+CART,0.9077777777777778,0.9003966798893297,0.9634561533190532,0.7,0.9044684129429892,0.9163346613545816,1.0,0.6922189697209539
conditional,20,CART,0.9233333333333333,0.9183185995520018,0.957475508347263,0.7,0.9248,0.92,1.0,0.6251541693196379
conditional,20,ACP-Gini a=0.5,0.9266666666666666,0.9218240013476805,0.9563382069782695,0.7,0.9248,0.9309090909090909,1.0,0.6251541693196379
conditional,20,Tree-global a=0.5,0.92,0.9150137184645812,0.9544259537462179,0.7,0.9232,0.9127272727272727,1.0,0.6251541693196379
conditional,20,ACP-Gini a=1.0,0.9244444444444444,0.9195494770716011,0.9570443917818074,0.7,0.9216,0.9309090909090909,1.0,0.6251541693196379
conditional,20,Tree-global a=1.0,0.9122222222222223,0.9065898189471582,0.9594750428471678,0.7,0.9216,0.8909090909090909,1.0,0.6251541693196379
conditional,20,ACP-Gini node a=1.0,0.9255555555555556,0.9205925925925926,0.9590068978650472,0.7,0.928,0.92,1.0,0.6251541693196379
conditional,20,VIF+CART,0.9233333333333333,0.9183185995520018,0.957475508347263,0.7,0.9248,0.92,1.0,0.6251541693196379
conditional,20,Cluster+CART,0.9233333333333333,0.9183185995520018,0.957475508347263,0.7,0.9248,0.92,1.0,0.6251541693196379
conditional,21,CART,0.9155555555555556,0.9078663793103448,0.94255330781848,0.7,0.9245585874799358,0.8953068592057761,1.0,0.6746931116587778
conditional,21,ACP-Gini a=0.5,0.9188888888888889,0.911441084058182,0.9429524330235101,0.7,0.9293739967897271,0.8953068592057761,1.0,0.6746931116587778
conditional,21,Tree-global a=0.5,0.92,0.9128371507433054,0.9454209950792783,0.7,0.9293739967897271,0.8989169675090253,1.0,0.6746931116587778
conditional,21,ACP-Gini a=1.0,0.9188888888888889,0.911441084058182,0.9429579004920722,0.7,0.9293739967897271,0.8953068592057761,1.0,0.6746931116587778
conditional,21,Tree-global a=1.0,0.9166666666666666,0.9096384332509146,0.948529250956807,0.7,0.92776886035313,0.8916967509025271,1.0,0.6746931116587778
conditional,21,ACP-Gini node a=1.0,0.9222222222222223,0.9146544997398994,0.939313832695462,0.7,0.9341894060995185,0.8953068592057761,1.0,0.6746931116587778
conditional,21,VIF+CART,0.9155555555555556,0.9078663793103448,0.94255330781848,0.7,0.9245585874799358,0.8953068592057761,1.0,0.6746931116587778
conditional,21,Cluster+CART,0.9155555555555556,0.9078663793103448,0.94255330781848,0.7,0.9245585874799358,0.8953068592057761,1.0,0.6746931116587778
conditional,22,CART,0.9233333333333333,0.9179265144937018,0.9710407021604939,0.7,0.9285714285714286,0.9111111111111111,1.0,0.717231956157145
conditional,22,ACP-Gini a=0.5,0.9322222222222222,0.927172005396435,0.9709871184842249,0.7,0.9412698412698413,0.9111111111111111,1.0,0.717231956157145
conditional,22,Tree-global a=0.5,0.9277777777777778,0.922298271036913,0.9681043167009601,0.7,0.9412698412698413,0.8962962962962963,1.0,0.717231956157145
conditional,22,ACP-Gini a=1.0,0.9322222222222222,0.927172005396435,0.9709871184842249,0.7,0.9412698412698413,0.9111111111111111,1.0,0.717231956157145
conditional,22,Tree-global a=1.0,0.9322222222222222,0.9272630916498295,0.9695912637174211,0.7,0.9412698412698413,0.9111111111111111,1.0,0.717231956157145
conditional,22,ACP-Gini node a=1.0,0.9277777777777778,0.9225894554929066,0.969548396776406,0.7,0.9349206349206349,0.9111111111111111,1.0,0.717231956157145
conditional,22,VIF+CART,0.9233333333333333,0.9179265144937018,0.9710407021604939,0.7,0.9285714285714286,0.9111111111111111,1.0,0.717231956157145
conditional,22,Cluster+CART,0.9088888888888889,0.9032100682513285,0.9468905392661179,0.7,0.9412698412698413,0.8333333333333334,1.0,0.717231956157145
conditional,23,CART,0.9188888888888889,0.9127349813183792,0.9711474827691959,0.7,0.9111470113085622,0.9359430604982206,1.0,0.6862006158696659
conditional,23,ACP-Gini a=0.5,0.9144444444444444,0.9081845583120798,0.963967308551106,0.7,0.9111470113085622,0.9217081850533808,1.0,0.6862006158696659
conditional,23,Tree-global a=0.5,0.9144444444444444,0.9081845583120798,0.963967308551106,0.7,0.9111470113085622,0.9217081850533808,1.0,0.6862006158696659
conditional,23,ACP-Gini a=1.0,0.9144444444444444,0.9081845583120798,0.963967308551106,0.7,0.9111470113085622,0.9217081850533808,1.0,0.6862006158696659
conditional,23,Tree-global a=1.0,0.9144444444444444,0.9077170148252016,0.9581725932023739,0.7,0.9111470113085622,0.9217081850533808,1.0,0.6862006158696659
conditional,23,ACP-Gini node a=1.0,0.9133333333333333,0.9069340743254709,0.96379513502171,0.7,0.9095315024232633,0.9217081850533808,1.0,0.6862006158696659
conditional,23,VIF+CART,0.9188888888888889,0.9127349813183792,0.9711474827691959,0.7,0.9111470113085622,0.9359430604982206,1.0,0.6862006158696659
conditional,23,Cluster+CART,0.9188888888888889,0.9127349813183792,0.9711474827691959,0.7,0.9111470113085622,0.9359430604982206,1.0,0.6862006158696659
conditional,24,CART,0.9233333333333333,0.9164108065616843,0.931225888147834,0.7,0.923896499238965,0.9218106995884774,1.0,0.6723404990735189
conditional,24,ACP-Gini a=0.5,0.92,0.912468391363548,0.9338148102440831,0.7,0.9193302891933028,0.9218106995884774,1.0,0.6723404990735189
conditional,24,Tree-global a=0.5,0.9177777777777778,0.9101646172688964,0.9248702856131051,0.7,0.9193302891933028,0.9135802469135802,1.0,0.6723404990735189
conditional,24,ACP-Gini a=1.0,0.92,0.912468391363548,0.936009357679038,0.7,0.9193302891933028,0.9218106995884774,1.0,0.6723404990735189
conditional,24,Tree-global a=1.0,0.9177777777777778,0.9100369577903131,0.9271640974185897,0.7,0.9193302891933028,0.9135802469135802,1.0,0.6723404990735189
conditional,24,ACP-Gini node a=1.0,0.9188888888888889,0.9118091211114467,0.9244222545353087,0.7,0.9269406392694064,0.897119341563786,1.0,0.6723404990735189
conditional,24,VIF+CART,0.9233333333333333,0.9164108065616843,0.931225888147834,0.7,0.923896499238965,0.9218106995884774,1.0,0.6723404990735189
conditional,24,Cluster+CART,0.9233333333333333,0.9164108065616843,0.931225888147834,0.7,0.923896499238965,0.9218106995884774,1.0,0.6723404990735189
conditional,25,CART,0.9277777777777778,0.9216866421507928,0.9646357495564439,0.7,0.9285714285714286,0.926056338028169,1.0,0.7085259702561376
conditional,25,ACP-Gini a=0.5,0.9255555555555556,0.9193849189637954,0.9643845792095082,0.7,0.9253246753246753,0.926056338028169,1.0,0.7085259702561376
conditional,25,Tree-global a=0.5,0.9266666666666666,0.9207454728853451,0.9688094525555248,0.7,0.9253246753246753,0.9295774647887324,1.0,0.7085259702561376
conditional,25,ACP-Gini a=1.0,0.9255555555555556,0.9193849189637954,0.9643845792095082,0.7,0.9253246753246753,0.926056338028169,1.0,0.7085259702561376
conditional,25,Tree-global a=1.0,0.92,0.9135405158749219,0.9696885487697997,0.7,0.9253246753246753,0.9084507042253521,1.0,0.7085259702561376
conditional,25,ACP-Gini node a=1.0,0.9255555555555556,0.9193849189637954,0.9714707894230563,0.7,0.9253246753246753,0.926056338028169,1.0,0.7085259702561376
conditional,25,VIF+CART,0.9277777777777778,0.9216866421507928,0.9646357495564439,0.7,0.9285714285714286,0.926056338028169,1.0,0.7085259702561376
conditional,25,Cluster+CART,0.8822222222222222,0.8763582448573325,0.9383243197024432,0.7,0.9301948051948052,0.778169014084507,1.0,0.7085259702561376
conditional,26,CART,0.9233333333333333,0.9167550278756714,0.9712486279972983,0.7,0.9317460317460318,0.9037037037037037,1.0,0.679700027371699
conditional,26,ACP-Gini a=0.5,0.9222222222222223,0.9169877352672995,0.9688924772036475,0.7,0.9365079365079365,0.8888888888888888,1.0,0.679700027371699
conditional,26,Tree-global a=0.5,0.9244444444444444,0.9197351785498822,0.9694834937521108,0.7,0.9333333333333333,0.9037037037037037,1.0,0.679700027371699
conditional,26,ACP-Gini a=1.0,0.9222222222222223,0.9169877352672995,0.9688924772036475,0.7,0.9365079365079365,0.8888888888888888,1.0,0.679700027371699
conditional,26,Tree-global a=1.0,0.9144444444444444,0.9090597725313272,0.9664518954745018,0.7,0.9333333333333333,0.8703703703703703,1.0,0.679700027371699
conditional,26,ACP-Gini node a=1.0,0.9244444444444444,0.9197351785498822,0.9724412149611619,0.7,0.9396825396825397,0.8888888888888888,1.0,0.679700027371699
conditional,26,VIF+CART,0.9233333333333333,0.9167550278756714,0.9712486279972983,0.7,0.9317460317460318,0.9037037037037037,1.0,0.679700027371699
conditional,26,Cluster+CART,0.9233333333333333,0.9167550278756714,0.9712486279972983,0.7,0.9317460317460318,0.9037037037037037,1.0,0.679700027371699
conditional,27,CART,0.92,0.9145136778115501,0.9533172155776508,0.7,0.9213836477987422,0.9166666666666666,1.0,0.672194400750951
conditional,27,ACP-Gini a=0.5,0.9166666666666666,0.9111111111111111,0.9579710841058648,0.7,0.9166666666666666,0.9166666666666666,1.0,0.672194400750951
conditional,27,Tree-global a=0.5,0.9166666666666666,0.9111111111111111,0.9570798042386496,0.7,0.9166666666666666,0.9166666666666666,1.0,0.672194400750951
conditional,27,ACP-Gini a=1.0,0.9166666666666666,0.9111111111111111,0.9579710841058648,0.7,0.9166666666666666,0.9166666666666666,1.0,0.672194400750951
conditional,27,Tree-global a=1.0,0.9188888888888889,0.9132740816226854,0.9600765326544662,0.7,0.9166666666666666,0.9242424242424242,1.0,0.672194400750951
conditional,27,ACP-Gini node a=1.0,0.9144444444444444,0.9089546336573567,0.9558442875364918,0.7,0.9166666666666666,0.9090909090909091,1.0,0.672194400750951
conditional,27,VIF+CART,0.92,0.9145136778115501,0.9533172155776508,0.7,0.9213836477987422,0.9166666666666666,1.0,0.672194400750951
conditional,27,Cluster+CART,0.92,0.9145136778115501,0.9533172155776508,0.7,0.9213836477987422,0.9166666666666666,1.0,0.672194400750951
conditional,28,CART,0.9144444444444444,0.9073528173166007,0.9467610714965828,0.7,0.9126984126984127,0.9185185185185185,1.0,0.6833343739748245
conditional,28,ACP-Gini a=0.5,0.9122222222222223,0.9051968398946632,0.9567084911449188,0.7,0.9095238095238095,0.9185185185185185,1.0,0.6833343739748245
conditional,28,Tree-global a=0.5,0.9044444444444445,0.897259728468347,0.9562271217282748,0.7,0.9095238095238095,0.8925925925925926,1.0,0.6833343739748245
conditional,28,ACP-Gini a=1.0,0.9155555555555556,0.9093203801119973,0.9611042931804235,0.7,0.9126984126984127,0.9222222222222223,1.0,0.6833343739748245
conditional,28,Tree-global a=1.0,0.8988888888888888,0.8925251857188412,0.9592740314424155,0.7,0.9126984126984127,0.8666666666666667,1.0,0.6833343739748245
conditional,28,ACP-Gini node a=1.0,0.9166666666666666,0.9099969998999966,0.9594723979602632,0.7,0.9158730158730158,0.9185185185185185,1.0,0.6833343739748245
conditional,28,VIF+CART,0.9144444444444444,0.9073528173166007,0.9467610714965828,0.7,0.9126984126984127,0.9185185185185185,1.0,0.6833343739748245
conditional,28,Cluster+CART,0.9144444444444444,0.9073528173166007,0.9467610714965828,0.7,0.9126984126984127,0.9185185185185185,1.0,0.6833343739748245
conditional,29,CART,0.9166666666666666,0.909516334647469,0.9636289980737347,0.7,0.9215070643642073,0.9049429657794676,1.0,0.6630480994597507
conditional,29,ACP-Gini a=0.5,0.9166666666666666,0.909516334647469,0.9656223339468051,0.7,0.9215070643642073,0.9049429657794676,1.0,0.6630480994597507
conditional,29,Tree-global a=0.5,0.9166666666666666,0.9092682179337079,0.9630521915963322,0.7,0.9215070643642073,0.9049429657794676,1.0,0.6630480994597507
conditional,29,ACP-Gini a=1.0,0.9166666666666666,0.9092682179337079,0.9655257523971005,0.7,0.9215070643642073,0.9049429657794676,1.0,0.6630480994597507
conditional,29,Tree-global a=1.0,0.9122222222222223,0.9045605557233465,0.9563880646667132,0.7,0.9215070643642073,0.8897338403041825,1.0,0.6630480994597507
conditional,29,ACP-Gini node a=1.0,0.9166666666666666,0.9092682179337079,0.9655257523971005,0.7,0.9215070643642073,0.9049429657794676,1.0,0.6630480994597507
conditional,29,VIF+CART,0.9166666666666666,0.909516334647469,0.9636289980737347,0.7,0.9215070643642073,0.9049429657794676,1.0,0.6630480994597507
conditional,29,Cluster+CART,0.9166666666666666,0.909516334647469,0.9636289980737347,0.7,0.9215070643642073,0.9049429657794676,1.0,0.6630480994597507
conditional,30,CART,0.9177777777777778,0.9113696974858804,0.9585315929355281,0.7,0.9216965742251223,0.9094076655052264,1.0,0.689178027073423
conditional,30,ACP-Gini a=0.5,0.9177777777777778,0.9114832535885168,0.9518282750342935,0.7,0.9216965742251223,0.9094076655052264,1.0,0.689178027073423
conditional,30,Tree-global a=0.5,0.9188888888888889,0.9122819900372634,0.9495322145061728,0.7,0.9216965742251223,0.9128919860627178,1.0,0.689178027073423
conditional,30,ACP-Gini a=1.0,0.9177777777777778,0.9114832535885168,0.9552067258230452,0.7,0.9216965742251223,0.9094076655052264,1.0,0.689178027073423
conditional,30,Tree-global a=1.0,0.9188888888888889,0.9122819900372634,0.9524900334362139,0.7,0.9216965742251223,0.9128919860627178,1.0,0.689178027073423
conditional,30,ACP-Gini node a=1.0,0.9166666666666666,0.9096384332509146,0.9577465920781894,0.7,0.9249592169657422,0.8989547038327527,1.0,0.689178027073423
conditional,30,VIF+CART,0.9177777777777778,0.9113696974858804,0.9585315929355281,0.7,0.9216965742251223,0.9094076655052264,1.0,0.689178027073423
conditional,30,Cluster+CART,0.9177777777777778,0.9113696974858804,0.9585315929355281,0.7,0.9216965742251223,0.9094076655052264,1.0,0.689178027073423
conditional,31,CART,0.9366666666666666,0.9299332522034148,0.975362908696242,0.7,0.9380952380952381,0.9333333333333333,1.0,0.6919951048502042
conditional,31,ACP-Gini a=0.5,0.9411111111111111,0.9353342217534593,0.9729127662460997,0.7,0.9476190476190476,0.9259259259259259,1.0,0.6919951048502042
conditional,31,Tree-global a=0.5,0.9355555555555556,0.9291819291819292,0.9694831094831096,0.7,0.9476190476190476,0.9074074074074074,1.0,0.6919951048502042
conditional,31,ACP-Gini a=1.0,0.9477777777777778,0.9423999999999999,0.97324650657984,0.7,0.9571428571428572,0.9259259259259259,1.0,0.6919951048502042
conditional,31,Tree-global a=1.0,0.9366666666666666,0.9297174587038693,0.9642572242572243,0.7,0.9571428571428572,0.8888888888888888,1.0,0.6919951048502042
conditional,31,ACP-Gini node a=1.0,0.9466666666666667,0.9410412765655451,0.966278659611993,0.7,0.953968253968254,0.9296296296296296,1.0,0.6919951048502042
conditional,31,VIF+CART,0.9366666666666666,0.9299332522034148,0.975362908696242,0.7,0.9380952380952381,0.9333333333333333,1.0,0.6919951048502042
conditional,31,Cluster+CART,0.9366666666666666,0.9299332522034148,0.975362908696242,0.7,0.9380952380952381,0.9333333333333333,1.0,0.6919951048502042
conditional,32,CART,0.9133333333333333,0.9068169630294309,0.956695652173913,0.7,0.9170506912442397,0.9036144578313253,1.0,0.6556277036453554
conditional,32,ACP-Gini a=0.5,0.9066666666666666,0.8985893728101475,0.9628628762541804,0.7,0.9062980030721967,0.9076305220883534,1.0,0.6556277036453554
conditional,32,Tree-global a=0.5,0.9055555555555556,0.8974518459337981,0.9602702341137123,0.7,0.9062980030721967,0.9036144578313253,1.0,0.6556277036453554
conditional,32,ACP-Gini a=1.0,0.9066666666666666,0.8985893728101475,0.9629939799331102,0.7,0.9062980030721967,0.9076305220883534,1.0,0.6556277036453554
conditional,32,Tree-global a=1.0,0.9088888888888889,0.9007311994576535,0.9699638795986623,0.7,0.9062980030721967,0.9156626506024096,1.0,0.6556277036453554
conditional,32,ACP-Gini node a=1.0,0.9088888888888889,0.901003911552763,0.9629725752508362,0.7,0.9109062980030722,0.9036144578313253,1.0,0.6556277036453554
conditional,32,VIF+CART,0.9133333333333333,0.9068169630294309,0.956695652173913,0.7,0.9170506912442397,0.9036144578313253,1.0,0.6556277036453554
conditional,32,Cluster+CART,0.9133333333333333,0.9068169630294309,0.956695652173913,0.7,0.9170506912442397,0.9036144578313253,1.0,0.6556277036453554
conditional,33,CART,0.9411111111111111,0.9372592141486391,0.9748889216450125,0.7,0.9407051282051282,0.9420289855072463,1.0,0.6756325158725347
conditional,33,ACP-Gini a=0.5,0.9411111111111111,0.9372592141486391,0.9773131672597865,0.7,0.9407051282051282,0.9420289855072463,1.0,0.6756325158725347
conditional,33,Tree-global a=0.5,0.94,0.9360378192844658,0.9767051317147128,0.7,0.9407051282051282,0.9384057971014492,1.0,0.6756325158725347
conditional,33,ACP-Gini a=1.0,0.9411111111111111,0.9372592141486391,0.9773131672597865,0.7,0.9407051282051282,0.9420289855072463,1.0,0.6756325158725347
conditional,33,Tree-global a=1.0,0.9311111111111111,0.9269005847953216,0.9687374971045927,0.7,0.9407051282051282,0.9094202898550725,1.0,0.6756325158725347
conditional,33,ACP-Gini node a=1.0,0.9433333333333334,0.9393369889736056,0.9782502263682117,0.7,0.9439102564102564,0.9420289855072463,1.0,0.6756325158725347
conditional,33,VIF+CART,0.9411111111111111,0.9372592141486391,0.9748889216450125,0.7,0.9407051282051282,0.9420289855072463,1.0,0.6756325158725347
conditional,33,Cluster+CART,0.9411111111111111,0.9372592141486391,0.9748889216450125,0.7,0.9407051282051282,0.9420289855072463,1.0,0.6756325158725347
conditional,34,CART,0.9188888888888889,0.9109320412830666,0.9656947701090834,0.7,0.9217527386541471,0.9118773946360154,1.0,0.6930007509261827
conditional,34,ACP-Gini a=0.5,0.9155555555555556,0.9069291518578791,0.9636075355071337,0.7,0.917057902973396,0.9118773946360154,1.0,0.6930007509261827
conditional,34,Tree-global a=0.5,0.9144444444444444,0.9056340425531915,0.9591406388332949,0.7,0.917057902973396,0.9080459770114943,1.0,0.6930007509261827
conditional,34,ACP-Gini a=1.0,0.9155555555555556,0.9069291518578791,0.9636075355071337,0.7,0.917057902973396,0.9118773946360154,1.0,0.6930007509261827
conditional,34,Tree-global a=1.0,0.9111111111111111,0.9028806673177259,0.9606000933621647,0.7,0.917057902973396,0.896551724137931,1.0,0.6930007509261827
conditional,34,ACP-Gini node a=1.0,0.9177777777777778,0.910415960486175,0.9636987514151881,0.7,0.92018779342723,0.9118773946360154,1.0,0.6930007509261827
conditional,34,VIF+CART,0.9188888888888889,0.9109320412830666,0.9656947701090834,0.7,0.9217527386541471,0.9118773946360154,1.0,0.6930007509261827
conditional,34,Cluster+CART,0.9188888888888889,0.9109320412830666,0.9656947701090834,0.7,0.9217527386541471,0.9118773946360154,1.0,0.6930007509261827
conditional,35,CART,0.9188888888888889,0.9108014429258213,0.9597711114964452,0.7,0.9363057324840764,0.8786764705882353,1.0,0.6599870080767438
conditional,35,ACP-Gini a=0.5,0.9222222222222223,0.9146544997398994,0.9575467097277613,0.7,0.9394904458598726,0.8823529411764706,1.0,0.6599870080767438
conditional,35,Tree-global a=0.5,0.9255555555555556,0.9188336817338094,0.9644583405583493,0.7,0.9394904458598726,0.8933823529411765,1.0,0.6599870080767438
conditional,35,ACP-Gini a=1.0,0.9211111111111111,0.9133722593301059,0.9574112406797294,0.7,0.9378980891719745,0.8823529411764706,1.0,0.6599870080767438
conditional,35,Tree-global a=1.0,0.9233333333333333,0.9159346483266122,0.9604213629269986,0.7,0.9394904458598726,0.8860294117647058,1.0,0.6599870080767438
conditional,35,ACP-Gini node a=1.0,0.9222222222222223,0.9145299145299145,0.956972320964106,0.7,0.9394904458598726,0.8823529411764706,1.0,0.6599870080767438
conditional,35,VIF+CART,0.9188888888888889,0.9108014429258213,0.9597711114964452,0.7,0.9363057324840764,0.8786764705882353,1.0,0.6599870080767438
conditional,35,Cluster+CART,0.9188888888888889,0.9108014429258213,0.9597711114964452,0.7,0.9363057324840764,0.8786764705882353,1.0,0.6599870080767438
conditional,36,CART,0.9177777777777778,0.9106620665232252,0.966331964670145,0.7,0.930379746835443,0.8880597014925373,1.0,0.6514096004928207
conditional,36,ACP-Gini a=0.5,0.9244444444444444,0.9179056827510719,0.96664220698288,0.7,0.939873417721519,0.8880597014925373,1.0,0.6514096004928207
conditional,36,Tree-global a=0.5,0.92,0.9128371507433054,0.9577153216538343,0.7,0.939873417721519,0.8731343283582089,1.0,0.6514096004928207
conditional,36,ACP-Gini a=1.0,0.9244444444444444,0.9179056827510719,0.96664220698288,0.7,0.939873417721519,0.8880597014925373,1.0,0.6514096004928207
conditional,36,Tree-global a=1.0,0.9188888888888889,0.9116877321221424,0.9568817140483115,0.7,0.939873417721519,0.8694029850746269,1.0,0.6514096004928207
conditional,36,ACP-Gini node a=1.0,0.9188888888888889,0.9119292323902031,0.9663103825962156,0.7,0.9319620253164557,0.8880597014925373,1.0,0.6514096004928207
conditional,36,VIF+CART,0.9177777777777778,0.9106620665232252,0.966331964670145,0.7,0.930379746835443,0.8880597014925373,1.0,0.6514096004928207
conditional,36,Cluster+CART,0.9177777777777778,0.9106620665232252,0.966331964670145,0.7,0.930379746835443,0.8880597014925373,1.0,0.6514096004928207
conditional,37,CART,0.9088888888888889,0.8998778998778999,0.9424456173766134,0.7,0.9158730158730158,0.8925925925925926,1.0,0.6705183636909737
conditional,37,ACP-Gini a=0.5,0.9055555555555556,0.8959850218431454,0.9368230755572773,0.7,0.9111111111111111,0.8925925925925926,1.0,0.6705183636909737
conditional,37,Tree-global a=0.5,0.9055555555555556,0.8959850218431454,0.9423272480751539,0.7,0.9111111111111111,0.8925925925925926,1.0,0.6705183636909737
conditional,37,ACP-Gini a=1.0,0.9033333333333333,0.8938505149537918,0.9340279459159901,0.7,0.9079365079365079,0.8925925925925926,1.0,0.6705183636909737
conditional,37,Tree-global a=1.0,0.9011111111111111,0.8909276595744682,0.9427227091504851,0.7,0.9079365079365079,0.8851851851851852,1.0,0.6705183636909737
conditional,37,ACP-Gini node a=1.0,0.9055555555555556,0.8959850218431454,0.933616343572278,0.7,0.9111111111111111,0.8925925925925926,1.0,0.6705183636909737
conditional,37,VIF+CART,0.9088888888888889,0.8998778998778999,0.9424456173766134,0.7,0.9158730158730158,0.8925925925925926,1.0,0.6705183636909737
conditional,37,Cluster+CART,0.9088888888888889,0.8998778998778999,0.9424456173766134,0.7,0.9158730158730158,0.8925925925925926,1.0,0.6705183636909737
conditional,38,CART,0.9266666666666666,0.9206408584681816,0.9645161119045976,0.7,0.9475409836065574,0.8827586206896552,1.0,0.665711457664534
conditional,38,ACP-Gini a=0.5,0.9288888888888889,0.9228395061728395,0.9599366036774115,0.7,0.9475409836065574,0.8896551724137931,1.0,0.665711457664534
conditional,38,Tree-global a=0.5,0.9288888888888889,0.9228395061728395,0.9598330669696663,0.7,0.9475409836065574,0.8896551724137931,1.0,0.665711457664534
conditional,38,ACP-Gini a=1.0,0.9288888888888889,0.9228395061728395,0.9599366036774115,0.7,0.9475409836065574,0.8896551724137931,1.0,0.665711457664534
conditional,38,Tree-global a=1.0,0.9255555555555556,0.9189462746874457,0.95988350792985,0.7,0.9475409836065574,0.8793103448275862,1.0,0.665711457664534
conditional,38,ACP-Gini node a=1.0,0.9311111111111111,0.9255487775589606,0.9632471235378757,0.7,0.9475409836065574,0.896551724137931,1.0,0.665711457664534
conditional,38,VIF+CART,0.9266666666666666,0.9206408584681816,0.9645161119045976,0.7,0.9475409836065574,0.8827586206896552,1.0,0.665711457664534
conditional,38,Cluster+CART,0.9266666666666666,0.9206408584681816,0.9645161119045976,0.7,0.9475409836065574,0.8827586206896552,1.0,0.665711457664534
conditional,39,CART,0.9055555555555556,0.8970278051846836,0.9498580787783508,0.7,0.9039370078740158,0.909433962264151,1.0,0.688746333539402
conditional,39,ACP-Gini a=0.5,0.9088888888888889,0.900311223497374,0.9516233748812852,0.7,0.9086614173228347,0.909433962264151,1.0,0.688746333539402
conditional,39,Tree-global a=0.5,0.9088888888888889,0.900311223497374,0.9462470019477278,0.7,0.9086614173228347,0.909433962264151,1.0,0.688746333539402
conditional,39,ACP-Gini a=1.0,0.9088888888888889,0.900311223497374,0.9516233748812852,0.7,0.9086614173228347,0.909433962264151,1.0,0.688746333539402
conditional,39,Tree-global a=1.0,0.9044444444444445,0.8954483563509046,0.9406103953941334,0.7,0.9086614173228347,0.8943396226415095,1.0,0.688746333539402
conditional,39,ACP-Gini node a=1.0,0.9088888888888889,0.9012709030100334,0.9521331108380595,0.7,0.9086614173228347,0.909433962264151,1.0,0.688746333539402
conditional,39,VIF+CART,0.9055555555555556,0.8970278051846836,0.9498580787783508,0.7,0.9039370078740158,0.909433962264151,1.0,0.688746333539402
conditional,39,Cluster+CART,0.9055555555555556,0.8970278051846836,0.9498580787783508,0.7,0.9039370078740158,0.909433962264151,1.0,0.688746333539402
conditional,40,CART,0.9055555555555556,0.8983900467405785,0.9661954091081331,0.7,0.9082278481012658,0.8992537313432836,1.0,0.6636931840636711
conditional,40,ACP-Gini a=0.5,0.9155555555555556,0.9093203801119973,0.9747079323908182,0.7,0.9082278481012658,0.9328358208955224,1.0,0.6636931840636711
conditional,40,Tree-global a=0.5,0.9177777777777778,0.9111388635381141,0.9728052900395472,0.7,0.9129746835443038,0.9291044776119403,1.0,0.6636931840636711
conditional,40,ACP-Gini a=1.0,0.9144444444444444,0.9080695805823852,0.9747853189661153,0.7,0.9066455696202531,0.9328358208955224,1.0,0.6636931840636711
conditional,40,Tree-global a=1.0,0.9077777777777778,0.9006541928053421,0.9770081816289607,0.7,0.9066455696202531,0.9104477611940298,1.0,0.6636931840636711
conditional,40,ACP-Gini node a=1.0,0.9222222222222223,0.9164792974715765,0.9770215241419431,0.7,0.9129746835443038,0.9440298507462687,1.0,0.6636931840636711
conditional,40,VIF+CART,0.9055555555555556,0.8983900467405785,0.9661954091081331,0.7,0.9082278481012658,0.8992537313432836,1.0,0.6636931840636711
conditional,40,Cluster+CART,0.9055555555555556,0.8983900467405785,0.9661954091081331,0.7,0.9082278481012658,0.8992537313432836,1.0,0.6636931840636711
conditional,41,CART,0.9155555555555556,0.9077366339518396,0.9309996679928809,0.7,0.9304897314375987,0.8801498127340824,1.0,0.699734418215308
conditional,41,ACP-Gini a=0.5,0.9155555555555556,0.9077366339518396,0.9349347687652056,0.7,0.9304897314375987,0.8801498127340824,1.0,0.699734418215308
conditional,41,Tree-global a=0.5,0.9133333333333333,0.9055735799719142,0.9345401701400416,0.7,0.9304897314375987,0.8726591760299626,1.0,0.699734418215308
conditional,41,ACP-Gini a=1.0,0.9155555555555556,0.9077366339518396,0.9507051069226204,0.7,0.9304897314375987,0.8801498127340824,1.0,0.699734418215308
conditional,41,Tree-global a=1.0,0.9111111111111111,0.9027426570706089,0.9328638063255521,0.7,0.9304897314375987,0.8651685393258427,1.0,0.699734418215308
conditional,41,ACP-Gini node a=1.0,0.9211111111111111,0.9136223851846845,0.9582296944990231,0.7,0.9383886255924171,0.8801498127340824,1.0,0.699734418215308
conditional,41,VIF+CART,0.9155555555555556,0.9077366339518396,0.9309996679928809,0.7,0.9304897314375987,0.8801498127340824,1.0,0.699734418215308
conditional,41,Cluster+CART,0.9155555555555556,0.9077366339518396,0.9309996679928809,0.7,0.9304897314375987,0.8801498127340824,1.0,0.699734418215308
conditional,42,CART,0.9166666666666666,0.9105693749792985,0.9654543403038964,0.7,0.9177018633540373,0.9140625,1.0,0.6928149884487484
conditional,42,ACP-Gini a=0.5,0.91,0.9025399766577228,0.9678909927142212,0.7,0.9083850931677019,0.9140625,1.0,0.6928149884487484
conditional,42,Tree-global a=0.5,0.9077777777777778,0.9002658242889434,0.9640922865309807,0.7,0.9083850931677019,0.90625,1.0,0.6928149884487484
conditional,42,ACP-Gini a=1.0,0.91,0.9025399766577228,0.9676250295514626,0.7,0.9083850931677019,0.9140625,1.0,0.6928149884487484
conditional,42,Tree-global a=1.0,0.9111111111111111,0.9040593552788675,0.9667626641449418,0.7,0.9083850931677019,0.91796875,1.0,0.6928149884487484
conditional,42,ACP-Gini node a=1.0,0.9155555555555556,0.9089742839044177,0.9675847321025597,0.7,0.9161490683229814,0.9140625,1.0,0.6928149884487484
conditional,42,VIF+CART,0.9166666666666666,0.9105693749792985,0.9654543403038964,0.7,0.9177018633540373,0.9140625,1.0,0.6928149884487484
conditional,42,Cluster+CART,0.9166666666666666,0.9105693749792985,0.9654543403038964,0.7,0.9177018633540373,0.9140625,1.0,0.6928149884487484
conditional,43,CART,0.9211111111111111,0.9163366174593303,0.9631474843034108,0.7,0.9197431781701445,0.924187725631769,1.0,0.7001464430301838
conditional,43,ACP-Gini a=0.5,0.9144444444444444,0.9094684504734944,0.9636777744781945,0.7,0.913322632423756,0.9169675090252708,1.0,0.7001464430301838
conditional,43,Tree-global a=0.5,0.9122222222222223,0.9071169816546241,0.9597456728321737,0.7,0.9165329052969502,0.9025270758122743,1.0,0.7001464430301838
conditional,43,ACP-Gini a=1.0,0.9144444444444444,0.9094684504734944,0.9636777744781945,0.7,0.913322632423756,0.9169675090252708,1.0,0.7001464430301838
conditional,43,Tree-global a=1.0,0.9077777777777778,0.9021963274524565,0.9601646020702529,0.7,0.9101123595505618,0.9025270758122743,1.0,0.7001464430301838
conditional,43,ACP-Gini node a=1.0,0.9144444444444444,0.9093680481173272,0.9640516290514171,0.7,0.9117174959871589,0.9205776173285198,1.0,0.7001464430301838
conditional,43,VIF+CART,0.9211111111111111,0.9163366174593303,0.9631474843034108,0.7,0.9197431781701445,0.924187725631769,1.0,0.7001464430301838
conditional,43,Cluster+CART,0.8788888888888889,0.8735458090296799,0.9281138639063296,0.7,0.913322632423756,0.8014440433212996,1.0,0.7001464430301838
conditional,44,CART,0.9244444444444444,0.9185559382302685,0.9643345905172415,0.7,0.9345047923322684,0.9014598540145985,1.0,0.6580797344648442
conditional,44,ACP-Gini a=0.5,0.9155555555555556,0.9087372112013065,0.9673949353448277,0.7,0.9217252396166135,0.9014598540145985,1.0,0.6580797344648442
conditional,44,Tree-global a=0.5,0.9155555555555556,0.9087372112013065,0.9672386853448276,0.7,0.9217252396166135,0.9014598540145985,1.0,0.6580797344648442
conditional,44,ACP-Gini a=1.0,0.9155555555555556,0.9087372112013065,0.9673949353448277,0.7,0.9217252396166135,0.9014598540145985,1.0,0.6580797344648442
conditional,44,Tree-global a=1.0,0.9066666666666666,0.8985893728101475,0.9526481681034482,0.7,0.9217252396166135,0.8722627737226277,1.0,0.6580797344648442
conditional,44,ACP-Gini node a=1.0,0.9177777777777778,0.9113696974858804,0.9669288793103448,0.7,0.9249201277955271,0.9014598540145985,1.0,0.6580797344648442
conditional,44,VIF+CART,0.9244444444444444,0.9185559382302685,0.9643345905172415,0.7,0.9345047923322684,0.9014598540145985,1.0,0.6580797344648442
conditional,44,Cluster+CART,0.9244444444444444,0.9185559382302685,0.9643345905172415,0.7,0.9345047923322684,0.9014598540145985,1.0,0.6580797344648442
conditional,45,CART,0.9333333333333333,0.9288466302291138,0.9684941071919765,0.7,0.9331210191082803,0.9338235294117647,1.0,0.6584283935489635
conditional,45,ACP-Gini a=0.5,0.9322222222222222,0.9273531813087278,0.9717896362751528,0.7,0.9315286624203821,0.9338235294117647,1.0,0.6584283935489635
conditional,45,Tree-global a=0.5,0.9333333333333333,0.9284108264042084,0.9683724423943632,0.7,0.9347133757961783,0.9301470588235294,1.0,0.6584283935489635
conditional,45,ACP-Gini a=1.0,0.9322222222222222,0.9273531813087278,0.9717896362751528,0.7,0.9315286624203821,0.9338235294117647,1.0,0.6584283935489635
conditional,45,Tree-global a=1.0,0.93,0.9243974799159972,0.968279871352701,0.7,0.9315286624203821,0.9264705882352942,1.0,0.6584283935489635
conditional,45,ACP-Gini node a=1.0,0.9233333333333333,0.9174113169104651,0.9682269736146081,0.7,0.9299363057324841,0.9080882352941176,1.0,0.6584283935489635
conditional,45,VIF+CART,0.9333333333333333,0.9288466302291138,0.9684941071919765,0.7,0.9331210191082803,0.9338235294117647,1.0,0.6584283935489635
conditional,45,Cluster+CART,0.9333333333333333,0.9288466302291138,0.9684941071919765,0.7,0.9331210191082803,0.9338235294117647,1.0,0.6584283935489635
conditional,46,CART,0.93,0.9234643258718925,0.9551732441471571,0.7,0.9291338582677166,0.9320754716981132,1.0,0.7184203048466428
conditional,46,ACP-Gini a=0.5,0.9222222222222223,0.9153753573040468,0.9608722408026755,0.7,0.9181102362204724,0.9320754716981132,1.0,0.7184203048466428
conditional,46,Tree-global a=0.5,0.9211111111111111,0.9145720783049175,0.962210033444816,0.7,0.9181102362204724,0.9283018867924528,1.0,0.7184203048466428
conditional,46,ACP-Gini a=1.0,0.9255555555555556,0.9188336817338094,0.9602755852842808,0.7,0.9228346456692913,0.9320754716981132,1.0,0.7184203048466428
conditional,46,Tree-global a=1.0,0.9166666666666666,0.9099969998999966,0.9553685618729096,0.7,0.9228346456692913,0.9018867924528302,1.0,0.7184203048466428
conditional,46,ACP-Gini node a=1.0,0.9222222222222223,0.9153753573040468,0.9608722408026755,0.7,0.9181102362204724,0.9320754716981132,1.0,0.7184203048466428
conditional,46,VIF+CART,0.93,0.9234643258718925,0.9551732441471571,0.7,0.9291338582677166,0.9320754716981132,1.0,0.7184203048466428
conditional,46,Cluster+CART,0.88,0.8722256400548956,0.9329150501672241,0.7,0.9244094488188976,0.7735849056603774,1.0,0.7184203048466428
conditional,47,CART,0.9211111111111111,0.9138673557278207,0.9573009647098067,0.7,0.9372990353697749,0.8848920863309353,1.0,0.7220235960367741
conditional,47,ACP-Gini a=0.5,0.9222222222222223,0.9151400862068966,0.9596683507390011,0.7,0.9340836012861736,0.89568345323741,1.0,0.7220235960367741
conditional,47,Tree-global a=0.5,0.9233333333333333,0.9166414980368469,0.9597517472923021,0.7,0.932475884244373,0.9028776978417267,1.0,0.7220235960367741
conditional,47,ACP-Gini a=1.0,0.9222222222222223,0.9151400862068966,0.9596683507390011,0.7,0.9340836012861736,0.89568345323741,1.0,0.7220235960367741
conditional,47,Tree-global a=1.0,0.9233333333333333,0.9167550278756714,0.9597302256011278,0.7,0.932475884244373,0.9028776978417267,1.0,0.7220235960367741
conditional,47,ACP-Gini node a=1.0,0.9233333333333333,0.9162936273974597,0.9622159809317816,0.7,0.9405144694533762,0.8848920863309353,1.0,0.7220235960367741
conditional,47,VIF+CART,0.9211111111111111,0.9138673557278207,0.9573009647098067,0.7,0.9372990353697749,0.8848920863309353,1.0,0.7220235960367741
conditional,47,Cluster+CART,0.8777777777777778,0.868588024785095,0.9269526899423757,0.7,0.9340836012861736,0.7517985611510791,1.0,0.7220235960367741
conditional,48,CART,0.9144444444444444,0.9054919668171795,0.9536095768230566,0.7,0.9236760124610592,0.8914728682170543,1.0,0.6814416416298167
conditional,48,ACP-Gini a=0.5,0.9122222222222223,0.9036113871419489,0.9522099120978315,0.7,0.9221183800623053,0.8875968992248062,1.0,0.6814416416298167
conditional,48,Tree-global a=0.5,0.9111111111111111,0.9024622854170279,0.9541253841690128,0.7,0.9205607476635514,0.8875968992248062,1.0,0.6814416416298167
conditional,48,ACP-Gini a=1.0,0.9111111111111111,0.901883830455259,0.9487765694513098,0.7,0.9205607476635514,0.8875968992248062,1.0,0.6814416416298167
conditional,48,Tree-global a=1.0,0.9155555555555556,0.9069291518578791,0.9402603752498441,0.7,0.9205607476635514,0.9031007751937985,1.0,0.6814416416298167
conditional,48,ACP-Gini node a=1.0,0.91,0.9001248097370775,0.9506759225429302,0.7,0.9252336448598131,0.872093023255814,1.0,0.6814416416298167
conditional,48,VIF+CART,0.9144444444444444,0.9054919668171795,0.9536095768230566,0.7,0.9236760124610592,0.8914728682170543,1.0,0.6814416416298167
conditional,48,Cluster+CART,0.9144444444444444,0.9054919668171795,0.9536095768230566,0.7,0.9236760124610592,0.8914728682170543,1.0,0.6814416416298167
conditional,49,CART,0.9333333333333333,0.9286752080306433,0.9797439723052581,0.7,0.9281150159744409,0.9452554744525548,1.0,0.7117086129909346
conditional,49,ACP-Gini a=0.5,0.9311111111111111,0.9263867781155015,0.9780980041308491,0.7,0.9201277955271565,0.9562043795620438,1.0,0.7117086129909346
conditional,49,Tree-global a=0.5,0.9366666666666666,0.932200164146971,0.9766060136243689,0.7,0.9313099041533547,0.948905109489051,1.0,0.7117086129909346
conditional,49,ACP-Gini a=1.0,0.9311111111111111,0.9263867781155015,0.9809651744991745,0.7,0.9201277955271565,0.9562043795620438,1.0,0.7117086129909346
conditional,49,Tree-global a=1.0,0.9233333333333333,0.917197239907997,0.9639400230435544,0.7,0.9217252396166135,0.927007299270073,1.0,0.7117086129909346
conditional,49,ACP-Gini node a=1.0,0.9288888888888889,0.9236382148311556,0.9686549254270225,0.7,0.9249201277955271,0.9379562043795621,1.0,0.7117086129909346
conditional,49,VIF+CART,0.9333333333333333,0.9286752080306433,0.9797439723052581,0.7,0.9281150159744409,0.9452554744525548,1.0,0.7117086129909346
conditional,49,Cluster+CART,0.8844444444444445,0.8784415584415584,0.9457626938658482,0.7,0.9201277955271565,0.8029197080291971,1.0,0.7117086129909346
conditional,0,CART,0.9244444444444444,0.906305114638448,0.9540741713473924,0.8,0.9242219215155616,0.9254658385093167,0.0,0.7913388971443948
conditional,0,ACP-Gini a=0.5,0.9266666666666666,0.9090608465608465,0.9634545248342099,0.8,0.9242219215155616,0.937888198757764,0.0,0.7913388971443948
conditional,0,Tree-global a=0.5,0.9266666666666666,0.9090608465608465,0.9657108236684553,0.8,0.9242219215155616,0.937888198757764,0.0,0.7913388971443948
conditional,0,ACP-Gini a=1.0,0.9166666666666666,0.8955067920585162,0.9482424148366572,0.8,0.9242219215155616,0.8819875776397516,0.0,0.7913388971443948
conditional,0,Tree-global a=1.0,0.9144444444444444,0.8929880124955412,0.9490989727274356,0.8,0.9242219215155616,0.8695652173913043,0.0,0.7913388971443948
conditional,0,ACP-Gini node a=1.0,0.9177777777777778,0.897789427804959,0.954960574460846,0.8,0.925575101488498,0.8819875776397516,0.0,0.7913388971443948
conditional,0,VIF+CART,0.9244444444444444,0.906305114638448,0.9540741713473924,0.8,0.9242219215155616,0.9254658385093167,0.0,0.7913388971443948
conditional,0,Cluster+CART,0.9088888888888889,0.8878248974008208,0.9403304463054599,0.8,0.9269282814614344,0.8260869565217391,0.0,0.7913388971443948
conditional,1,CART,0.9388888888888889,0.9244910007001743,0.9509574205362037,0.8,0.9572413793103448,0.8628571428571429,1.0,0.7692605029522229
conditional,1,ACP-Gini a=0.5,0.94,0.9255952380952381,0.9445334570139562,0.8,0.9572413793103448,0.8685714285714285,1.0,0.7692605029522229
conditional,1,Tree-global a=0.5,0.9322222222222222,0.9164534886375223,0.9363235533282335,0.8,0.9517241379310345,0.8514285714285714,1.0,0.7692605029522229
conditional,1,ACP-Gini a=1.0,0.94,0.9255952380952381,0.9445334570139562,0.8,0.9572413793103448,0.8685714285714285,1.0,0.7692605029522229
conditional,1,Tree-global a=1.0,0.9355555555555556,0.9210292222134813,0.9352995741451278,0.8,0.9517241379310345,0.8685714285714285,1.0,0.7692605029522229
conditional,1,ACP-Gini node a=1.0,0.9311111111111111,0.9143641151879385,0.9493612176919509,0.8,0.9462068965517242,0.8685714285714285,1.0,0.7692605029522229
conditional,1,VIF+CART,0.9388888888888889,0.9244910007001743,0.9509574205362037,0.8,0.9572413793103448,0.8628571428571429,1.0,0.7692605029522229
conditional,1,Cluster+CART,0.9122222222222223,0.8935423158064956,0.9436148874526409,0.8,0.9572413793103448,0.7257142857142858,1.0,0.7692605029522229
conditional,2,CART,0.9366666666666666,0.9238690547742117,0.9530150945388627,0.8,0.9376731301939059,0.9325842696629213,1.0,0.7600349462452985
conditional,2,ACP-Gini a=0.5,0.94,0.9274761088992485,0.9525780392939065,0.8,0.9418282548476454,0.9325842696629213,1.0,0.7600349462452985
conditional,2,Tree-global a=0.5,0.94,0.9274761088992485,0.9500026399310099,0.8,0.9418282548476454,0.9325842696629213,1.0,0.7600349462452985
conditional,2,ACP-Gini a=1.0,0.94,0.9274761088992485,0.9525780392939065,0.8,0.9418282548476454,0.9325842696629213,1.0,0.7600349462452985
conditional,2,Tree-global a=1.0,0.9333333333333333,0.9188701923076923,0.9532350887896797,0.8,0.9418282548476454,0.898876404494382,1.0,0.7600349462452985
conditional,2,ACP-Gini node a=1.0,0.9333333333333333,0.9194178987769428,0.9480050921335922,0.8,0.9335180055401662,0.9325842696629213,1.0,0.7600349462452985
conditional,2,VIF+CART,0.9366666666666666,0.9238690547742117,0.9530150945388627,0.8,0.9376731301939059,0.9325842696629213,1.0,0.7600349462452985
conditional,2,Cluster+CART,0.9044444444444445,0.8871877987920058,0.9338931942578568,0.8,0.9418282548476454,0.7528089887640449,1.0,0.7600349462452985
conditional,3,CART,0.9033333333333333,0.889243930694708,0.9627124861695391,0.8,0.913769123783032,0.861878453038674,0.0,0.7800333527836232
conditional,3,ACP-Gini a=0.5,0.91,0.8947065866879661,0.9630408671624924,0.8,0.9221140472878998,0.861878453038674,0.0,0.7800333527836232
conditional,3,Tree-global a=0.5,0.9088888888888889,0.8941334435034083,0.9621888516132086,0.8,0.9207232267037552,0.861878453038674,0.0,0.7800333527836232
conditional,3,ACP-Gini a=1.0,0.9066666666666666,0.8904798604632296,0.9658217512469602,0.8,0.9221140472878998,0.8453038674033149,0.0,0.7800333527836232
conditional,3,Tree-global a=1.0,0.9066666666666666,0.8904798604632296,0.9658217512469602,0.8,0.9221140472878998,0.8453038674033149,0.0,0.7800333527836232
conditional,3,ACP-Gini node a=1.0,0.9111111111111111,0.8969137110491321,0.9713894361905437,0.8,0.9235048678720446,0.861878453038674,0.0,0.7800333527836232
conditional,3,VIF+CART,0.9033333333333333,0.889243930694708,0.9627124861695391,0.8,0.913769123783032,0.861878453038674,0.0,0.7800333527836232
conditional,3,Cluster+CART,0.89,0.8746438746438747,0.9492459070711374,0.8,0.9221140472878998,0.7624309392265194,0.0,0.7800333527836232
conditional,4,CART,0.93,0.9147161944470766,0.9599000587889477,0.8,0.9378453038674033,0.8977272727272727,1.0,0.7655535276904071
conditional,4,ACP-Gini a=0.5,0.93,0.9160386843987437,0.9673221634332746,0.8,0.9378453038674033,0.8977272727272727,1.0,0.7655535276904071
conditional,4,Tree-global a=0.5,0.9288888888888889,0.9153439153439153,0.9567813051146384,0.8,0.9337016574585635,0.9090909090909091,1.0,0.7655535276904071
conditional,4,ACP-Gini a=1.0,0.9277777777777778,0.9133732458082275,0.963530276308054,0.8,0.9350828729281768,0.8977272727272727,1.0,0.7655535276904071
conditional,4,Tree-global a=1.0,0.9166666666666666,0.8991596638655461,0.9552910052910053,0.8,0.9267955801104972,0.875,1.0,0.7655535276904071
conditional,4,ACP-Gini node a=1.0,0.9322222222222222,0.9168472852683378,0.9700499706055261,0.8,0.9406077348066298,0.8977272727272727,1.0,0.7655535276904071
conditional,4,VIF+CART,0.93,0.9147161944470766,0.9599000587889477,0.8,0.9378453038674033,0.8977272727272727,1.0,0.7655535276904071
conditional,4,Cluster+CART,0.9066666666666666,0.8904798604632296,0.9518165784832452,0.8,0.9350828729281768,0.7897727272727273,1.0,0.7655535276904071
conditional,5,CART,0.9288888888888889,0.9146130310002134,0.9717570740731956,0.8,0.9337016574585635,0.9090909090909091,0.0,0.7922145142198297
conditional,5,ACP-Gini a=0.5,0.9266666666666666,0.9121358964801107,0.9733669742178791,0.8,0.9337016574585635,0.8977272727272727,0.0,0.7922145142198297
conditional,5,Tree-global a=0.5,0.9266666666666666,0.9121358964801107,0.9720683807310073,0.8,0.9337016574585635,0.8977272727272727,0.0,0.7922145142198297
conditional,5,ACP-Gini a=1.0,0.92,0.9035162950257289,0.9709684305400725,0.8,0.930939226519337,0.875,0.0,0.7922145142198297
conditional,5,Tree-global a=1.0,0.9166666666666666,0.8991596638655461,0.9708883802566353,0.8,0.930939226519337,0.8579545454545454,0.0,0.7922145142198297
conditional,5,ACP-Gini node a=1.0,0.9288888888888889,0.9136581943769899,0.9684186807713291,0.8,0.9392265193370166,0.8863636363636364,0.0,0.7922145142198297
conditional,5,VIF+CART,0.9288888888888889,0.9146130310002134,0.9717570740731956,0.8,0.9337016574585635,0.9090909090909091,0.0,0.7922145142198297
conditional,5,Cluster+CART,0.9088888888888889,0.892434877917959,0.9622518441213445,0.8,0.930939226519337,0.8181818181818182,0.0,0.7922145142198297
conditional,6,CART,0.9333333333333333,0.9206349206349206,0.9496565156430579,0.8,0.9357541899441341,0.9239130434782609,1.0,0.7565880016934622
conditional,6,ACP-Gini a=0.5,0.92,0.9059364548494984,0.9519180565414557,0.8,0.9189944134078212,0.9239130434782609,1.0,0.7565880016934622
conditional,6,Tree-global a=0.5,0.9222222222222223,0.9087332170526914,0.9517009955473162,0.8,0.9217877094972067,0.9239130434782609,1.0,0.7565880016934622
conditional,6,ACP-Gini a=1.0,0.92,0.9059364548494984,0.9519180565414557,0.8,0.9189944134078212,0.9239130434782609,1.0,0.7565880016934622
conditional,6,Tree-global a=1.0,0.9166666666666666,0.9025060987851538,0.9526953695610088,0.8,0.9189944134078212,0.907608695652174,1.0,0.7565880016934622
conditional,6,ACP-Gini node a=1.0,0.92,0.9059364548494984,0.9521908494124687,0.8,0.9189944134078212,0.9239130434782609,1.0,0.7565880016934622
conditional,6,VIF+CART,0.9333333333333333,0.9206349206349206,0.9496565156430579,0.8,0.9357541899441341,0.9239130434782609,1.0,0.7565880016934622
conditional,6,Cluster+CART,0.8855555555555555,0.8676544281514879,0.9207551375990708,0.8,0.9217877094972067,0.7445652173913043,1.0,0.7565880016934622
conditional,7,CART,0.9122222222222223,0.8915416191875232,0.9596961647019757,0.8,0.922752808988764,0.8723404255319149,1.0,0.7480137965135403
conditional,7,ACP-Gini a=0.5,0.9133333333333333,0.8922645320106324,0.9621599345366572,0.8,0.9241573033707865,0.8723404255319149,1.0,0.7480137965135403
conditional,7,Tree-global a=0.5,0.9144444444444444,0.8932530703220429,0.9543001826332393,0.8,0.9241573033707865,0.8776595744680851,1.0,0.7480137965135403
conditional,7,ACP-Gini a=1.0,0.9133333333333333,0.8922645320106324,0.9621599345366572,0.8,0.9241573033707865,0.8723404255319149,1.0,0.7480137965135403
conditional,7,Tree-global a=1.0,0.9211111111111111,0.9018130021711772,0.9582018927444795,0.8,0.9241573033707865,0.9095744680851063,1.0,0.7480137965135403
conditional,7,ACP-Gini node a=1.0,0.9133333333333333,0.892526455026455,0.9613268186238466,0.8,0.9241573033707865,0.8723404255319149,1.0,0.7480137965135403
conditional,7,VIF+CART,0.9122222222222223,0.8915416191875232,0.9596961647019757,0.8,0.922752808988764,0.8723404255319149,1.0,0.7480137965135403
conditional,7,Cluster+CART,0.8888888888888888,0.8632010943912449,0.9429389720357677,0.8,0.9199438202247191,0.7712765957446809,1.0,0.7480137965135403
conditional,8,CART,0.9333333333333333,0.9226852832868491,0.96464582952259,0.8,0.9345661450924608,0.9289340101522843,1.0,0.7741515674595066
conditional,8,ACP-Gini a=0.5,0.9366666666666666,0.9268979806457772,0.967858286080117,0.8,0.9388335704125178,0.9289340101522843,1.0,0.7741515674595066
conditional,8,Tree-global a=0.5,0.9366666666666666,0.9268979806457772,0.967858286080117,0.8,0.9388335704125178,0.9289340101522843,1.0,0.7741515674595066
conditional,8,ACP-Gini a=1.0,0.9366666666666666,0.9268979806457772,0.9678897247119078,0.8,0.9388335704125178,0.9289340101522843,1.0,0.7741515674595066
conditional,8,Tree-global a=1.0,0.9333333333333333,0.9226852832868491,0.9662234772269983,0.8,0.9388335704125178,0.9137055837563451,1.0,0.7741515674595066
conditional,8,ACP-Gini node a=1.0,0.9344444444444444,0.9240463960658607,0.9668293854033291,0.8,0.9345661450924608,0.934010152284264,1.0,0.7741515674595066
conditional,8,VIF+CART,0.9333333333333333,0.9226852832868491,0.96464582952259,0.8,0.9345661450924608,0.9289340101522843,1.0,0.7741515674595066
conditional,8,Cluster+CART,0.8966666666666666,0.8807282842115314,0.9459798564111944,0.8,0.9388335704125178,0.7461928934010152,1.0,0.7741515674595066
conditional,9,CART,0.9155555555555556,0.8986029743127535,0.9533860612038656,0.8,0.9217032967032966,0.8895348837209303,1.0,0.7798584004027971
conditional,9,ACP-Gini a=0.5,0.9322222222222222,0.9168472852683378,0.9574253711021417,0.8,0.9423076923076923,0.8895348837209303,1.0,0.7798584004027971
conditional,9,Tree-global a=0.5,0.9322222222222222,0.9168472852683378,0.9490835153796346,0.8,0.9423076923076923,0.8895348837209303,1.0,0.7798584004027971
conditional,9,ACP-Gini a=1.0,0.9333333333333333,0.9183060919449806,0.95766440142571,0.8,0.9436813186813187,0.8895348837209303,1.0,0.7798584004027971
conditional,9,Tree-global a=1.0,0.9311111111111111,0.9151846785225718,0.9475525110286775,0.8,0.9436813186813187,0.877906976744186,1.0,0.7798584004027971
conditional,9,ACP-Gini node a=1.0,0.9255555555555556,0.9080163099438487,0.9574404996036332,0.8,0.9340659340659341,0.8895348837209303,1.0,0.7798584004027971
conditional,9,VIF+CART,0.9155555555555556,0.8986029743127535,0.9533860612038656,0.8,0.9217032967032966,0.8895348837209303,1.0,0.7798584004027971
conditional,9,Cluster+CART,0.9066666666666666,0.8884139429435103,0.9318612292815172,0.8,0.9436813186813187,0.75,1.0,0.7798584004027971
conditional,10,CART,0.92,0.9007936507936507,0.9572692533803644,0.8,0.9267955801104972,0.8920454545454546,1.0,0.7431532057471495
conditional,10,ACP-Gini a=0.5,0.9111111111111111,0.8918269230769231,0.9625102880658436,0.8,0.9171270718232044,0.8863636363636364,1.0,0.7431532057471495
conditional,10,Tree-global a=0.5,0.9033333333333333,0.8822271256650107,0.9566666666666666,0.8,0.9157458563535912,0.8522727272727273,1.0,0.7431532057471495
conditional,10,ACP-Gini a=1.0,0.9144444444444444,0.8962374470519008,0.9629188712522045,0.8,0.9171270718232044,0.9034090909090909,1.0,0.7431532057471495
conditional,10,Tree-global a=1.0,0.9155555555555556,0.8974691058226756,0.9582392710170488,0.8,0.9171270718232044,0.9090909090909091,1.0,0.7431532057471495
conditional,10,ACP-Gini node a=1.0,0.9177777777777778,0.8997102741252507,0.9565285126396238,0.8,0.9212707182320442,0.9034090909090909,1.0,0.7431532057471495
conditional,10,VIF+CART,0.92,0.9007936507936507,0.9572692533803644,0.8,0.9267955801104972,0.8920454545454546,1.0,0.7431532057471495
conditional,10,Cluster+CART,0.8888888888888888,0.8662902986183332,0.9302821869488537,0.8,0.9157458563535912,0.7784090909090909,1.0,0.7431532057471495
conditional,11,CART,0.9166666666666666,0.9015160689299977,0.9695453143900763,0.8,0.9225449515905948,0.8926553672316384,0.0,0.7642007941084286
conditional,11,ACP-Gini a=0.5,0.8955555555555555,0.8771948160535117,0.9635000355779038,0.8,0.9045643153526971,0.8587570621468926,0.0,0.7642007941084286
conditional,11,Tree-global a=0.5,0.9011111111111111,0.8831324017969305,0.9663581271791466,0.8,0.9114799446749654,0.8587570621468926,0.0,0.7642007941084286
conditional,11,ACP-Gini a=1.0,0.8977777777777778,0.8809927618302968,0.961178577358222,0.8,0.9045643153526971,0.8700564971751412,0.0,0.7642007941084286
conditional,11,Tree-global a=1.0,0.8977777777777778,0.8809927618302968,0.961178577358222,0.8,0.9045643153526971,0.8700564971751412,0.0,0.7642007941084286
conditional,11,ACP-Gini node a=1.0,0.8955555555555555,0.8771948160535117,0.96202058774697,0.8,0.9045643153526971,0.8587570621468926,0.0,0.7642007941084286
conditional,11,VIF+CART,0.9166666666666666,0.9015160689299977,0.9695453143900763,0.8,0.9225449515905948,0.8926553672316384,0.0,0.7642007941084286
conditional,11,Cluster+CART,0.8666666666666667,0.8419351817159986,0.9478843006570052,0.8,0.9045643153526971,0.711864406779661,0.0,0.7642007941084286
conditional,12,CART,0.9222222222222223,0.9068107992970872,0.9349848856980918,0.8,0.9272727272727272,0.9027027027027027,1.0,0.7665879531992793
conditional,12,ACP-Gini a=0.5,0.9222222222222223,0.9068107992970872,0.9295443274135652,0.8,0.9272727272727272,0.9027027027027027,1.0,0.7665879531992793
conditional,12,Tree-global a=0.5,0.9266666666666666,0.9117515970880998,0.9381199225392027,0.8,0.9272727272727272,0.9243243243243243,1.0,0.7665879531992793
conditional,12,ACP-Gini a=1.0,0.9233333333333333,0.9078414873582562,0.9325996599282071,0.8,0.9286713286713286,0.9027027027027027,1.0,0.7665879531992793
conditional,12,Tree-global a=1.0,0.9277777777777778,0.9131840098302414,0.9323015067069714,0.8,0.9272727272727272,0.9297297297297298,1.0,0.7665879531992793
conditional,12,ACP-Gini node a=1.0,0.9222222222222223,0.9068107992970872,0.9377125448705838,0.8,0.9272727272727272,0.9027027027027027,1.0,0.7665879531992793
conditional,12,VIF+CART,0.9222222222222223,0.9068107992970872,0.9349848856980918,0.8,0.9272727272727272,0.9027027027027027,1.0,0.7665879531992793
conditional,12,Cluster+CART,0.8911111111111111,0.8703703703703705,0.9086972180238051,0.8,0.9272727272727272,0.7513513513513513,1.0,0.7665879531992793
conditional,13,CART,0.9044444444444445,0.8837139423076923,0.9696528628314134,0.8,0.8978201634877384,0.9337349397590361,1.0,0.7660932461073963
conditional,13,ACP-Gini a=0.5,0.9066666666666666,0.8866763801197992,0.9695966534722593,0.8,0.9005449591280654,0.9337349397590361,1.0,0.7660932461073963
conditional,13,Tree-global a=0.5,0.8988888888888888,0.8768122808679997,0.9652833247540101,0.8,0.8991825613079019,0.8975903614457831,1.0,0.7660932461073963
conditional,13,ACP-Gini a=1.0,0.91,0.8908471845610904,0.9694812763666271,0.8,0.9046321525885559,0.9337349397590361,1.0,0.7660932461073963
conditional,13,Tree-global a=1.0,0.9,0.8791268481654142,0.9656412896202022,0.8,0.9046321525885559,0.8795180722891566,1.0,0.7660932461073963
conditional,13,ACP-Gini node a=1.0,0.9044444444444445,0.8829053984544724,0.9647093976131732,0.8,0.8978201634877384,0.9337349397590361,1.0,0.7660932461073963
conditional,13,VIF+CART,0.9044444444444445,0.8837139423076923,0.9696528628314134,0.8,0.8978201634877384,0.9337349397590361,1.0,0.7660932461073963
conditional,13,Cluster+CART,0.8788888888888889,0.8550478371689262,0.9469117394725786,0.8,0.9059945504087193,0.7590361445783133,1.0,0.7660932461073963
conditional,14,CART,0.9277777777777778,0.9144705581344348,0.9684953829440521,0.8,0.926490984743412,0.9329608938547486,1.0,0.7796935522713442
conditional,14,ACP-Gini a=0.5,0.9333333333333333,0.9206349206349206,0.9672239764580883,0.8,0.9334257975034674,0.9329608938547486,1.0,0.7796935522713442
conditional,14,Tree-global a=0.5,0.9333333333333333,0.9204661274073724,0.968689376891441,0.8,0.9334257975034674,0.9329608938547486,1.0,0.7796935522713442
conditional,14,ACP-Gini a=1.0,0.9322222222222222,0.9193973446637078,0.9692892658672128,0.8,0.9320388349514563,0.9329608938547486,1.0,0.7796935522713442
conditional,14,Tree-global a=1.0,0.9311111111111111,0.9185025500814974,0.968925154150575,0.8,0.9320388349514563,0.9273743016759777,1.0,0.7796935522713442
conditional,14,ACP-Gini node a=1.0,0.9277777777777778,0.9142921188306807,0.9702950498713672,0.8,0.926490984743412,0.9329608938547486,1.0,0.7796935522713442
conditional,14,VIF+CART,0.9277777777777778,0.9144705581344348,0.9684953829440521,0.8,0.926490984743412,0.9329608938547486,1.0,0.7796935522713442
conditional,14,Cluster+CART,0.9,0.8824205685618729,0.9505554195939856,0.8,0.9320388349514563,0.770949720670391,1.0,0.7796935522713442
conditional,15,CART,0.9322222222222222,0.9197339084030849,0.9672072794276007,0.8,0.9332425068119891,0.927710843373494,1.0,0.7902231127111321
conditional,15,ACP-Gini a=0.5,0.93,0.9164001645457078,0.9713890018904496,0.8,0.9305177111716622,0.927710843373494,1.0,0.7902231127111321
conditional,15,Tree-global a=0.5,0.9222222222222223,0.9059875485730999,0.9696600780109599,0.8,0.9305177111716622,0.8855421686746988,1.0,0.7902231127111321
conditional,15,ACP-Gini a=1.0,0.9288888888888889,0.9142367066895369,0.9738088970781784,0.8,0.9332425068119891,0.9096385542168675,1.0,0.7902231127111321
conditional,15,Tree-global a=1.0,0.9155555555555556,0.8983806269499331,0.9696929814065902,0.8,0.9250681198910081,0.8734939759036144,1.0,0.7902231127111321
conditional,15,ACP-Gini node a=1.0,0.9222222222222223,0.9057766397855895,0.9704108736748904,0.8,0.9250681198910081,0.9096385542168675,1.0,0.7902231127111321
conditional,15,VIF+CART,0.9322222222222222,0.9197339084030849,0.9672072794276007,0.8,0.9332425068119891,0.927710843373494,1.0,0.7902231127111321
conditional,15,Cluster+CART,0.9055555555555556,0.8881538067911838,0.9457213620809304,0.8,0.9332425068119891,0.7831325301204819,1.0,0.7902231127111321
conditional,16,CART,0.9233333333333333,0.9063787574757542,0.9646777230888367,0.8,0.9223300970873787,0.9273743016759777,0.0,0.7363700601707079
conditional,16,ACP-Gini a=0.5,0.9233333333333333,0.9070179720335214,0.9629207023389788,0.8,0.9306518723994452,0.8938547486033519,0.0,0.7363700601707079
conditional,16,Tree-global a=0.5,0.9233333333333333,0.9070179720335214,0.9627007080881619,0.8,0.9306518723994452,0.8938547486033519,0.0,0.7363700601707079
conditional,16,ACP-Gini a=1.0,0.93,0.9156700512672545,0.9641790694536516,0.8,0.9306518723994452,0.9273743016759777,0.0,0.7363700601707079
conditional,16,Tree-global a=1.0,0.93,0.9156700512672545,0.9637977460855689,0.8,0.9306518723994452,0.9273743016759777,0.0,0.7363700601707079
conditional,16,ACP-Gini node a=1.0,0.9288888888888889,0.9142367066895369,0.9526513707108454,0.8,0.9361997226074896,0.8994413407821229,0.0,0.7363700601707079
conditional,16,VIF+CART,0.9233333333333333,0.9063787574757542,0.9646777230888367,0.8,0.9223300970873787,0.9273743016759777,0.0,0.7363700601707079
conditional,16,Cluster+CART,0.8888888888888888,0.8628751127471295,0.9217025795059223,0.8,0.9306518723994452,0.7206703910614525,0.0,0.7363700601707079
conditional,17,CART,0.9188888888888889,0.9027114914461634,0.940898283003546,0.8,0.9340813464235624,0.8609625668449198,0.0,0.7623763041880922
conditional,17,ACP-Gini a=0.5,0.9222222222222223,0.9064032090328331,0.9386753597279913,0.8,0.938288920056101,0.8609625668449198,0.0,0.7623763041880922
conditional,17,Tree-global a=0.5,0.9222222222222223,0.9064032090328331,0.939525386893808,0.8,0.938288920056101,0.8609625668449198,0.0,0.7623763041880922
conditional,17,ACP-Gini a=1.0,0.9222222222222223,0.9066080026564836,0.9427268637794954,0.8,0.938288920056101,0.8609625668449198,0.0,0.7623763041880922
conditional,17,Tree-global a=1.0,0.9222222222222223,0.9066080026564836,0.9428057322794164,0.8,0.938288920056101,0.8609625668449198,0.0,0.7623763041880922
conditional,17,ACP-Gini node a=1.0,0.9177777777777778,0.9014857021140636,0.9512797144376092,0.8,0.9354838709677419,0.8502673796791443,0.0,0.7623763041880922
conditional,17,VIF+CART,0.9188888888888889,0.9027114914461634,0.940898283003546,0.8,0.9340813464235624,0.8609625668449198,0.0,0.7623763041880922
conditional,17,Cluster+CART,0.9111111111111111,0.8950584174809355,0.9405682037260985,0.8,0.938288920056101,0.8074866310160428,0.0,0.7623763041880922
conditional,18,CART,0.9266666666666666,0.9097127222982216,0.9730561388433354,0.8,0.9261838440111421,0.9285714285714286,1.0,0.7803325920642517
conditional,18,ACP-Gini a=0.5,0.9266666666666666,0.9097127222982216,0.9729653678343853,0.8,0.9261838440111421,0.9285714285714286,1.0,0.7803325920642517
conditional,18,Tree-global a=0.5,0.93,0.9130889297982345,0.9736854845053888,0.8,0.924791086350975,0.9505494505494505,1.0,0.7803325920642517
conditional,18,ACP-Gini a=1.0,0.9266666666666666,0.9097127222982216,0.9740425171405922,0.8,0.9261838440111421,0.9285714285714286,1.0,0.7803325920642517
conditional,18,Tree-global a=1.0,0.9233333333333333,0.904343660418454,0.968741490217911,0.8,0.9261838440111421,0.9120879120879121,1.0,0.7803325920642517
conditional,18,ACP-Gini node a=1.0,0.9266666666666666,0.9097127222982216,0.9739456947310455,0.8,0.9261838440111421,0.9285714285714286,1.0,0.7803325920642517
conditional,18,VIF+CART,0.9266666666666666,0.9097127222982216,0.9730561388433354,0.8,0.9261838440111421,0.9285714285714286,1.0,0.7803325920642517
conditional,18,Cluster+CART,0.8888888888888888,0.8650909287140467,0.9441425467924551,0.8,0.9261838440111421,0.7417582417582418,1.0,0.7803325920642517
conditional,19,CART,0.9044444444444445,0.8817894691827894,0.949344951923077,0.8,0.8938547486033519,0.9456521739130435,1.0,0.7855304705080277
conditional,19,ACP-Gini a=0.5,0.9144444444444444,0.892176829998802,0.95078125,0.8,0.9078212290502793,0.9402173913043478,1.0,0.7855304705080277
conditional,19,Tree-global a=0.5,0.9166666666666666,0.8947087644424478,0.9522776442307692,0.8,0.9050279329608939,0.9619565217391305,1.0,0.7855304705080277
conditional,19,ACP-Gini a=1.0,0.9144444444444444,0.892176829998802,0.95078125,0.8,0.9078212290502793,0.9402173913043478,1.0,0.7855304705080277
conditional,19,Tree-global a=1.0,0.9033333333333333,0.8793898327015292,0.940751201923077,0.8,0.9050279329608939,0.8967391304347826,1.0,0.7855304705080277
conditional,19,ACP-Gini node a=1.0,0.9144444444444444,0.892176829998802,0.95078125,0.8,0.9078212290502793,0.9402173913043478,1.0,0.7855304705080277
conditional,19,VIF+CART,0.9044444444444445,0.8817894691827894,0.949344951923077,0.8,0.8938547486033519,0.9456521739130435,1.0,0.7855304705080277
conditional,19,Cluster+CART,0.8544444444444445,0.8179406446352714,0.9167698317307692,0.8,0.8966480446927374,0.6902173913043478,1.0,0.7855304705080277
conditional,20,CART,0.9355555555555556,0.9202766187511836,0.9836926104195265,0.8,0.9356643356643357,0.9351351351351351,1.0,0.7382872572866118
conditional,20,ACP-Gini a=0.5,0.9422222222222222,0.9303173241852487,0.9884234029892953,0.8,0.9440559440559441,0.9351351351351351,1.0,0.7382872572866118
conditional,20,Tree-global a=0.5,0.9355555555555556,0.9222770154373927,0.9871803180176625,0.8,0.9426573426573427,0.9081081081081082,1.0,0.7382872572866118
conditional,20,ACP-Gini a=1.0,0.9377777777777778,0.9244509200798662,0.9881258873918193,0.8,0.9384615384615385,0.9351351351351351,1.0,0.7382872572866118
conditional,20,Tree-global a=1.0,0.9388888888888889,0.92621532306509,0.9886413847141788,0.8,0.9370629370629371,0.9459459459459459,1.0,0.7382872572866118
conditional,20,ACP-Gini node a=1.0,0.9377777777777778,0.9224615384615384,0.9883468148156875,0.8,0.9384615384615385,0.9351351351351351,1.0,0.7382872572866118
conditional,20,VIF+CART,0.9355555555555556,0.9202766187511836,0.9836926104195265,0.8,0.9356643356643357,0.9351351351351351,1.0,0.7382872572866118
conditional,20,Cluster+CART,0.9244444444444444,0.9109818181818181,0.9750027984140357,0.8,0.9440559440559441,0.8486486486486486,1.0,0.7382872572866118
conditional,21,CART,0.9111111111111111,0.890036715518874,0.95525462567953,0.8,0.9228650137741047,0.8620689655172413,1.0,0.7764798983522676
conditional,21,ACP-Gini a=0.5,0.9122222222222223,0.8915416191875232,0.9617025426001315,0.8,0.9242424242424242,0.8620689655172413,1.0,0.7764798983522676
conditional,21,Tree-global a=0.5,0.9122222222222223,0.8915416191875232,0.9508605348480047,0.8,0.9242424242424242,0.8620689655172413,1.0,0.7764798983522676
conditional,21,ACP-Gini a=1.0,0.9177777777777778,0.8980379188712522,0.9627964944784378,0.8,0.931129476584022,0.8620689655172413,1.0,0.7764798983522676
conditional,21,Tree-global a=1.0,0.9077777777777778,0.8857754501318857,0.9534628604860924,0.8,0.931129476584022,0.8103448275862069,1.0,0.7764798983522676
conditional,21,ACP-Gini node a=1.0,0.9166666666666666,0.8962813403216662,0.9628818166305062,0.8,0.9297520661157025,0.8620689655172413,1.0,0.7764798983522676
conditional,21,VIF+CART,0.9111111111111111,0.890036715518874,0.95525462567953,0.8,0.9228650137741047,0.8620689655172413,1.0,0.7764798983522676
conditional,21,Cluster+CART,0.8988888888888888,0.8759525075314549,0.949714780234514,0.8,0.9297520661157025,0.7701149425287356,1.0,0.7764798983522676
conditional,22,CART,0.9255555555555556,0.9101168480974733,0.9599848530569017,0.8,0.9314128943758574,0.9005847953216374,1.0,0.7945665800094823
conditional,22,ACP-Gini a=0.5,0.9255555555555556,0.9101168480974733,0.9569110886273675,0.8,0.9314128943758574,0.9005847953216374,1.0,0.7945665800094823
conditional,22,Tree-global a=0.5,0.9244444444444444,0.9084687357917156,0.9558312772541431,0.8,0.9314128943758574,0.8947368421052632,1.0,0.7945665800094823
conditional,22,ACP-Gini a=1.0,0.9222222222222223,0.9064032090328331,0.9613161273526576,0.8,0.9286694101508917,0.8947368421052632,1.0,0.7945665800094823
conditional,22,Tree-global a=1.0,0.9055555555555556,0.8849345480635161,0.9484856015288946,0.8,0.9314128943758574,0.7953216374269005,1.0,0.7945665800094823
conditional,22,ACP-Gini node a=1.0,0.9244444444444444,0.909473347888599,0.9640053014300844,0.8,0.9314128943758574,0.8947368421052632,1.0,0.7945665800094823
conditional,22,VIF+CART,0.9255555555555556,0.9101168480974733,0.9599848530569017,0.8,0.9314128943758574,0.9005847953216374,1.0,0.7945665800094823
conditional,22,Cluster+CART,0.8977777777777778,0.8775227647904574,0.9439030595641703,0.8,0.9286694101508917,0.7660818713450293,1.0,0.7945665800094823
conditional,23,CART,0.9244444444444444,0.9090774030604665,0.962910871647221,0.8,0.9243466299862448,0.9248554913294798,1.0,0.7805775815299444
conditional,23,ACP-Gini a=0.5,0.9222222222222223,0.9066080026564836,0.9625042916774585,0.8,0.9243466299862448,0.9132947976878613,1.0,0.7805775815299444
conditional,23,Tree-global a=0.5,0.9222222222222223,0.9066080026564836,0.962435022497425,0.8,0.9243466299862448,0.9132947976878613,1.0,0.7805775815299444
conditional,23,ACP-Gini a=1.0,0.9211111111111111,0.9055816187063648,0.9653021642101205,0.8,0.9243466299862448,0.9075144508670521,1.0,0.7805775815299444
conditional,23,Tree-global a=1.0,0.9222222222222223,0.9064032090328331,0.9653895036110325,0.8,0.9243466299862448,0.9132947976878613,1.0,0.7805775815299444
conditional,23,ACP-Gini node a=1.0,0.9233333333333333,0.9080423686271955,0.9663291550967057,0.8,0.9270976616231087,0.9075144508670521,1.0,0.7805775815299444
conditional,23,VIF+CART,0.9244444444444444,0.9090774030604665,0.962910871647221,0.8,0.9243466299862448,0.9248554913294798,1.0,0.7805775815299444
conditional,23,Cluster+CART,0.8966666666666666,0.8781302826591186,0.9487558652925268,0.8,0.922971114167813,0.7861271676300579,1.0,0.7805775815299444
conditional,24,CART,0.9166666666666666,0.8977630556577925,0.9432687832495774,0.8,0.9328767123287671,0.8470588235294118,1.0,0.765410216639752
conditional,24,ACP-Gini a=0.5,0.9177777777777778,0.9016979973549972,0.9397810756514413,0.8,0.9246575342465754,0.888235294117647,1.0,0.765410216639752
conditional,24,Tree-global a=0.5,0.9244444444444444,0.9088765008576329,0.939686813283924,0.8,0.9328767123287671,0.888235294117647,1.0,0.765410216639752
conditional,24,ACP-Gini a=1.0,0.9177777777777778,0.9016979973549972,0.9461614596527609,0.8,0.9246575342465754,0.888235294117647,1.0,0.765410216639752
conditional,24,Tree-global a=1.0,0.9144444444444444,0.8957642376575381,0.9383612487407138,0.8,0.9273972602739726,0.8588235294117647,1.0,0.765410216639752
conditional,24,ACP-Gini node a=1.0,0.92,0.9039396598752402,0.9449537230689472,0.8,0.9273972602739726,0.888235294117647,1.0,0.765410216639752
conditional,24,VIF+CART,0.9166666666666666,0.8977630556577925,0.9432687832495774,0.8,0.9328767123287671,0.8470588235294118,1.0,0.765410216639752
conditional,24,Cluster+CART,0.8966666666666666,0.877879925473197,0.9369031277431823,0.8,0.9328767123287671,0.7411764705882353,1.0,0.765410216639752
conditional,25,CART,0.9155555555555556,0.8996826216274881,0.9559782737601101,0.8,0.9191073919107392,0.9016393442622951,1.0,0.8034239394587577
conditional,25,ACP-Gini a=0.5,0.92,0.9053578000946423,0.9560464647422973,0.8,0.9246861924686193,0.9016393442622951,1.0,0.8034239394587577
conditional,25,Tree-global a=0.5,0.92,0.9053578000946423,0.9559041531272978,0.8,0.9246861924686193,0.9016393442622951,1.0,0.8034239394587577
conditional,25,ACP-Gini a=1.0,0.92,0.9053578000946423,0.9560464647422973,0.8,0.9246861924686193,0.9016393442622951,1.0,0.8034239394587577
conditional,25,Tree-global a=1.0,0.9211111111111111,0.9065755327314595,0.9645051113588388,0.8,0.9246861924686193,0.907103825136612,1.0,0.8034239394587577
conditional,25,ACP-Gini node a=1.0,0.9155555555555556,0.8996826216274881,0.9539028960413654,0.8,0.9191073919107392,0.9016393442622951,1.0,0.8034239394587577
conditional,25,VIF+CART,0.9155555555555556,0.8996826216274881,0.9559782737601101,0.8,0.9191073919107392,0.9016393442622951,1.0,0.8034239394587577
conditional,25,Cluster+CART,0.8877777777777778,0.8687082130306738,0.9477242000901308,0.8,0.9246861924686193,0.7431693989071039,1.0,0.8034239394587577
conditional,26,CART,0.9211111111111111,0.9067685452537311,0.9617268668712124,0.8,0.9245541838134431,0.9064327485380117,1.0,0.7694978865162595
conditional,26,ACP-Gini a=0.5,0.9155555555555556,0.8992570947160052,0.9608439566112672,0.8,0.9176954732510288,0.9064327485380117,1.0,0.7694978865162595
conditional,26,Tree-global a=0.5,0.9144444444444444,0.8988898307681309,0.9603746355428577,0.8,0.9163237311385459,0.9064327485380117,1.0,0.7694978865162595
conditional,26,ACP-Gini a=1.0,0.9133333333333333,0.8963843755904024,0.9614159416633913,0.8,0.9149519890260631,0.9064327485380117,1.0,0.7694978865162595
conditional,26,Tree-global a=1.0,0.91,0.8931947942351561,0.9595298576197209,0.8,0.9149519890260631,0.8888888888888888,1.0,0.7694978865162595
conditional,26,ACP-Gini node a=1.0,0.9133333333333333,0.89453125,0.9617356666412452,0.8,0.9149519890260631,0.9064327485380117,1.0,0.7694978865162595
conditional,26,VIF+CART,0.9211111111111111,0.9067685452537311,0.9617268668712124,0.8,0.9245541838134431,0.9064327485380117,1.0,0.7694978865162595
conditional,26,Cluster+CART,0.8922222222222222,0.8736567893194399,0.9499205087440381,0.8,0.9149519890260631,0.7953216374269005,1.0,0.7694978865162595
conditional,27,CART,0.9222222222222223,0.9081761152958187,0.9621464031472462,0.8,0.918732782369146,0.9367816091954023,1.0,0.7757074370883659
conditional,27,ACP-Gini a=0.5,0.9222222222222223,0.9081761152958187,0.9603608561258898,0.8,0.918732782369146,0.9367816091954023,1.0,0.7757074370883659
conditional,27,Tree-global a=0.5,0.92,0.9057454545454546,0.956974171037842,0.8,0.918732782369146,0.9252873563218391,1.0,0.7757074370883659
conditional,27,ACP-Gini a=1.0,0.9222222222222223,0.9081761152958187,0.9482337720119896,0.8,0.918732782369146,0.9367816091954023,1.0,0.7757074370883659
conditional,27,Tree-global a=1.0,0.91,0.8934171570598342,0.9482191363806669,0.8,0.918732782369146,0.8735632183908046,1.0,0.7757074370883659
conditional,27,ACP-Gini node a=1.0,0.9222222222222223,0.9081761152958187,0.9600710706257025,0.8,0.918732782369146,0.9367816091954023,1.0,0.7757074370883659
conditional,27,VIF+CART,0.9222222222222223,0.9081761152958187,0.9621464031472462,0.8,0.918732782369146,0.9367816091954023,1.0,0.7757074370883659
conditional,27,Cluster+CART,0.8944444444444445,0.8774676650782846,0.9401490492693892,0.8,0.918732782369146,0.7931034482758621,1.0,0.7757074370883659
conditional,28,CART,0.9266666666666666,0.9146252421826042,0.975231202022733,0.8,0.9224376731301939,0.9438202247191011,1.0,0.7617205584349761
conditional,28,ACP-Gini a=0.5,0.9277777777777778,0.9151671062992411,0.9749720963076012,0.8,0.9238227146814404,0.9438202247191011,1.0,0.7617205584349761
conditional,28,Tree-global a=0.5,0.9277777777777778,0.9153370237707588,0.9741720006377986,0.8,0.9238227146814404,0.9438202247191011,1.0,0.7617205584349761
conditional,28,ACP-Gini a=1.0,0.9211111111111111,0.9080680037808652,0.9733804469146488,0.8,0.9155124653739612,0.9438202247191011,1.0,0.7617205584349761
conditional,28,Tree-global a=1.0,0.9255555555555556,0.912556863416141,0.972167490489966,0.8,0.9210526315789473,0.9438202247191011,1.0,0.7617205584349761
conditional,28,ACP-Gini node a=1.0,0.9255555555555556,0.914233413126128,0.9729533495820142,0.8,0.9210526315789473,0.9438202247191011,1.0,0.7617205584349761
conditional,28,VIF+CART,0.9266666666666666,0.9146252421826042,0.975231202022733,0.8,0.9224376731301939,0.9438202247191011,1.0,0.7617205584349761
conditional,28,Cluster+CART,0.8933333333333333,0.8765319187854399,0.9534350014806041,0.8,0.9155124653739612,0.8033707865168539,1.0,0.7617205584349761
conditional,29,CART,0.9211111111111111,0.906380622107359,0.9708670370392192,0.8,0.9173553719008265,0.9367816091954023,1.0,0.7577686548101062
conditional,29,ACP-Gini a=0.5,0.9188888888888889,0.9037434565329184,0.969833096695515,0.8,0.9173553719008265,0.9252873563218391,1.0,0.7577686548101062
conditional,29,Tree-global a=0.5,0.9144444444444444,0.8980401042256712,0.9665574794242926,0.8,0.9173553719008265,0.9022988505747126,1.0,0.7577686548101062
conditional,29,ACP-Gini a=1.0,0.9188888888888889,0.9037434565329184,0.9698213138995753,0.8,0.9173553719008265,0.9252873563218391,1.0,0.7577686548101062
conditional,29,Tree-global a=1.0,0.9066666666666666,0.8874356775300172,0.9616322707215195,0.8,0.9159779614325069,0.867816091954023,1.0,0.7577686548101062
conditional,29,ACP-Gini node a=1.0,0.9166666666666666,0.900898374586526,0.9705106074620448,0.8,0.9146005509641874,0.9252873563218391,1.0,0.7577686548101062
conditional,29,VIF+CART,0.9211111111111111,0.906380622107359,0.9708670370392192,0.8,0.9173553719008265,0.9367816091954023,1.0,0.7577686548101062
conditional,29,Cluster+CART,0.8955555555555555,0.8761825590108654,0.9502383070478794,0.8,0.9173553719008265,0.8045977011494253,1.0,0.7577686548101062
conditional,30,CART,0.9388888888888889,0.9263786161856984,0.9733484298277005,0.8,0.9404432132963989,0.9325842696629213,1.0,0.7694969188924786
conditional,30,ACP-Gini a=0.5,0.9377777777777778,0.92479003885848,0.9637126816419197,0.8,0.9390581717451524,0.9325842696629213,1.0,0.7694969188924786
conditional,30,Tree-global a=0.5,0.9377777777777778,0.9249571183533447,0.9560568817134912,0.8,0.9376731301939059,0.9382022471910112,1.0,0.7694969188924786
conditional,30,ACP-Gini a=1.0,0.9377777777777778,0.92479003885848,0.9644811948914401,0.8,0.9390581717451524,0.9325842696629213,1.0,0.7694969188924786
conditional,30,Tree-global a=1.0,0.9355555555555556,0.9224483731986333,0.9644401292979543,0.8,0.9376731301939059,0.9269662921348315,1.0,0.7694969188924786
conditional,30,ACP-Gini node a=1.0,0.9377777777777778,0.92479003885848,0.9637537472354056,0.8,0.9390581717451524,0.9325842696629213,1.0,0.7694969188924786
conditional,30,VIF+CART,0.9388888888888889,0.9263786161856984,0.9733484298277005,0.8,0.9404432132963989,0.9325842696629213,1.0,0.7694969188924786
conditional,30,Cluster+CART,0.9022222222222223,0.8840857999250655,0.949794378706903,0.8,0.9390581717451524,0.7528089887640449,1.0,0.7694969188924786
conditional,31,CART,0.9233333333333333,0.9070179720335214,0.9632813111752269,0.8,0.9328767123287671,0.8823529411764706,0.0,0.7757227896091337
conditional,31,ACP-Gini a=0.5,0.9211111111111111,0.9051702261222636,0.9568483125425403,0.8,0.9315068493150684,0.8764705882352941,0.0,0.7757227896091337
conditional,31,Tree-global a=0.5,0.9211111111111111,0.9051702261222636,0.9564146272414603,0.8,0.9315068493150684,0.8764705882352941,0.0,0.7757227896091337
conditional,31,ACP-Gini a=1.0,0.9144444444444444,0.8967014522911261,0.954532312566634,0.8,0.9301369863013699,0.8470588235294118,0.0,0.7757227896091337
conditional,31,Tree-global a=1.0,0.92,0.9033014785323313,0.9573934308723702,0.8,0.9287671232876712,0.8823529411764706,0.0,0.7757227896091337
conditional,31,ACP-Gini node a=1.0,0.9244444444444444,0.9084687357917156,0.9669375191996097,0.8,0.9328767123287671,0.888235294117647,0.0,0.7757227896091337
conditional,31,VIF+CART,0.9233333333333333,0.9070179720335214,0.9632813111752269,0.8,0.9328767123287671,0.8823529411764706,0.0,0.7757227896091337
conditional,31,Cluster+CART,0.8988888888888888,0.8779198981622398,0.9399978315734947,0.8,0.9301369863013699,0.7647058823529411,0.0,0.7757227896091337
conditional,32,CART,0.9311111111111111,0.9143641151879385,0.9784159349612908,0.8,0.9360222531293463,0.9116022099447514,1.0,0.7700591618837643
conditional,32,ACP-Gini a=0.5,0.9355555555555556,0.9204675653933352,0.9792903999856742,0.8,0.9360222531293463,0.9337016574585635,1.0,0.7700591618837643
conditional,32,Tree-global a=0.5,0.9344444444444444,0.91957360378413,0.9797709080707451,0.8,0.9360222531293463,0.9281767955801105,1.0,0.7700591618837643
conditional,32,ACP-Gini a=1.0,0.9377777777777778,0.923392612859097,0.9784965170625137,0.8,0.9388038942976356,0.9337016574585635,1.0,0.7700591618837643
conditional,32,Tree-global a=1.0,0.9288888888888889,0.9122400721581629,0.9659674925834622,0.8,0.9360222531293463,0.9005524861878453,1.0,0.7700591618837643
conditional,32,ACP-Gini node a=1.0,0.9377777777777778,0.923392612859097,0.9777444174510986,0.8,0.9388038942976356,0.9337016574585635,1.0,0.7700591618837643
conditional,32,VIF+CART,0.9311111111111111,0.9143641151879385,0.9784159349612908,0.8,0.9360222531293463,0.9116022099447514,1.0,0.7700591618837643
conditional,32,Cluster+CART,0.9,0.8756898446276528,0.9626487038219791,0.8,0.9360222531293463,0.7569060773480663,1.0,0.7700591618837643
conditional,33,CART,0.9288888888888889,0.9175309688393056,0.9574395161290323,0.8,0.9346314325452016,0.9060773480662984,1.0,0.7682900026748303
conditional,33,ACP-Gini a=0.5,0.9255555555555556,0.9112816491314282,0.9587298387096774,0.8,0.9304589707927677,0.9060773480662984,1.0,0.7682900026748303
conditional,33,Tree-global a=0.5,0.9255555555555556,0.9112816491314282,0.9565351382488481,0.8,0.9304589707927677,0.9060773480662984,1.0,0.7682900026748303
conditional,33,ACP-Gini a=1.0,0.9255555555555556,0.9112816491314282,0.9587298387096774,0.8,0.9304589707927677,0.9060773480662984,1.0,0.7682900026748303
conditional,33,Tree-global a=1.0,0.9188888888888889,0.9037434565329184,0.964360599078341,0.8,0.9304589707927677,0.8729281767955801,1.0,0.7682900026748303
conditional,33,ACP-Gini node a=1.0,0.9255555555555556,0.9112816491314282,0.9660023041474655,0.8,0.9304589707927677,0.9060773480662984,1.0,0.7682900026748303
conditional,33,VIF+CART,0.9288888888888889,0.9175309688393056,0.9574395161290323,0.8,0.9346314325452016,0.9060773480662984,1.0,0.7682900026748303
conditional,33,Cluster+CART,0.8988888888888888,0.8817073998593199,0.9430357142857144,0.8,0.9304589707927677,0.7734806629834254,1.0,0.7682900026748303
conditional,34,CART,0.9366666666666666,0.9231887595059525,0.9672325896549903,0.8,0.9349030470914127,0.9438202247191011,1.0,0.7872553215527135
conditional,34,ACP-Gini a=0.5,0.9355555555555556,0.9217527386541471,0.9669685965540101,0.8,0.9335180055401662,0.9438202247191011,1.0,0.7872553215527135
conditional,34,Tree-global a=0.5,0.9355555555555556,0.9221039688177113,0.9663526126517226,0.8,0.9335180055401662,0.9438202247191011,1.0,0.7872553215527135
conditional,34,ACP-Gini a=1.0,0.9355555555555556,0.9217527386541471,0.9669685965540101,0.8,0.9335180055401662,0.9438202247191011,1.0,0.7872553215527135
conditional,34,Tree-global a=1.0,0.9211111111111111,0.9045378151260504,0.960805824274459,0.8,0.9335180055401662,0.8707865168539326,1.0,0.7872553215527135
conditional,34,ACP-Gini node a=1.0,0.9344444444444444,0.9203132245531312,0.9651177115904704,0.8,0.9321329639889196,0.9438202247191011,1.0,0.7872553215527135
conditional,34,VIF+CART,0.9366666666666666,0.9231887595059525,0.9672325896549903,0.8,0.9349030470914127,0.9438202247191011,1.0,0.7872553215527135
conditional,34,Cluster+CART,0.9133333333333333,0.8974709501025291,0.9480989563472741,0.8,0.9349030470914127,0.8258426966292135,1.0,0.7872553215527135
conditional,35,CART,0.9333333333333333,0.9179206566347469,0.9651721841762835,0.8,0.9358799454297408,0.9221556886227545,1.0,0.7806375309712482
conditional,35,ACP-Gini a=0.5,0.9366666666666666,0.9222999222999222,0.9685413370313578,0.8,0.9399727148703957,0.9221556886227545,1.0,0.7806375309712482
conditional,35,Tree-global a=0.5,0.9366666666666666,0.9222999222999222,0.9681809018211142,0.8,0.9399727148703957,0.9221556886227545,1.0,0.7806375309712482
conditional,35,ACP-Gini a=1.0,0.9366666666666666,0.9222999222999222,0.9685413370313578,0.8,0.9399727148703957,0.9221556886227545,1.0,0.7806375309712482
conditional,35,Tree-global a=1.0,0.9355555555555556,0.9204675653933352,0.9660366177737323,0.8,0.9399727148703957,0.9161676646706587,1.0,0.7806375309712482
conditional,35,ACP-Gini node a=1.0,0.9366666666666666,0.9217452189074534,0.9676860670409492,0.8,0.9399727148703957,0.9221556886227545,1.0,0.7806375309712482
conditional,35,VIF+CART,0.9333333333333333,0.9179206566347469,0.9651721841762835,0.8,0.9358799454297408,0.9221556886227545,1.0,0.7806375309712482
conditional,35,Cluster+CART,0.9033333333333333,0.8814051445630393,0.9488762363233165,0.8,0.9358799454297408,0.7604790419161677,1.0,0.7806375309712482
conditional,36,CART,0.9266666666666666,0.9094975744131055,0.9615715144230769,0.8,0.9324894514767933,0.9047619047619048,1.0,0.7772037034476248
conditional,36,ACP-Gini a=0.5,0.9266666666666666,0.9101367011394788,0.9677914663461539,0.8,0.9324894514767933,0.9047619047619048,1.0,0.7772037034476248
conditional,36,Tree-global a=0.5,0.9177777777777778,0.8992441800654761,0.9555829326923078,0.8,0.9324894514767933,0.8624338624338624,1.0,0.7772037034476248
conditional,36,ACP-Gini a=1.0,0.93,0.9145197350865581,0.9691676682692307,0.8,0.9367088607594937,0.9047619047619048,1.0,0.7772037034476248
conditional,36,Tree-global a=1.0,0.9211111111111111,0.9036650982721529,0.9502584134615384,0.8,0.9367088607594937,0.8624338624338624,1.0,0.7772037034476248
conditional,36,ACP-Gini node a=1.0,0.9255555555555556,0.9086683297209612,0.9680348557692308,0.8,0.9310829817158931,0.9047619047619048,1.0,0.7772037034476248
conditional,36,VIF+CART,0.9266666666666666,0.9094975744131055,0.9615715144230769,0.8,0.9324894514767933,0.9047619047619048,1.0,0.7772037034476248
conditional,36,Cluster+CART,0.91,0.8927434862633685,0.9530078125000001,0.8,0.9367088607594937,0.8095238095238095,1.0,0.7772037034476248
conditional,37,CART,0.9222222222222223,0.9046904406024774,0.9677581376209525,0.8,0.9184782608695652,0.9390243902439024,1.0,0.7672920120222756
conditional,37,ACP-Gini a=0.5,0.92,0.9017371894409938,0.9700727983491779,0.8,0.9157608695652174,0.9390243902439024,1.0,0.7672920120222756
conditional,37,Tree-global a=0.5,0.9211111111111111,0.9027573392338375,0.9704873192900497,0.8,0.9171195652173914,0.9390243902439024,1.0,0.7672920120222756
conditional,37,ACP-Gini a=1.0,0.92,0.9017371894409938,0.9682906608734592,0.8,0.9157608695652174,0.9390243902439024,1.0,0.7672920120222756
conditional,37,Tree-global a=1.0,0.9188888888888889,0.9002549041338801,0.9652770633763185,0.8,0.9157608695652174,0.9329268292682927,1.0,0.7672920120222756
conditional,37,ACP-Gini node a=1.0,0.9222222222222223,0.9042407660738714,0.9685932309032925,0.8,0.9171195652173914,0.9451219512195121,1.0,0.7672920120222756
conditional,37,VIF+CART,0.9222222222222223,0.9046904406024774,0.9677581376209525,0.8,0.9184782608695652,0.9390243902439024,1.0,0.7672920120222756
conditional,37,Cluster+CART,0.8877777777777778,0.8623209149524939,0.9490895667802313,0.8,0.9157608695652174,0.7621951219512195,1.0,0.7672920120222756
conditional,38,CART,0.9188888888888889,0.9018487394957984,0.9475759588245061,0.8,0.9356643356643357,0.8540540540540541,1.0,0.7538964380655278
conditional,38,ACP-Gini a=0.5,0.9188888888888889,0.9018487394957984,0.9431465098076421,0.8,0.9356643356643357,0.8540540540540541,1.0,0.7538964380655278
conditional,38,Tree-global a=0.5,0.9188888888888889,0.9016277095427111,0.9497877185076256,0.8,0.9356643356643357,0.8540540540540541,1.0,0.7538964380655278
conditional,38,ACP-Gini a=1.0,0.9188888888888889,0.9018487394957984,0.9431465098076421,0.8,0.9356643356643357,0.8540540540540541,1.0,0.7538964380655278
conditional,38,Tree-global a=1.0,0.9166666666666666,0.8989325782973059,0.9505081710585612,0.8,0.9356643356643357,0.8432432432432433,1.0,0.7538964380655278
conditional,38,ACP-Gini node a=1.0,0.9255555555555556,0.9101168480974733,0.9499181708213753,0.8,0.9356643356643357,0.8864864864864865,1.0,0.7538964380655278
conditional,38,VIF+CART,0.9188888888888889,0.9018487394957984,0.9475759588245061,0.8,0.9356643356643357,0.8540540540540541,1.0,0.7538964380655278
conditional,38,Cluster+CART,0.8855555555555555,0.8636120874707031,0.9269022319204953,0.8,0.9356643356643357,0.6918918918918919,1.0,0.7538964380655278
conditional,39,CART,0.9255555555555556,0.9114692146306299,0.9631614916060022,0.8,0.9337016574585635,0.8920454545454546,1.0,0.7877485764358526
conditional,39,ACP-Gini a=0.5,0.9288888888888889,0.9155222076863059,0.9700668548506909,0.8,0.9378453038674033,0.8920454545454546,1.0,0.7877485764358526
conditional,39,Tree-global a=0.5,0.9288888888888889,0.9155222076863059,0.9700341702570199,0.8,0.9378453038674033,0.8920454545454546,1.0,0.7877485764358526
conditional,39,ACP-Gini a=1.0,0.9344444444444444,0.9217080906062978,0.9697816074877432,0.8,0.9378453038674033,0.9204545454545454,1.0,0.7877485764358526
conditional,39,Tree-global a=1.0,0.9355555555555556,0.9234420007157147,0.966875649977715,0.8,0.9378453038674033,0.9261363636363636,1.0,0.7877485764358526
conditional,39,ACP-Gini node a=1.0,0.9288888888888889,0.9155222076863059,0.9631377209924231,0.8,0.9378453038674033,0.8920454545454546,1.0,0.7877485764358526
conditional,39,VIF+CART,0.9255555555555556,0.9114692146306299,0.9631614916060022,0.8,0.9337016574585635,0.8920454545454546,1.0,0.7877485764358526
conditional,39,Cluster+CART,0.9088888888888889,0.8933007934488422,0.9565413757242609,0.8,0.9378453038674033,0.7897727272727273,1.0,0.7877485764358526
conditional,40,CART,0.9077777777777778,0.8910111162825307,0.9532625749344323,0.8,0.9108910891089109,0.8963730569948186,1.0,0.7755418692670166
conditional,40,ACP-Gini a=0.5,0.9077777777777778,0.8910111162825307,0.9592251311352566,0.8,0.9108910891089109,0.8963730569948186,1.0,0.7755418692670166
conditional,40,Tree-global a=0.5,0.9077777777777778,0.8910111162825307,0.9557916120269764,0.8,0.9108910891089109,0.8963730569948186,1.0,0.7755418692670166
conditional,40,ACP-Gini a=1.0,0.9077777777777778,0.8910111162825307,0.9587919164481078,0.8,0.9108910891089109,0.8963730569948186,1.0,0.7755418692670166
conditional,40,Tree-global a=1.0,0.9088888888888889,0.8928720735785953,0.9558208832896216,0.8,0.9108910891089109,0.9015544041450777,1.0,0.7755418692670166
conditional,40,ACP-Gini node a=1.0,0.9077777777777778,0.8914558143792711,0.9582123454477331,0.8,0.9108910891089109,0.8963730569948186,1.0,0.7755418692670166
conditional,40,VIF+CART,0.9077777777777778,0.8910111162825307,0.9532625749344323,0.8,0.9108910891089109,0.8963730569948186,1.0,0.7755418692670166
conditional,40,Cluster+CART,0.8644444444444445,0.841566671861202,0.9345348210940426,0.8,0.900990099009901,0.7305699481865285,1.0,0.7755418692670166
conditional,41,CART,0.9255555555555556,0.9099159663865546,0.9684134615384614,0.8,0.9396914446002805,0.8716577540106952,1.0,0.7896048446662879
conditional,41,ACP-Gini a=0.5,0.9255555555555556,0.9099159663865546,0.9690474759615384,0.8,0.9396914446002805,0.8716577540106952,1.0,0.7896048446662879
conditional,41,Tree-global a=0.5,0.9244444444444444,0.9092763454377268,0.9688221153846154,0.8,0.9396914446002805,0.8663101604278075,1.0,0.7896048446662879
conditional,41,ACP-Gini a=1.0,0.9255555555555556,0.9099159663865546,0.9689513221153847,0.8,0.9396914446002805,0.8716577540106952,1.0,0.7896048446662879
conditional,41,Tree-global a=1.0,0.9188888888888889,0.9016277095427111,0.9682692307692307,0.8,0.938288920056101,0.8449197860962567,1.0,0.7896048446662879
conditional,41,ACP-Gini node a=1.0,0.9244444444444444,0.9082618315255517,0.9693118990384615,0.8,0.938288920056101,0.8716577540106952,1.0,0.7896048446662879
conditional,41,VIF+CART,0.9255555555555556,0.9099159663865546,0.9684134615384614,0.8,0.9396914446002805,0.8716577540106952,1.0,0.7896048446662879
conditional,41,Cluster+CART,0.9033333333333333,0.8857586399587973,0.9529897836538461,0.8,0.9396914446002805,0.7647058823529411,1.0,0.7896048446662879
conditional,42,CART,0.9166666666666666,0.8993845314523954,0.9602045066555593,0.8,0.9188445667125172,0.9075144508670521,1.0,0.7686904336733442
conditional,42,ACP-Gini a=0.5,0.9322222222222222,0.9198997360630647,0.9620436585923888,0.8,0.9339752407152683,0.9248554913294798,1.0,0.7686904336733442
conditional,42,Tree-global a=0.5,0.9322222222222222,0.9198997360630647,0.9616799347643715,0.8,0.9339752407152683,0.9248554913294798,1.0,0.7686904336733442
conditional,42,ACP-Gini a=1.0,0.9322222222222222,0.9198997360630647,0.9620436585923888,0.8,0.9339752407152683,0.9248554913294798,1.0,0.7686904336733442
conditional,42,Tree-global a=1.0,0.9177777777777778,0.9033235785953178,0.9529974949987972,0.8,0.9353507565337001,0.8439306358381503,1.0,0.7686904336733442
conditional,42,ACP-Gini node a=1.0,0.9288888888888889,0.9155222076863059,0.9612340797493826,0.8,0.9298486932599724,0.9248554913294798,1.0,0.7686904336733442
conditional,42,VIF+CART,0.9166666666666666,0.8993845314523954,0.9602045066555593,0.8,0.9188445667125172,0.9075144508670521,1.0,0.7686904336733442
conditional,42,Cluster+CART,0.9022222222222223,0.8852646157233834,0.9386157375087265,0.8,0.9353507565337001,0.7630057803468208,1.0,0.7686904336733442
conditional,43,CART,0.9311111111111111,0.9167318287361742,0.9667350193665983,0.8,0.9339752407152683,0.9190751445086706,1.0,0.7860583600698671
conditional,43,ACP-Gini a=0.5,0.9311111111111111,0.9167318287361742,0.9679647837542575,0.8,0.9339752407152683,0.9190751445086706,1.0,0.7860583600698671
conditional,43,Tree-global a=0.5,0.9266666666666666,0.9117515970880998,0.9683386788649948,0.8,0.9284731774415406,0.9190751445086706,1.0,0.7860583600698671
conditional,43,ACP-Gini a=1.0,0.9322222222222222,0.9181660855812817,0.9683065472539159,0.8,0.9339752407152683,0.9248554913294798,1.0,0.7860583600698671
conditional,43,Tree-global a=1.0,0.9244444444444444,0.9092763454377268,0.9582581161528531,0.8,0.9284731774415406,0.9075144508670521,1.0,0.7860583600698671
conditional,43,ACP-Gini node a=1.0,0.93,0.9152941176470588,0.9690631006420479,0.8,0.9339752407152683,0.9132947976878613,1.0,0.7860583600698671
conditional,43,VIF+CART,0.9311111111111111,0.9167318287361742,0.9667350193665983,0.8,0.9339752407152683,0.9190751445086706,1.0,0.7860583600698671
conditional,43,Cluster+CART,0.9144444444444444,0.8976026005688744,0.9625462257041204,0.8,0.9339752407152683,0.8323699421965318,1.0,0.7860583600698671
conditional,44,CART,0.9244444444444444,0.9074135708709781,0.9581340068340515,0.8,0.9307909604519774,0.9010416666666666,1.0,0.7523440004508327
conditional,44,ACP-Gini a=0.5,0.9266666666666666,0.9105524066522507,0.9680968652503343,0.8,0.9336158192090396,0.9010416666666666,1.0,0.7523440004508327
conditional,44,Tree-global a=0.5,0.9255555555555556,0.9095082380518609,0.9679542415688605,0.8,0.9336158192090396,0.8958333333333334,1.0,0.7523440004508327
conditional,44,ACP-Gini a=1.0,0.9244444444444444,0.9082618315255517,0.9659396820680435,0.8,0.9336158192090396,0.890625,1.0,0.7523440004508327
conditional,44,Tree-global a=1.0,0.9266666666666666,0.9105524066522507,0.9610132224038033,0.8,0.9336158192090396,0.9010416666666666,1.0,0.7523440004508327
conditional,44,ACP-Gini node a=1.0,0.9288888888888889,0.9140457586954056,0.9673362056158075,0.8,0.9336158192090396,0.9114583333333334,1.0,0.7523440004508327
conditional,44,VIF+CART,0.9244444444444444,0.9074135708709781,0.9581340068340515,0.8,0.9307909604519774,0.9010416666666666,1.0,0.7523440004508327
conditional,44,Cluster+CART,0.9011111111111111,0.8831324017969305,0.9486584459961372,0.8,0.9336158192090396,0.78125,1.0,0.7523440004508327
conditional,45,CART,0.9211111111111111,0.9077057735166123,0.9680598633427391,0.8,0.9259776536312849,0.9021739130434783,1.0,0.7499072266563633
conditional,45,ACP-Gini a=0.5,0.9288888888888889,0.9162181818181818,0.9687507287609897,0.8,0.9329608938547486,0.9130434782608695,1.0,0.7499072266563633
conditional,45,Tree-global a=0.5,0.9266666666666666,0.9134231944217719,0.9678820456612485,0.8,0.9329608938547486,0.9021739130434783,1.0,0.7499072266563633
conditional,45,ACP-Gini a=1.0,0.9288888888888889,0.9162181818181818,0.9691296844756419,0.8,0.9329608938547486,0.9130434782608695,1.0,0.7499072266563633
conditional,45,Tree-global a=1.0,0.9266666666666666,0.9134231944217719,0.9702986171031458,0.8,0.9329608938547486,0.9021739130434783,1.0,0.7499072266563633
conditional,45,ACP-Gini node a=1.0,0.9277777777777778,0.9153370237707588,0.9703161073668991,0.8,0.9315642458100558,0.9130434782608695,1.0,0.7499072266563633
conditional,45,VIF+CART,0.9211111111111111,0.9077057735166123,0.9680598633427391,0.8,0.9259776536312849,0.9021739130434783,1.0,0.7499072266563633
conditional,45,Cluster+CART,0.9,0.8835798757035512,0.9547847531540774,0.8,0.9357541899441341,0.7608695652173914,1.0,0.7499072266563633
conditional,46,CART,0.9177777777777778,0.9060484485297852,0.9647425433175533,0.8,0.9233926128590971,0.893491124260355,1.0,0.7830810777113028
conditional,46,ACP-Gini a=0.5,0.9155555555555556,0.9038521009159353,0.9656345467689652,0.8,0.9233926128590971,0.8816568047337278,1.0,0.7830810777113028
conditional,46,Tree-global a=0.5,0.9177777777777778,0.906216204037491,0.9662816865278328,0.8,0.9233926128590971,0.893491124260355,1.0,0.7830810777113028
conditional,46,ACP-Gini a=1.0,0.9188888888888889,0.9072347046689042,0.9621335789743708,0.8,0.9274965800273598,0.8816568047337278,1.0,0.7830810777113028
conditional,46,Tree-global a=1.0,0.9155555555555556,0.9045178149655762,0.9598219491149926,0.8,0.9247606019151847,0.8757396449704142,1.0,0.7830810777113028
conditional,46,ACP-Gini node a=1.0,0.9133333333333333,0.9014952515659729,0.9635532053823372,0.8,0.9233926128590971,0.8698224852071006,1.0,0.7830810777113028
conditional,46,VIF+CART,0.9177777777777778,0.9060484485297852,0.9647425433175533,0.8,0.9233926128590971,0.893491124260355,1.0,0.7830810777113028
conditional,46,Cluster+CART,0.9022222222222223,0.89,0.94826671486206,0.8,0.9247606019151847,0.8047337278106509,1.0,0.7830810777113028
conditional,47,CART,0.9511111111111111,0.9398084815321477,0.9718219919774072,0.8,0.9556786703601108,0.9325842696629213,1.0,0.807788335758653
conditional,47,ACP-Gini a=0.5,0.9488888888888889,0.9376577379697504,0.9674479400883805,0.8,0.9529085872576177,0.9325842696629213,1.0,0.807788335758653
conditional,47,Tree-global a=0.5,0.9433333333333334,0.9304788778472989,0.9605705754321587,0.8,0.9529085872576177,0.9044943820224719,1.0,0.807788335758653
conditional,47,ACP-Gini a=1.0,0.95,0.9390829960336262,0.9678346794260668,0.8,0.9542936288088643,0.9325842696629213,1.0,0.807788335758653
conditional,47,Tree-global a=1.0,0.9477777777777778,0.9365207043050368,0.970928594127558,0.8,0.9542936288088643,0.9213483146067416,1.0,0.807788335758653
conditional,47,ACP-Gini node a=1.0,0.9477777777777778,0.9360809942956443,0.9669202957206843,0.8,0.9542936288088643,0.9213483146067416,1.0,0.807788335758653
conditional,47,VIF+CART,0.9511111111111111,0.9398084815321477,0.9718219919774072,0.8,0.9556786703601108,0.9325842696629213,1.0,0.807788335758653
conditional,47,Cluster+CART,0.9111111111111111,0.8944027596078823,0.9508061566504177,0.8,0.9542936288088643,0.7359550561797753,1.0,0.807788335758653
conditional,48,CART,0.9155555555555556,0.9016896728163322,0.9633488294869667,0.8,0.9125,0.9277777777777778,1.0,0.7886515617101675
conditional,48,ACP-Gini a=0.5,0.9155555555555556,0.9016896728163322,0.9632391309504045,0.8,0.9125,0.9277777777777778,1.0,0.7886515617101675
conditional,48,Tree-global a=0.5,0.9155555555555556,0.901879776905598,0.9608287279713479,0.8,0.9125,0.9277777777777778,1.0,0.7886515617101675
conditional,48,ACP-Gini a=1.0,0.9155555555555556,0.9016896728163322,0.9648045587154006,0.8,0.9125,0.9277777777777778,1.0,0.7886515617101675
conditional,48,Tree-global a=1.0,0.9144444444444444,0.9002991026919243,0.9632332012997794,0.8,0.9125,0.9222222222222223,1.0,0.7886515617101675
conditional,48,ACP-Gini node a=1.0,0.9166666666666666,0.9026983548093681,0.9693140580157017,0.8,0.9138888888888889,0.9277777777777778,1.0,0.7886515617101675
conditional,48,VIF+CART,0.9155555555555556,0.9016896728163322,0.9633488294869667,0.8,0.9125,0.9277777777777778,1.0,0.7886515617101675
conditional,48,Cluster+CART,0.8822222222222222,0.864435488913267,0.934423993738289,0.8,0.9125,0.7611111111111111,1.0,0.7886515617101675
conditional,49,CART,0.9233333333333333,0.9092072078657846,0.9662235493579101,0.8,0.918918918918919,0.9390862944162437,1.0,0.796101434855683
conditional,49,ACP-Gini a=0.5,0.9211111111111111,0.9055816187063648,0.9615948703207223,0.8,0.9160739687055477,0.9390862944162437,1.0,0.796101434855683
conditional,49,Tree-global a=0.5,0.9111111111111111,0.8939548365431633,0.9581072281311047,0.8,0.9089615931721194,0.9187817258883249,1.0,0.796101434855683
conditional,49,ACP-Gini a=1.0,0.9211111111111111,0.9055816187063648,0.9616946010477592,0.8,0.9160739687055477,0.9390862944162437,1.0,0.796101434855683
conditional,49,Tree-global a=1.0,0.9111111111111111,0.894842000105158,0.9532116227362591,0.8,0.9160739687055477,0.8934010152284264,1.0,0.796101434855683
conditional,49,ACP-Gini node a=1.0,0.9222222222222223,0.9074074074074074,0.96446946186473,0.8,0.9174964438122333,0.9390862944162437,1.0,0.796101434855683
conditional,49,VIF+CART,0.9233333333333333,0.9092072078657846,0.9662235493579101,0.8,0.918918918918919,0.9390862944162437,1.0,0.796101434855683
conditional,49,Cluster+CART,0.88,0.8594693377131093,0.9374541678644133,0.8,0.9160739687055477,0.751269035532995,1.0,0.796101434855683
