dataset,method,seed,fold,selected_alpha,selected_rrf_lambda,fold_tuned_alpha,fold_tuned_rrf_lambda,accuracy,macro_f1,auc,n_nodes,depth,vif_dropped,main_set_redundancy,main_weighted_redundancy,root_agreement,feature_set_jaccard,importance_rank_corr,top5_jaccard,structural_distance,bootstrap_set_redundancy,bootstrap_weighted_redundancy
WDBC,CART,42,0,0.2,0.7,0.2,0.7,0.9210526315789472,0.9147486497714998,0.9480838519489028,27,6,0,0.4598299606910768,0.5747660247667089,0.44,0.3345758866983356,0.3324083959724115,0.2663362487852284,0.8852099937794157,0.46106934888843,0.5609586872027538
WDBC,VIF+CART,42,0,0.2,0.7,0.2,0.7,0.8947368421052632,0.888961038961039,0.973960039305601,27,6,13,0.3629138028783636,0.528431992167927,0.38,0.3094064257737726,0.3233560996914216,0.2818467768059605,0.8741046022714668,0.2806869856493723,0.325491422483071
WDBC,RRF-style,42,0,0.2,0.7,0.2,0.7,0.9649122807017544,0.9629870129870132,0.9641336390435638,27,6,0,0.4879498445746878,0.6280330370111777,0.44,0.2586196162114529,0.2834168357128318,0.2526728215095561,0.8791675720263302,0.4542037149241972,0.551462236125898
WDBC,ACP-Gini,42,0,0.2,0.7,0.2,0.7,0.912280701754386,0.9074675324675324,0.9664264657713724,29,6,0,0.3064445952390178,0.4279522275104779,0.44,0.284509338600575,0.2491640785318583,0.2166504697116942,0.9014924845915177,0.3109327447908686,0.4727503296593079
WDBC,CART,42,1,0.2,0.7,0.2,0.9,0.9035087719298246,0.8946837994457042,0.9297412381264332,21,6,0,0.3566293441779228,0.7696611101148404,0.52,0.2872561463479831,0.3069185657454809,0.2641059280855199,0.891209806119549,0.4447657783601502,0.6701225539608512
WDBC,VIF+CART,42,1,0.2,0.7,0.2,0.9,0.8947368421052632,0.881578947368421,0.9073042908614476,25,5,13,0.3659620980715335,0.4582894689047906,0.56,0.3157878458076537,0.3044314341490231,0.2500168448331713,0.8895611140983665,0.2694814983903011,0.2991624020948547
WDBC,RRF-style,42,1,0.2,0.7,0.2,0.9,0.868421052631579,0.8509803921568628,0.936292171634458,19,5,0,0.4197731726073624,0.705875314872635,0.52,0.2325891251605537,0.2650466093515319,0.2331360544217687,0.8943991778739994,0.424309646990642,0.6434571957775945
WDBC,ACP-Gini,42,1,0.2,0.7,0.2,0.9,0.8859649122807017,0.8708496732026143,0.9154929577464788,19,5,0,0.2720953489724603,0.6289605343319085,0.52,0.2822497638416006,0.2940003413850903,0.2628756073858114,0.890014374637108,0.3325472478339529,0.619989351879754
WDBC,CART,42,2,0.2,0.7,0.2,0.5,0.9298245614035088,0.922051282051282,0.9327050264550264,27,6,0,0.4551986424538037,0.5888463550855364,0.7,0.3075469847612704,0.3184725348470659,0.2635050210560414,0.8772578550720209,0.4800345267679755,0.6163829560664413
WDBC,VIF+CART,42,2,0.2,0.7,0.2,0.5,0.9473684210526316,0.9422297297297296,0.9837962962962964,25,5,13,0.3296185803259879,0.5006403240090488,0.52,0.2838706350339003,0.2719068036197707,0.2414356980887593,0.8837864620667676,0.2846699438194529,0.365556830719559
WDBC,RRF-style,42,2,0.2,0.7,0.2,0.5,0.956140350877193,0.9526381387619444,0.9651124338624338,23,6,0,0.4684671535121859,0.4441405484596408,0.7,0.2308799952881585,0.2599744462685914,0.2318850016196955,0.886698212260853,0.4532713352314551,0.573870866615301
WDBC,ACP-Gini,42,2,0.2,0.7,0.2,0.5,0.9649122807017544,0.9619111259605746,0.976686507936508,23,6,0,0.3433256876714797,0.380162308765716,0.7,0.2584234668892531,0.2426098278616799,0.2271493359248461,0.8931903855571007,0.3300209576129058,0.5102634722049134
WDBC,CART,42,3,0.2,0.7,0.2,0.7,0.9298245614035088,0.9265700483091788,0.960648148148148,25,6,0,0.4993258140525733,0.7166163625754075,0.34,0.3003548036597256,0.2664469893191485,0.2291253644314869,0.9084559412889992,0.4561644672263032,0.6507781244590408
WDBC,VIF+CART,42,3,0.2,0.7,0.2,0.7,0.9298245614035088,0.925974025974026,0.9614748677248678,27,6,14,0.2751033545343943,0.4862802942703572,0.3,0.2863236559359008,0.2426423352320433,0.2388040168448331,0.8995158737840571,0.2778907448829474,0.3902452139662826
WDBC,RRF-style,42,3,0.2,0.7,0.2,0.7,0.9298245614035088,0.9265700483091788,0.968584656084656,27,6,0,0.5137300747034257,0.6602946506479139,0.34,0.239547513710779,0.246144287850487,0.2210197602850664,0.9142545826376814,0.4403805692824346,0.6152610278941263
WDBC,ACP-Gini,42,3,0.2,0.7,0.2,0.7,0.9298245614035088,0.9265700483091788,0.9756944444444444,25,6,0,0.392700919961199,0.7029059737063265,0.34,0.2702819576048867,0.2342767517202185,0.217168772270813,0.913559490454924,0.3358847912351528,0.5671256138641868
WDBC,CART,42,4,0.2,0.7,0.2,0.7,0.9469026548672568,0.9425813008130082,0.9694835680751176,25,6,0,0.5205283335367202,0.6293884879799336,0.36,0.3252004168966954,0.3127286900997365,0.2499241982507288,0.8960126749605819,0.493007756026674,0.6285206345907725
WDBC,VIF+CART,42,4,0.2,0.7,0.2,0.7,0.9469026548672568,0.943687707641196,0.9735077129443326,29,5,13,0.3379514192166405,0.5186372269101001,0.6,0.3380207581534112,0.3479721312126838,0.2831049562682215,0.8890390902797994,0.2979076674064511,0.3373449459337754
WDBC,RRF-style,42,4,0.2,0.7,0.2,0.7,0.9557522123893806,0.9518944231587908,0.9646210596914824,25,6,0,0.5045072220552187,0.6255943324484561,0.36,0.247517199353934,0.2683436032249145,0.2353349530288306,0.907979134327076,0.4878405669763696,0.6328915351191248
WDBC,ACP-Gini,42,4,0.2,0.7,0.2,0.7,0.9469026548672568,0.9425813008130082,0.9557344064386318,25,6,0,0.5205283335367202,0.6321856126318535,0.36,0.2608226327494035,0.2184263749372514,0.2196177518626498,0.9124980760905708,0.3470293496581385,0.5672895477068475
WDBC,CART,43,0,0.2,0.7,1.0,0.9,0.9298245614035088,0.9246031746031746,0.9402227317392728,21,5,0,0.3628791637572742,0.5952394387808934,0.4,0.2694770663510159,0.2628928172644146,0.2417557499190152,0.9107579132499524,0.468968429887531,0.6241803186850506
WDBC,VIF+CART,43,0,0.2,0.7,1.0,0.9,0.9736842105263158,0.9715828832571666,0.9864068129708484,25,5,13,0.3860426431241127,0.5080807834679749,0.52,0.3104758812615955,0.3337885357035587,0.2832254616132167,0.8878553701538907,0.2832505951286275,0.3590735832768164
WDBC,RRF-style,43,0,0.2,0.7,1.0,0.9,0.9473684210526316,0.9439895185063872,0.9415329184408778,23,5,0,0.3861573796340641,0.552021051029214,0.4,0.2260985930169604,0.240161847149374,0.2219825072886297,0.915850417184593,0.4765900232886448,0.6071681206345436
WDBC,ACP-Gini,43,0,0.2,0.7,1.0,0.9,0.9298245614035088,0.9246031746031746,0.9400589584015724,19,5,0,0.3493601209617203,0.5791278079383553,0.4,0.2452493088477482,0.2242656202660952,0.2106634272756721,0.91383614534199,0.3401788214432726,0.5410367596621525
WDBC,CART,43,1,0.2,0.7,0.2,0.7,0.9210526315789472,0.9155902920608804,0.9585653455617426,27,6,0,0.4504836048290781,0.6518248208021722,0.42,0.3058560792948548,0.2994296327725746,0.2583122772918691,0.9041174040455716,0.4607445363626087,0.6378635806581555
WDBC,VIF+CART,43,1,0.2,0.7,0.2,0.7,0.9385964912280702,0.9354943011882628,0.9611857189649524,27,5,13,0.3623733638098013,0.4708317866340789,0.52,0.3220576351086555,0.3216201974468554,0.2882896015549076,0.884646146621734,0.2854335329221092,0.3677187951507636
WDBC,RRF-style,43,1,0.2,0.7,0.2,0.7,0.9210526315789472,0.9170641015277664,0.9441532918440878,25,6,0,0.5509411305944398,0.5501259407445034,0.42,0.2609022587389934,0.2887264948535426,0.2576025267249757,0.9068259290385474,0.4441084823686357,0.6013142924325213
WDBC,ACP-Gini,43,1,0.2,0.7,0.2,0.7,0.9385964912280702,0.933693394266722,0.9649525057320668,25,6,0,0.3576840363505165,0.5876298768276845,0.42,0.2746761099378146,0.2572594611124215,0.236261742792355,0.9172229758908412,0.330011526143153,0.5522967953776721
WDBC,CART,43,2,0.2,0.7,0.2,0.7,0.912280701754386,0.9037162162162162,0.9161706349206348,21,5,0,0.3981857336566756,0.6157359375824251,0.52,0.3324536380652827,0.3469060536824105,0.2672108843537415,0.8789758261472737,0.4792463412740777,0.6206235384809041
WDBC,VIF+CART,43,2,0.2,0.7,0.2,0.7,0.8947368421052632,0.881578947368421,0.9553571428571428,27,6,13,0.3555198696858441,0.500836393005457,0.44,0.2865864702191232,0.2718893633201165,0.2389915775834143,0.8807863960756416,0.2957989729513162,0.3526646497142344
WDBC,RRF-style,43,2,0.2,0.7,0.2,0.7,0.8947368421052632,0.8869047619047619,0.9166666666666669,21,5,0,0.518186318436975,0.6600594921992512,0.52,0.3042960984593638,0.3566062326622164,0.2899225785552316,0.8611171202553966,0.4941489813570612,0.6292279907488711
WDBC,ACP-Gini,43,2,0.2,0.7,0.2,0.7,0.9035087719298246,0.8921475875118259,0.91385582010582,21,5,0,0.3519493629574954,0.5821798056278223,0.52,0.3005560176784667,0.3004113848110067,0.2519080012957563,0.8822809857349885,0.3458937534563077,0.5441701569931773
WDBC,CART,43,3,0.2,0.7,0.6,0.5,0.9298245614035088,0.922972972972973,0.9680886243386244,25,6,0,0.5139252043716027,0.6372661531290542,0.42,0.3083285812493495,0.2946736190244836,0.2359118885649498,0.9061513291368865,0.4590401727082934,0.6359789725701788
WDBC,VIF+CART,43,3,0.2,0.7,0.6,0.5,0.9210526315789472,0.9147486497714998,0.9403108465608466,27,6,14,0.3349925606190408,0.232065779755747,0.62,0.327959392081841,0.3268629275727738,0.2705526401036605,0.8820148541443679,0.2794159851209846,0.2906100933628742
WDBC,RRF-style,43,3,0.2,0.7,0.6,0.5,0.956140350877193,0.9539245008487592,0.9745370370370372,29,6,0,0.3890775991518654,0.6038815832295928,0.42,0.2653798333186088,0.2967542173160487,0.2554275996112731,0.9003560436262341,0.4698708796277239,0.6335186770608164
WDBC,ACP-Gini,43,3,0.2,0.7,0.6,0.5,0.912280701754386,0.9066491975106452,0.9743716931216932,25,6,0,0.3362143367480026,0.6087824100502781,0.42,0.2656115180671003,0.2465655707021512,0.225341755749919,0.9128795008256756,0.3504828200347648,0.5677532621093154
WDBC,CART,43,4,0.2,0.7,0.2,0.5,0.9646017699115044,0.9627799736495388,0.9750167672702884,27,6,0,0.4062295182380819,0.6564743320408203,0.38,0.3132944136695637,0.2806593084720862,0.2335860058309038,0.9110878352430652,0.4715484058869683,0.6238998831988481
WDBC,VIF+CART,43,4,0.2,0.7,0.2,0.5,0.9557522123893806,0.9536619371770688,0.9785378940308518,35,6,14,0.1827821665727681,0.2387472018734715,0.3,0.3076237979707367,0.2922225307726558,0.2648461289277616,0.8953306585485146,0.2702822209397397,0.3139600651041564
WDBC,RRF-style,43,4,0.2,0.7,0.2,0.5,0.9734513274336284,0.9719672537831804,0.9849094567404426,31,6,0,0.3275815566944199,0.5807407350852141,0.38,0.2398405721262864,0.2518001559665517,0.2394855847100744,0.916885979971108,0.4676603425129134,0.6022591326548709
WDBC,ACP-Gini,43,4,0.2,0.7,0.2,0.5,0.9734513274336284,0.9717146433041302,0.9788732394366196,27,6,0,0.3603953038545684,0.6457708472568591,0.38,0.2613791016239996,0.2010439571700803,0.2042695173307418,0.9188925895994622,0.3455111506134131,0.5427083920984659
WDBC,CART,44,0,0.2,0.7,1.0,0.9,0.9473684210526316,0.9439895185063872,0.9572551588601376,27,6,0,0.3861322174249918,0.5620138828238765,0.38,0.313177138054689,0.3125626852928809,0.2585487528344671,0.8908012507244515,0.4876879687671077,0.620811206617822
WDBC,VIF+CART,44,0,0.2,0.7,1.0,0.9,0.9210526315789472,0.9147486497714998,0.9513593187029152,27,5,13,0.3822621669136604,0.5291318217436305,0.48,0.3016876570141876,0.3209814837032465,0.2735821185617104,0.8688980295479306,0.3008964342715234,0.3942922142085488
WDBC,RRF-style,44,0,0.2,0.7,1.0,0.9,0.9649122807017544,0.9619111259605746,0.9749426793318048,27,6,0,0.4998558945584816,0.6620144997409211,0.38,0.2436120093058869,0.2631173877132005,0.237843537414966,0.9037976622094585,0.4760140992424375,0.6048122971119377
WDBC,ACP-Gini,44,0,0.2,0.7,1.0,0.9,0.9385964912280702,0.9349474199070678,0.9569276121847364,27,6,0,0.3001166388536644,0.5415155486561302,0.38,0.2518581984908515,0.2268877915853889,0.2144250080984775,0.9120128375201668,0.3366904572809236,0.5404279547743094
WDBC,CART,44,1,0.2,0.7,0.4,0.5,0.9473684210526316,0.9439895185063872,0.9814936128398296,25,6,0,0.4335998656853663,0.5713968833451434,0.48,0.3283184621167814,0.317889148374929,0.245795270489148,0.9043256186155236,0.4356862318483881,0.5844593858072564
WDBC,VIF+CART,44,1,0.2,0.7,0.4,0.5,0.912280701754386,0.9074675324675324,0.9502129053390108,35,6,14,0.2307748516608604,0.2596862671559994,0.3,0.3242787845741027,0.2852933749221654,0.2242144476838354,0.893863840570427,0.272835570428771,0.3165238582591146
WDBC,RRF-style,44,1,0.2,0.7,0.4,0.5,0.9473684210526316,0.9434523809523808,0.9595479855879464,27,6,0,0.563170586118608,0.6330402592501715,0.48,0.2642883986761538,0.2789644079295023,0.2310463232912212,0.900812683974948,0.4354054933931127,0.5721668694973868
WDBC,ACP-Gini,44,1,0.2,0.7,0.4,0.5,0.9385964912280702,0.9343480049362404,0.9489027186374056,25,6,0,0.3611258582195928,0.4783028659641314,0.48,0.2971308079675426,0.2742476879807379,0.2271979267897635,0.9100074925573484,0.3313751383988862,0.5133288149545566
WDBC,CART,44,2,0.2,0.7,0.2,0.7,0.956140350877193,0.9531057178116,0.9639550264550264,25,6,0,0.4896344184302306,0.6838023132594118,0.46,0.3010667358518499,0.2873838447967049,0.2592290249433106,0.9014305381526037,0.4608706234757329,0.6207339349424854
WDBC,VIF+CART,44,2,0.2,0.7,0.2,0.7,0.9298245614035088,0.9253193580085162,0.9636243386243388,29,6,13,0.3005088633900912,0.6309320018835174,0.38,0.3004669143714761,0.2864406253124298,0.2438036929057336,0.8983164551363784,0.2794037319824833,0.3741304564521356
WDBC,RRF-style,44,2,0.2,0.7,0.2,0.7,0.9473684210526316,0.9434523809523808,0.9578373015873016,25,6,0,0.4345157988525897,0.6561403360767023,0.46,0.2215275155683319,0.2291328589373805,0.2241486880466471,0.9091811346942156,0.4577984597132601,0.5788147966060673
WDBC,ACP-Gini,44,2,0.2,0.7,0.2,0.7,0.956140350877193,0.9531057178116,0.9654431216931216,25,6,0,0.3310449324895851,0.6410428481040524,0.46,0.255496106268015,0.2190185451769104,0.2169420149011985,0.916675179665705,0.3463661161075212,0.5367645536131116
WDBC,CART,44,3,0.2,0.7,0.2,0.9,0.956140350877193,0.9526381387619444,0.9647817460317462,21,5,0,0.3743522688396112,0.6181002020251355,0.38,0.2748142203268254,0.2614120058717014,0.2605442176870748,0.9012471185224707,0.4360704264680767,0.5853557748695544
WDBC,VIF+CART,44,3,0.2,0.7,0.2,0.9,0.9385964912280702,0.9329805996472662,0.96494708994709,25,5,13,0.3822621669136604,0.5315294244597881,0.6,0.3108686857360326,0.3311988182928265,0.309303530936184,0.8603422435080569,0.2835502685807147,0.3413840634960351
WDBC,RRF-style,44,3,0.2,0.7,0.2,0.9,0.956140350877193,0.9526381387619444,0.9723875661375662,21,5,0,0.3461134344679835,0.6116065774842402,0.38,0.2174723235947725,0.2049557137288689,0.2099232264334305,0.9120152186695464,0.434925558599913,0.5879237328086344
WDBC,ACP-Gini,44,3,0.2,0.7,0.2,0.9,0.956140350877193,0.9526381387619444,0.9647817460317462,21,5,0,0.2945321194122507,0.5346086570901585,0.38,0.2496506062964646,0.2154243064680606,0.2296080336896663,0.9176165001850856,0.32605043011318,0.5361865955560287
WDBC,CART,44,4,0.2,0.7,0.4,0.7,0.911504424778761,0.9052649228705568,0.9248826291079812,27,6,0,0.3812343908786143,0.64042368014524,0.44,0.2921457037027264,0.2665755226138038,0.2220570132815031,0.9124294389645372,0.4809149140636778,0.6281409992361605
WDBC,VIF+CART,44,4,0.2,0.7,0.4,0.7,0.9646017699115044,0.9627799736495388,0.9849094567404426,29,6,13,0.3629138028783636,0.5008960723063343,0.58,0.3392557952251829,0.3659023879309933,0.3064839650145772,0.8727957588144718,0.2812585179591524,0.3225348255657357
WDBC,RRF-style,44,4,0.2,0.7,0.4,0.7,0.9292035398230089,0.9249169435215948,0.9495305164319248,27,6,0,0.3097297813852278,0.6193484046910419,0.44,0.2352948434785169,0.2457197152922897,0.2128299319727891,0.9040844639343724,0.4600075404381892,0.6153257459832387
WDBC,ACP-Gini,44,4,0.2,0.7,0.4,0.7,0.9292035398230089,0.9249169435215948,0.9595908786049632,27,6,0,0.2913389791930062,0.6058861826832721,0.44,0.2585197122472032,0.2123438442608722,0.200527048914804,0.9129918286118452,0.3569017756597602,0.565811679767785
Wine,CART,42,0,1.0,0.9,1.0,0.9,0.7330769230769231,0.7085674452199182,0.7828583873999861,109,6,0,0.2447890453576659,0.1586702695179775,1.0,0.9760296846011132,0.6664860853432283,0.6191545189504374,0.5789472417113536,0.2440760192870703,0.1813245987298655
Wine,VIF+CART,42,0,1.0,0.9,1.0,0.9,0.7338461538461538,0.7075232459847844,0.7840479811295281,109,6,1,0.2379085550315292,0.1542066831121813,1.0,0.996,0.7785882214315671,0.6689795918367347,0.5576279188833637,0.2378256542392634,0.1667230282717295
Wine,RRF-style,42,0,1.0,0.9,1.0,0.9,0.7346153846153847,0.7096784842951271,0.7846032946906418,109,6,0,0.2447890453576659,0.1623017054893767,1.0,0.951294990723562,0.6608954206655937,0.6122934888241011,0.5807658080893189,0.2449603786846315,0.1808408032730214
Wine,ACP-Gini,42,0,1.0,0.9,1.0,0.9,0.7315384615384616,0.7093751341185393,0.7892279358383578,107,6,0,0.2080885340760038,0.1054444607028043,1.0,0.921806019377448,0.8751965797579975,0.6933722060252673,0.5208766825492029,0.2150542050356365,0.1306154125244506
Wine,CART,42,1,1.0,0.9,0.8,0.5,0.7476923076923077,0.7254523211641234,0.7919331789663526,117,6,0,0.2447890453576659,0.1718210242468791,1.0,0.9927272727272728,0.6034508348794063,0.5420602526724976,0.5781552180983376,0.2444758689208858,0.1823731055669297
Wine,VIF+CART,42,1,1.0,0.9,0.8,0.5,0.75,0.7283501499057101,0.7980148813845138,115,6,1,0.2379085550315292,0.1598082768199831,1.0,1.0,0.7271243042671615,0.5669484936831876,0.5576450604635402,0.2379085550315292,0.1666546701883522
Wine,RRF-style,42,1,1.0,0.9,0.8,0.5,0.7461538461538462,0.7227098679090644,0.792666804221402,117,6,0,0.2447890453576659,0.1824371393240892,1.0,0.9629090909090908,0.5923433657823032,0.529067055393586,0.5744456276726868,0.2434869698534094,0.1814986180347117
Wine,ACP-Gini,42,1,1.0,0.9,0.8,0.5,0.7384615384615385,0.7128855907541365,0.8032215828474338,117,6,0,0.2055595719045704,0.1128577096734517,1.0,0.8652541743970316,0.827958230024294,0.6649173955296405,0.5001852167686504,0.2200370458060125,0.1230324538501316
Wine,CART,42,2,1.0,0.9,1.0,0.9,0.7598152424942263,0.7408975834292291,0.8019403510382714,119,6,0,0.2447890453576659,0.1782726905193678,1.0,0.9754359925788498,0.6834730983302413,0.6270068027210884,0.5664607816094578,0.2454832058656094,0.1843162687762738
Wine,VIF+CART,42,2,1.0,0.9,1.0,0.9,0.7590454195535027,0.7397151883540268,0.7968510102169377,121,6,1,0.2379085550315292,0.1723430086442407,1.0,0.9841632653061224,0.7761646076543048,0.6578328474246843,0.5439742567756373,0.2377016667356554,0.1711667435048061
Wine,RRF-style,42,2,1.0,0.9,1.0,0.9,0.7575057736720554,0.7353309293187367,0.8041719587649901,119,6,0,0.2447890453576659,0.1680544479977019,1.0,0.9488682745825604,0.7062054493185983,0.6702526724975705,0.5668205017755543,0.2458473446519123,0.1829559965638195
Wine,ACP-Gini,42,2,1.0,0.9,1.0,0.9,0.7513471901462664,0.7318827197375426,0.799352961279693,121,6,0,0.2379085550315292,0.1230468549755798,1.0,0.9060977118119976,0.8407414154850105,0.6437220602526725,0.4907989032540463,0.2194867874959173,0.1289297130140461
Wine,CART,42,3,1.0,0.9,1.0,0.9,0.7467282525019245,0.7266569747175722,0.8065553158171254,113,6,0,0.2447890453576659,0.1646053483672142,1.0,0.9928756957328384,0.6561113172541744,0.6080369290573372,0.5635672994271675,0.2445138257446204,0.1832165950769374
Wine,VIF+CART,42,3,1.0,0.9,1.0,0.9,0.7490377213240954,0.729271192942079,0.8097637301259392,115,6,1,0.2379085550315292,0.1561696431075565,1.0,0.996,0.7521282328275369,0.6006608357628767,0.5510605850174967,0.2379785702173249,0.1697966276161876
Wine,RRF-style,42,3,1.0,0.9,1.0,0.9,0.7490377213240954,0.729271192942079,0.8119558065157845,115,6,0,0.2379085550315292,0.1563345366904073,1.0,0.9510871985157698,0.6517587788354844,0.5902235179786202,0.5657219697663153,0.2437373147608255,0.1818093010600092
Wine,ACP-Gini,42,3,1.0,0.9,1.0,0.9,0.7390300230946882,0.722835086747587,0.8045710977469688,117,6,0,0.2080885340760038,0.1219462593215494,1.0,0.8938742527313956,0.8098006529405881,0.6518950437317785,0.5000241768389757,0.2237543943571827,0.1297631433671472
Wine,CART,42,4,1.0,0.9,1.0,0.9,0.7344110854503464,0.7163247388779839,0.788654951652593,119,6,0,0.2447890453576659,0.1743552440925095,1.0,0.9963636363636365,0.7295584415584416,0.6622643343051507,0.5452190805988824,0.2446514355511431,0.1844333587450704
Wine,VIF+CART,42,4,1.0,0.9,1.0,0.9,0.7344110854503464,0.7163247388779839,0.7853007545667113,119,6,1,0.2379085550315292,0.1687058808078887,1.0,1.0,0.8129424860853434,0.6460738581146744,0.533412313921156,0.2379085550315292,0.1718246340306816
Wine,RRF-style,42,4,1.0,0.9,1.0,0.9,0.7390300230946882,0.7214888133449284,0.7905375394386186,119,6,0,0.2447890453576659,0.1679392757952759,1.0,0.968,0.7333016207699011,0.6745189504373178,0.5526647188044772,0.2444866300297912,0.1815900821964977
Wine,ACP-Gini,42,4,1.0,0.9,1.0,0.9,0.7421093148575828,0.725448122745664,0.7912676006003859,121,6,0,0.2080885340760038,0.1185888492463127,1.0,0.9187301587301588,0.8647694482574239,0.7229154518950438,0.5005053156229391,0.2211768645052888,0.1302306112345336
Wine,CART,43,0,1.0,0.9,1.0,0.9,0.7346153846153847,0.7180619509358646,0.8047932730639809,113,6,0,0.2447890453576659,0.1691354129542496,1.0,1.0,0.6156883116883117,0.5724586977648203,0.5578097727170254,0.2447890453576659,0.1862572006228187
Wine,VIF+CART,43,0,1.0,0.9,1.0,0.9,0.7369230769230769,0.7180908804999544,0.8062707128137332,115,6,1,0.2379085550315292,0.1586863843075143,1.0,0.996,0.7382998754881228,0.6082021379980563,0.5387762017462235,0.2380683035002497,0.1713959873647058
Wine,RRF-style,43,0,1.0,0.9,1.0,0.9,0.7407692307692307,0.7227985388869802,0.8090740273733924,115,6,0,0.2379085550315292,0.1578043509164693,1.0,0.96830426716141,0.613403291362383,0.5558989310009719,0.5680227633248222,0.2446364787005949,0.1841103290839629
Wine,ACP-Gini,43,0,1.0,0.9,1.0,0.9,0.7461538461538462,0.7326663077291218,0.8123778883310279,113,6,0,0.2414093143213143,0.1071404635501876,1.0,0.8948979591836734,0.8142576454302204,0.6628862973760933,0.5201470216551515,0.2180994244341356,0.1320132183899333
Wine,CART,43,1,1.0,0.9,1.0,0.5,0.7384615384615385,0.7241610001098363,0.788905701134317,113,6,0,0.2447890453576659,0.1694766912308821,1.0,0.9755844155844156,0.6592356215213359,0.5945189504373178,0.5797107921544945,0.243945739671078,0.1774136367899824
Wine,VIF+CART,43,1,1.0,0.9,1.0,0.5,0.7338461538461538,0.7199078398405878,0.7865137771256664,113,6,1,0.2379085550315292,0.1501840659451501,1.0,0.996,0.749954559290805,0.6042662779397473,0.5580149625652605,0.2373121546124187,0.1654706693051422
Wine,RRF-style,43,1,1.0,0.9,1.0,0.5,0.7369230769230769,0.7231458994956099,0.7903411102704987,113,6,0,0.2398079647307797,0.1768455744972533,1.0,0.9528014842300556,0.6638070500927644,0.5966277939747329,0.5825688364061803,0.2433681770607575,0.1757058422283954
Wine,ACP-Gini,43,1,1.0,0.9,1.0,0.5,0.7430769230769231,0.728420636528988,0.7988682302054915,117,6,0,0.2080885340760038,0.1235752830894625,1.0,0.8898177695320552,0.8521784025612074,0.6572983479105928,0.5308531086975071,0.2156900346257975,0.1234920595023024
Wine,CART,43,2,1.0,0.9,1.0,0.9,0.745958429561201,0.7164580908032596,0.794880819395349,111,6,0,0.2447890453576659,0.1540638047684645,1.0,0.9892393320964752,0.6941818181818182,0.6247230320699709,0.5667781195473216,0.2447727477985327,0.1782154213709873
Wine,VIF+CART,43,2,1.0,0.9,1.0,0.9,0.7505773672055427,0.7251648190908047,0.7978711737491518,111,6,1,0.2379085550315292,0.1457439238042828,1.0,0.992,0.763749979993052,0.6288241010689991,0.5485949403692119,0.2372721812211841,0.1671377055494457
Wine,RRF-style,43,2,1.0,0.9,1.0,0.9,0.745958429561201,0.7164580908032596,0.794880819395349,111,6,0,0.2447890453576659,0.1540638047684645,1.0,0.9516141001855288,0.6959183673469389,0.634402332361516,0.5703453467250001,0.2442860311886789,0.1776286753200072
Wine,ACP-Gini,43,2,1.0,0.9,1.0,0.9,0.7621247113163973,0.7418549686315241,0.7984756206419891,111,6,0,0.1947472228036031,0.1068343867914876,1.0,0.9291133786848074,0.8622790454185634,0.6830709426627795,0.4977884370339663,0.2152820436906144,0.1274097388066646
Wine,CART,43,3,1.0,0.9,1.0,0.9,0.7405696689761355,0.7142846886595112,0.8027539314552123,113,6,0,0.2447890453576659,0.1792093804756512,1.0,0.9787755102040816,0.6781595547309833,0.608377065111759,0.5587563260782699,0.2459583696284374,0.1882240380410513
Wine,VIF+CART,43,3,1.0,0.9,1.0,0.9,0.7421093148575828,0.7150944643875445,0.8040648415941076,113,6,1,0.2379085550315292,0.1705739902974136,1.0,0.980326530612245,0.7752370977752366,0.6115063168124393,0.5497681734953518,0.238663884531542,0.1730922320371279
Wine,RRF-style,43,3,1.0,0.9,1.0,0.9,0.7405696689761355,0.7044707804372555,0.8010413319255077,113,6,0,0.2447890453576659,0.177821884295276,1.0,0.9414990723562152,0.6885511469131885,0.5966666666666667,0.570607687979713,0.2454671925153569,0.1864800858679616
Wine,ACP-Gini,43,3,1.0,0.9,1.0,0.9,0.7244033872209392,0.7047682290740844,0.8014340948854102,111,6,0,0.2080885340760038,0.1304986712402369,1.0,0.8908785817357247,0.8435180106932737,0.7020699708454811,0.506762632444256,0.2230687668200794,0.1291458670906646
Wine,CART,43,4,1.0,0.9,1.0,0.9,0.7428791377983064,0.7133382490525347,0.7752011497186967,119,6,0,0.2447890453576659,0.1669691497044953,1.0,0.9927272727272728,0.6822189239332097,0.6198931000971818,0.5640424332682287,0.2445518139386054,0.1805363188221594
Wine,VIF+CART,43,4,1.0,0.9,1.0,0.9,0.737490377213241,0.7074913576496769,0.779734676373587,117,6,1,0.2379085550315292,0.1525991405588672,1.0,0.996,0.7710001968254574,0.6190573372206025,0.5427846839652318,0.2382043572225097,0.167642981446491
Wine,RRF-style,43,4,1.0,0.9,1.0,0.9,0.7428791377983064,0.7133382490525347,0.7756351021575094,119,6,0,0.2447890453576659,0.1669250161747462,1.0,0.9365640074211502,0.6751909270297447,0.6137803692905733,0.5753605971597374,0.2435143856745906,0.1784185610216804
Wine,ACP-Gini,43,4,1.0,0.9,1.0,0.9,0.7451886066204773,0.7190819196581699,0.7861010139171101,121,6,0,0.2080885340760038,0.1219633162214897,1.0,0.9141084312512884,0.8549362238133936,0.6896404275996113,0.5152438176213777,0.2198656099995034,0.1305160575785321
Wine,CART,44,0,1.0,0.9,1.0,0.9,0.7546153846153846,0.7299340757812668,0.7979117153330225,111,6,0,0.2379085550315292,0.1423179708715984,1.0,0.989090909090909,0.7187903525046382,0.647463556851312,0.5692866842030411,0.2445829811102353,0.1761568113041256
Wine,VIF+CART,44,0,1.0,0.9,1.0,0.9,0.7546153846153846,0.7299340757812668,0.7979117153330225,111,6,1,0.2379085550315292,0.1423179708715984,1.0,0.996,0.8033185235683663,0.6554810495626823,0.5509941827976512,0.2378685816402946,0.1635866805848127
Wine,RRF-style,44,0,1.0,0.9,1.0,0.9,0.7546153846153846,0.7318216533159505,0.7997827144643898,111,6,0,0.2379085550315292,0.1406147572192528,1.0,0.9520593692022264,0.7090315398886828,0.6382896015549077,0.5794601594960764,0.2436294197425451,0.1749024847480762
Wine,ACP-Gini,44,0,1.0,0.9,1.0,0.9,0.7630769230769231,0.7396449704142012,0.8088562323757996,115,6,0,0.2080885340760038,0.1074874437387362,1.0,0.9106757369614512,0.8542925517648109,0.6716909620991255,0.5205673011426925,0.2156400158144241,0.1257188769568743
Wine,CART,44,1,1.0,0.9,1.0,0.9,0.7507692307692307,0.7168403361344537,0.8054784994306762,109,6,0,0.2447890453576659,0.1545776002359045,1.0,0.9856029684601114,0.6126159554730983,0.55354713313897,0.5737365522826112,0.2447444278978576,0.1830536817710107
Wine,VIF+CART,44,1,1.0,0.9,1.0,0.9,0.75,0.7161379441937277,0.8096700978931198,109,6,1,0.2379085550315292,0.1472473362596748,1.0,0.992,0.7352251940411897,0.5760835762876579,0.5530389873442475,0.238164383831275,0.1673946198711064
Wine,RRF-style,44,1,1.0,0.9,1.0,0.9,0.75,0.7161379441937277,0.8096688242381634,109,6,0,0.2447890453576659,0.1478840962528746,1.0,0.9651057513914656,0.5988367411198775,0.5264237123420796,0.5723346058536829,0.2449054898032194,0.1821042665609893
Wine,ACP-Gini,44,1,1.0,0.9,1.0,0.9,0.7607692307692308,0.7347723719799442,0.8099439337088068,115,6,0,0.2379085550315292,0.1240682556791532,1.0,0.8842820037105752,0.8264025799968739,0.627240038872692,0.5338021851458039,0.2213205189026955,0.1292074866314492
Wine,CART,44,2,1.0,0.9,1.0,0.7,0.7729022324865281,0.754235565215551,0.8242946844379153,121,6,0,0.2447890453576659,0.1699227007169166,1.0,0.9751243042671612,0.6414311524107759,0.5732458697764821,0.5798333141022364,0.2443678883533726,0.1871953768226456
Wine,VIF+CART,44,2,1.0,0.9,1.0,0.7,0.7736720554272517,0.7551809286439582,0.8225234255051086,121,6,1,0.2379085550315292,0.1624702609680728,1.0,0.992,0.7619104183500579,0.5936443148688048,0.5522360493318209,0.2381383186860454,0.1722024373625562
Wine,RRF-style,44,2,1.0,0.9,1.0,0.7,0.7736720554272517,0.7549559838821447,0.8239184991354114,121,6,0,0.2398079647307797,0.1734882879425311,1.0,0.9587680890538034,0.6431971531210481,0.5818561710398445,0.5818095076294472,0.2442947710875086,0.1860750857577216
Wine,ACP-Gini,44,2,1.0,0.9,1.0,0.7,0.7544264819091608,0.7374844868644366,0.8123970272434671,117,6,0,0.2337635154182387,0.120110920166425,1.0,0.9049622758194186,0.8311157844095197,0.6726919339164237,0.498197975205817,0.2256121277423788,0.1288113327264436
Wine,CART,44,3,1.0,0.9,0.8,0.9,0.7536566589684373,0.7315200429898623,0.7989053645299342,119,6,0,0.2447890453576659,0.1718872152710879,1.0,0.971948051948052,0.7215361781076067,0.6648396501457727,0.5626291147079532,0.245189142888667,0.1832817943294215
Wine,VIF+CART,44,3,1.0,0.9,0.8,0.9,0.7451886066204773,0.7249953149894115,0.8008360240146496,119,6,1,0.2379085550315292,0.1661804559416975,1.0,0.9801632653061226,0.8014593883719442,0.6741107871720117,0.5468053391151396,0.2386899496767717,0.1720552655163725
Wine,RRF-style,44,3,1.0,0.9,0.8,0.9,0.7513471901462664,0.7291333794270818,0.7980879584997475,119,6,0,0.2447890453576659,0.1740660608852461,1.0,0.934100185528757,0.7216441965579755,0.6570942662779398,0.5688212279324454,0.2448214166326884,0.1835994438730831
Wine,ACP-Gini,44,3,1.0,0.9,0.8,0.9,0.7505773672055427,0.7260064579969794,0.7972871301269594,117,6,0,0.2080885340760038,0.1228145638471491,1.0,0.8845491651205937,0.8707824472888994,0.7331000971817299,0.5146955847710888,0.2199664549191775,0.1299981061700815
Wine,CART,44,4,1.0,0.9,0.8,0.9,0.75211701308699,0.7318648266100496,0.7962950672371014,115,6,0,0.2447890453576659,0.1645646735586783,1.0,0.9928756957328386,0.6275324675324675,0.5719241982507289,0.5747991330923465,0.2453068894654904,0.1832221052750755
Wine,VIF+CART,44,4,1.0,0.9,0.8,0.9,0.75211701308699,0.7318648266100496,0.7947877206775784,117,6,1,0.2379085550315292,0.1629813800585229,1.0,1.0,0.7407272727272728,0.5848396501457727,0.5521848142964726,0.2379085550315292,0.1693755057915478
Wine,RRF-style,44,4,1.0,0.9,0.8,0.9,0.7498075442648191,0.7299802941738935,0.7944533220335521,113,6,0,0.2447890453576659,0.1634772766068932,1.0,0.954330241187384,0.6330808182666189,0.5729737609329447,0.5861964828437847,0.2451046147781248,0.1822633050440949
Wine,ACP-Gini,44,4,1.0,0.9,0.8,0.9,0.7405696689761355,0.7210039099718621,0.7901189029682346,117,6,0,0.2379085550315292,0.1194521275819515,1.0,0.8678499278499279,0.8402013587114776,0.648804664723032,0.5275185909651788,0.2187462457305087,0.1283577747050513
Pima,CART,42,0,0.2,0.9,0.4,0.9,0.7662337662337663,0.7210144927536233,0.7722222222222221,73,6,0,0.1587031560949872,0.1831177846283969,1.0,0.9498979591836736,0.6343245869776483,0.6254907677356658,0.6729182351768864,0.1697839100421438,0.1777852453576283
Pima,VIF+CART,42,0,0.2,0.9,0.4,0.9,0.7662337662337663,0.7210144927536233,0.7722222222222221,73,6,0,0.1587031560949872,0.1831177846283969,1.0,0.9498979591836736,0.6343245869776483,0.6254907677356658,0.6729182351768864,0.1697839100421438,0.1777852453576283
Pima,RRF-style,42,0,0.2,0.9,0.4,0.9,0.7662337662337663,0.7210144927536233,0.7722222222222221,73,6,0,0.1587031560949872,0.1831177846283969,1.0,0.8862244897959184,0.6047497587803765,0.6256656948493684,0.6723959999097743,0.1688171854297712,0.1769106128653316
Pima,ACP-Gini,42,0,0.2,0.9,0.4,0.9,0.7597402597402597,0.7114498404820986,0.7669444444444444,73,6,0,0.1587031560949872,0.1845955856252718,1.0,0.919067055393586,0.6400044748676437,0.6388532555879496,0.6687115772111971,0.1691267953449969,0.1742074226940588
Pima,CART,42,1,0.2,0.9,0.2,0.9,0.7532467532467533,0.7186538461538461,0.7899074074074075,73,6,0,0.1587031560949872,0.1861425416293169,0.98,0.9313265306122448,0.6465111758989311,0.6280563654033042,0.6678365052591715,0.1694862889005681,0.1834600994823889
Pima,VIF+CART,42,1,0.2,0.9,0.2,0.9,0.7532467532467533,0.7186538461538461,0.7899074074074075,73,6,0,0.1587031560949872,0.1861425416293169,0.98,0.9313265306122448,0.6465111758989311,0.6280563654033042,0.6678365052591715,0.1694862889005681,0.1834600994823889
Pima,RRF-style,42,1,0.2,0.9,0.2,0.9,0.7532467532467533,0.7186538461538461,0.7899074074074075,73,6,0,0.1587031560949872,0.1861425416293169,0.98,0.863804664723032,0.6688126186989444,0.6439844509232264,0.6759185252219884,0.1685350978737339,0.1833119370294754
Pima,ACP-Gini,42,1,0.2,0.9,0.2,0.9,0.7532467532467533,0.7156462585034014,0.7858333333333334,73,6,0,0.1587031560949872,0.1890033020786277,0.98,0.915116618075802,0.6726645090427408,0.647648202137998,0.6675563448218336,0.1691413814947457,0.1816964973437548
Pima,CART,42,2,0.2,0.9,0.4,0.9,0.7532467532467533,0.7156462585034014,0.7656481481481483,77,6,0,0.1716567889709266,0.1736252473388351,0.96,0.9363556851311956,0.7654004436154761,0.7233041788143829,0.6687741294520149,0.1693336157991153,0.17549027975338
Pima,VIF+CART,42,2,0.2,0.9,0.4,0.9,0.7532467532467533,0.7156462585034014,0.7656481481481483,77,6,0,0.1716567889709266,0.1736252473388351,0.96,0.9363556851311956,0.7654004436154761,0.7233041788143829,0.6687741294520149,0.1693336157991153,0.17549027975338
Pima,RRF-style,42,2,0.2,0.9,0.4,0.9,0.7532467532467533,0.7156462585034014,0.7670370370370372,77,6,0,0.1716567889709266,0.1736770286733861,0.96,0.878586005830904,0.7626822728544925,0.735860058309038,0.6650396895571123,0.1679784480072545,0.174466311354878
Pima,ACP-Gini,42,2,0.2,0.9,0.4,0.9,0.7532467532467533,0.7156462585034014,0.7780555555555555,77,6,0,0.1716567889709266,0.1730867355628026,0.96,0.8938969873663752,0.7804516052915991,0.7462001943634596,0.6636501279647563,0.1685097707722202,0.1740847748836467
Pima,CART,42,3,0.2,0.9,1.0,0.7,0.7124183006535948,0.6621838619028503,0.7520754716981132,69,6,0,0.1716567889709266,0.1902236728518566,1.0,0.889139941690962,0.6966718628104924,0.6695043731778425,0.6600929052364858,0.169682517453747,0.1775103059500569
Pima,VIF+CART,42,3,0.2,0.9,1.0,0.7,0.7124183006535948,0.6621838619028503,0.7520754716981132,69,6,0,0.1716567889709266,0.1902236728518566,1.0,0.889139941690962,0.6966718628104924,0.6695043731778425,0.6600929052364858,0.169682517453747,0.1775103059500569
Pima,RRF-style,42,3,0.2,0.9,1.0,0.7,0.7058823529411765,0.6524307133121308,0.7664150943396226,67,6,0,0.1587031560949872,0.1845754720975002,1.0,0.8662682215743441,0.6821242754385523,0.6691448007774539,0.6680228961822109,0.1690658433737393,0.1779619400369579
Pima,ACP-Gini,42,3,0.2,0.9,1.0,0.7,0.7189542483660131,0.6717884759291595,0.7631132075471698,69,6,0,0.1716567889709266,0.1867846064725957,1.0,0.8692419825072886,0.7341013471531437,0.6946258503401361,0.6587785555214165,0.1697738023679657,0.1759125736759812
Pima,CART,42,4,0.2,0.9,0.2,0.9,0.7124183006535948,0.6732038834951457,0.6789622641509434,65,6,0,0.1739817346301192,0.1846797898390841,0.98,0.9165451895043734,0.7597469138338091,0.6829057337220603,0.654068894736232,0.1703668351515189,0.1831456531692278
Pima,VIF+CART,42,4,0.2,0.9,0.2,0.9,0.7124183006535948,0.6732038834951457,0.6789622641509434,65,6,0,0.1739817346301192,0.1846797898390841,0.98,0.9165451895043734,0.7597469138338091,0.6829057337220603,0.654068894736232,0.1703668351515189,0.1831456531692278
Pima,RRF-style,42,4,0.2,0.9,0.2,0.9,0.6993464052287581,0.6468285828984344,0.708679245283019,67,6,0,0.1716567889709266,0.1881710513170298,0.98,0.8273032069970846,0.7756872956693752,0.6946452866861029,0.6650447416499154,0.1678987411107987,0.1822668270922078
Pima,ACP-Gini,42,4,0.2,0.9,0.2,0.9,0.6928104575163399,0.6276601253041992,0.6861320754716982,61,6,0,0.1716567889709266,0.1843955359389629,0.98,0.8620699708454812,0.7721421262062975,0.6921963070942663,0.6656893779195022,0.1698810397827146,0.1810658198437188
Pima,CART,43,0,0.2,0.9,0.6,0.9,0.7337662337662337,0.66190093708166,0.7828703703703703,69,6,0,0.1716567889709266,0.1853847146547113,1.0,0.9039795918367348,0.6998056365403306,0.6661807580174928,0.6510811083845482,0.1682066716896827,0.1809917341257828
Pima,VIF+CART,43,0,0.2,0.9,0.6,0.9,0.7337662337662337,0.66190093708166,0.7828703703703703,69,6,0,0.1716567889709266,0.1853847146547113,1.0,0.9039795918367348,0.6998056365403306,0.6661807580174928,0.6510811083845482,0.1682066716896827,0.1809917341257828
Pima,RRF-style,43,0,0.2,0.9,0.6,0.9,0.7532467532467533,0.6977272727272728,0.7653703703703704,69,6,0,0.1591232794962716,0.1793281006958934,1.0,0.8529154518950438,0.7062165450752439,0.6531389698736637,0.653691133643986,0.1667339419446742,0.1803148608650866
Pima,ACP-Gini,43,0,0.2,0.9,0.6,0.9,0.7337662337662337,0.66190093708166,0.7811111111111111,71,6,0,0.1643185465725868,0.1849723478461462,1.0,0.9001749271137027,0.7135571320905554,0.6898639455782313,0.6568980688811168,0.1683469373911216,0.179888380646977
Pima,CART,43,1,0.2,0.9,0.8,0.7,0.7012987012987013,0.6594230769230769,0.7814814814814814,73,6,0,0.1716567889709266,0.1791310262094014,1.0,0.9262390670553936,0.6960722255601902,0.6551603498542274,0.6484613279165707,0.1694279975153772,0.1801773658060339
Pima,VIF+CART,43,1,0.2,0.9,0.8,0.7,0.7012987012987013,0.6594230769230769,0.7814814814814814,73,6,0,0.1716567889709266,0.1791310262094014,1.0,0.9262390670553936,0.6960722255601902,0.6551603498542274,0.6484613279165707,0.1694279975153772,0.1801773658060339
Pima,RRF-style,43,1,0.2,0.9,0.8,0.7,0.7012987012987013,0.6594230769230769,0.7781481481481483,73,6,0,0.1716567889709266,0.1792432206323698,1.0,0.821622934888241,0.7102468935231961,0.6667832847424684,0.6570380846117385,0.1677957022427889,0.1798352166435106
Pima,ACP-Gini,43,1,0.2,0.9,0.8,0.7,0.7012987012987013,0.6594230769230769,0.7888888888888889,73,6,0,0.1716567889709266,0.1790022765031189,1.0,0.8925218658892129,0.7216543070285277,0.6639844509232264,0.6572315866660978,0.1689066172138302,0.1798212355009193
Pima,CART,43,2,0.2,0.9,0.8,0.9,0.7272727272727273,0.6979263964132263,0.7511111111111112,65,6,0,0.1716567889709266,0.1779920374738064,0.98,0.9434110787172012,0.7295380526968004,0.6852380952380953,0.6893440676478579,0.1712778139100349,0.1820251319262947
Pima,VIF+CART,43,2,0.2,0.9,0.8,0.9,0.7272727272727273,0.6979263964132263,0.7511111111111112,65,6,0,0.1716567889709266,0.1779920374738064,0.98,0.9434110787172012,0.7295380526968004,0.6852380952380953,0.6893440676478579,0.1712778139100349,0.1820251319262947
Pima,RRF-style,43,2,0.2,0.9,0.8,0.9,0.7142857142857143,0.6957614942528736,0.739074074074074,65,6,0,0.1716567889709266,0.176731222706307,0.98,0.8745821185617105,0.7455650864039303,0.7000485908649174,0.6857209965374226,0.1709140541789152,0.1810703370182979
Pima,ACP-Gini,43,2,0.2,0.9,0.8,0.9,0.7142857142857143,0.6957614942528736,0.7379629629629629,65,6,0,0.1716567889709266,0.1764296542902214,0.98,0.8842857142857142,0.7484178892361691,0.6875996112730807,0.6743964770522844,0.1698837471630176,0.179690971016228
Pima,CART,43,3,0.2,0.9,0.2,0.9,0.7843137254901961,0.7536231884057971,0.830754716981132,71,6,0,0.1716567889709266,0.1927833029997799,1.0,0.9348396501457727,0.7296826581077065,0.6941010689990282,0.6644645132844637,0.1696600876610625,0.1826182000666045
Pima,VIF+CART,43,3,0.2,0.9,0.2,0.9,0.7843137254901961,0.7536231884057971,0.830754716981132,71,6,0,0.1716567889709266,0.1927833029997799,1.0,0.9348396501457727,0.7296826581077065,0.6941010689990282,0.6644645132844637,0.1696600876610625,0.1826182000666045
Pima,RRF-style,43,3,0.2,0.9,0.2,0.9,0.7843137254901961,0.7536231884057971,0.830754716981132,71,6,0,0.1716567889709266,0.1927833029997799,1.0,0.8661661807580174,0.7184233748733085,0.6750631681243926,0.667994418550961,0.1689520534383818,0.1828708283336606
Pima,ACP-Gini,43,3,0.2,0.9,0.2,0.9,0.7777777777777778,0.7474757281553398,0.8102830188679246,69,6,0,0.1716567889709266,0.1951163339801981,1.0,0.9054081632653062,0.7411283311650408,0.6964431486880467,0.6637314433793038,0.1689274168303715,0.1809686048097521
Pima,CART,43,4,0.2,0.9,1.0,0.7,0.7450980392156863,0.7118087418497947,0.7764150943396226,73,6,0,0.1716567889709266,0.1870194645711902,1.0,0.9225072886297376,0.6664766531032141,0.6754713313896987,0.6648771223679862,0.1682732682320314,0.1742464034560162
Pima,VIF+CART,43,4,0.2,0.9,1.0,0.7,0.7450980392156863,0.7118087418497947,0.7764150943396226,73,6,0,0.1716567889709266,0.1870194645711902,1.0,0.9225072886297376,0.6664766531032141,0.6754713313896987,0.6648771223679862,0.1682732682320314,0.1742464034560162
Pima,RRF-style,43,4,0.2,0.9,1.0,0.7,0.7450980392156863,0.7118087418497947,0.7850943396226415,73,6,0,0.1716567889709266,0.1870602132061906,1.0,0.8821574344023325,0.6627527862366038,0.6687657920310981,0.6667442373020444,0.1673396347577603,0.1749443494679779
Pima,ACP-Gini,43,4,0.2,0.9,1.0,0.7,0.7450980392156863,0.70566763675825,0.7747169811320755,73,6,0,0.1716567889709266,0.1856525759056274,1.0,0.9202040816326532,0.7052672497570458,0.6881632653061226,0.6542683141166098,0.1679353373447267,0.1733051011124634
Pima,CART,44,0,0.2,0.9,0.4,0.9,0.7142857142857143,0.6806184012066365,0.7264814814814815,73,6,0,0.1716567889709266,0.1825083787839947,1.0,0.9299271137026238,0.6407630395812818,0.6468318756073859,0.6553172563410957,0.1697865453638466,0.1820264619858869
Pima,VIF+CART,44,0,0.2,0.9,0.4,0.9,0.7142857142857143,0.6806184012066365,0.7264814814814815,73,6,0,0.1716567889709266,0.1825083787839947,1.0,0.9299271137026238,0.6407630395812818,0.6468318756073859,0.6553172563410957,0.1697865453638466,0.1820264619858869
Pima,RRF-style,44,0,0.2,0.9,0.4,0.9,0.7142857142857143,0.6806184012066365,0.7264814814814815,73,6,0,0.1716567889709266,0.1825083787839947,1.0,0.8566763848396503,0.665518377493169,0.6467638483965014,0.6591541874973567,0.1691680959934378,0.1818716041053442
Pima,ACP-Gini,44,0,0.2,0.9,0.4,0.9,0.7142857142857143,0.6806184012066365,0.7491666666666666,73,6,0,0.1716567889709266,0.1808261149874127,1.0,0.9069679300291544,0.6359249548454359,0.6291350826044704,0.6554456253274202,0.1692321165019437,0.1794322696316054
Pima,CART,44,1,0.2,0.9,0.8,0.7,0.7272727272727273,0.6890384615384615,0.7948148148148148,67,6,0,0.1587031560949872,0.1727667270307922,0.98,0.9040962099125366,0.7367261446359723,0.7364528668610302,0.6629557429258159,0.1688883219935423,0.1703803989485087
Pima,VIF+CART,44,1,0.2,0.9,0.8,0.7,0.7272727272727273,0.6890384615384615,0.7948148148148148,67,6,0,0.1587031560949872,0.1727667270307922,0.98,0.9040962099125366,0.7367261446359723,0.7364528668610302,0.6629557429258159,0.1688883219935423,0.1703803989485087
Pima,RRF-style,44,1,0.2,0.9,0.8,0.7,0.7272727272727273,0.6890384615384615,0.8141666666666667,67,6,0,0.1587031560949872,0.1731521449066623,0.98,0.8432701652089406,0.7436989874254099,0.7317395529640428,0.6689588858277576,0.1681313973230633,0.169933898983955
Pima,ACP-Gini,44,1,0.2,0.9,0.8,0.7,0.7272727272727273,0.6890384615384615,0.7948148148148148,67,6,0,0.1587031560949872,0.1727667270307922,0.98,0.8799562682215742,0.7341516126346522,0.7125850340136055,0.6570923373508692,0.1689952970947721,0.1690213714796331
Pima,CART,44,2,0.2,0.9,0.4,0.7,0.7857142857142857,0.7569235184388003,0.8314814814814815,79,6,0,0.1716567889709266,0.1831191233049018,0.98,0.9706122448979592,0.6758794946550051,0.6346064139941691,0.6648499709454908,0.1711754478188786,0.1830490178326675
Pima,VIF+CART,44,2,0.2,0.9,0.4,0.7,0.7857142857142857,0.7569235184388003,0.8314814814814815,79,6,0,0.1716567889709266,0.1831191233049018,0.98,0.9706122448979592,0.6758794946550051,0.6346064139941691,0.6648499709454908,0.1711754478188786,0.1830490178326675
Pima,RRF-style,44,2,0.2,0.9,0.4,0.7,0.7597402597402597,0.7326765188834155,0.8038888888888889,79,6,0,0.1716567889709266,0.1825046653685708,0.98,0.904737609329446,0.6856505009489093,0.6541496598639456,0.668296095302042,0.1705434930888681,0.1829347914632033
Pima,ACP-Gini,44,2,0.2,0.9,0.4,0.7,0.7597402597402597,0.7326765188834155,0.8072222222222223,79,6,0,0.1716567889709266,0.1796103808568314,0.98,0.9428571428571428,0.7208163265306123,0.6604178814382896,0.6556062098729959,0.1713306906351387,0.1814054485860861
Pima,CART,44,3,0.2,0.9,1.0,0.9,0.6862745098039216,0.6357142857142857,0.7583018867924529,73,6,0,0.1716567889709266,0.1863247595300347,0.98,0.9314285714285714,0.6777797638019519,0.6297473275024295,0.6605846805655059,0.1700863170765638,0.1841529391854076
Pima,VIF+CART,44,3,0.2,0.9,1.0,0.9,0.6862745098039216,0.6357142857142857,0.7583018867924529,73,6,0,0.1716567889709266,0.1863247595300347,0.98,0.9314285714285714,0.6777797638019519,0.6297473275024295,0.6605846805655059,0.1700863170765638,0.1841529391854076
Pima,RRF-style,44,3,0.2,0.9,1.0,0.9,0.6862745098039216,0.6357142857142857,0.7583018867924529,73,6,0,0.1716567889709266,0.1863247595300347,0.98,0.8565403304178812,0.6958969958589847,0.6437706511175899,0.6682538015017424,0.1707392446305864,0.1845273558157283
Pima,ACP-Gini,44,3,0.2,0.9,1.0,0.9,0.6862745098039216,0.6357142857142857,0.7523584905660378,73,6,0,0.1716567889709266,0.1842635983116723,0.98,0.8897084548104958,0.7011695506522746,0.6379689018464529,0.6590121078830734,0.1699805050922504,0.1828384691660846
Pima,CART,44,4,0.2,0.9,0.2,0.9,0.7581699346405228,0.7341379796177148,0.8183962264150944,69,6,0,0.1643185465725868,0.1766911810889314,1.0,0.9267930029154516,0.7096085315355047,0.6637803692905735,0.6753240813804348,0.1700863181086487,0.1807915467134346
Pima,VIF+CART,44,4,0.2,0.9,0.2,0.9,0.7581699346405228,0.7341379796177148,0.8183962264150944,69,6,0,0.1643185465725868,0.1766911810889314,1.0,0.9267930029154516,0.7096085315355047,0.6637803692905735,0.6753240813804348,0.1700863181086487,0.1807915467134346
Pima,RRF-style,44,4,0.2,0.9,0.2,0.9,0.7581699346405228,0.7341379796177148,0.8270754716981132,69,6,0,0.1643185465725868,0.1767113616334581,1.0,0.8532215743440232,0.6874417540345301,0.6489601554907677,0.686077093958165,0.1679919641142178,0.181451146455843
Pima,ACP-Gini,44,4,0.2,0.9,0.2,0.9,0.7581699346405228,0.7341379796177148,0.8270754716981132,69,6,0,0.1643185465725868,0.1767113616334581,1.0,0.903804664723032,0.6944013718193812,0.6740816326530612,0.6798986192083977,0.1693281320370746,0.1790980501789499
Ionosphere,CART,42,0,0.4,0.9,1.0,0.5,0.9014084507042254,0.8961337513061651,0.9824786324786324,27,6,0,0.1746590595546505,0.1738384113638277,0.6,0.324032239683121,0.3726232589020092,0.3080077745383867,0.8850280136419523,0.1821951098999404,0.1634098027379083
Ionosphere,VIF+CART,42,0,0.4,0.9,1.0,0.5,0.9014084507042254,0.8961337513061651,0.9824786324786324,27,6,1,0.1746590595546505,0.1738384113638277,0.6,0.3293839820450675,0.3798954102483154,0.3084936831875607,0.8853408241158798,0.1803077211419932,0.1624194633723897
Ionosphere,RRF-style,42,0,0.4,0.9,1.0,0.5,0.9014084507042254,0.8961337513061651,0.9824786324786324,27,6,0,0.1746590595546505,0.1738384113638277,0.6,0.3059635186075762,0.3640937874457838,0.3062228701004211,0.8937505414725413,0.1813189956778568,0.161988017436072
Ionosphere,ACP-Gini,42,0,0.4,0.9,1.0,0.5,0.8873239436619719,0.8786324786324786,0.9465811965811964,27,6,0,0.1329942400320936,0.1421811995470938,0.6,0.3390316756739325,0.3978752738977989,0.2984612892776158,0.8833696911326476,0.1536066720206206,0.1386195741766688
Ionosphere,CART,42,1,0.4,0.9,0.6,0.5,0.9285714285714286,0.9215070643642072,0.9079999999999998,25,6,0,0.1591459390082746,0.1612674781438672,0.66,0.3602331524018198,0.4175854413462609,0.3161807580174927,0.8762108187709444,0.1803031428763767,0.1625484480864772
Ionosphere,VIF+CART,42,1,0.4,0.9,0.6,0.5,0.9285714285714286,0.9215070643642072,0.9079999999999998,25,6,1,0.1591459390082746,0.1612674781438672,0.66,0.3558769409195579,0.4117476743531311,0.3160511823777129,0.8768350990595009,0.1778848199386916,0.1620523730692284
Ionosphere,RRF-style,42,1,0.4,0.9,0.6,0.5,0.9285714285714286,0.9215070643642072,0.9079999999999998,25,6,0,0.1591459390082746,0.1612674781438672,0.66,0.3476111541519704,0.4071386409080668,0.3123874311629413,0.8772277732774861,0.1778439155710626,0.1611488474473141
Ionosphere,ACP-Gini,42,1,0.4,0.9,0.6,0.5,0.9,0.8878975062914665,0.8973333333333333,23,6,0,0.1603236760101247,0.1264790962606954,0.66,0.3626368065041535,0.4174017625832493,0.3038224813735017,0.8609263889291128,0.1550400760043334,0.139538205017057
Ionosphere,CART,42,2,0.4,0.9,1.0,0.7,0.8857142857142857,0.8731884057971014,0.8755555555555555,23,6,0,0.2188149044725663,0.2470424371029467,0.52,0.3309543886818796,0.3643275552082098,0.2827437641723356,0.8954036633704605,0.1888791068098511,0.1833734961447651
Ionosphere,VIF+CART,42,2,0.4,0.9,1.0,0.7,0.8857142857142857,0.8731884057971014,0.8755555555555555,23,6,1,0.2188149044725663,0.2470424371029467,0.52,0.3326350305023774,0.3671172138838073,0.2832879818594104,0.8946425799020731,0.1865781029393757,0.1825016573011929
Ionosphere,RRF-style,42,2,0.4,0.9,1.0,0.7,0.8714285714285714,0.858712715855573,0.8986666666666666,21,6,0,0.2349193894251857,0.2428727316939494,0.52,0.3184032079032079,0.3572908397139429,0.2949238743116294,0.8967537099842653,0.1898288957946125,0.1819945108958766
Ionosphere,ACP-Gini,42,2,0.4,0.9,1.0,0.7,0.8857142857142857,0.8731884057971014,0.8937777777777777,23,6,0,0.2004779743877375,0.2459455079112426,0.52,0.2726362548349343,0.2780016846177953,0.2434272756721736,0.9010789408121692,0.1653448883909606,0.1669008444759402
Ionosphere,CART,42,3,0.4,0.9,0.4,0.9,0.9,0.8901098901098901,0.9106666666666668,25,6,0,0.1705327639857255,0.154234962211918,0.6,0.3529761247156205,0.4032441718244262,0.3137252996436669,0.8870093953376309,0.1763760585448861,0.1613623711363979
Ionosphere,VIF+CART,42,3,0.4,0.9,0.4,0.9,0.9,0.8901098901098901,0.9106666666666668,25,6,1,0.1705327639857255,0.154234962211918,0.6,0.3536450923359687,0.40499720972371,0.3157985098801425,0.885656827259373,0.1756831542982696,0.1622192277056182
Ionosphere,RRF-style,42,3,0.4,0.9,0.4,0.9,0.9,0.8901098901098901,0.9106666666666668,25,6,0,0.1705327639857255,0.154234962211918,0.6,0.3330838495904522,0.3909537171412078,0.3144412050534499,0.8910646981790846,0.1774537033599092,0.1616455773783038
Ionosphere,ACP-Gini,42,3,0.4,0.9,0.4,0.9,0.9,0.8901098901098901,0.9475555555555556,23,6,0,0.128949421075814,0.1453342375845497,0.6,0.3351725763898633,0.3909525029553913,0.306012309685779,0.885203414897721,0.1581796028679531,0.1465580170178901
Ionosphere,CART,42,4,0.4,0.9,0.4,0.9,0.8571428571428571,0.8470279720279721,0.891111111111111,23,6,0,0.1659994583769335,0.1788054935803443,0.78,0.3504289514673668,0.4181229315206539,0.3155620343375445,0.8503243084360422,0.2018496785776365,0.1832952251561043
Ionosphere,VIF+CART,42,4,0.4,0.9,0.4,0.9,0.8571428571428571,0.8470279720279721,0.891111111111111,23,6,1,0.1659994583769335,0.1788054935803443,0.78,0.3534453225179516,0.4230008371083464,0.3156851311953352,0.8488732686456334,0.1973979118779932,0.1811317346011898
Ionosphere,RRF-style,42,4,0.4,0.9,0.4,0.9,0.8571428571428571,0.8470279720279721,0.8728888888888888,21,6,0,0.1854523994670314,0.1624030597861145,0.78,0.3396985667393831,0.4142473258893496,0.3144185293164884,0.8575510369550685,0.2033669780966274,0.1820161073594103
Ionosphere,ACP-Gini,42,4,0.4,0.9,0.4,0.9,0.8571428571428571,0.8470279720279721,0.8648888888888888,23,6,0,0.1735477856063282,0.1595082624141579,0.78,0.329404907750646,0.3927636263743751,0.3056138645934564,0.8633743869118106,0.1630145552873164,0.1562145613781469
Ionosphere,CART,43,0,0.4,0.9,0.8,0.9,0.8732394366197183,0.8623141564318035,0.8965811965811965,23,6,0,0.1241421770863946,0.1554336066269191,0.58,0.3395971707364265,0.3952789961425438,0.3122092646582442,0.8849261001471176,0.1796965507779171,0.1729704723405932
Ionosphere,VIF+CART,43,0,0.4,0.9,0.8,0.9,0.8732394366197183,0.8623141564318035,0.8965811965811965,23,6,1,0.1241421770863946,0.1554336066269191,0.58,0.3468034882284582,0.4049803466364191,0.3172465176546808,0.8831732045026442,0.178660805404911,0.1717861789984191
Ionosphere,RRF-style,43,0,0.4,0.9,0.8,0.9,0.8732394366197183,0.8623141564318035,0.8965811965811965,23,6,0,0.1241421770863946,0.1554336066269191,0.58,0.3287256145215328,0.3856653364268559,0.3063297700032394,0.888623470948665,0.1780697842294647,0.1723623202598835
Ionosphere,ACP-Gini,43,0,0.4,0.9,0.8,0.9,0.8732394366197183,0.8623141564318035,0.8965811965811965,23,6,0,0.1241421770863946,0.1554336066269191,0.58,0.3669237124087064,0.4344345354293961,0.3209685779073534,0.880008526118403,0.1566311890323409,0.1533492272128183
Ionosphere,CART,43,1,0.4,0.9,0.6,0.5,0.9,0.8853801169590643,0.9084444444444444,29,6,0,0.172874836624049,0.1454765808892212,0.48,0.3368083303216304,0.3817753578324918,0.3128182701652089,0.8983986947669046,0.1854943944090283,0.1744361270920996
Ionosphere,VIF+CART,43,1,0.4,0.9,0.6,0.5,0.9,0.8853801169590643,0.9084444444444444,29,6,1,0.172874836624049,0.1454765808892212,0.48,0.336679145114414,0.3819673540696233,0.3128182701652089,0.8984518623998727,0.185159879740461,0.1740602194504132
Ionosphere,RRF-style,43,1,0.4,0.9,0.6,0.5,0.9142857142857144,0.9005681818181819,0.9013333333333332,29,6,0,0.1564588365944592,0.1330740100916705,0.48,0.3107128717620914,0.3617822034824923,0.3099643666990605,0.9018123883371096,0.1861767147168849,0.1755761330877256
Ionosphere,ACP-Gini,43,1,0.4,0.9,0.6,0.5,0.9428571428571428,0.935245143385754,0.9497777777777776,27,6,0,0.1456590929060546,0.1357375601266104,0.48,0.3072891157128852,0.3431069468731517,0.2802526724975704,0.9108056475155956,0.1673602321969223,0.15296531609303
Ionosphere,CART,43,2,0.4,0.9,1.0,0.5,0.8714285714285714,0.858712715855573,0.9128888888888887,25,6,0,0.1516773708804245,0.1650456869122567,0.88,0.3589188413294055,0.4390199333636404,0.34297052154195,0.8311178740735826,0.1753953557456115,0.1588734147161381
Ionosphere,VIF+CART,43,2,0.4,0.9,1.0,0.5,0.8714285714285714,0.858712715855573,0.9128888888888887,25,6,1,0.1516773708804245,0.1650456869122566,0.88,0.3587461568710068,0.4387813431316768,0.3428571428571428,0.831171895682226,0.1752429070968097,0.1587280598206022
Ionosphere,RRF-style,43,2,0.4,0.9,1.0,0.5,0.8714285714285714,0.858712715855573,0.9128888888888887,25,6,0,0.1516773708804245,0.1650456869122567,0.88,0.3426431935411527,0.4281844033583905,0.3434402332361516,0.8363828866141687,0.1775625166171938,0.1582512398903922
Ionosphere,ACP-Gini,43,2,0.4,0.9,1.0,0.5,0.8714285714285714,0.858712715855573,0.8826666666666666,25,6,0,0.1666810930024972,0.1532093372001,0.88,0.3573280692896539,0.4384494972516532,0.3413929381276319,0.831029948958394,0.1544088397904026,0.1401429306255032
Ionosphere,CART,43,3,0.4,0.9,0.2,0.7,0.8857142857142857,0.8776223776223776,0.9311111111111112,23,6,0,0.1790229405942618,0.1607513517041195,0.36,0.305562300044893,0.345839377006219,0.2836864269517331,0.894593144641701,0.1779356451098431,0.1654598695594062
Ionosphere,VIF+CART,43,3,0.4,0.9,0.2,0.7,0.8857142857142857,0.8776223776223776,0.9311111111111112,23,6,1,0.1790229405942618,0.1607513517041195,0.36,0.308161813909713,0.3496837003135143,0.2861661807580175,0.8939500688650244,0.1769928277004533,0.1643301238958119
Ionosphere,RRF-style,43,3,0.4,0.9,0.2,0.7,0.8714285714285714,0.8612029081295439,0.8813333333333333,25,6,0,0.187271381611717,0.1616677324276024,0.36,0.3036211430293062,0.3518070572270194,0.288364107547781,0.8949161418953546,0.1776185874169169,0.1648135810567466
Ionosphere,ACP-Gini,43,3,0.4,0.9,0.2,0.7,0.8714285714285714,0.863370201691607,0.9146666666666666,23,6,0,0.1624414537565082,0.1428660771991988,0.36,0.2834457028232538,0.3155636377212285,0.2671849692257855,0.8975643706349463,0.1612163556826725,0.1374313281359803
Ionosphere,CART,43,4,0.4,0.9,0.4,0.7,0.8857142857142857,0.8794142980189492,0.9275555555555556,27,6,0,0.1712276037581561,0.1522816645072074,0.84,0.3201691886877961,0.3732211133633863,0.2938905085843861,0.8683324514015751,0.1736748074664343,0.1681744031115976
Ionosphere,VIF+CART,43,4,0.4,0.9,0.4,0.7,0.8857142857142857,0.8794142980189492,0.9275555555555556,27,6,1,0.1712276037581561,0.1522816645072074,0.84,0.3237289169414019,0.3782713859309131,0.2975153871072238,0.8656363217588036,0.1727448711803086,0.1669963895677926
Ionosphere,RRF-style,43,4,0.4,0.9,0.4,0.7,0.9,0.8937323790934721,0.9164444444444444,25,6,0,0.1794620242362533,0.1438260861929461,0.84,0.2981046295974267,0.3548521802213109,0.2910204081632653,0.8720501743090769,0.1740101969898518,0.1634453218647168
Ionosphere,ACP-Gini,43,4,0.4,0.9,0.4,0.7,0.8857142857142857,0.8776223776223776,0.8826666666666667,23,6,0,0.1618000342754518,0.1670710565104825,0.84,0.3134988566855313,0.3614584936297223,0.2855814706835115,0.8743460275656549,0.1516888881473645,0.1402200671867893
Ionosphere,CART,44,0,0.4,0.9,0.6,0.7,0.8732394366197183,0.8623141564318035,0.9794871794871796,27,6,0,0.1791527501048566,0.18137085637468,0.84,0.2951222279787706,0.3240329459379444,0.2731130547457078,0.8821129152998917,0.1846203053889942,0.1610910874413277
Ionosphere,VIF+CART,44,0,0.4,0.9,0.6,0.7,0.8732394366197183,0.8623141564318035,0.9794871794871796,27,6,1,0.1791527501048566,0.18137085637468,0.84,0.2959412097839469,0.3260889239202431,0.2752186588921282,0.8817441636207896,0.1837509599889467,0.1607604532308058
Ionosphere,RRF-style,44,0,0.4,0.9,0.6,0.7,0.8732394366197183,0.8623141564318035,0.9794871794871796,27,6,0,0.1791527501048566,0.18137085637468,0.84,0.2697846129460775,0.3133671107701131,0.2739682539682539,0.88909725741001,0.1854208228478455,0.15821300572349
Ionosphere,ACP-Gini,44,0,0.4,0.9,0.6,0.7,0.9154929577464788,0.908974358974359,0.9363247863247864,25,6,0,0.1600623063065436,0.169042961877568,0.84,0.2964951052682145,0.3364965567475089,0.2697991577583414,0.883632904795258,0.1645759045197938,0.1475189312731574
Ionosphere,CART,44,1,0.4,0.9,0.6,0.9,0.8714285714285714,0.8612029081295439,0.88,27,6,0,0.1848262066528862,0.1917778333182113,0.86,0.3207070118090526,0.3751713683759834,0.2982118561710399,0.8555788475908717,0.1839217078916456,0.1622087246166738
Ionosphere,VIF+CART,44,1,0.4,0.9,0.6,0.9,0.8714285714285714,0.8612029081295439,0.88,27,6,1,0.1848262066528862,0.1917778333182113,0.86,0.3241489326333264,0.3820478886213568,0.2997991577583414,0.8520987538761156,0.1797040947838078,0.1613741075305227
Ionosphere,RRF-style,44,1,0.4,0.9,0.6,0.9,0.8714285714285714,0.8612029081295439,0.8951111111111111,27,6,0,0.2005163474678514,0.1930290097871131,0.86,0.2982143889856974,0.3533593292493808,0.2964042759961127,0.863515512474159,0.1829913597377937,0.1585998130160829
Ionosphere,ACP-Gini,44,1,0.4,0.9,0.6,0.9,0.8571428571428571,0.8414855072463767,0.8644444444444443,29,6,0,0.174628980413429,0.1627630218720576,0.86,0.3168412433238363,0.3707177803490301,0.2896566245545837,0.8694166864390217,0.149647240257002,0.1312291642357156
Ionosphere,CART,44,2,0.4,0.9,0.8,0.7,0.8714285714285714,0.8526315789473684,0.8604444444444446,23,6,0,0.1662344489636363,0.1606044123976368,0.52,0.3622808971074277,0.4397419904657695,0.3206025267249757,0.8870626723725227,0.1915894349314142,0.1613857547066245
Ionosphere,VIF+CART,44,2,0.4,0.9,0.8,0.7,0.8714285714285714,0.8526315789473684,0.8604444444444446,23,6,1,0.1662344489636363,0.1606044123976368,0.52,0.3633688159912649,0.4408382917981748,0.3206025267249757,0.8865303506719128,0.1914687374341512,0.1613691029549684
Ionosphere,RRF-style,44,2,0.4,0.9,0.8,0.7,0.8571428571428571,0.8444444444444444,0.8497777777777779,23,6,0,0.2003720871684313,0.1663433359251166,0.52,0.3523641460580236,0.4399222833130408,0.3233981211532232,0.8877150899373367,0.18988363198521,0.1581786630684564
Ionosphere,ACP-Gini,44,2,0.4,0.9,0.8,0.7,0.8285714285714286,0.8133333333333334,0.8333333333333334,25,6,0,0.1576468142480946,0.1450591772969425,0.52,0.3390840610636529,0.4232439706054816,0.3412082928409458,0.8812930249653885,0.1615669323245687,0.1468513882180609
Ionosphere,CART,44,3,0.4,0.9,0.8,0.7,0.9,0.8878975062914665,0.8902222222222221,25,6,0,0.1605378895103491,0.1442446114641405,0.72,0.3244847494775466,0.3654042716658977,0.2644962747003563,0.8862051102336004,0.1902963268461906,0.1690969081828995
Ionosphere,VIF+CART,44,3,0.4,0.9,0.8,0.7,0.9,0.8878975062914665,0.8902222222222221,25,6,1,0.1605378895103491,0.1442446114641405,0.72,0.3320089565629781,0.3788019858928106,0.2682669258179462,0.884007260941229,0.1868664989654924,0.1693001335789679
Ionosphere,RRF-style,44,3,0.4,0.9,0.8,0.7,0.9,0.8920467063229787,0.9342222222222224,25,6,0,0.1752348294159431,0.1710653897851772,0.72,0.3037183174968289,0.346159298851765,0.2651765468091998,0.8908543118830464,0.1915114522110288,0.1686238782737963
Ionosphere,ACP-Gini,44,3,0.4,0.9,0.8,0.7,0.9142857142857144,0.9082167832167832,0.9466666666666668,23,6,0,0.129618289916734,0.13773011438168,0.72,0.2734804639138372,0.2908856859913265,0.2369614512471655,0.8933912695961234,0.1666181984055307,0.1445515641430614
Ionosphere,CART,44,4,0.4,0.9,0.8,0.5,0.8714285714285714,0.858712715855573,0.8888888888888888,25,6,0,0.1621549711692849,0.1593343325835564,0.6,0.3453409051266194,0.4099133080562425,0.3160090702947845,0.8841981191453655,0.1797458002511607,0.1708533446087798
Ionosphere,VIF+CART,44,4,0.4,0.9,0.8,0.5,0.8714285714285714,0.858712715855573,0.8888888888888888,25,6,1,0.1621549711692849,0.1593343325835564,0.6,0.3554896905815273,0.422299218907331,0.3203660511823776,0.8821381699002385,0.1749735690450497,0.1697296702008535
Ionosphere,RRF-style,44,4,0.4,0.9,0.8,0.5,0.8857142857142857,0.8755555555555555,0.9075555555555554,25,6,0,0.1483214873038555,0.1610163517529349,0.6,0.3363584533380451,0.406519823915269,0.3219209588597344,0.8844411627579865,0.1761887922514411,0.1690291210150715
Ionosphere,ACP-Gini,44,4,0.4,0.9,0.8,0.5,0.9,0.8901098901098901,0.9097777777777778,25,6,0,0.1415458306159315,0.159564814945546,0.6,0.3395536661551067,0.3951541092247038,0.3023356009070294,0.8883545199979557,0.1526529568290756,0.1523712832316831
Sonar,CART,42,0,0.2,0.9,0.4,0.9,0.7619047619047619,0.7619047619047619,0.7306818181818183,27,5,0,0.2454301999133616,0.2071487657952664,0.36,0.1452412617149143,0.1201941967117277,0.1134143181081956,0.9559639277646864,0.2351946468712254,0.2208528834025825
Sonar,VIF+CART,42,0,0.2,0.9,0.4,0.9,0.7142857142857143,0.7136363636363636,0.7806818181818183,31,5,17,0.2172125600525072,0.2048623493183219,0.4,0.1522378219668609,0.1310808436638862,0.1196631033365727,0.9554782550527632,0.2232068160608695,0.197709412748568
Sonar,RRF-style,42,0,0.2,0.9,0.4,0.9,0.7619047619047619,0.7613636363636364,0.7579545454545455,27,5,0,0.2297835262866286,0.1983764666903223,0.36,0.1317036644126427,0.1199694616176204,0.120459993521218,0.960332729455754,0.2319097867751274,0.2230962685063764
Sonar,ACP-Gini,42,0,0.2,0.9,0.4,0.9,0.7142857142857143,0.7136363636363636,0.6920454545454545,29,6,0,0.2065992582830464,0.170557103674158,0.36,0.1254801632975955,0.096934965316901,0.1051797862001943,0.9581196752007968,0.2099468935971037,0.1975353348537979
Sonar,CART,42,1,0.2,0.9,0.8,0.7,0.8095238095238095,0.8090909090909091,0.8181818181818182,25,6,0,0.2107569335704678,0.1826271597589587,0.7,0.1530288901406295,0.1407426966403117,0.1286880466472303,0.9398741738979624,0.2383199315356424,0.2352795263837719
Sonar,VIF+CART,42,1,0.2,0.9,0.8,0.7,0.7142857142857143,0.7142857142857143,0.7102272727272727,23,4,18,0.1910330856795739,0.1700672305433706,0.42,0.1591342584389908,0.144064778787241,0.1116488500161969,0.9534122883583382,0.2170330217534141,0.2026301441858838
Sonar,RRF-style,42,1,0.2,0.9,0.8,0.7,0.8095238095238095,0.8090909090909091,0.8363636363636364,25,6,0,0.1873022425612318,0.174683487091628,0.7,0.1418956317791851,0.1384317759867819,0.1294849368318756,0.9437816754489724,0.2310228810818186,0.2302406876097219
Sonar,ACP-Gini,42,1,0.2,0.9,0.8,0.7,0.8095238095238095,0.8090909090909091,0.8295454545454546,25,6,0,0.2105405060692437,0.1720042852712709,0.7,0.1384032569685251,0.1224251685123921,0.1284774862325882,0.943384623141368,0.1997686587152516,0.2173617688432324
Sonar,CART,42,2,0.2,0.9,0.2,0.9,0.7142857142857143,0.7136363636363636,0.788329519450801,23,5,0,0.2529882440759163,0.2602673514483867,0.5,0.1438801468604337,0.1329970020876939,0.1178620019436346,0.9434459013287914,0.2194923455257699,0.2089946225326641
Sonar,VIF+CART,42,2,0.2,0.9,0.2,0.9,0.7380952380952381,0.7367521367521368,0.7562929061784897,21,6,16,0.2001849931195831,0.209588452435733,0.8,0.179369294700722,0.1882344914808499,0.152332361516035,0.930023671493224,0.2150719816151013,0.1895912944048352
Sonar,RRF-style,42,2,0.2,0.9,0.2,0.9,0.7142857142857143,0.7136363636363636,0.788329519450801,23,5,0,0.2242106106175076,0.2501208575330381,0.5,0.1273601337304818,0.12045260645118,0.1198542274052478,0.9475677717850904,0.2149348427823501,0.2081937338964079
Sonar,ACP-Gini,42,2,0.2,0.9,0.2,0.9,0.7142857142857143,0.7136363636363636,0.7425629290617849,21,5,0,0.2132149145092378,0.1985497562586289,0.5,0.1167737068853515,0.0916259874322861,0.1118658892128279,0.9485451238665368,0.1951070574796487,0.1862177068744992
Sonar,CART,42,3,0.2,0.9,0.8,0.5,0.7317073170731707,0.731067382230173,0.667464114832536,27,6,0,0.2352532748099315,0.2308479614065562,0.5,0.1537322193963376,0.1357832886273347,0.1201068999028182,0.942895407311488,0.2404678567069696,0.2342759710493569
Sonar,VIF+CART,42,3,0.2,0.9,0.8,0.5,0.7317073170731707,0.7291291291291291,0.7619617224880384,29,6,18,0.1941662983185492,0.177238667139136,0.6,0.1755311435824483,0.1700905352013053,0.1452089407191448,0.9429255326914832,0.2207284668438694,0.2005441577580206
Sonar,RRF-style,42,3,0.2,0.9,0.8,0.5,0.7317073170731707,0.731067382230173,0.6734449760765551,27,6,0,0.2231018731543962,0.229909985804544,0.5,0.1323344184931978,0.1170836530773379,0.1172821509556203,0.946623321506768,0.2321726505212148,0.2295233493375938
Sonar,ACP-Gini,42,3,0.2,0.9,0.8,0.5,0.6341463414634146,0.6341463414634146,0.7069377990430622,27,6,0,0.1953645507188214,0.1764124669459253,0.5,0.1201003317603747,0.0806954285335544,0.1130482669258179,0.9478565999405704,0.2097787786600718,0.2109171381735755
Sonar,CART,42,4,0.2,0.9,0.8,0.7,0.7560975609756098,0.7547846889952152,0.7966507177033493,27,6,0,0.2311882922566558,0.2087437984433387,0.46,0.1425779033733478,0.1121540150791312,0.09578231292517,0.9525771478824806,0.2380519637973397,0.2085420317206237
Sonar,VIF+CART,42,4,0.2,0.9,0.8,0.7,0.6341463414634146,0.6332737030411449,0.6698564593301436,25,5,18,0.2142188317338015,0.1909306807449635,0.38,0.1566948502975861,0.1374947015482407,0.1145869776482021,0.9530935414216408,0.2187038887841741,0.1908146499837625
Sonar,RRF-style,42,4,0.2,0.9,0.8,0.7,0.6829268292682927,0.6759878419452887,0.6854066985645934,29,5,0,0.2361479316052958,0.2510438761276836,0.46,0.1185801198934452,0.0918959264362922,0.0956494978943958,0.9574355865731682,0.2252746926864092,0.2044585490138446
Sonar,ACP-Gini,42,4,0.2,0.9,0.8,0.7,0.7560975609756098,0.7547846889952152,0.819377990430622,27,6,0,0.2147141202914935,0.2040122821380894,0.46,0.1030332020885189,0.0534726027166284,0.0873825720764496,0.9600480371420098,0.2099109531208698,0.1878414285778832
Sonar,CART,43,0,0.2,0.9,0.4,0.9,0.5952380952380952,0.5894192064404831,0.5920454545454545,23,5,0,0.2341597788696625,0.1794322319198214,0.64,0.1670953098346792,0.1775324601100578,0.135315840621963,0.9278302528891396,0.2411597786813284,0.2074678075738041
Sonar,VIF+CART,43,0,0.2,0.9,0.4,0.9,0.6190476190476191,0.6181818181818182,0.6443181818181818,25,5,18,0.235263139602287,0.1520467998492766,0.86,0.1795120280546451,0.2091397656699643,0.1805183025591188,0.9162826005001083,0.2206206204196241,0.1865379023237233
Sonar,RRF-style,43,0,0.2,0.9,0.4,0.9,0.5476190476190477,0.5452991452991452,0.5761363636363637,23,5,0,0.2208786011323996,0.1831325133517606,0.64,0.1456258846528954,0.1597534026327165,0.1379931972789115,0.9340479639495878,0.2311117748067835,0.2086967190114278
Sonar,ACP-Gini,43,0,0.2,0.9,0.4,0.9,0.5952380952380952,0.5931623931623932,0.6431818181818182,23,5,0,0.2075551526136729,0.1550843024357651,0.64,0.1407569970028427,0.138529524777919,0.1358438613540654,0.9356938832388382,0.2026537384545173,0.1799542475123814
Sonar,CART,43,1,0.2,0.9,1.0,0.5,0.8333333333333334,0.8332387975042541,0.8738636363636365,23,6,0,0.2402613208884487,0.2245883212273195,0.44,0.1315021433955218,0.08459969687712,0.0898574667962423,0.958858403392859,0.2332838943839957,0.2158013152594822
Sonar,VIF+CART,43,1,0.2,0.9,1.0,0.5,0.7619047619047619,0.7597254004576659,0.8647727272727272,31,5,17,0.2439654199494311,0.2310415681888915,0.56,0.1673290387013771,0.1515592087787084,0.1315678652413346,0.9487713708654036,0.2243089726811173,0.1967391858707089
Sonar,RRF-style,43,1,0.2,0.9,1.0,0.5,0.8333333333333334,0.8332387975042541,0.8738636363636365,23,6,0,0.2348923592458675,0.21819164835891,0.44,0.109674614034758,0.0745266852778886,0.0948850016196955,0.9622314844885522,0.2287804458043536,0.2126247834570826
Sonar,ACP-Gini,43,1,0.2,0.9,1.0,0.5,0.8571428571428571,0.8571428571428571,0.8795454545454546,23,6,0,0.1882025487824531,0.1824047807022024,0.44,0.1086049359084994,0.0585922489273244,0.089520570132815,0.9623153919695412,0.211562925453371,0.1971679678032196
Sonar,CART,43,2,0.2,0.9,0.2,0.9,0.7619047619047619,0.7597254004576659,0.8215102974828374,27,5,0,0.2180264176843968,0.2592606408814016,0.44,0.1601948858622265,0.1418372126778193,0.11837058632977,0.9433171462706752,0.2326069677596302,0.2176596017913565
Sonar,VIF+CART,43,2,0.2,0.9,0.2,0.9,0.6904761904761905,0.6860264519838988,0.702517162471396,25,4,18,0.1891066892106455,0.1987139493811942,0.5,0.1632995913615108,0.1411250794431736,0.1124263038548752,0.9498427144085172,0.2169457394848681,0.1936369062038613
Sonar,RRF-style,43,2,0.2,0.9,0.2,0.9,0.7857142857142857,0.7826336975273145,0.8329519450800915,27,5,0,0.2168120053307975,0.2671631386317622,0.44,0.1314649575447894,0.1156582632629054,0.1110106899902818,0.9487816626636558,0.2224608463707663,0.2135865537686136
Sonar,ACP-Gini,43,2,0.2,0.9,0.2,0.9,0.7380952380952381,0.7343300747556067,0.8226544622425629,27,5,0,0.2109743954156196,0.2359142418691349,0.44,0.1291388256092875,0.0988890478083593,0.1085908649173955,0.9511113687111928,0.2026482744455609,0.1941907656245643
Sonar,CART,43,3,0.2,0.9,0.4,0.9,0.7804878048780488,0.7756838905775076,0.8301435406698565,23,5,0,0.2142758327462406,0.2388012392947312,0.34,0.1411832561827507,0.1048496406158711,0.0898736637512147,0.9605589872609868,0.2341704235917034,0.2250881414834932
Sonar,VIF+CART,43,3,0.2,0.9,0.4,0.9,0.6829268292682927,0.6703772418058133,0.7165071770334929,25,5,15,0.2065514057533251,0.1949563227508112,0.38,0.1462925306267064,0.1098407296019839,0.0890022675736961,0.954658009970113,0.2204218662402353,0.2010738304091061
Sonar,RRF-style,43,3,0.2,0.9,0.4,0.9,0.7804878048780488,0.7756838905775076,0.8301435406698565,23,5,0,0.2142758327462406,0.2388012392947312,0.34,0.1225154172049667,0.0909890634910176,0.0901392938127632,0.9628084573581976,0.2278563540253288,0.2250310846651233
Sonar,ACP-Gini,43,3,0.2,0.9,0.4,0.9,0.7804878048780488,0.7756838905775076,0.8133971291866029,23,5,0,0.2085497112407499,0.2355191332527411,0.34,0.1167091072508713,0.0700290235037246,0.083219954648526,0.9619112176971794,0.2019597034610233,0.1945312598852622
Sonar,CART,43,4,0.2,0.9,0.4,0.7,0.7317073170731707,0.731067382230173,0.7691387559808613,25,4,0,0.2242974727059083,0.2250828122729408,0.5,0.1458504448066273,0.1177557081487481,0.1022708130871396,0.9520865724235928,0.2285340914168613,0.2143635701837663
Sonar,VIF+CART,43,4,0.2,0.9,0.4,0.7,0.7317073170731707,0.7291291291291291,0.7882775119617225,29,5,17,0.2297734001838596,0.209218755313687,0.4,0.1639803818963482,0.1382073354251883,0.106491739552964,0.9559896364334912,0.2177428839729569,0.1939260317223343
Sonar,RRF-style,43,4,0.2,0.9,0.4,0.7,0.7317073170731707,0.731067382230173,0.742822966507177,25,4,0,0.2243381076831962,0.2248279622177219,0.5,0.1184126567043733,0.0920806025976999,0.0974797538062844,0.9578003944764544,0.2195115942126757,0.2115193819943499
Sonar,ACP-Gini,43,4,0.2,0.9,0.4,0.7,0.7560975609756098,0.7547846889952152,0.8169856459330143,21,5,0,0.2013729296400195,0.1644119887896118,0.5,0.1190598390047432,0.0781240501852586,0.0954907677356657,0.9587058503054902,0.197795585936845,0.1902492845296949
Sonar,CART,44,0,0.2,0.9,0.2,0.5,0.8095238095238095,0.8090909090909091,0.8295454545454546,29,5,0,0.263884803582861,0.2482789749836629,0.54,0.151560474030999,0.1322419866680814,0.1188824101068999,0.948229339011136,0.2287138656983889,0.213186845344541
Sonar,VIF+CART,44,0,0.2,0.9,0.2,0.5,0.7380952380952381,0.7343300747556067,0.8102272727272728,25,5,16,0.1870762532627268,0.1471716112238357,0.46,0.1678267713836678,0.1590249814247861,0.1285098801425332,0.948720528234276,0.2232863126435681,0.1980624559377275
Sonar,RRF-style,44,0,0.2,0.9,0.2,0.5,0.8095238095238095,0.8090909090909091,0.8579545454545454,29,5,0,0.2674918296616908,0.2454311824483288,0.54,0.134081190584792,0.1217591386794636,0.1178458049886621,0.9521945082956328,0.2213413514235685,0.2104061081083661
Sonar,ACP-Gini,44,0,0.2,0.9,0.2,0.5,0.8333333333333334,0.8324786324786324,0.8681818181818182,29,5,0,0.2034264458907247,0.2041470243908896,0.54,0.1274915250009077,0.0948111946039398,0.1175736961451247,0.9525479006752464,0.2009587842727441,0.188901160227363
Sonar,CART,44,1,0.2,0.9,0.2,0.9,0.6428571428571429,0.6426545660805445,0.6681818181818182,25,5,0,0.2268392581403409,0.2139490223349136,0.4,0.1557093917083807,0.1356269634361712,0.1041755749919015,0.9487359678890922,0.2364412917703312,0.2153448489565464
Sonar,VIF+CART,44,1,0.2,0.9,0.2,0.9,0.8095238095238095,0.8090909090909091,0.8386363636363636,25,5,17,0.2101688101313937,0.1841049475104282,0.5,0.1631496532889405,0.1482773544591383,0.1174732750242954,0.9488945689388136,0.2157563704260887,0.1984069939892513
Sonar,RRF-style,44,1,0.2,0.9,0.2,0.9,0.6428571428571429,0.6426545660805445,0.6761363636363636,25,5,0,0.23188438961302,0.2134877996016136,0.4,0.128372087762844,0.1112644610233809,0.1071104632329122,0.9572735387019838,0.2266100513840594,0.2152465617853036
Sonar,ACP-Gini,44,1,0.2,0.9,0.2,0.9,0.6428571428571429,0.6426545660805445,0.6636363636363636,25,5,0,0.2022395764441964,0.2049477275655442,0.4,0.1238780127996656,0.0907532317564729,0.1030061548428895,0.9570802042814426,0.2015475635298301,0.1939072821400822
Sonar,CART,44,2,0.2,0.9,0.8,0.9,0.7380952380952381,0.7379466817923993,0.7276887871853548,25,5,0,0.2340410067059921,0.2451431901306459,0.5,0.1453828015493839,0.1169091878272794,0.1031227729186912,0.9434288542484665,0.2333399881314632,0.215142159946207
Sonar,VIF+CART,44,2,0.2,0.9,0.8,0.9,0.6904761904761905,0.690300623936472,0.7757437070938216,29,6,16,0.180753148151875,0.1448789006879961,0.64,0.170438266141937,0.1603555970128885,0.1341237447359896,0.941854003084983,0.2205423394684514,0.1934633808060659
Sonar,RRF-style,44,2,0.2,0.9,0.8,0.9,0.7380952380952381,0.7379466817923993,0.7276887871853548,25,5,0,0.1998774868323936,0.1952164368218826,0.5,0.1162624660393978,0.0896975455581325,0.1023841917719469,0.9524309373257688,0.2246390086662585,0.2135709156885033
Sonar,ACP-Gini,44,2,0.2,0.9,0.8,0.9,0.7619047619047619,0.7613636363636364,0.7814645308924486,25,5,0,0.2114295280717665,0.1821081666290263,0.5,0.1144934522768919,0.0712463019689803,0.09926465824425,0.953151825533831,0.2041415459684161,0.1945497924201125
Sonar,CART,44,3,0.2,0.9,0.8,0.5,0.7317073170731707,0.731067382230173,0.6758373205741628,29,5,0,0.2602027737694067,0.2185325977760502,0.56,0.1541423432650134,0.1442813222188402,0.118134110787172,0.9411794349827142,0.2391310391812333,0.2240972919798766
Sonar,VIF+CART,44,3,0.2,0.9,0.8,0.5,0.7073170731707317,0.7071428571428571,0.7476076555023924,25,6,17,0.2348705157519821,0.1748384277829341,0.58,0.1766751866212597,0.1753429998893583,0.1389925494007126,0.942118898887327,0.2183572907855243,0.1909356635832908
Sonar,RRF-style,44,3,0.2,0.9,0.8,0.5,0.6829268292682927,0.6829268292682927,0.7021531100478469,29,5,0,0.246138549190161,0.2085551818342124,0.56,0.1340619659785326,0.1302281755027175,0.1200437317784256,0.9464472617341452,0.2280507094477447,0.2223399184664556
Sonar,ACP-Gini,44,3,0.2,0.9,0.8,0.5,0.6829268292682927,0.6821705426356589,0.6973684210526316,29,5,0,0.2244841271273799,0.1978628146442565,0.56,0.1222725961478409,0.0942884918914814,0.10904114026563,0.9480580679158108,0.2029944619140403,0.1922962551711441
Sonar,CART,44,4,0.2,0.9,1.0,0.9,0.6585365853658537,0.6533816425120773,0.69377990430622,29,6,0,0.2717107753012573,0.2712151092523321,0.4,0.1489888436262038,0.1211808321942158,0.1060803368966634,0.9494460180985932,0.2349172458891685,0.2190081816634475
Sonar,VIF+CART,44,4,0.2,0.9,1.0,0.9,0.7560975609756098,0.7524154589371981,0.7440191387559809,29,5,18,0.2604170639922544,0.1922752122121907,0.72,0.1706288279407316,0.1682447029742756,0.138140589569161,0.9327180289619472,0.2236852858695196,0.1884824816731235
Sonar,RRF-style,44,4,0.2,0.9,1.0,0.9,0.6341463414634146,0.6306306306306306,0.6818181818181819,29,6,0,0.2653062242970447,0.2715626689343267,0.4,0.1278120050375689,0.105885256571042,0.106038224813735,0.9537036534697,0.2219433328253643,0.2130807308369897
Sonar,ACP-Gini,44,4,0.2,0.9,1.0,0.9,0.6829268292682927,0.6703772418058133,0.6854066985645934,29,6,0,0.2146144322694812,0.2161468020392068,0.4,0.1218043084103613,0.0839048583599139,0.1019112406867508,0.953189674581266,0.2053335846484341,0.1941967801931375
Diabetes,CART,42,0,0.4,0.9,0.2,0.9,0.6966292134831461,0.6927502876869965,0.7813131313131313,61,6,0,0.2859975577291279,0.3247893301511559,0.54,0.8222465176546809,0.5915028015213113,0.5422643343051506,0.7539282211889581,0.3104893123667264,0.3523765989360762
Diabetes,VIF+CART,42,0,0.4,0.9,0.2,0.9,0.6853932584269663,0.6805128205128206,0.7671717171717172,59,6,1,0.2756761069613713,0.3226594777260531,0.54,0.8393974732750243,0.7558707125323868,0.6199708454810496,0.73065588332509,0.2987909396944811,0.3443000921801729
Diabetes,RRF-style,42,0,0.4,0.9,0.2,0.9,0.6966292134831461,0.6927502876869965,0.7813131313131313,61,6,0,0.2859975577291279,0.3253809976778935,0.54,0.7674936831875606,0.6015404511502744,0.535986394557823,0.7575553170942697,0.3167053340190249,0.3519561633768696
Diabetes,ACP-Gini,42,0,0.4,0.9,0.2,0.9,0.7078651685393258,0.7075328614762386,0.7873737373737374,61,6,0,0.2756761069613713,0.3303326264472549,0.54,0.8090881114350502,0.6316315367838502,0.5642371234207969,0.7478526700414239,0.2981332101606221,0.3402211555757987
Diabetes,CART,42,1,0.4,0.9,0.2,0.7,0.7191011235955056,0.7189592017178223,0.7608585858585859,65,6,0,0.2859975577291279,0.3221436036861644,0.64,0.8397845804988664,0.4882140052912328,0.5043116294136702,0.7388975677941334,0.3091405023706171,0.3439982729180064
Diabetes,VIF+CART,42,1,0.4,0.9,0.2,0.7,0.7303370786516854,0.7300303336703741,0.7886363636363636,67,6,1,0.2756761069613713,0.3185014320249972,0.64,0.8632345319080014,0.653811999810327,0.5810009718172984,0.7132263543732492,0.301129842043572,0.3348891618131973
Diabetes,RRF-style,42,1,0.4,0.9,0.2,0.7,0.7415730337078652,0.7410499683744465,0.8032828282828283,65,6,0,0.2859975577291279,0.3210810914170548,0.64,0.7696086815678652,0.4972387424696631,0.5109459021703919,0.7450035332017019,0.3088985067314697,0.3449729977120098
Diabetes,ACP-Gini,42,1,0.4,0.9,0.2,0.7,0.7191011235955056,0.7178186429930247,0.7909090909090909,67,6,0,0.2756761069613713,0.3274779949713142,0.64,0.8278198898607062,0.5011485848854659,0.5113443472627145,0.739956052082532,0.2951877374469414,0.3332251798056772
Diabetes,CART,42,2,0.4,0.9,0.4,0.9,0.6363636363636364,0.6356107660455487,0.7200413223140496,63,6,0,0.2859975577291279,0.3482243803997849,0.82,0.8172944606413994,0.5499442280128152,0.5314123744735989,0.7462326918159378,0.3078917359508745,0.3557629371452118
Diabetes,VIF+CART,42,2,0.4,0.9,0.4,0.9,0.6477272727272727,0.6465863453815262,0.7045454545454546,65,6,1,0.2756761069613713,0.3326043576535106,0.82,0.8425461613216716,0.6877167279863233,0.5946452866861031,0.7262920945124668,0.2997771419688271,0.3465327471889995
Diabetes,RRF-style,42,2,0.4,0.9,0.4,0.9,0.6590909090909091,0.6583850931677019,0.7208161157024794,63,6,0,0.2756761069613713,0.3470419678952942,0.82,0.7306022027858762,0.5339649834016483,0.5210301263362488,0.745321810403473,0.3076249218951608,0.3575325954847743
Diabetes,ACP-Gini,42,2,0.4,0.9,0.4,0.9,0.6477272727272727,0.6465863453815262,0.7156508264462811,61,6,0,0.257190010971659,0.3470925100033549,0.82,0.8243968253968254,0.5351244170905889,0.5186005830903789,0.7440976144664746,0.2963174580199305,0.3469498172827293
Diabetes,CART,42,3,0.4,0.9,1.0,0.9,0.6931818181818182,0.6928248222365869,0.7120351239669422,61,6,0,0.2859975577291279,0.358509171875924,0.86,0.8427891156462584,0.6081718296770191,0.557405247813411,0.7319524805044318,0.3048305500052333,0.3543223742908328
Diabetes,VIF+CART,42,3,0.4,0.9,1.0,0.9,0.7386363636363636,0.7383322559793148,0.7350206611570249,63,6,1,0.2756761069613713,0.3501587674861292,0.86,0.8694023323615162,0.735716632131388,0.6554518950437318,0.7049255480595399,0.2975950266031396,0.3459478847988825
Diabetes,RRF-style,42,3,0.4,0.9,1.0,0.9,0.7045454545454546,0.7043927648578812,0.7143595041322315,61,6,0,0.2859975577291279,0.3525981034686237,0.86,0.7672504049238742,0.6011057971609309,0.5738937479753806,0.742354950097427,0.3119577455790276,0.3563735176221372
Diabetes,ACP-Gini,42,3,0.4,0.9,1.0,0.9,0.7045454545454546,0.7043927648578812,0.7143595041322315,61,6,0,0.2859975577291279,0.349607872974871,0.86,0.8475351473922903,0.5930146424125351,0.5463168124392613,0.73238997397888,0.2953247636438381,0.3424550502410751
Diabetes,CART,42,4,0.4,0.9,0.6,0.9,0.6931818181818182,0.6928248222365869,0.7590392561983471,51,6,0,0.3217536158295439,0.3571221181827403,0.62,0.7999138321995465,0.5796983473331211,0.5314156138645935,0.7471510629303628,0.3129312856376349,0.3496791398389776
Diabetes,VIF+CART,42,4,0.4,0.9,0.6,0.9,0.7159090909090909,0.7158724008782126,0.7735020661157025,51,6,1,0.3155478985687785,0.3539860337705853,0.62,0.8320116618075802,0.7029900609194603,0.5928182701652089,0.7292777946749213,0.3052830503054334,0.34700534248299
Diabetes,RRF-style,42,4,0.4,0.9,0.6,0.9,0.6818181818181818,0.6816537467700259,0.7373450413223142,51,6,0,0.3444615725071617,0.3670156761981258,0.62,0.7837227081308714,0.5878492294034247,0.5418885649497894,0.7492522452494705,0.3163264763957485,0.3489023134274955
Diabetes,ACP-Gini,42,4,0.4,0.9,0.6,0.9,0.7272727272727273,0.7271317829457364,0.7716942148760331,53,6,0,0.3155478985687785,0.3402299071573735,0.62,0.7943990929705216,0.5851842370980596,0.545361192095886,0.7431999821541919,0.2953112434143041,0.337448403081545
Diabetes,CART,43,0,0.4,0.9,0.8,0.7,0.6292134831460674,0.6292134831460674,0.6719696969696969,65,6,0,0.3217536158295439,0.3519131686830585,0.96,0.7850871396177519,0.6097120230276004,0.5522578555231616,0.7399520070623762,0.3049789990636252,0.3613593256721658
Diabetes,VIF+CART,43,0,0.4,0.9,0.8,0.7,0.6741573033707865,0.673992673992674,0.7141414141414142,65,6,1,0.3155478985687785,0.3512520340999274,0.96,0.8272319403952058,0.7422832047698853,0.6297278911564625,0.7246565683990652,0.2966832691692355,0.3507182452591011
Diabetes,RRF-style,43,0,0.4,0.9,0.8,0.7,0.5955056179775281,0.594224924012158,0.6505050505050505,63,6,0,0.3226126913058488,0.3539367053226557,0.96,0.7317457078069324,0.5945881674623266,0.5488597343699383,0.7450913652618296,0.3046452161908138,0.3611795411664607
Diabetes,ACP-Gini,43,0,0.4,0.9,0.8,0.7,0.6067415730337079,0.6017133358905511,0.6497474747474747,65,6,0,0.2859975577291279,0.330206798868037,0.96,0.8214078393262066,0.6228448842989907,0.5702364755425979,0.732383339276684,0.2912982772697007,0.3480960411413223
Diabetes,CART,43,1,0.4,0.9,0.8,0.9,0.6179775280898876,0.612051282051282,0.7373737373737373,61,6,0,0.3459397854138753,0.3987988738562938,0.56,0.8143900226757369,0.584307248045183,0.5483867832847424,0.7555886543155039,0.3102546142867158,0.3503491051866663
Diabetes,VIF+CART,43,1,0.4,0.9,0.8,0.9,0.6067415730337079,0.6065428824049515,0.7305555555555555,65,6,1,0.2756761069613713,0.3817081369120679,0.56,0.8388143828960155,0.715233202357564,0.5953838678328474,0.7335528409530835,0.2992802338782048,0.3420612399744743
Diabetes,RRF-style,43,1,0.4,0.9,0.8,0.9,0.6292134831460674,0.6244725738396624,0.7348484848484849,63,6,0,0.3026668764481212,0.387278089820177,0.56,0.7638746355685132,0.5856621426502555,0.5410495626822157,0.7566720396635622,0.3084934477275575,0.3535998598704558
Diabetes,ACP-Gini,43,1,0.4,0.9,0.8,0.9,0.651685393258427,0.6452359521666452,0.7093434343434343,65,6,0,0.2859975577291279,0.3667312311621465,0.56,0.8123722060252673,0.5770481852638046,0.539559442824749,0.7431026715939938,0.2928028077991195,0.3417953201309393
Diabetes,CART,43,2,0.4,0.9,0.4,0.7,0.7386363636363636,0.7383322559793148,0.8029442148760328,67,6,0,0.2732948057383693,0.3268101216960931,0.78,0.8066122448979592,0.5385148706202642,0.5341496598639455,0.7419901238026081,0.3111408589280775,0.3512723451003808
Diabetes,VIF+CART,43,2,0.4,0.9,0.4,0.7,0.7386363636363636,0.7383322559793148,0.8321280991735538,69,6,1,0.257190010971659,0.3204318706956311,0.78,0.8549222546161321,0.6722461234721018,0.5703239390994493,0.7317474876305403,0.3047149305506107,0.3444588921285775
Diabetes,RRF-style,43,2,0.4,0.9,0.4,0.7,0.7386363636363636,0.7383322559793148,0.8029442148760328,67,6,0,0.2732948057383693,0.3274683166450254,0.78,0.7467512147716229,0.5404099606798946,0.5438192419825072,0.756112178738086,0.3114122356597631,0.3536404561528906
Diabetes,ACP-Gini,43,2,0.4,0.9,0.4,0.7,0.7045454545454546,0.7039337474120082,0.7840909090909092,59,6,0,0.2732948057383693,0.3429097280411834,0.78,0.8183362487852284,0.599040307941598,0.5801198574667963,0.7453498521242179,0.2939288874628948,0.3379614711956912
Diabetes,CART,43,3,0.4,0.9,0.6,0.9,0.7045454545454546,0.7031655422937209,0.7910640495867768,65,6,0,0.3217536158295439,0.3358232698903225,0.56,0.8113436993845157,0.5481828610657091,0.5208843537414966,0.7513580414812265,0.3104013352641239,0.3420845989928534
Diabetes,VIF+CART,43,3,0.4,0.9,0.6,0.9,0.75,0.7494824016563147,0.8117252066115701,65,6,1,0.3155478985687785,0.3366272300189095,0.56,0.8471331389698736,0.6940230719489308,0.6154616132167152,0.7252707783395946,0.3001580230039187,0.3341442035597846
Diabetes,RRF-style,43,3,0.4,0.9,0.6,0.9,0.7613636363636364,0.7610859728506787,0.8161157024793388,65,6,0,0.3141228314114228,0.3382199150473904,0.56,0.7521043083900226,0.5432188799098615,0.5278814382896015,0.7522914332041353,0.3101982479315634,0.3454226994061705
Diabetes,ACP-Gini,43,3,0.4,0.9,0.6,0.9,0.7045454545454546,0.7039337474120082,0.828254132231405,63,6,0,0.2756761069613713,0.3304596210159117,0.56,0.8165238095238097,0.5824458221916096,0.540702947845805,0.7506330963205137,0.2950762692229015,0.3349811730986762
Diabetes,CART,43,4,0.4,0.9,0.6,0.5,0.6590909090909091,0.6574987026466009,0.7554235537190083,63,6,0,0.2859975577291279,0.3409636462291978,0.54,0.8160197602850664,0.5203290834262174,0.5302332361516034,0.7343592330829342,0.3206093793944051,0.3501758056852613
Diabetes,VIF+CART,43,4,0.4,0.9,0.6,0.5,0.6590909090909091,0.6574987026466009,0.7554235537190083,63,6,1,0.2756761069613713,0.3377025423015089,0.54,0.8379850988014254,0.6506776673744383,0.578172983479106,0.7150326308555882,0.3117570620438634,0.3461794140645388
Diabetes,RRF-style,43,4,0.4,0.9,0.6,0.5,0.6704545454545454,0.6704119850187266,0.7440599173553719,65,6,0,0.2756761069613713,0.3474999617008809,0.54,0.736101716877227,0.503321548200693,0.5250469711694202,0.744531650669767,0.3230485776261636,0.3521330592468398
Diabetes,ACP-Gini,43,4,0.4,0.9,0.6,0.5,0.6022727272727273,0.6018099547511313,0.7081611570247934,59,6,0,0.2756761069613713,0.3436322408168946,0.54,0.7734188532555879,0.506731634621619,0.5486329770003239,0.7452860644646518,0.3074970032034887,0.3400587619760959
Diabetes,CART,44,0,0.4,0.9,0.6,0.7,0.6853932584269663,0.6834349593495935,0.797979797979798,59,6,0,0.257190010971659,0.3379708366558797,0.9,0.7870800129575639,0.5542707009628606,0.5152218982831228,0.7249228520485697,0.3082008678980061,0.3559014996698119
Diabetes,VIF+CART,44,0,0.4,0.9,0.6,0.7,0.6853932584269663,0.6834349593495935,0.797979797979798,59,6,1,0.257190010971659,0.3379708366558797,0.9,0.8257013281503078,0.7049970532458854,0.5891642371234208,0.7019049453120704,0.2985589325963624,0.3462818838382019
Diabetes,RRF-style,44,0,0.4,0.9,0.6,0.7,0.6853932584269663,0.6834349593495935,0.797979797979798,59,6,0,0.257190010971659,0.3379708366558797,0.9,0.747307094266278,0.5570797256143979,0.5225591188856494,0.7359440286698316,0.3079617753847937,0.3566769932307077
Diabetes,ACP-Gini,44,0,0.4,0.9,0.6,0.7,0.6741573033707865,0.673992673992674,0.7373737373737373,65,6,0,0.2859975577291279,0.3475674089683349,0.9,0.804708778749595,0.6008770178428944,0.5353417557499189,0.7376870659779078,0.2942226114847101,0.3471014806984404
Diabetes,CART,44,1,0.4,0.9,1.0,0.9,0.7078651685393258,0.7060467479674797,0.7679292929292929,51,6,0,0.3170696440671623,0.3786882107767435,0.54,0.8265296404275996,0.5904563451893419,0.5520634920634921,0.7410241089542765,0.3098184878150327,0.3474408074034584
Diabetes,VIF+CART,44,1,0.4,0.9,1.0,0.9,0.6966292134831461,0.6941580756013745,0.751010101010101,49,6,1,0.301725989034565,0.3647193946220409,0.54,0.8585908649173954,0.7179867973209985,0.618357628765792,0.7136223413496102,0.2991927359886221,0.3413374259511865
Diabetes,RRF-style,44,1,0.4,0.9,1.0,0.9,0.7415730337078652,0.7410499683744465,0.7694444444444444,51,6,0,0.3067821777384128,0.3649518641253068,0.54,0.7522886297376092,0.5930715392483162,0.564402332361516,0.7434184952822199,0.3143405845709275,0.3520081552708093
Diabetes,ACP-Gini,44,1,0.4,0.9,1.0,0.9,0.6966292134831461,0.6966292134831461,0.7287878787878788,47,6,0,0.3067821777384128,0.3624443413534771,0.54,0.7968053126012311,0.615056550839718,0.5785811467444121,0.7449741498308502,0.2980924704191837,0.3421992415215407
Diabetes,CART,44,2,0.4,0.9,0.6,0.5,0.6477272727272727,0.647317388493859,0.7704028925619835,67,6,0,0.2859975577291279,0.3593163233221704,0.6,0.8427732426303856,0.5311775445823786,0.5304470359572401,0.7579245305858461,0.3107601896377007,0.3484871193052267
Diabetes,VIF+CART,44,2,0.4,0.9,0.6,0.5,0.6477272727272727,0.647317388493859,0.7567148760330578,67,6,1,0.2756761069613713,0.3566596913214848,0.6,0.8620294784580497,0.6698269794307327,0.5893780369290573,0.7333120517481556,0.2982690823528907,0.3412405988953246
Diabetes,RRF-style,44,2,0.4,0.9,0.6,0.5,0.6363636363636364,0.6363636363636364,0.7685950413223142,65,6,0,0.2780442209070355,0.370702268844999,0.6,0.7578163265306123,0.5543196382721159,0.5317525105280207,0.7637063344229805,0.3127223666468021,0.3479557251588449
Diabetes,ACP-Gini,44,2,0.4,0.9,0.6,0.5,0.6477272727272727,0.6465863453815262,0.7652376033057852,65,6,0,0.3217536158295439,0.3464536417208086,0.6,0.8130741820537739,0.5400551235644531,0.5439067055393586,0.7472363067825304,0.2932296120409921,0.3334546191638936
Diabetes,CART,44,3,0.4,0.9,1.0,0.9,0.625,0.6249515691592407,0.672004132231405,57,6,0,0.3099958760982113,0.3732741313530415,0.7,0.7833624878522838,0.590239860907073,0.5526239067055393,0.7500436931078097,0.3174252948219252,0.362304066159369
Diabetes,VIF+CART,44,3,0.4,0.9,1.0,0.9,0.625,0.6249515691592407,0.6678719008264462,57,6,1,0.301725989034565,0.3702553814952743,0.7,0.8255085843861354,0.7345923797048242,0.6151311953352769,0.7297219503974117,0.3082837911685658,0.3557020264161062
Diabetes,RRF-style,44,3,0.4,0.9,1.0,0.9,0.6363636363636364,0.6356107660455487,0.6725206611570248,59,6,0,0.3444615725071617,0.3812465192818339,0.7,0.7159828312277292,0.5714781276340268,0.5374344023323615,0.7555481028940249,0.3192824586683939,0.3622360280079447
Diabetes,ACP-Gini,44,3,0.4,0.9,1.0,0.9,0.6363636363636364,0.6363636363636364,0.6738119834710743,63,6,0,0.2756761069613713,0.343463667002171,0.7,0.7865251052802072,0.6261976410475365,0.5705636540330419,0.7467565445602521,0.301959069354605,0.3499640487339947
Diabetes,CART,44,4,0.4,0.9,0.2,0.9,0.6590909090909091,0.65625,0.7884814049586777,63,6,0,0.2859975577291279,0.3315601920664326,0.64,0.8413061224489795,0.5505381861024828,0.5250631681243926,0.7478974166243785,0.3106320971537653,0.3488671281150703
Diabetes,VIF+CART,44,4,0.4,0.9,0.2,0.9,0.6931818181818182,0.6863366336633663,0.8021694214876034,67,6,1,0.2756761069613713,0.3264526928397598,0.64,0.8788678328474249,0.7163044377955028,0.6261224489795918,0.7256831184994211,0.3002798869134049,0.3414327620903482
Diabetes,RRF-style,44,4,0.4,0.9,0.2,0.9,0.6590909090909091,0.65625,0.7758264462809916,63,6,0,0.2859975577291279,0.3340570778662493,0.64,0.7517120181405895,0.5562380903590474,0.5201263362487852,0.7641103790937407,0.3159052842241254,0.352048592732147
Diabetes,ACP-Gini,44,4,0.4,0.9,0.2,0.9,0.7159090909090909,0.7129061725172909,0.8068181818181817,65,6,0,0.2859975577291279,0.3332199176090422,0.64,0.8066345966958212,0.5480070773352949,0.5300323939099449,0.7563800932471466,0.2959120655497483,0.3388290414329658
Cultivar,CART,42,0,0.2,0.7,0.4,0.9,1.0,1.0,1.0,11,3,0,0.4128216700990958,0.4989213818673722,0.86,0.3871127308066083,0.4589946329814151,0.3871127308066083,0.7838963394881763,0.3929285880295879,0.4470503962351798
Cultivar,VIF+CART,42,0,0.2,0.7,0.4,0.9,1.0,1.0,1.0,11,3,0,0.4128216700990958,0.4989213818673722,0.9,0.3755694849368319,0.4502536383354694,0.3755694849368319,0.7811668286362164,0.3926582317338321,0.4519288069516176
Cultivar,RRF-style,42,0,0.2,0.7,0.4,0.9,1.0,1.0,1.0,11,3,0,0.4769786798025895,0.5241341893095837,0.86,0.4341710398445092,0.5315542098408189,0.4341710398445092,0.7746867508908325,0.4294836662392556,0.4682815006757936
Cultivar,ACP-Gini,42,0,0.2,0.7,0.4,0.9,1.0,1.0,1.0,11,3,0,0.327557546049881,0.4864163693739554,0.86,0.3515228377065112,0.424984676245337,0.3515228377065112,0.7888636216391318,0.3584567554884357,0.3921048386659769
Cultivar,CART,42,1,0.2,0.7,0.8,0.5,0.9722222222222222,0.9693617021276596,0.9791666666666666,9,3,0,0.4582426974276443,0.5010939126293232,1.0,0.3817998056365403,0.488763766698506,0.3817998056365403,0.7224606413994169,0.3818243589431043,0.4377490243973531
Cultivar,VIF+CART,42,1,0.2,0.7,0.8,0.5,0.9722222222222222,0.9693617021276596,0.9791666666666666,9,3,0,0.4582426974276443,0.5010939126293232,1.0,0.3725315840621963,0.4755270760860047,0.3725315840621963,0.7277188208616779,0.3757293857036336,0.4336775482980946
Cultivar,RRF-style,42,1,0.2,0.7,0.8,0.5,0.9444444444444444,0.939799331103679,0.9756944444444444,11,3,0,0.3417641471460577,0.4875789842226229,1.0,0.4421632653061225,0.5766065350515066,0.4421632653061225,0.7042779397473276,0.4169032329575738,0.4334131204512332
Cultivar,ACP-Gini,42,1,0.2,0.7,0.8,0.5,0.9444444444444444,0.939799331103679,0.9583333333333331,11,3,0,0.531382701508016,0.3479424462703114,1.0,0.3962507288629737,0.5219718235297309,0.3962507288629737,0.7199118885649498,0.3501719117732819,0.3580141648425287
Cultivar,CART,42,2,0.2,0.7,1.0,0.7,0.9722222222222222,0.9680567879325644,0.9565972222222222,11,3,0,0.3724434895724889,0.493839078983725,0.82,0.3862060252672497,0.45186464011794,0.3862060252672497,0.7818914804016844,0.373605101117845,0.4449530794691949
Cultivar,VIF+CART,42,2,0.2,0.7,1.0,0.7,0.9722222222222222,0.9680567879325644,0.9565972222222222,11,3,0,0.3724434895724889,0.493839078983725,0.9,0.354491739552964,0.4167202904309802,0.3548454810495627,0.7920073917012692,0.35873405836697,0.4378774701744433
Cultivar,RRF-style,42,2,0.2,0.7,1.0,0.7,0.9722222222222222,0.9680567879325644,0.953125,11,3,0,0.3611092488149646,0.4894578619700675,0.82,0.3622643343051506,0.4392425616132008,0.3622643343051506,0.8112756427246223,0.3962296449489206,0.4419824474432414
Cultivar,ACP-Gini,42,2,0.2,0.7,1.0,0.7,0.9722222222222222,0.9680567879325644,0.953125,11,3,0,0.327557546049881,0.4874413215570338,0.82,0.3379387755102041,0.3900273935559625,0.3379387755102041,0.8048882410106899,0.3452861972056331,0.4080290043375175
Cultivar,CART,42,3,0.2,0.7,0.2,0.5,0.8857142857142857,0.8674242424242424,0.8659420289855073,7,3,0,0.4582426974276443,0.4974826845772781,1.0,0.3950903790087463,0.5230643699308419,0.3950903790087463,0.696265306122449,0.4268621148869991,0.4747531318470883
Cultivar,VIF+CART,42,3,0.2,0.7,0.2,0.5,0.8857142857142857,0.8674242424242424,0.8659420289855073,7,3,0,0.4582426974276443,0.4974826845772781,1.0,0.3802604470359572,0.5070282798314671,0.3802604470359572,0.7010408163265305,0.4210965443309986,0.4680868057628034
Cultivar,RRF-style,42,3,0.2,0.7,0.2,0.5,0.8857142857142857,0.8674242424242424,0.8659420289855073,7,3,0,0.4582426974276443,0.4974826845772781,1.0,0.4353061224489796,0.5845288052551433,0.4353061224489796,0.6882390670553935,0.4521530442583385,0.4697427890889537
Cultivar,ACP-Gini,42,3,0.2,0.7,0.2,0.5,0.8857142857142857,0.8674242424242424,0.8659420289855073,7,3,0,0.327557546049881,0.4860317401053351,1.0,0.3698639455782313,0.5031810328466082,0.3698639455782313,0.7035315840621963,0.3605359679193821,0.3991121487396625
Cultivar,CART,42,4,0.2,0.7,0.4,0.9,1.0,1.0,1.0,11,3,0,0.5044179324346004,0.5060211298856859,0.98,0.4642089407191448,0.5801520539117132,0.4642089407191448,0.6646964690638161,0.4002280445843712,0.4955568525537566
Cultivar,VIF+CART,42,4,0.2,0.7,0.4,0.9,1.0,1.0,1.0,11,3,0,0.5044179324346004,0.5060211298856859,0.98,0.4502847424684159,0.5628900221229861,0.4502847424684159,0.6770116618075802,0.3985280183280232,0.4936062932712622
Cultivar,RRF-style,42,4,0.2,0.7,0.4,0.9,1.0,1.0,1.0,11,3,0,0.2897838033468514,0.4345177335773328,0.98,0.4745714285714285,0.6008726154063826,0.4745714285714285,0.6842730806608358,0.4714203274306853,0.4939204754253194
Cultivar,ACP-Gini,42,4,0.2,0.7,0.4,0.9,1.0,1.0,1.0,11,3,0,0.327557546049881,0.4869428644455704,0.98,0.3861389698736637,0.5005544600516425,0.3861389698736637,0.7189015225137675,0.3599506469044011,0.4360282195433907
Cultivar,CART,43,0,0.2,0.7,0.6,0.5,1.0,1.0,1.0,11,3,0,0.4059088684928355,0.4779658742813804,0.92,0.3798185941043084,0.4581737655476993,0.3798185941043084,0.7579987042436022,0.3861896668431736,0.4518347190346764
Cultivar,VIF+CART,43,0,0.2,0.7,0.6,0.5,1.0,1.0,1.0,11,3,0,0.4059088684928355,0.4779658742813804,0.94,0.3619760285066408,0.4379223575705148,0.3619760285066408,0.7593595724003888,0.3848222366601904,0.4422560188033713
Cultivar,RRF-style,43,0,0.2,0.7,0.6,0.5,1.0,1.0,1.0,11,3,0,0.4769786798025895,0.518423968323791,0.92,0.3594382896015549,0.4616764422548232,0.3594382896015549,0.7736523838972819,0.3820125751476312,0.435740321942172
Cultivar,ACP-Gini,43,0,0.2,0.7,0.6,0.5,1.0,1.0,1.0,11,3,0,0.327557546049881,0.486896953981294,0.92,0.3258555231616456,0.4061174877408068,0.3258555231616456,0.7867042141531937,0.3418666633138101,0.3992658582059086
Cultivar,CART,43,1,0.2,0.7,0.4,0.5,1.0,1.0,1.0,11,3,0,0.3724434895724889,0.4984967447261249,1.0,0.3781227729186913,0.4916195861441466,0.3781227729186913,0.7378713961775186,0.371373037576269,0.4380670185528479
Cultivar,VIF+CART,43,1,0.2,0.7,0.4,0.5,1.0,1.0,1.0,11,3,0,0.3724434895724889,0.4984967447261249,1.0,0.3694321347586654,0.4808200973915061,0.3694321347586654,0.742488824101069,0.3701606366978343,0.4375803642165768
Cultivar,RRF-style,43,1,0.2,0.7,0.4,0.5,1.0,1.0,1.0,11,3,0,0.618957168980529,0.5042335571161103,1.0,0.3940019436345967,0.5392513613415086,0.3940019436345967,0.7159173071826133,0.3940793626545345,0.4249511846159207
Cultivar,ACP-Gini,43,1,0.2,0.7,0.4,0.5,1.0,1.0,1.0,11,3,0,0.327557546049881,0.4857568805608216,1.0,0.3739241982507288,0.5084488512910429,0.3739241982507288,0.7325827369909003,0.3190928319588048,0.3585344795711745
Cultivar,CART,43,2,0.2,0.7,0.2,0.7,0.9166666666666666,0.9080851063829788,0.9427083333333331,9,3,0,0.3325144061968592,0.4861464809836551,0.96,0.3689193391642371,0.4685516675735278,0.3689193391642371,0.6933372206025267,0.3693793843295663,0.4391835680325771
Cultivar,VIF+CART,43,2,0.2,0.7,0.2,0.7,0.9166666666666666,0.9080851063829788,0.9427083333333331,9,3,0,0.3325144061968592,0.4861464809836551,1.0,0.3945928085519922,0.518676165086388,0.3945928085519922,0.6656831875607386,0.3743527275606723,0.447938337892577
Cultivar,RRF-style,43,2,0.2,0.7,0.2,0.7,0.9166666666666666,0.9080851063829788,0.9270833333333331,9,3,0,0.4981148796420984,0.4981148796420984,0.96,0.4223809523809524,0.5374018973346648,0.4223809523809524,0.64,0.4274109672133962,0.4440297574285576
Cultivar,ACP-Gini,43,2,0.2,0.7,0.2,0.7,0.8611111111111112,0.8468085106382979,0.8888888888888888,9,3,0,0.2283108305455104,0.2446003623961226,0.96,0.359156462585034,0.4675779596128914,0.359156462585034,0.7033819241982507,0.2931686217165013,0.3146659579584505
Cultivar,CART,43,3,0.2,0.7,0.8,0.9,0.8285714285714286,0.8164335664335665,0.9311594202898552,9,4,0,0.4245043761671883,0.3617503618325615,0.96,0.3742675736961451,0.4785218072845432,0.374958211856171,0.7230285066407515,0.3766287751059458,0.3936996032532952
Cultivar,VIF+CART,43,3,0.2,0.7,0.8,0.9,0.8285714285714286,0.8164335664335665,0.9311594202898552,9,4,0,0.4245043761671883,0.3617503618325615,0.96,0.3566413994169096,0.4522727494695128,0.357067055393586,0.7330851959831551,0.3680119301906907,0.3868304941863952
Cultivar,RRF-style,43,3,0.2,0.7,0.8,0.9,0.8285714285714286,0.8164335664335665,0.9311594202898552,9,4,0,0.531382701508016,0.3566767241125358,0.96,0.4572089407191447,0.5860688849376794,0.4572089407191447,0.7206067379332686,0.4110319943568687,0.4041912318166734
Cultivar,ACP-Gini,43,3,0.2,0.7,0.8,0.9,0.8285714285714286,0.8164335664335665,0.9311594202898552,9,4,0,0.531382701508016,0.3319331985407757,0.96,0.4043148688046647,0.5230481178722384,0.4043148688046647,0.7261250404923874,0.3644684903642206,0.3799048618917304
Cultivar,CART,43,4,0.2,0.7,0.4,0.5,0.9142857142857144,0.891640866873065,0.8693181818181819,9,3,0,0.2901533324628613,0.4852505081715892,0.92,0.4091486880466471,0.5113707146542453,0.4091486880466471,0.733245869776482,0.4165127792558987,0.4787204720839481
Cultivar,VIF+CART,43,4,0.2,0.7,0.4,0.5,0.9142857142857144,0.891640866873065,0.8693181818181819,9,3,0,0.2901533324628613,0.4852505081715892,0.94,0.3812147716229348,0.4701553937353147,0.3812147716229348,0.7491707159054097,0.3971312008088741,0.4631765396073886
Cultivar,RRF-style,43,4,0.2,0.7,0.4,0.5,0.9142857142857144,0.891640866873065,0.8693181818181819,9,3,0,0.2901533324628613,0.4852505081715892,0.92,0.4605869776482021,0.5709255842749448,0.4605869776482021,0.7292458697764821,0.4556052652626471,0.4886859000791736
Cultivar,ACP-Gini,43,4,0.2,0.7,0.4,0.5,0.9142857142857144,0.891640866873065,0.8693181818181819,9,3,0,0.3057791890821926,0.4832816410598753,0.92,0.3627939747327502,0.4544602229913198,0.3627939747327502,0.7531224489795919,0.3621107958575693,0.4164104080217362
Cultivar,CART,44,0,0.2,0.7,1.0,0.7,0.9444444444444444,0.9345454545454546,0.9565972222222222,11,3,0,0.3420195954314527,0.4896241519380292,0.92,0.3934217687074829,0.4962338227384485,0.3934217687074829,0.7717797214123744,0.3943701711959255,0.4780017748516896
Cultivar,VIF+CART,44,0,0.2,0.7,1.0,0.7,0.9444444444444444,0.9345454545454546,0.9565972222222222,11,3,0,0.3420195954314527,0.4896241519380292,0.92,0.3917638483965014,0.4915126425252569,0.3917638483965014,0.7754120505344995,0.3952766817909474,0.4784600010397967
Cultivar,RRF-style,44,0,0.2,0.7,1.0,0.7,0.9444444444444444,0.9345454545454546,0.9097222222222222,11,3,0,0.3611092488149646,0.4889226471837514,0.92,0.4461924198250729,0.5754201609206007,0.4461924198250729,0.7312374473598964,0.4404953485951837,0.4757457591149788
Cultivar,ACP-Gini,44,0,0.2,0.7,1.0,0.7,0.9444444444444444,0.9345454545454546,0.9565972222222222,11,3,0,0.2988952350835717,0.4806637353895618,0.92,0.354862973760933,0.4575475267990445,0.354862973760933,0.7766083576287658,0.3613736614690407,0.4187490939135571
Cultivar,CART,44,1,0.2,0.7,0.8,0.7,0.9444444444444444,0.939799331103679,0.9583333333333331,9,3,0,0.4582426974276443,0.4995601319003173,0.88,0.4234548104956268,0.5239547694941462,0.4234548104956268,0.7331473922902494,0.3934955812255433,0.4436362645027331
Cultivar,VIF+CART,44,1,0.2,0.7,0.8,0.7,0.9444444444444444,0.939799331103679,0.9583333333333331,9,3,0,0.4582426974276443,0.4995601319003173,0.94,0.3794975704567541,0.4724526941740213,0.3794975704567541,0.7359287333981211,0.3744189455575409,0.4462492425199922
Cultivar,RRF-style,44,1,0.2,0.7,0.8,0.7,0.9444444444444444,0.939799331103679,0.9583333333333331,9,3,0,0.4941931272043737,0.4941931272043737,0.88,0.5152244897959184,0.6213903554193907,0.5152244897959184,0.7165251052802074,0.4228457726104044,0.4443261897206788
Cultivar,ACP-Gini,44,1,0.2,0.7,0.8,0.7,0.9444444444444444,0.939799331103679,0.9583333333333331,9,3,0,0.4941931272043737,0.4941931272043737,0.88,0.4009018464528669,0.5067588787884965,0.4009018464528669,0.7460145772594751,0.3616524639591326,0.3745573692026082
Cultivar,CART,44,2,0.2,0.7,0.2,0.7,0.9722222222222222,0.9680567879325644,0.9565972222222222,11,3,0,0.4128216700990958,0.4967716457566177,0.82,0.3884557823129251,0.4662517757130354,0.3884557823129251,0.7676831875607386,0.3781547107427336,0.4420284439590747
Cultivar,VIF+CART,44,2,0.2,0.7,0.2,0.7,0.9722222222222222,0.9680567879325644,0.9565972222222222,11,3,0,0.4128216700990958,0.4967716457566177,0.84,0.372191771946874,0.4404094493756944,0.372191771946874,0.768006478781989,0.376176351391173,0.4461049493216147
Cultivar,RRF-style,44,2,0.2,0.7,0.2,0.7,0.9722222222222222,0.9680567879325644,0.953125,11,3,0,0.618957168980529,0.5043296033951978,0.82,0.3779941690962099,0.4602999904763927,0.3779941690962099,0.7688072562358276,0.3956805113219006,0.4377731935901313
Cultivar,ACP-Gini,44,2,0.2,0.7,0.2,0.7,0.9722222222222222,0.9680567879325644,0.9513888888888888,11,3,0,0.327557546049881,0.4870816847454407,0.82,0.3411000971817299,0.403235030508827,0.3411000971817299,0.7857479753806285,0.3502134843198525,0.4001163232349051
Cultivar,CART,44,3,0.2,0.7,0.6,0.5,0.9428571428571428,0.9388111888111887,0.9710144927536232,13,4,0,0.4171469041508477,0.5165285191886158,1.0,0.3685425979915775,0.4679199446886444,0.3686550048590865,0.7514852607709751,0.3958295622164234,0.440591515263626
Cultivar,VIF+CART,44,3,0.2,0.7,0.6,0.5,0.9428571428571428,0.9388111888111887,0.9710144927536232,13,4,0,0.4171469041508477,0.5165285191886158,1.0,0.372239390994493,0.4730361856645927,0.3719679300291544,0.7599507612568837,0.3890015652102606,0.4253707702838576
Cultivar,RRF-style,44,3,0.2,0.7,0.6,0.5,0.9428571428571428,0.9388111888111887,0.9710144927536232,13,4,0,0.4769786798025895,0.5166412093759254,1.0,0.3655218658892128,0.4946502169708525,0.3655218658892128,0.7598888888888888,0.4054510679747637,0.4292721272378786
Cultivar,ACP-Gini,44,3,0.2,0.7,0.6,0.5,0.9714285714285714,0.9688888888888888,1.0,13,4,0,0.2989622651735454,0.3184073625776931,1.0,0.3658513119533528,0.4719912306998665,0.3658513119533528,0.7284554583738257,0.3374492748401485,0.3690519920962952
Cultivar,CART,44,4,0.2,0.7,0.2,0.7,0.9714285714285714,0.9659863945578232,0.9507575757575756,9,3,0,0.3208293719027037,0.4851568696209493,0.98,0.4224509232264334,0.5328691620571849,0.4224509232264334,0.6946614836410755,0.4181144499966567,0.4849468967739373
Cultivar,VIF+CART,44,4,0.2,0.7,0.2,0.7,0.9714285714285714,0.9659863945578232,0.9507575757575756,9,3,0,0.3208293719027037,0.4851568696209493,0.98,0.4224509232264334,0.5328691620571849,0.4224509232264334,0.6946614836410755,0.4181144499966567,0.4849468967739373
Cultivar,RRF-style,44,4,0.2,0.7,0.2,0.7,0.9714285714285714,0.9659863945578232,0.9488636363636364,9,3,0,0.4582426974276443,0.497516108739125,0.98,0.4488435374149659,0.5826183600146897,0.4488435374149659,0.6689543245869777,0.4474296356388332,0.479842907693114
Cultivar,ACP-Gini,44,4,0.2,0.7,0.2,0.7,0.9714285714285714,0.9659863945578232,0.9488636363636364,9,3,0,0.327557546049881,0.4857965205444128,0.98,0.3693955296404276,0.4868953231872049,0.3693955296404276,0.7223916423712342,0.3721079329536673,0.4376052529174336
Digits38,CART,42,0,0.2,0.9,0.2,0.9,0.9722222222222222,0.9722007722007722,0.9702702702702702,23,5,0,0.2279704166456142,0.3546570149386389,0.82,0.3276356092886705,0.4411384378751607,0.3429381276320051,0.8173854612107914,0.2871142716477072,0.3765369958289936
Digits38,VIF+CART,42,0,0.2,0.9,0.2,0.9,0.9722222222222222,0.9722007722007722,0.9702702702702702,23,5,2,0.2279704166456142,0.3546570149386389,0.82,0.3141431584288727,0.4253696632309147,0.3430417881438289,0.8248158272299929,0.2747444442793931,0.3662106112136981
Digits38,RRF-style,42,0,0.2,0.9,0.2,0.9,0.9722222222222222,0.9722007722007722,0.9702702702702702,23,5,0,0.2279704166456142,0.3556271764432663,0.82,0.3149346435877048,0.434050284322906,0.3343977972141237,0.8362985046832586,0.3007001450768461,0.3787507229325769
Digits38,ACP-Gini,42,0,0.2,0.9,0.2,0.9,0.9583333333333334,0.9583252942311402,0.9694980694980696,23,5,0,0.1910889863361712,0.3323372949205845,0.82,0.2565736995430873,0.3461174352841008,0.2910787172011662,0.8470916227296781,0.2405162361878837,0.3472689899853532
Digits38,CART,42,1,0.2,0.9,0.8,0.9,0.9027777777777778,0.9023066485753052,0.9528957528957528,19,5,0,0.3205875083381903,0.3847736057091903,0.6,0.2792085057799343,0.3631394946654217,0.2905733722060252,0.8500070530376652,0.3000836362804243,0.3579072990745455
Digits38,VIF+CART,42,1,0.2,0.9,0.8,0.9,0.9027777777777778,0.9023066485753052,0.9528957528957528,19,5,2,0.3205875083381903,0.3847736057091903,0.54,0.2850116391544963,0.3677071520171721,0.3057551020408163,0.8404294197865628,0.2903612608915789,0.3466623592167952
Digits38,RRF-style,42,1,0.2,0.9,0.8,0.9,0.9027777777777778,0.9023066485753052,0.9528957528957528,19,5,0,0.3205875083381903,0.3847736057091903,0.6,0.2874878318959951,0.3739366164860599,0.2895228377065111,0.8506048022272512,0.322952738883242,0.3593474016485676
Digits38,ACP-Gini,42,1,0.2,0.9,0.8,0.9,0.9027777777777778,0.9023066485753052,0.9393822393822392,19,5,0,0.2847122872630803,0.3776592209349119,0.6,0.224478793315528,0.2907480493622084,0.2462902494331065,0.8713210780149555,0.2438435193190401,0.3290077140052109
Digits38,CART,42,2,0.2,0.9,0.2,0.9,0.9295774647887324,0.9295215405995632,0.940779014308426,17,4,0,0.2710517045401783,0.3502440883743241,0.6,0.3018896749508994,0.3966114132113623,0.3056261742792355,0.8463051302439057,0.2777718335179172,0.3626254793603402
Digits38,VIF+CART,42,2,0.2,0.9,0.2,0.9,0.9295774647887324,0.9295215405995632,0.940779014308426,17,4,2,0.2710517045401783,0.3502440883743242,0.64,0.309555020942776,0.407040611560454,0.3231671525753158,0.8343989326000131,0.2674732013845289,0.3556077871649078
Digits38,RRF-style,42,2,0.2,0.9,0.2,0.9,0.9295774647887324,0.9295215405995632,0.9431637519872814,17,4,0,0.2493218956646297,0.3656518496836841,0.6,0.3052312925170067,0.4053218258045903,0.307792355037253,0.8570666499033845,0.2947832952082731,0.3662295518320506
Digits38,ACP-Gini,42,2,0.2,0.9,0.2,0.9,0.9154929577464788,0.915341812400636,0.9395866454689984,17,4,0,0.1816117055893156,0.3138718041338177,0.6,0.2354257012828441,0.3049115493545491,0.2570310981535471,0.877244612996714,0.2103914254654715,0.3252096509744842
Digits38,CART,42,3,0.2,0.9,0.2,0.7,0.943661971830986,0.9436507936507936,0.9674603174603176,21,5,0,0.2574154884346875,0.3757659892623248,0.54,0.2865455111781642,0.3748132703506578,0.3053712342079688,0.8662321229524111,0.3029813737982777,0.383971675812329
Digits38,VIF+CART,42,3,0.2,0.9,0.2,0.7,0.9295774647887324,0.9295774647887324,0.965873015873016,21,5,2,0.2551954483119651,0.3705461863615841,0.58,0.2823686381645565,0.3724430463133513,0.3024489795918367,0.8659011601310521,0.2854433686938138,0.3723905328459052
Digits38,RRF-style,42,3,0.2,0.9,0.2,0.7,0.9295774647887324,0.9295774647887324,0.9777777777777776,21,5,0,0.3267283067862044,0.3876031571782519,0.54,0.276785876255264,0.3699275812698065,0.3058545513443472,0.8754579321572118,0.3144652815754838,0.3894754094310585
Digits38,ACP-Gini,42,3,0.2,0.9,0.2,0.7,0.9154929577464788,0.9154761904761904,0.9642857142857144,21,5,0,0.2377300186098464,0.3695925286462495,0.54,0.2200857974225321,0.2793379285295639,0.2509847748623258,0.8938856307091602,0.2316467684616167,0.3492557482215375
Digits38,CART,42,4,0.2,0.9,0.2,0.7,0.943661971830986,0.9436507936507936,0.9932539682539684,21,5,0,0.2652780463830247,0.3525533803891086,0.48,0.3064124061879164,0.4082670711194029,0.3232332361516035,0.865800457379089,0.3155903393481834,0.3916381564944368
Digits38,VIF+CART,42,4,0.2,0.9,0.2,0.7,0.943661971830986,0.9436507936507936,0.9932539682539684,21,5,1,0.2652780463830247,0.3525533803891086,0.48,0.3127415690885078,0.4176066340349706,0.3321561386459346,0.8660980915176595,0.3026821978348173,0.3893438625730479
Digits38,RRF-style,42,4,0.2,0.9,0.2,0.7,0.943661971830986,0.9436507936507936,0.9805555555555556,21,5,0,0.2724772625843324,0.3532828519237048,0.48,0.3214139216792278,0.4283940557367222,0.3308409459021704,0.8729101537384851,0.3318436751182151,0.3943963596315758
Digits38,ACP-Gini,42,4,0.2,0.9,0.2,0.7,0.943661971830986,0.9436507936507936,0.953968253968254,23,6,0,0.1768469888539502,0.3347243254213897,0.48,0.2612015648750342,0.3488727582110459,0.292331713637836,0.8885170042042791,0.2605840113432547,0.3691291723844127
Digits38,CART,43,0,0.2,0.9,0.2,0.5,0.9027777777777778,0.9012345679012346,0.9521235521235522,17,4,0,0.3184364025481481,0.3336736045142515,0.66,0.2802045097759383,0.3818199002456401,0.2896297376093294,0.8696952807096865,0.2897062492331966,0.3738503237658304
Digits38,VIF+CART,43,0,0.2,0.9,0.2,0.5,0.9027777777777778,0.9012345679012346,0.9521235521235522,17,4,1,0.3184364025481481,0.3336736045142515,0.52,0.275692987284824,0.3750697521164015,0.2939666342727566,0.8791953877683012,0.2773890683615481,0.3625154279803773
Digits38,RRF-style,43,0,0.2,0.9,0.2,0.5,0.9027777777777778,0.9012345679012346,0.9521235521235522,17,4,0,0.3184364025481481,0.3336736045142515,0.66,0.2772694992082747,0.3834539609331229,0.2874635568513119,0.8730614278345371,0.2998356760707752,0.3728302462869826
Digits38,ACP-Gini,43,0,0.2,0.9,0.2,0.5,0.9305555555555556,0.9298928919182085,0.962934362934363,17,4,0,0.2101345025339912,0.309010905726989,0.66,0.2350302507949566,0.3165792270414875,0.2569290573372205,0.8852078130619546,0.2394747614856498,0.3508306223148711
Digits38,CART,43,1,0.2,0.9,0.4,0.9,0.9305555555555556,0.9305421570519004,0.981081081081081,21,5,0,0.2210504625618165,0.3421612079233206,0.44,0.2500160315874601,0.3180769876008439,0.2631551668286362,0.8805692878550021,0.2730067036354127,0.3503834838897341
Digits38,VIF+CART,43,1,0.2,0.9,0.4,0.9,0.9305555555555556,0.9305421570519004,0.981081081081081,21,5,1,0.2210504625618165,0.3421612079233206,0.46,0.2636610634263696,0.3344363596897954,0.2693747975380628,0.8762070571152205,0.2629048885414049,0.3466312778599649
Digits38,RRF-style,43,1,0.2,0.9,0.4,0.9,0.9444444444444444,0.9444015444015444,0.9687258687258686,21,5,0,0.2489878682418203,0.3613082611691068,0.44,0.2512438287336246,0.3240334055438441,0.2621153223194039,0.8859811009985079,0.2890184574163705,0.3531369434424332
Digits38,ACP-Gini,43,1,0.2,0.9,0.4,0.9,0.9583333333333334,0.9583252942311402,0.9837837837837836,21,5,0,0.1826040264087287,0.3355593679001807,0.44,0.2106966253700947,0.2590946350060824,0.2302980239714933,0.8917965926963526,0.2292170900569165,0.3270749165771414
Digits38,CART,43,2,0.2,0.9,0.2,0.9,0.8591549295774648,0.8584529505582137,0.9463434022257552,17,4,0,0.2889649374217768,0.3907899801590177,0.92,0.3471025776944144,0.4685353294699392,0.3696890184645287,0.7795134476701104,0.3178930627294459,0.3881207463740183
Digits38,VIF+CART,43,2,0.2,0.9,0.2,0.9,0.8591549295774648,0.8584529505582137,0.9463434022257552,17,4,2,0.2889649374217768,0.3907899801590177,0.92,0.3333267073062991,0.4555692677405308,0.3744800777453838,0.7897596614403337,0.3047265810187621,0.3822558262209993
Digits38,RRF-style,43,2,0.2,0.9,0.2,0.9,0.8591549295774648,0.8584529505582137,0.9439586645468998,17,4,0,0.2954033229705639,0.3896845580045566,0.92,0.3363825675458329,0.4621688684810652,0.3631509556203433,0.7983048196967765,0.3274955333690261,0.3920220116523864
Digits38,ACP-Gini,43,2,0.2,0.9,0.2,0.9,0.9154929577464788,0.9150717703349284,0.9483306836248012,17,4,0,0.2455897498037708,0.371642850146253,0.92,0.2785267702818723,0.386425311936255,0.3337544541626174,0.8119834755080854,0.2438615507255017,0.3632220819222047
Digits38,CART,43,3,0.2,0.9,0.2,0.9,0.943661971830986,0.9436507936507936,0.9511904761904764,19,5,0,0.2807677808736821,0.3658118737331816,0.6,0.2917240288056614,0.3841073112891396,0.3075850340136054,0.8381264993509892,0.3179176697251861,0.3873963640043201
Digits38,VIF+CART,43,3,0.2,0.9,0.2,0.9,0.943661971830986,0.9436507936507936,0.9511904761904764,19,5,2,0.2807677808736821,0.3658118737331816,0.56,0.2877002294757397,0.3763476289345432,0.2974891480401684,0.8422330300085402,0.2992597277624315,0.3740549595276276
Digits38,RRF-style,43,3,0.2,0.9,0.2,0.9,0.9295774647887324,0.9295215405995632,0.9507936507936507,19,5,0,0.2857030335437091,0.3650722125568056,0.6,0.3012290453310862,0.3961730530775222,0.3157771298995788,0.8397223793280216,0.3345952308991469,0.391516784720369
Digits38,ACP-Gini,43,3,0.2,0.9,0.2,0.9,0.9577464788732394,0.9577464788732394,0.9670634920634922,19,5,0,0.2298910247823115,0.3495978646141323,0.6,0.2276369843308618,0.29948348681513,0.2490900550696468,0.8739080851121669,0.254030762753034,0.3497569417757338
Digits38,CART,43,4,0.2,0.9,0.2,0.7,0.943661971830986,0.9435612082670906,0.9654761904761904,21,6,0,0.3028103917785707,0.386697450516584,0.6,0.326389093899298,0.425959377671016,0.3635212180110139,0.8287391967776122,0.2837414345650443,0.3794699633951435
Digits38,VIF+CART,43,4,0.2,0.9,0.2,0.7,0.943661971830986,0.9435612082670906,0.9654761904761904,21,6,1,0.3028103917785707,0.386697450516584,0.68,0.3148193711050854,0.4157866695389904,0.3646530612244897,0.8269070685883412,0.2705370775619303,0.370601353206906
Digits38,RRF-style,43,4,0.2,0.9,0.2,0.7,0.943661971830986,0.9435612082670906,0.9682539682539684,21,6,0,0.3223315107288248,0.3930281657087976,0.6,0.3271433962862534,0.4237017213330146,0.3608519598315516,0.8335404941197259,0.2953012918012849,0.3820178288325703
Digits38,ACP-Gini,43,4,0.2,0.9,0.2,0.7,0.943661971830986,0.9435612082670906,0.9547619047619048,21,6,0,0.2372353660147863,0.3661830153019152,0.6,0.2517920718737045,0.3236569473907117,0.3026339488176223,0.8609799642800843,0.2266344716889954,0.3477749374151391
Digits38,CART,44,0,0.2,0.9,0.2,0.7,0.9583333333333334,0.9583252942311402,0.9980694980694982,19,4,0,0.3238650849396585,0.3581289594012175,0.52,0.2880536323087343,0.3810281824059409,0.287175251052802,0.8803863196960435,0.2953683375311264,0.3807415397461743
Digits38,VIF+CART,44,0,0.2,0.9,0.2,0.7,0.9583333333333334,0.9583252942311402,0.9980694980694982,19,4,1,0.3238650849396585,0.3581289594012175,0.46,0.2748230794149161,0.3628923526577304,0.2989083252348559,0.8908978048761963,0.2798025981443756,0.3722595065300909
Digits38,RRF-style,44,0,0.2,0.9,0.2,0.7,0.9583333333333334,0.9583252942311402,0.9857142857142858,19,4,0,0.3115565664349154,0.3561696912464318,0.52,0.2972061272061271,0.3973968433291387,0.3029429867184969,0.8830604479554058,0.3147214078577378,0.3875087684794498
Digits38,ACP-Gini,44,0,0.2,0.9,0.2,0.7,0.9583333333333334,0.9583252942311402,0.9841698841698844,19,4,0,0.2689224705705048,0.3405663216509742,0.52,0.2237987571318903,0.289031833210788,0.2525202461937155,0.9015903361011404,0.2467854737778281,0.3518973111697117
Digits38,CART,44,1,0.2,0.9,0.4,0.7,0.9444444444444444,0.9442724458204336,0.9555984555984556,19,5,0,0.3113743508803865,0.3787389212585662,0.54,0.3180450490552531,0.4196042575329059,0.3430835762876579,0.8447611570102568,0.2878753927596478,0.3668693520839133
Digits38,VIF+CART,44,1,0.2,0.9,0.4,0.7,0.9444444444444444,0.9442724458204336,0.9555984555984556,19,5,2,0.268203370745952,0.3661139254941789,0.58,0.341584587747853,0.4513717398968537,0.3728309037900875,0.8392206654223461,0.2783529167498809,0.3587704947909657
Digits38,RRF-style,44,1,0.2,0.9,0.4,0.7,0.9444444444444444,0.9442724458204336,0.9555984555984556,19,5,0,0.3113743508803865,0.3787389212585662,0.54,0.3301005751617996,0.4380089322785197,0.3499092970521541,0.8518409093241027,0.3101093910398924,0.3691937081984641
Digits38,ACP-Gini,44,1,0.2,0.9,0.4,0.7,0.9166666666666666,0.916083916083916,0.9548262548262548,21,5,0,0.2529238921520099,0.3635393061138484,0.54,0.2626434789700095,0.3454789523947363,0.2927777777777777,0.8661084585682426,0.2379093569125999,0.3381957848709235
Digits38,CART,44,2,0.2,0.9,0.2,0.9,0.9295774647887324,0.9290709290709293,0.9578696343402224,21,5,0,0.2832306024614414,0.3762424314310263,0.62,0.2838017934446505,0.3743125552930461,0.315821185617104,0.8664768869918931,0.2807538910753093,0.3659427347304372
Digits38,VIF+CART,44,2,0.2,0.9,0.2,0.9,0.9295774647887324,0.9290709290709293,0.9578696343402224,21,5,1,0.2832306024614414,0.3762424314310263,0.66,0.2945819463982729,0.3924669082673274,0.3357240038872691,0.8536246402656966,0.2727002104672119,0.3600646292946534
Digits38,RRF-style,44,2,0.2,0.9,0.2,0.9,0.9295774647887324,0.9290709290709293,0.9888712241653418,21,5,0,0.2765387416909672,0.364363470840732,0.62,0.2881500200479792,0.383215117310581,0.3193388402980239,0.8707781238369473,0.2988599647507025,0.3693990382668834
Digits38,ACP-Gini,44,2,0.2,0.9,0.2,0.9,0.9295774647887324,0.9290709290709293,0.9852941176470588,21,5,0,0.1868725102883871,0.3565364898949473,0.62,0.2377299347977619,0.3105018213237892,0.2715257531584062,0.8841535317423673,0.2321842183742924,0.3402522202553009
Digits38,CART,44,3,0.2,0.9,0.2,0.9,0.9577464788732394,0.957712924359738,0.9674603174603174,21,5,0,0.2182654204439321,0.3794302044540795,0.6,0.2938921464023504,0.3937265257188657,0.3154910916747651,0.8402414241087712,0.2978904518741865,0.3868648526204361
Digits38,VIF+CART,44,3,0.2,0.9,0.2,0.9,0.9577464788732394,0.957712924359738,0.9674603174603174,21,5,2,0.2182654204439321,0.3794302044540795,0.64,0.2858413242086711,0.3815416270290064,0.3042299967606089,0.8541667970551524,0.2804915662435119,0.3700727909851452
Digits38,RRF-style,44,3,0.2,0.9,0.2,0.9,0.971830985915493,0.9718253968253968,0.9666666666666668,21,5,0,0.2223381485325477,0.3781971242943651,0.6,0.2990432266146552,0.403461090969092,0.3126264982183349,0.8462022829777932,0.3109308660180307,0.3895420749617829
Digits38,ACP-Gini,44,3,0.2,0.9,0.2,0.9,0.971830985915493,0.9718253968253968,0.965079365079365,21,5,0,0.183556461367077,0.3639477178953955,0.6,0.2579976452119309,0.3453411941433311,0.288421120829284,0.8634812239914281,0.2483081474052828,0.3564445455503445
Digits38,CART,44,4,0.2,0.9,0.2,0.7,0.9295774647887324,0.9293532338308458,0.9686507936507937,21,5,0,0.2477481831791976,0.3456657358924755,0.68,0.3090553799941555,0.4119516690746295,0.3369808875931324,0.8381025064038271,0.2979863434246453,0.3740394988420127
Digits38,VIF+CART,44,4,0.2,0.9,0.2,0.7,0.9295774647887324,0.9293532338308458,0.9686507936507937,21,5,3,0.2477481831791976,0.3456657358924755,0.7,0.3250255753316977,0.4336355320796678,0.359310009718173,0.8182000773003174,0.2887271812676484,0.3684129669589536
Digits38,RRF-style,44,4,0.2,0.9,0.2,0.7,0.9295774647887324,0.9293532338308458,0.9714285714285714,21,5,0,0.2390126600023606,0.3482103923754188,0.68,0.3190158254443968,0.4288476682357893,0.3457327502429543,0.8363730534504845,0.3113924338278709,0.3782199859717642
Digits38,ACP-Gini,44,4,0.2,0.9,0.2,0.7,0.9295774647887324,0.9293532338308458,0.9698412698412698,21,5,0,0.1926746163987751,0.3455936276971126,0.68,0.2507931456298803,0.334445520292796,0.3014480077745384,0.8553406893893087,0.2449201346482458,0.3515661183605001
Landsat,CART,42,0,0.2,0.9,0.2,0.9,0.9642579642579644,0.9511324990920196,0.9696021799817446,75,6,0,0.4967492020023294,0.5840188474239725,0.36,0.4679772411193222,0.2697778647566524,0.2517719468739877,0.8607044831760999,0.5142584327279551,0.5818244410909235
Landsat,VIF+CART,42,0,0.2,0.9,0.2,0.9,0.9627039627039627,0.9484357784381156,0.9679798524914554,79,6,27,0.4216109837469577,0.5012333315837845,0.42,0.6804133825358316,0.688628307801878,0.3968901846452866,0.7637726140524506,0.4280160614122104,0.4770201326125153
Landsat,RRF-style,42,0,0.2,0.9,0.2,0.9,0.9665889665889664,0.9543697173430694,0.9811483546867608,77,6,0,0.4867027237827829,0.5561042064288307,0.36,0.3659367118643193,0.211861435624812,0.1916682863621639,0.8788393575238347,0.506948814976856,0.5601250046101623
Landsat,ACP-Gini,42,0,0.2,0.9,0.2,0.9,0.965034965034965,0.95224737861484,0.9761114775505852,75,6,0,0.4924664174058188,0.5507389710583847,0.36,0.394904237008138,0.175167203132387,0.1995659216067379,0.871508273375958,0.4868336050168109,0.5397915179242821
Landsat,CART,42,1,0.2,0.9,0.2,0.9,0.9728049728049728,0.9631011272402888,0.9793111604138768,69,6,0,0.5023181342959446,0.5432090166234771,0.32,0.4372988930889555,0.2157619460520423,0.1891966310333657,0.8737566076022174,0.506573969213489,0.5542268912312156
Landsat,VIF+CART,42,1,0.2,0.9,0.2,0.9,0.965034965034965,0.9530622780862474,0.981051747916292,81,6,27,0.4225535029867286,0.4768325895298498,0.52,0.6642950700093557,0.6927914617900098,0.5400032393909946,0.7579157372881675,0.4281406157047023,0.4698023628073245
Landsat,RRF-style,42,1,0.2,0.9,0.2,0.9,0.9704739704739704,0.9596311949021032,0.9810800636938432,65,6,0,0.4773835172952883,0.527354511483229,0.32,0.3450642128656415,0.1834118123380191,0.1676967930029154,0.8901802792707132,0.5075946084819853,0.5447355587306265
Landsat,ACP-Gini,42,1,0.2,0.9,0.2,0.9,0.9689199689199688,0.9578753739501574,0.9809384848060868,69,6,0,0.4759778367858139,0.5332783049611987,0.32,0.3857327996630962,0.1814371157534042,0.1768124392614188,0.8809637788323709,0.4990461198397545,0.5300247328904802
Landsat,CART,42,2,0.2,0.9,0.6,0.9,0.9572649572649572,0.942388127485954,0.9644967759090608,75,6,0,0.4868633185041147,0.6144210504890311,0.26,0.4495971130217981,0.2264588367733676,0.2075121477162293,0.8662457124355221,0.5107154340099888,0.5931323873181918
Landsat,VIF+CART,42,2,0.2,0.9,0.6,0.9,0.9673659673659674,0.9558641975308642,0.9839842451638636,83,6,26,0.4393815735990635,0.4971065488986515,0.48,0.7082958945816089,0.7330435528954045,0.4596112730806609,0.7422184122061922,0.4299314331862585,0.485215448716156
Landsat,RRF-style,42,2,0.2,0.9,0.6,0.9,0.9634809634809636,0.9497927016023606,0.9652147178089476,69,6,0,0.4740731542810742,0.5539661692511715,0.26,0.3641286341230997,0.2063555977959579,0.167680596047943,0.8736129549476992,0.5031862277939738,0.5671745938495362
Landsat,ACP-Gini,42,2,0.2,0.9,0.6,0.9,0.9595959595959596,0.9442645559752952,0.9593698065545436,73,6,0,0.4715450908840491,0.539239653350079,0.26,0.3798509352905812,0.1586649769565303,0.1738192419825073,0.8751879659584126,0.4874795698233862,0.5450936970842492
Landsat,CART,42,3,0.2,0.9,0.2,0.7,0.9673659673659674,0.9550837598883202,0.9760187462607192,81,6,0,0.5033605895406434,0.6509950115380456,0.32,0.472058164122096,0.235412948929449,0.2021541950113378,0.8555105294580914,0.5117477235142772,0.5957663076330639
Landsat,VIF+CART,42,3,0.2,0.9,0.2,0.7,0.9634809634809636,0.9504500851512449,0.9805391211859336,85,6,27,0.4216109837469577,0.4203401314681843,0.32,0.681142032570604,0.6876661102062404,0.4071460965338516,0.7536593725598381,0.4268606582322728,0.4701578821250186
Landsat,RRF-style,42,3,0.2,0.9,0.2,0.7,0.9689199689199688,0.9570298153650963,0.976764940503889,77,6,0,0.4865823007953688,0.583908739373079,0.32,0.3554566200636433,0.1565315316505404,0.1623388402980239,0.8806055138077088,0.5053126025674963,0.5713672423035276
Landsat,ACP-Gini,42,3,0.2,0.9,0.2,0.7,0.9689199689199688,0.9572226284650668,0.9803014691218508,81,6,0,0.4807640021257822,0.5745773671846567,0.32,0.3913828222191468,0.1467077959107955,0.1784062196307094,0.8751297478226475,0.4891066397416362,0.5494415787684518
Landsat,CART,42,4,0.2,0.9,0.2,0.9,0.9704739704739704,0.9588036497678464,0.9808166589111216,79,6,0,0.4797448511130232,0.5676668460074634,0.24,0.4534907767339058,0.1896265317467661,0.1614318108195659,0.8613239435608085,0.501378908592988,0.5746460304026174
Landsat,VIF+CART,42,4,0.2,0.9,0.2,0.9,0.9595959595959596,0.9445133518167226,0.9682144519045404,83,6,27,0.4225535029867286,0.5079601997183611,0.36,0.6815297559583274,0.7045217294806426,0.5107709750566892,0.7567229698064567,0.4264254458619564,0.4860658291804053
Landsat,RRF-style,42,4,0.2,0.9,0.2,0.9,0.9689199689199688,0.9567351329545836,0.9764525028252344,79,6,0,0.4897201545968232,0.5710192470596578,0.24,0.3555322647898515,0.1543474335783153,0.1492031098153547,0.879541349522803,0.4990317743203629,0.555560445708281
Landsat,ACP-Gini,42,4,0.2,0.9,0.2,0.9,0.9696969696969696,0.957768236443354,0.9822508808083494,79,6,0,0.4721471111519851,0.546830456573541,0.24,0.392340448600931,0.1475128631371187,0.1572270813087139,0.8732446081529459,0.487118568606208,0.5434188211995842
Landsat,CART,43,0,0.2,0.9,0.2,0.7,0.9658119658119658,0.952298962889085,0.9854673435803136,69,6,0,0.5130137852346758,0.5775034987817389,0.32,0.4657234203159865,0.2467577336588513,0.1979494655004859,0.8673833037153343,0.50975983965657,0.5840537763462029
Landsat,VIF+CART,43,0,0.2,0.9,0.2,0.7,0.9673659673659674,0.9555769230769232,0.9846245327896704,81,6,27,0.424614238257748,0.4950887564883772,0.34,0.7265412999698715,0.74165939224905,0.4553709102688694,0.7412981817050566,0.4288033221155668,0.4757368655316522
Landsat,RRF-style,43,0,0.2,0.9,0.2,0.7,0.965034965034965,0.951271042050024,0.9852691331374548,69,6,0,0.5252845294541225,0.5773405441803454,0.32,0.3702175113674532,0.1949123446483439,0.1677680596047943,0.8797374769344684,0.507555761704012,0.5669946519044698
Landsat,ACP-Gini,43,0,0.2,0.9,0.2,0.7,0.9665889665889664,0.9535435615679396,0.9862068850645932,71,6,0,0.5004618530934929,0.5657269106656005,0.32,0.3944516700736098,0.1606306215003834,0.1847295108519598,0.8724808380423467,0.490718505053501,0.5457661240070268
Landsat,CART,43,1,0.2,0.9,0.2,0.9,0.9673659673659674,0.9555769230769232,0.9823276235400716,67,6,0,0.5006688730683577,0.5294576689523518,0.36,0.4579559638810536,0.2375314236085892,0.1789893100097181,0.8675581976367017,0.5076121519865291,0.5579475537233236
Landsat,VIF+CART,43,1,0.2,0.9,0.2,0.9,0.9712509712509712,0.9607367335277572,0.9807519338010434,67,6,26,0.4393815735990635,0.4831458475200001,0.46,0.6952930878645165,0.7265546656468687,0.5660025915127955,0.7484954508941889,0.4263694122494108,0.4713983407509752
Landsat,RRF-style,43,1,0.2,0.9,0.2,0.9,0.9673659673659674,0.9555769230769232,0.9807669245068058,67,6,0,0.540177147365735,0.55503045698192,0.36,0.3591951942554164,0.1790028754115969,0.1648234531908001,0.8842714380974078,0.4995289536607351,0.5425128707705984
Landsat,ACP-Gini,43,1,0.2,0.9,0.2,0.9,0.9658119658119658,0.953562595535029,0.9803238658698274,67,6,0,0.4733383674219741,0.5186283380588145,0.36,0.3951868852156807,0.1704896000496451,0.1628344671201814,0.8765095000362843,0.490311963306877,0.5306604932485107
Landsat,CART,43,2,0.2,0.9,0.6,0.9,0.9696969696969696,0.9589727032340069,0.9835621219171709,77,6,0,0.5210677959154195,0.6175416156044339,0.26,0.4809492935791655,0.229673888051042,0.205118237771299,0.8663278648797345,0.5085020765624914,0.5805428100153892
Landsat,VIF+CART,43,2,0.2,0.9,0.6,0.9,0.9696969696969696,0.9588841132106074,0.986297613507944,79,6,26,0.4393815735990635,0.5125442212830089,0.34,0.6971331661535743,0.7268691749305564,0.493916423712342,0.7487753449889797,0.4289674713378224,0.4751388733378647
Landsat,RRF-style,43,2,0.2,0.9,0.6,0.9,0.972027972027972,0.961671332420037,0.983480688692415,83,6,0,0.4878302098385821,0.558833512749994,0.26,0.3494820581885999,0.1590084179257029,0.1505766115970197,0.8828456321885586,0.4989686443875783,0.5562449269015168
Landsat,ACP-Gini,43,2,0.2,0.9,0.6,0.9,0.9704739704739704,0.9594520647891436,0.9798943029980722,77,6,0,0.4903359154325392,0.5375107690712928,0.26,0.402169385089182,0.146250795085633,0.1696598639455782,0.8774808299196164,0.4911696398360656,0.5399346896760846
Landsat,CART,43,3,0.2,0.9,0.2,0.9,0.9603729603729604,0.9452748181788622,0.9724805557402114,67,6,0,0.5158495185379751,0.5434067126929911,0.22,0.4594564318848082,0.219926304699914,0.1880142533203757,0.8735174646769126,0.5032118279930982,0.5567345033355674
Landsat,VIF+CART,43,3,0.2,0.9,0.2,0.9,0.9627039627039627,0.9486671541580802,0.9722478893837664,83,6,27,0.4216109837469577,0.4460489342412359,0.3,0.6474334146579045,0.6649930427799163,0.5084450923226433,0.775581827770657,0.426344170398771,0.4718755393307832
Landsat,RRF-style,43,3,0.2,0.9,0.2,0.9,0.9603729603729604,0.9450262108982728,0.970795386558532,71,6,0,0.5130232963802138,0.5450189083312433,0.22,0.3618748714816407,0.1956513402011865,0.1581956592160674,0.8864426888089727,0.5023667671912802,0.544009435580531
Landsat,ACP-Gini,43,3,0.2,0.9,0.2,0.9,0.9611499611499612,0.945794276010324,0.9757461942431696,65,6,0,0.5154898026978867,0.5409094069868529,0.22,0.3858144873576101,0.1712503549287607,0.180913508260447,0.8859991754868909,0.4927138712519987,0.5246999990244363
Landsat,CART,43,4,0.2,0.9,0.2,0.9,0.9634809634809636,0.9493378806317416,0.9721149371800836,79,6,0,0.498167117035927,0.6391834670477515,0.38,0.4656371307813967,0.2385353112965251,0.2133236151603498,0.8587152332637528,0.5090648691153042,0.5988343771052207
Landsat,VIF+CART,43,4,0.2,0.9,0.2,0.9,0.9588189588189588,0.9440032837352488,0.9812537392807288,81,6,27,0.4216109837469577,0.4951668681985063,0.34,0.6623084489206938,0.6622470549762424,0.3974635568513119,0.7545810581227528,0.426508029913575,0.4788913232026203
Landsat,RRF-style,43,4,0.2,0.9,0.2,0.9,0.9665889665889664,0.9528905717299164,0.9760636176294624,79,6,0,0.4814248366658779,0.5723499788999507,0.38,0.3675246560704775,0.1903197352920606,0.1853579527048914,0.8708404494323861,0.5014627848830546,0.5645799080534739
Landsat,ACP-Gini,43,4,0.2,0.9,0.2,0.9,0.9642579642579644,0.9496632996632997,0.9771920494582198,71,6,0,0.4835125830600913,0.557501698833757,0.38,0.3955665530904197,0.1692216545628542,0.2003757693553612,0.8714230296897838,0.4901099869609467,0.5456985270961071
Landsat,CART,44,0,0.2,0.9,1.0,0.9,0.9603729603729604,0.946463920628564,0.9760048769762748,69,6,0,0.4961581457503625,0.6339252341409619,0.26,0.453347595869668,0.1977263760234255,0.1558600583090379,0.871623986074316,0.5063281920863573,0.5719624026142938
Landsat,VIF+CART,44,0,0.2,0.9,1.0,0.9,0.9689199689199688,0.9564337264566098,0.9863567921222176,85,6,26,0.4393815735990635,0.4933578269088421,0.26,0.6728289216452481,0.7120325768151214,0.5514091350826044,0.7647145136826133,0.4311361157306567,0.4751276077234331
Landsat,RRF-style,44,0,0.2,0.9,1.0,0.9,0.9588189588189588,0.9424754991048032,0.9794677300073954,73,6,0,0.4701875246284321,0.5713348052543262,0.26,0.3468282151009235,0.1508905044461032,0.1430579850988014,0.8950831026947478,0.5017237976195357,0.550871098982664
Landsat,ACP-Gini,44,0,0.2,0.9,1.0,0.9,0.9611499611499612,0.945794276010324,0.9795476804381285,73,6,0,0.477724817795943,0.5631999983930094,0.26,0.3869830547602909,0.1378328024186716,0.1464885001619695,0.8848797637296782,0.4940787656865054,0.5349687277032796
Landsat,CART,44,1,0.2,0.9,0.2,0.9,0.9642579642579644,0.9514518044229848,0.9755251743918768,71,6,0,0.5065378780405497,0.6213193534771748,0.28,0.4606404615056093,0.2419191725473343,0.2158762552640103,0.8619926149785132,0.5053678500132296,0.5914289324684483
Landsat,VIF+CART,44,1,0.2,0.9,0.2,0.9,0.9634809634809636,0.9504500851512449,0.97974255961304,83,6,27,0.4225535029867286,0.5046988102447068,0.56,0.6889994132851276,0.7177075442821198,0.4899708454810495,0.7423320889080999,0.4258045330559226,0.4756063275650413
Landsat,RRF-style,44,1,0.2,0.9,0.2,0.9,0.9642579642579644,0.950130733929498,0.9672919456603573,73,6,0,0.503167469860732,0.5801305045409044,0.28,0.3636143831056046,0.1905641791940231,0.1817525105280207,0.8755795125080565,0.5034960204952033,0.5654346654568451
Landsat,ACP-Gini,44,1,0.2,0.9,0.2,0.9,0.9634809634809636,0.948629517496741,0.9726402963495966,75,6,0,0.4868982680435489,0.5517742662682659,0.28,0.3850938290079972,0.1691562602727664,0.2069063816002591,0.8721165182033704,0.4892571704786488,0.5467779724199476
Landsat,CART,44,2,0.2,0.9,0.2,0.9,0.9681429681429682,0.9565872709636496,0.979202951538922,69,6,0,0.5143024435640114,0.5755228594840924,0.28,0.4507806939124772,0.196442664344634,0.1711888564949789,0.8760260252013434,0.5025940082478622,0.5738181963947929
Landsat,VIF+CART,44,2,0.2,0.9,0.2,0.9,0.965034965034965,0.953160825417622,0.9788223758558798,73,6,26,0.4393815735990635,0.4873853779921732,0.36,0.7419417498601172,0.7575251935130075,0.4742338840298024,0.7541004043222161,0.4287300123749245,0.4746858140235423
Landsat,RRF-style,44,2,0.2,0.9,0.2,0.9,0.9658119658119658,0.9531538507356008,0.979018480356312,71,6,0,0.4777911533231438,0.5248449731331283,0.28,0.3518274590668785,0.1467193001615652,0.1545189504373177,0.8907865048222829,0.5012330092606321,0.5584676504438337
Landsat,ACP-Gini,44,2,0.2,0.9,0.2,0.9,0.9549339549339548,0.9401898003922926,0.9774729109884996,63,6,0,0.5706789600245733,0.5058606959346638,0.28,0.3879012760207943,0.1383664339918644,0.1541982507288629,0.884791688991289,0.4919832916153667,0.534625958067995
Landsat,CART,44,3,0.2,0.9,0.6,0.9,0.9642579642579644,0.9503592127505434,0.9761201223160274,71,6,0,0.5102381068676647,0.5624121724596998,0.48,0.4534087131186853,0.2556256955807784,0.2309815354713314,0.8439342543593279,0.5008091803298155,0.5839501742764134
Landsat,VIF+CART,44,3,0.2,0.9,0.6,0.9,0.961926961926962,0.9482294510005131,0.9796749318619956,75,6,26,0.4393815735990635,0.504232836937032,0.66,0.6841701473130044,0.7203444792685997,0.5234272756721736,0.7103041617220633,0.4316605552036915,0.4799664956251409
Landsat,RRF-style,44,3,0.2,0.9,0.6,0.9,0.9642579642579644,0.9505842876698608,0.9664096257395466,75,6,0,0.5087928787920396,0.5752274940078892,0.48,0.3769137525821345,0.2481791117663773,0.2129478458049886,0.851180473207273,0.4996634382545407,0.5670729536704926
Landsat,ACP-Gini,44,3,0.2,0.9,0.6,0.9,0.9658119658119658,0.9526255554960648,0.9731885262248222,73,6,0,0.4997860738794658,0.5746686470090459,0.48,0.4069612507611363,0.2481012048818713,0.2265824425008099,0.844721914381163,0.4880793695141216,0.5529777758545805
Landsat,CART,44,4,0.2,0.9,0.6,0.7,0.9743589743589745,0.9644287246988824,0.9801053646214186,73,6,0,0.525561413073201,0.5741235942274805,0.22,0.483637221128776,0.2451676414279979,0.1742824748947198,0.869227534091068,0.5115392843510476,0.5624724354585185
Landsat,VIF+CART,44,4,0.2,0.9,0.6,0.7,0.9774669774669774,0.9690898896783272,0.989269095260254,77,6,26,0.4393815735990635,0.479593985160004,0.34,0.715753294324723,0.7308108879289545,0.4642759961127307,0.7524145513460718,0.426432635727664,0.4665174391938946
Landsat,RRF-style,44,4,0.2,0.9,0.6,0.7,0.9673659673659674,0.956237532060416,0.9836834408030312,63,6,0,0.5077891711942293,0.5082302831770371,0.22,0.3633300535160069,0.1742948815258309,0.1520796890184645,0.8833452203962086,0.5042102748044462,0.5411822337533393
Landsat,ACP-Gini,44,4,0.2,0.9,0.6,0.7,0.9766899766899768,0.968199818143482,0.9841620687362892,69,6,0,0.4887016252210207,0.5474764797524588,0.22,0.4012245305163208,0.1582204528068234,0.1496339488176223,0.8852481202531205,0.4962795499384597,0.5279860306728389
Musk1,CART,42,0,0.4,0.7,0.6,0.5,0.7291666666666666,0.7248677248677249,0.8183421516754851,43,6,0,0.2210608989671563,0.1959943493166898,0.9,0.1285418888027044,0.1521918835692718,0.1470424360220278,0.9424544637900256,0.2506396268886456,0.2165820745337647
Musk1,VIF+CART,42,0,0.4,0.7,0.6,0.5,0.7916666666666666,0.7857142857142857,0.8498677248677249,43,6,106,0.1496282084827535,0.1121527881481131,0.42,0.150408083513888,0.181846451268217,0.0945804988662131,0.9604704435251952,0.1640424977085523,0.1493245069039236
Musk1,RRF-style,42,0,0.4,0.7,0.6,0.5,0.78125,0.7741682536126359,0.8227513227513228,43,6,0,0.1885513794169077,0.1626108419348171,0.9,0.1080721832569613,0.1363524546813541,0.1411661807580175,0.9503806899708066,0.2335912499049902,0.201402221569124
Musk1,ACP-Gini,42,0,0.4,0.7,0.6,0.5,0.75,0.7386569872958257,0.7511022927689595,41,6,0,0.1625113530515223,0.1379491869264487,0.9,0.1200576241671202,0.141582010396512,0.1407256235827664,0.9467378778551008,0.1752606159780402,0.1597829376882745
Musk1,CART,42,1,0.4,0.7,0.4,0.7,0.7789473684210526,0.775363134782119,0.793351302785265,35,6,0,0.2169542222177735,0.1759276671858592,0.86,0.1365673725512992,0.1689195294024688,0.151137026239067,0.948331339976654,0.2289142149635648,0.1796650787429565
Musk1,VIF+CART,42,1,0.4,0.7,0.4,0.7,0.8210526315789474,0.819047619047619,0.8836477987421383,41,6,109,0.1358083972952269,0.1153305320722435,0.2,0.1442299866062048,0.1751056836355013,0.0854259799157758,0.9688816608291548,0.1540077879235497,0.1417315078709306
Musk1,RRF-style,42,1,0.4,0.7,0.4,0.7,0.6947368421052632,0.6833697276175152,0.7437106918238994,35,6,0,0.2160961258546634,0.1847721596466791,0.86,0.1124882447178293,0.1467423610122578,0.1443083900226757,0.9522279083949472,0.2189930284164138,0.1727058212284277
Musk1,ACP-Gini,42,1,0.4,0.7,0.4,0.7,0.7894736842105263,0.7854561878952122,0.8115453728661276,35,6,0,0.1913598031576145,0.1702185819114079,0.86,0.1202336407043908,0.1470025406469463,0.1515581470683511,0.950566701768975,0.1647402025910042,0.1431990591995272
Musk1,CART,42,2,0.4,0.7,0.4,0.9,0.7789473684210526,0.7638773819386909,0.820460704607046,31,6,0,0.2429826827739764,0.1859538807031161,0.88,0.1325836575097328,0.1643859973128966,0.1925817946226109,0.9423562536864696,0.23507687337334,0.1883129448651238
Musk1,VIF+CART,42,2,0.4,0.7,0.4,0.9,0.7263157894736842,0.721093044263776,0.7278681120144534,39,6,107,0.1248780083678777,0.1455199379510451,0.46,0.1517255151089042,0.1947593724812267,0.1379462261094914,0.9587070470023435,0.1475646759829907,0.1254471576974062
Musk1,RRF-style,42,2,0.4,0.7,0.4,0.9,0.7684210526315789,0.7540018832391714,0.7746160794941283,33,6,0,0.3148670897674884,0.2105247776017948,0.88,0.1156444978198445,0.1518855330301278,0.1671914480077745,0.9475898407655045,0.2279675586808768,0.1847909150851197
Musk1,ACP-Gini,42,2,0.4,0.7,0.4,0.9,0.7684210526315789,0.7663237924865831,0.8093947606142728,41,6,0,0.1732330168910049,0.1534858526277697,0.88,0.1340951973387102,0.1728332070462044,0.2000907029478458,0.939090129342357,0.1704216070106032,0.1481545168836173
Musk1,CART,42,3,0.4,0.7,1.0,0.5,0.7684210526315789,0.7677777777777778,0.8274616079494128,31,6,0,0.1925720048181134,0.1387139006239516,0.56,0.1097102162148362,0.1156478714042681,0.0925202461937155,0.966863588154245,0.2253646577899036,0.181341043567858
Musk1,VIF+CART,42,3,0.4,0.7,1.0,0.5,0.7157894736842105,0.7157894736842105,0.8631436314363143,35,6,106,0.1669563078528462,0.1100150777251269,0.2,0.1345879481993388,0.1613501984883072,0.0751376741172659,0.970377249448048,0.1573895810854347,0.1368675431540213
Musk1,RRF-style,42,3,0.4,0.7,1.0,0.5,0.7368421052631579,0.7363747363747364,0.8003613369467028,31,6,0,0.2107650222334663,0.1357011509076419,0.56,0.0830360705539933,0.0888796043740889,0.0902623906705539,0.9704365395987512,0.2191294284214157,0.1743696532187051
Musk1,ACP-Gini,42,3,0.4,0.7,1.0,0.5,0.6947368421052632,0.6947368421052632,0.7843270099367661,33,6,0,0.2062843913012393,0.1285480204135551,0.56,0.0993333626079434,0.1072504149295524,0.0993132491091674,0.9702094326213028,0.1590210676951003,0.1374966064030681
Musk1,CART,42,4,0.4,0.7,0.8,0.7,0.7578947368421053,0.7382920110192837,0.824977416440831,33,6,0,0.239201283204562,0.1869789736269721,0.88,0.1263906070917036,0.1492491409878766,0.1412342079689018,0.94757226368308,0.2214899506804759,0.1748718060650994
Musk1,VIF+CART,42,4,0.4,0.7,0.8,0.7,0.7052631578947368,0.6955128205128205,0.7786811201445347,43,6,106,0.1530657335042365,0.1013603186875036,0.36,0.1695176172893621,0.2178438319962393,0.1182960803368966,0.9586680794796466,0.1473777780185325,0.1243712062931073
Musk1,RRF-style,42,4,0.4,0.7,0.8,0.7,0.7368421052631579,0.7325751604549038,0.8172990063233965,35,6,0,0.2337262050964219,0.1772731976304184,0.88,0.1189985695590911,0.1592872750277151,0.1491286038224814,0.9485876274220212,0.2072574268340394,0.1630485233294145
Musk1,ACP-Gini,42,4,0.4,0.7,0.8,0.7,0.8105263157894737,0.8007921714818267,0.8299457994579945,39,6,0,0.1755786285891377,0.1332118453089107,0.88,0.1297230398969845,0.1605631098604979,0.1426984126984126,0.9488413858519442,0.159844684536951,0.1354524136021924
Musk1,CART,43,0,0.4,0.7,0.8,0.7,0.78125,0.7771637006742567,0.8154761904761904,35,6,0,0.2920592768375779,0.1976309965945409,0.7,0.1208332955010925,0.1412334035682612,0.130907029478458,0.9575993697983952,0.2411114069771481,0.1974078937303466
Musk1,VIF+CART,43,0,0.4,0.7,0.8,0.7,0.7395833333333334,0.7311526828721855,0.8194444444444444,45,6,109,0.1339463619274755,0.1251474303376156,0.34,0.1562011531797013,0.1953029677652662,0.1019144800777453,0.9644284104193808,0.1584691981953668,0.1415607356818054
Musk1,RRF-style,43,0,0.4,0.7,0.8,0.7,0.78125,0.7741682536126359,0.8059964726631393,33,6,0,0.2482863850851352,0.1721009708683746,0.7,0.1009385847526575,0.1236168969056875,0.1172951085195983,0.9621341863506676,0.2292875511529107,0.1871075223110774
Musk1,ACP-Gini,43,0,0.4,0.7,0.8,0.7,0.7916666666666666,0.7883597883597884,0.8414902998236331,35,6,0,0.1668757390472806,0.1331560290736811,0.7,0.1149324115123363,0.1346852932958288,0.1352478134110787,0.9585176108975358,0.1712324551505974,0.152095508171335
Musk1,CART,43,1,0.4,0.7,1.0,0.5,0.8526315789473684,0.8488636363636364,0.8459119496855347,43,6,0,0.2506928831218724,0.2027482414837588,0.54,0.1098432775724801,0.1153442677344343,0.0898801425332037,0.965706249483608,0.2327962631651221,0.1922065430091507
Musk1,VIF+CART,43,1,0.4,0.7,1.0,0.5,0.7684210526315789,0.7677777777777778,0.8780323450134772,39,6,106,0.1655850426804298,0.1481740092194538,0.18,0.1439128047815659,0.1777510753735851,0.0969225785552316,0.965580901310101,0.149960611329621,0.1379536702896218
Musk1,RRF-style,43,1,0.4,0.7,1.0,0.5,0.8421052631578947,0.8386000679578661,0.8627583108715186,33,6,0,0.2617924769358108,0.2188833527642344,0.54,0.0822590014459824,0.089381303093072,0.0871687722708131,0.9709986587413428,0.2142534744472487,0.1778705013348624
Musk1,ACP-Gini,43,1,0.4,0.7,1.0,0.5,0.8421052631578947,0.8374957235716729,0.8548966756513926,43,6,0,0.1810679807682636,0.1792982115668059,0.54,0.1034111067242671,0.1084915388552701,0.1039099449303531,0.9687361565936924,0.1571709397258068,0.1406105094444255
Musk1,CART,43,2,0.4,0.7,0.8,0.5,0.7263157894736842,0.7059523809523809,0.7515808491418249,39,6,0,0.2496741842585929,0.1914134213531873,0.9,0.1479106077980541,0.1888426675393257,0.1779073534175574,0.9398155798184392,0.2454345557463193,0.1930986009692037
Musk1,VIF+CART,43,2,0.4,0.7,0.8,0.5,0.7368421052631579,0.7219295164500643,0.8514001806684732,39,6,108,0.189376910519862,0.1468714635673191,0.5,0.1511090328235399,0.1843376157966248,0.0931000971817298,0.9590497088820266,0.1630437878954494,0.1430831090461862
Musk1,RRF-style,43,2,0.4,0.7,0.8,0.5,0.6736842105263158,0.6683931989640806,0.763550135501355,39,6,0,0.234718889067844,0.184240323099061,0.9,0.1216928636539442,0.166643593599652,0.1673728539034661,0.944339984710356,0.2317982035397728,0.1799864753192168
Musk1,ACP-Gini,43,2,0.4,0.7,0.8,0.5,0.7263157894736842,0.7149122807017544,0.7786811201445347,39,6,0,0.1327441927386322,0.1319470955373992,0.9,0.1323671194503218,0.1695541837359251,0.1739876903142209,0.9433743373236624,0.1694161441397622,0.1427026745101982
Musk1,CART,43,3,0.4,0.7,0.4,0.9,0.7473684210526316,0.736842105263158,0.7691960252935863,41,6,0,0.2241099116242422,0.2057833269480441,0.88,0.1462097106816286,0.1848579972257938,0.1856106252024619,0.9418314636055256,0.2335181739430025,0.190351075220769
Musk1,VIF+CART,43,3,0.4,0.7,0.4,0.9,0.7368421052631579,0.7338935574229692,0.8100722673893406,43,6,106,0.1642982793719463,0.1353165453110505,0.32,0.1407244989892477,0.1701028077321977,0.0871363783608681,0.9659610646082188,0.1491821961714499,0.1326407605339736
Musk1,RRF-style,43,3,0.4,0.7,0.4,0.9,0.6842105263157895,0.6679869524697111,0.7391598915989159,39,6,0,0.2047784273234588,0.1846297751785788,0.88,0.1296767718340645,0.1762133319530507,0.17488824101069,0.9466800384285488,0.2170582806412883,0.1782216936087407
Musk1,ACP-Gini,43,3,0.4,0.7,0.4,0.9,0.6736842105263158,0.6585507246376812,0.7271906052393857,39,6,0,0.1664348647008222,0.156409994278379,0.88,0.1387906844546285,0.1754403127894482,0.1706025267249757,0.9457386774690428,0.1589112566948862,0.147696936722272
Musk1,CART,43,4,0.4,0.7,1.0,0.9,0.7789473684210526,0.775363134782119,0.8642728093947607,31,6,0,0.2606389266992099,0.1916063964306346,0.8,0.1226647234679262,0.1417127380246016,0.1202137998056365,0.9524371148368104,0.235844655125853,0.1862929910547778
Musk1,VIF+CART,43,4,0.4,0.7,1.0,0.9,0.7263157894736842,0.7248217468805704,0.8215898825654924,41,6,108,0.1303806211092225,0.1062756447089591,0.46,0.1468821399862864,0.1858488268352857,0.1130385487528344,0.9621015706899289,0.1500435863865113,0.1270857453206206
Musk1,RRF-style,43,4,0.4,0.7,1.0,0.9,0.8210526315789474,0.8181511091093345,0.8927280939476061,33,6,0,0.232853566638727,0.1823667010627262,0.8,0.0971739649309384,0.1183712851607591,0.1173598963394881,0.95743733549318,0.2267139462657944,0.1806777096508608
Musk1,ACP-Gini,43,4,0.4,0.7,1.0,0.9,0.7894736842105263,0.7786579683131407,0.8459801264679312,31,6,0,0.1805766016689528,0.141089474355512,0.8,0.1144162943828089,0.1329285649807079,0.1216942014901198,0.9578707991005196,0.1658127224669259,0.1407701201263192
Musk1,CART,44,0,0.4,0.7,0.8,0.7,0.7708333333333334,0.7683194383501536,0.8256172839506173,39,6,0,0.2750136059163332,0.2074800316389789,0.7,0.1239892156759947,0.1417894573475678,0.116268221574344,0.953820069848084,0.2342145019499158,0.2003337128862522
Musk1,VIF+CART,44,0,0.4,0.7,0.8,0.7,0.71875,0.7046153846153846,0.8004850088183422,37,6,108,0.1364915582756972,0.1202097188770298,0.34,0.1541693968565763,0.1876442227271511,0.0973210236475542,0.9635850876022788,0.1576865540677289,0.1373902449949902
Musk1,RRF-style,44,0,0.4,0.7,0.8,0.7,0.78125,0.7702564102564102,0.7707231040564374,37,6,0,0.174529098770448,0.1663563455476489,0.7,0.0933215443685869,0.1099316900528748,0.1199902818270165,0.957717002589342,0.2340442012689627,0.1912096017040927
Musk1,ACP-Gini,44,0,0.4,0.7,0.8,0.7,0.7291666666666666,0.7192982456140351,0.7916666666666666,43,6,0,0.1687701491478134,0.1639882088341871,0.7,0.0993501595775576,0.103188694451066,0.1062973760932944,0.9621750737963444,0.1737190931455318,0.1598409930804759
Musk1,CART,44,1,0.4,0.7,0.2,0.7,0.7789473684210526,0.7740400951410126,0.8185085354896676,39,6,0,0.2758530286622437,0.2385504506146239,0.7,0.1229513479609239,0.1400106317563772,0.1086459345643019,0.9586752025056218,0.2580790393933645,0.2088169646774689
Musk1,VIF+CART,44,1,0.4,0.7,0.2,0.7,0.7789473684210526,0.7785547785547786,0.8128930817610063,47,6,107,0.1373581779703676,0.1064195024985086,0.26,0.156019691202725,0.1889733887087014,0.0820958859734369,0.964742271116131,0.1525157983477992,0.1388256886990543
Musk1,RRF-style,44,1,0.4,0.7,0.2,0.7,0.8210526315789474,0.8158284867145627,0.8337825696316262,35,6,0,0.3006938439970053,0.2403407257329805,0.7,0.0971326890884368,0.117714208207963,0.0964107547781017,0.9632224835963988,0.2483694210081427,0.1999569669106123
Musk1,ACP-Gini,44,1,0.4,0.7,0.2,0.7,0.7473684210526316,0.7471162377994676,0.8245732255166218,37,6,0,0.1280564992308569,0.1293687585361431,0.7,0.111156320530614,0.1228969986098721,0.110204081632653,0.9612431147792724,0.1715249038712527,0.1593797117109862
Musk1,CART,44,2,0.4,0.7,0.6,0.7,0.7578947368421053,0.7508267761432319,0.8288166214995483,37,6,0,0.2687103146201007,0.1653061706526515,0.82,0.1354757940893462,0.1620646761496973,0.1319436345966958,0.950644283093006,0.2261316898650407,0.1844621539058891
Musk1,VIF+CART,44,2,0.4,0.7,0.6,0.7,0.7473684210526316,0.7466666666666666,0.8242999096657633,43,6,107,0.1606149411126843,0.1420672971963597,0.34,0.1602185833734602,0.2010666807282879,0.1058503401360544,0.9627512941637638,0.145669740757117,0.1284920629646987
Musk1,RRF-style,44,2,0.4,0.7,0.6,0.7,0.7578947368421053,0.7561656065171298,0.8516260162601625,39,6,0,0.2837532978174353,0.1715899131219347,0.82,0.1119002982813449,0.1396245103768642,0.1293294460641399,0.9547415450183828,0.2162235292871094,0.1781514496975755
Musk1,ACP-Gini,44,2,0.4,0.7,0.6,0.7,0.8105263157894737,0.8056818181818182,0.8453026196928637,39,6,0,0.1965824723992757,0.1466594893675213,0.82,0.1366851084821785,0.1664980368580041,0.1354421768707483,0.9508854317933328,0.1608349647389588,0.1431324001454746
Musk1,CART,44,3,0.4,0.7,1.0,0.5,0.7578947368421053,0.7508267761432319,0.7798102981029811,33,6,0,0.2687834910434933,0.191905492560951,0.8,0.1219422621506575,0.144697675703165,0.1414642047295108,0.9495990249980084,0.240618658338344,0.1910451604846773
Musk1,VIF+CART,44,3,0.4,0.7,1.0,0.5,0.7473684210526316,0.7471162377994676,0.8057813911472448,45,6,107,0.1478742926516166,0.0971110776874529,0.4,0.1559246121739643,0.1920671686755338,0.1045545837382572,0.9639492896514236,0.1477186933521688,0.1308793581536872
Musk1,RRF-style,44,3,0.4,0.7,1.0,0.5,0.7368421052631579,0.7291595392861215,0.8066847335140018,33,6,0,0.2563683566154836,0.1681367598786889,0.8,0.1026497857752582,0.1310662761782943,0.1313249109167476,0.9548542401703982,0.2265757822081834,0.1839461602010299
Musk1,ACP-Gini,44,3,0.4,0.7,1.0,0.5,0.7894736842105263,0.7786579683131407,0.8622402890695574,29,6,0,0.186477536597332,0.1710627072387463,0.8,0.1191081256795066,0.1432986105269797,0.1420570132815031,0.9506922168805998,0.1629917922637646,0.1444906992504716
Musk1,CART,44,4,0.4,0.7,0.8,0.5,0.7052631578947368,0.6793635486981677,0.7486449864498644,33,6,0,0.3815979631595158,0.2097185364781896,1.0,0.1421917500270288,0.1884029792819229,0.1816974408811143,0.9354266956667584,0.2469226754180038,0.18500851157012
Musk1,VIF+CART,44,4,0.4,0.7,0.8,0.5,0.7157894736842105,0.696413776778317,0.7721318879855464,41,6,107,0.1369394933831388,0.1118337984849798,0.56,0.1545140898326021,0.1911340658306352,0.1158600583090379,0.9541305236264254,0.1631969354607463,0.1350858609090852
Musk1,RRF-style,44,4,0.4,0.7,0.8,0.5,0.7789473684210526,0.768695652173913,0.7999096657633242,37,6,0,0.302159093017993,0.212365657456784,1.0,0.1272013993493058,0.1791934456634227,0.186491739552964,0.9369689046470264,0.2410403512241984,0.1798622524171695
Musk1,ACP-Gini,44,4,0.4,0.7,0.8,0.5,0.7052631578947368,0.6869114877589454,0.763550135501355,35,6,0,0.1814479675795192,0.1349851477705103,1.0,0.1278059985194826,0.1668067393869773,0.1897473275024295,0.9379760572923144,0.1787909175233278,0.1452191630564058
Ozone,CART,42,0,0.6,0.9,0.8,0.5,0.9329388560157792,0.6282349896480331,0.7260526315789473,67,6,0,0.3063619306814167,0.3004302125951033,0.42,0.2728361361087428,0.1589233743754576,0.0856430191124068,0.9356476158989244,0.3327349182737552,0.348828409660314
Ozone,VIF+CART,42,0,0.6,0.9,0.8,0.5,0.9270216962524654,0.6032779951358782,0.6612828947368422,61,6,33,0.2570278819723688,0.2320697738207623,0.24,0.3609789149821749,0.3500600059311699,0.1214674441205053,0.9170640372767842,0.2816530159165425,0.2706340074728193
Ozone,RRF-style,42,0,0.6,0.9,0.8,0.5,0.9349112426035504,0.631873088516799,0.7265131578947368,67,6,0,0.309056834565258,0.3124728700761086,0.42,0.2374946922350013,0.1487935127171144,0.0960770975056689,0.9400022465622068,0.327425537598892,0.3467655633297567
Ozone,ACP-Gini,42,0,0.6,0.9,0.8,0.5,0.9250493096646942,0.6002904564315352,0.6823026315789474,71,6,0,0.2450628683490638,0.2275758190048958,0.42,0.2993334905273525,0.2662522494176141,0.1068059604794298,0.9069836173180336,0.2464194792239057,0.2381258352532908
Ozone,CART,42,1,0.6,0.9,0.2,0.5,0.9250493096646942,0.6148648648648649,0.7286513157894737,73,6,0,0.3518364938926731,0.4082353031330796,0.32,0.2645630261521206,0.1745410206624251,0.1177745383867832,0.937286116435406,0.311628323335547,0.3394534723160493
Ozone,VIF+CART,42,1,0.6,0.9,0.2,0.5,0.9171597633136096,0.615964507286106,0.6510855263157895,65,6,33,0.2787054569739698,0.2396406703808828,0.38,0.3668487337295347,0.3619412127523931,0.1204502753482345,0.9121304533960242,0.2802016045883265,0.2752775880542608
Ozone,RRF-style,42,1,0.6,0.9,0.2,0.5,0.9171597633136096,0.6030793319415448,0.7509868421052632,69,6,0,0.360342369090345,0.4023547354152835,0.32,0.2180697998093822,0.1435182865699381,0.1085519922254616,0.9425031459351424,0.3047845105285161,0.3272821732847002
Ozone,ACP-Gini,42,1,0.6,0.9,0.2,0.5,0.9171597633136096,0.6279874213836478,0.7178289473684211,61,6,0,0.2316865074743537,0.2411916578377917,0.32,0.292634945121416,0.2795545278236696,0.1439682539682539,0.9087274245504112,0.2396265284685567,0.2313217324262066
Ozone,CART,42,2,0.6,0.9,0.2,0.7,0.9072978303747534,0.6022732962796054,0.6745723684210525,75,6,0,0.3620910569550197,0.3745392885092222,0.42,0.2581170726807366,0.1543924013509879,0.1002721088435374,0.9404794195933076,0.3221879537120055,0.3465880002854773
Ozone,VIF+CART,42,2,0.6,0.9,0.2,0.7,0.9171597633136096,0.615964507286106,0.5388157894736841,73,6,33,0.2789124081065384,0.2551095027471911,0.36,0.3488014956130273,0.3436956935379374,0.1538224813735018,0.9146137404167772,0.2866301272897822,0.2747700718564168
Ozone,RRF-style,42,2,0.6,0.9,0.2,0.7,0.9092702169625246,0.6164144736842105,0.6598355263157895,75,6,0,0.3612701078711181,0.3560921416487096,0.42,0.2134992957852633,0.1310066225932193,0.0973210236475542,0.9433604512839826,0.3140959199858508,0.3421262650886914
Ozone,ACP-Gini,42,2,0.6,0.9,0.2,0.7,0.9151873767258384,0.6465753424657534,0.6951315789473684,77,6,0,0.2598140684235805,0.263926678087743,0.42,0.2761764240737245,0.2603739216020959,0.1227243278263686,0.9107668716364412,0.2411210285512656,0.2342561864672507
Ozone,CART,42,3,0.6,0.9,0.6,0.5,0.9329388560157792,0.6891141249458953,0.8238157894736842,59,6,0,0.3003692979516585,0.3640606173070214,0.42,0.255916643813274,0.1626882769798182,0.1064723032069971,0.9378941994424252,0.3220533178245701,0.3494041475287512
Ozone,VIF+CART,42,3,0.6,0.9,0.6,0.5,0.921104536489152,0.6087962962962963,0.7453947368421052,73,6,33,0.3067374007657296,0.2576235312480998,0.3,0.3335626335174981,0.3243825745368083,0.121149983803045,0.9200068643888352,0.2803011973015805,0.2734612700872966
Ozone,RRF-style,42,3,0.6,0.9,0.6,0.5,0.9349112426035504,0.7030614961398527,0.8209868421052632,55,6,0,0.3026292589969029,0.3752783493057053,0.42,0.2231147511085692,0.1519673570901488,0.1178134110787171,0.941324426205432,0.3150689828743898,0.3465839411583699
Ozone,ACP-Gini,42,3,0.6,0.9,0.6,0.5,0.9270216962524654,0.6180441023761529,0.6804276315789473,67,6,0,0.2671487769412765,0.211608132912715,0.42,0.3087310641891615,0.3078111828248592,0.1531292517006802,0.903728697924951,0.2409182336711892,0.2280517058281967
Ozone,CART,42,4,0.6,0.9,0.8,0.9,0.9446640316205532,0.7054469854469855,0.7184862869198313,75,6,0,0.3311922629949202,0.3989126724293974,0.3,0.2603126464201101,0.167606131049709,0.0977421444768383,0.9352351166067852,0.3136533700158898,0.3345809994209947
Ozone,VIF+CART,42,4,0.6,0.9,0.8,0.9,0.924901185770751,0.6148237179487179,0.6818631329113923,65,6,34,0.2785571203089421,0.2537256076849737,0.18,0.3440116101839031,0.3432595377048774,0.1403757693553612,0.921158152452542,0.2807397230172257,0.2698841467947507
Ozone,RRF-style,42,4,0.6,0.9,0.8,0.9,0.9367588932806324,0.6633679833679833,0.7387921940928269,75,6,0,0.3280228410530739,0.4105941198686496,0.3,0.2181501627697573,0.147064045043242,0.0930612244897959,0.941466095052866,0.3136813083890354,0.3381293084099935
Ozone,ACP-Gini,42,4,0.6,0.9,0.8,0.9,0.9347826086956522,0.6714738229681075,0.7168051160337553,79,6,0,0.2466134650100788,0.2386592343508903,0.3,0.287181320842467,0.2618054020829083,0.1014577259475218,0.913936553651705,0.2394853344418604,0.2343417160356707
Ozone,CART,43,0,0.6,0.9,0.4,0.5,0.9191321499013808,0.6058962934875344,0.7348355263157895,77,6,0,0.3155376685910623,0.342225114772797,0.3,0.2641633788931206,0.1567094404052753,0.0919015225137674,0.9348480421794084,0.3152381030760945,0.3350887161833851
Ozone,VIF+CART,43,0,0.6,0.9,0.4,0.5,0.9151873767258384,0.6361223774472986,0.7224342105263158,77,6,32,0.2892062901568549,0.249056524774145,0.24,0.3550274852698768,0.3531519073517053,0.1435795270489148,0.9162930179476706,0.2789067945411505,0.2588580241439365
Ozone,RRF-style,43,0,0.6,0.9,0.4,0.5,0.9171597633136096,0.615964507286106,0.7264802631578947,77,6,0,0.2831105308432691,0.2777508508717604,0.3,0.2265292824657719,0.148003200790619,0.1020472951085195,0.9419256795260657,0.3083395303504444,0.3314094561155115
Ozone,ACP-Gini,43,0,0.6,0.9,0.4,0.5,0.9191321499013808,0.6630136986301369,0.7314144736842105,71,6,0,0.2734376938628359,0.2506761679885604,0.3,0.2861758342581,0.2645224990549496,0.1153773890508584,0.9140774675033538,0.2442224446880475,0.2330556529658611
Ozone,CART,43,1,0.6,0.9,1.0,0.5,0.9329388560157792,0.6674768518518519,0.7076973684210526,75,6,0,0.2990425432474078,0.3031525255412601,0.4,0.260558493055851,0.1683791059944192,0.1129024943310657,0.9353770376431748,0.3185860867878836,0.3402410798322352
Ozone,VIF+CART,43,1,0.6,0.9,1.0,0.5,0.9368836291913216,0.663402489626556,0.7239473684210527,79,6,32,0.2939023607284569,0.2656087726053401,0.36,0.3592735230740055,0.3477170684667305,0.1397894395853579,0.9136998949979648,0.2823271484133927,0.2615396970495418
Ozone,RRF-style,43,1,0.6,0.9,1.0,0.5,0.9230769230769232,0.6598661689573908,0.7305263157894736,83,6,0,0.3274708738759574,0.3339288766434488,0.4,0.2169452512544673,0.137569927770645,0.1079721412374473,0.938426949828956,0.3133079038647702,0.3290354887364571
Ozone,ACP-Gini,43,1,0.6,0.9,1.0,0.5,0.9368836291913216,0.6356449874236436,0.6404605263157894,73,6,0,0.2357485713945488,0.2518910253592567,0.4,0.3031711249174993,0.2985892490034603,0.155328798185941,0.9020038286924488,0.2404584507620427,0.2205221028888777
Ozone,CART,43,2,0.6,0.9,1.0,0.7,0.9112426035502958,0.5674471513887572,0.7185855263157895,63,6,0,0.2873078118002766,0.3572752924028385,0.34,0.264029813281004,0.1613222791125516,0.116274700356333,0.9369524656320658,0.3184482009438434,0.345090879517311
Ozone,VIF+CART,43,2,0.6,0.9,1.0,0.7,0.9151873767258384,0.6003409778364406,0.754671052631579,79,6,33,0.2681669285542249,0.2638586916530402,0.28,0.3392498254565555,0.3249101883912396,0.1222481373501781,0.9206054576184466,0.2831858266170333,0.2747001291238533
Ozone,RRF-style,43,2,0.6,0.9,1.0,0.7,0.9092702169625246,0.5652773635550253,0.72,65,6,0,0.2865702585820101,0.3566793929987251,0.34,0.2224726536304749,0.1402094358147494,0.1131292517006802,0.9405867632120644,0.3127789305102421,0.3453870128810535
Ozone,ACP-Gini,43,2,0.6,0.9,1.0,0.7,0.921104536489152,0.6758726505561948,0.6887828947368421,75,6,0,0.2628659028641692,0.2506239436981338,0.34,0.2817107388044751,0.2607436603443429,0.1342954324586977,0.9071807269159644,0.2436818375200994,0.2354449073392237
Ozone,CART,43,3,0.6,0.9,1.0,0.9,0.9132149901380672,0.610272536687631,0.7468421052631578,69,6,0,0.2873478985296553,0.3139691912059779,0.42,0.2471461849278968,0.1268586048970227,0.0964561062520246,0.9387173610882168,0.3248460953753614,0.3484473123351854
Ozone,VIF+CART,43,3,0.6,0.9,1.0,0.9,0.9270216962524654,0.6032779951358782,0.731875,73,6,32,0.276780595829471,0.3019691660539894,0.22,0.3331930331985896,0.3222947984499898,0.1380919987042436,0.9171780270862268,0.2900057894424672,0.2861891612117663
Ozone,RRF-style,43,3,0.6,0.9,1.0,0.9,0.9191321499013808,0.6310764042949685,0.7483881578947368,73,6,0,0.2850560837396828,0.302887477318435,0.42,0.2055411024052071,0.1136529131198599,0.1002073210236475,0.9433334735628296,0.3121956010370732,0.3437918707540821
Ozone,ACP-Gini,43,3,0.6,0.9,1.0,0.9,0.9368836291913216,0.7074015293608427,0.8068421052631579,79,6,0,0.2562773125629849,0.2397617386875594,0.42,0.2694382321786082,0.2320349089066096,0.1040589569160997,0.917116994022492,0.24160590971978,0.2441289426888538
Ozone,CART,43,4,0.6,0.9,0.8,0.9,0.9268774703557312,0.6180041215237395,0.792095200421941,75,6,0,0.3179076231691066,0.3024023535358793,0.46,0.2577600480903187,0.1711585831343547,0.1173890508584386,0.9370751887923612,0.3204918311774421,0.3463687263130409
Ozone,VIF+CART,43,4,0.6,0.9,0.8,0.9,0.91699604743083,0.6159184558664064,0.8049512130801687,71,6,33,0.2816692236119173,0.2762711458874073,0.22,0.3310806471517808,0.3319620746429306,0.1203692905733722,0.9235865530704672,0.2812517661674095,0.2698594619892581
Ozone,RRF-style,43,4,0.6,0.9,0.8,0.9,0.9268774703557312,0.6180041215237395,0.7920952004219409,75,6,0,0.3157673956575244,0.3024549344197846,0.46,0.2245632962852036,0.1546502888557976,0.1047942986718497,0.94075042013265,0.3160904179068001,0.3436339301483589
Ozone,ACP-Gini,43,4,0.6,0.9,0.8,0.9,0.9268774703557312,0.6032381800072054,0.809104694092827,67,6,0,0.2402483140419375,0.2370894928575445,0.46,0.2881504315888681,0.2803091609584042,0.1399157758341431,0.916179802130042,0.2413170638690716,0.2322152735986137
Ozone,CART,44,0,0.6,0.9,0.6,0.5,0.95069033530572,0.7319445913080258,0.7970723684210527,65,6,0,0.3170848701486007,0.3265380235810975,0.28,0.2685350804705235,0.1514063303054134,0.1016942014901198,0.9368366784918843,0.31957506712169,0.3490632103720849
Ozone,VIF+CART,44,0,0.6,0.9,0.6,0.5,0.9428007889546351,0.631439099591407,0.7078289473684211,59,6,34,0.2690159711222384,0.2445355782066492,0.36,0.354677556212676,0.344494877370517,0.1252931648850016,0.9084547072434364,0.2836822255654355,0.2656963164109574
Ozone,RRF-style,44,0,0.6,0.9,0.6,0.5,0.9467455621301776,0.7212754260582738,0.7961513157894737,65,6,0,0.3029988695815002,0.3263072516869955,0.28,0.2212468551379525,0.1278612458858373,0.1014350502105604,0.9419060599473332,0.305625539042568,0.332881388167597
Ozone,ACP-Gini,44,0,0.6,0.9,0.6,0.5,0.9270216962524654,0.6561073530220536,0.7293421052631579,71,6,0,0.2677323404705589,0.2493847633884175,0.28,0.2781324696480698,0.2494102096340435,0.1240557175251052,0.9150083389593544,0.2392913560451871,0.2296680091410651
Ozone,CART,44,1,0.6,0.9,1.0,0.9,0.9191321499013808,0.6530469180311451,0.7600986842105263,77,6,0,0.4234386940467558,0.437508340810074,0.48,0.2571133748757838,0.1531943797467304,0.0952251376741172,0.9370229217737696,0.3261550920585738,0.3493579474781941
Ozone,VIF+CART,44,1,0.6,0.9,1.0,0.9,0.9289940828402368,0.6479166666666667,0.6679605263157894,61,6,32,0.281329540435758,0.27351479186967,0.28,0.3508467277299643,0.3424387181189868,0.1329575639779721,0.916543788552256,0.2948675948690571,0.280441065632183
Ozone,RRF-style,44,1,0.6,0.9,1.0,0.9,0.9171597633136096,0.6497697368421053,0.7010526315789474,77,6,0,0.407919378318928,0.4343781621049734,0.48,0.2147793006550103,0.1364911759554622,0.1035698088759313,0.9402461698230696,0.3202265961023842,0.3460587216110409
Ozone,ACP-Gini,44,1,0.6,0.9,1.0,0.9,0.9151873767258384,0.6249806478248154,0.7362171052631579,69,6,0,0.2567034903297831,0.2562050147916108,0.48,0.2845458508565714,0.2610267626913967,0.1210560414642047,0.911684630616528,0.2460809292057881,0.2341124819340112
Ozone,CART,44,2,0.6,0.9,0.6,0.9,0.9250493096646942,0.6525393161160006,0.8192763157894737,65,6,0,0.317610772483225,0.3682875104065362,0.3,0.279380936109681,0.1651074706870509,0.0946776805960479,0.9322556758958052,0.322601186347952,0.3612984970342586
Ozone,VIF+CART,44,2,0.6,0.9,0.6,0.9,0.9230769230769232,0.6117841085347417,0.8120723684210527,77,6,31,0.2912866125621838,0.2637093402302667,0.22,0.3418347046058041,0.3282419314405682,0.126261742792355,0.9200107269472054,0.283432456593621,0.2722255618605667
Ozone,RRF-style,44,2,0.6,0.9,0.6,0.9,0.9270216962524654,0.6670689502174105,0.843421052631579,71,6,0,0.3290641208375138,0.3772193591728549,0.3,0.2403481329749569,0.1512994194107329,0.0919695497246517,0.936550377180844,0.3212556492193314,0.3548772876768506
Ozone,ACP-Gini,44,2,0.6,0.9,0.6,0.9,0.9329388560157792,0.6674768518518519,0.8287828947368421,73,6,0,0.2490890735320197,0.2336061106557064,0.3,0.3045620294466609,0.2722745700653216,0.1079656624554583,0.9103363433255636,0.2431772996527921,0.239251113407161
Ozone,CART,44,3,0.6,0.9,0.8,0.9,0.9191321499013808,0.6310764042949685,0.7743421052631578,71,6,0,0.3891104705250069,0.406874435914784,0.52,0.2526408558546524,0.1518330326422583,0.1196339488176222,0.9396116003598872,0.3203046446821815,0.3349220854791205
Ozone,VIF+CART,44,3,0.6,0.9,0.8,0.9,0.9092702169625246,0.5925576519916143,0.6926315789473684,73,6,32,0.2680508645392723,0.2671499707971643,0.16,0.344931377241336,0.3332515841620167,0.1428927761580822,0.919057148541373,0.2875791956024865,0.2719467413385814
Ozone,RRF-style,44,3,0.6,0.9,0.8,0.9,0.9132149901380672,0.569675925925926,0.6713157894736842,81,6,0,0.3416544734915243,0.3967527426527529,0.52,0.2103303806323559,0.1333559037265123,0.1212212504049238,0.9412125549543672,0.3106030056226367,0.327999724879397
Ozone,ACP-Gini,44,3,0.6,0.9,0.8,0.9,0.9270216962524654,0.6443454355863115,0.7433552631578947,77,6,0,0.2467500086071758,0.2517160117586377,0.52,0.2829875277307184,0.2729956135529068,0.1504988662131519,0.9109167990672744,0.243590774791583,0.2331073086896654
Ozone,CART,44,4,0.6,0.9,0.6,0.9,0.9347826086956522,0.6932488288784788,0.7616033755274262,63,6,0,0.3849604354552224,0.4561733076922879,0.38,0.2583349451827847,0.1579112667285458,0.096261742792355,0.9387466561819964,0.3200795539780277,0.3399755805927336
Ozone,VIF+CART,44,4,0.6,0.9,0.6,0.9,0.9387351778656128,0.6913845003639798,0.766646888185654,65,6,32,0.2684160348165926,0.2698673837792731,0.28,0.3428133087428976,0.3401049800247649,0.1371396177518626,0.9212791457002096,0.2826395291730817,0.2667003059629736
Ozone,RRF-style,44,4,0.6,0.9,0.6,0.9,0.9308300395256917,0.6515631455722353,0.69560917721519,63,6,0,0.4116471026130799,0.514302748878249,0.38,0.2194563632373237,0.1401292131179106,0.0916650469711694,0.9422190970857972,0.3132180517881089,0.3433071122326389
Ozone,ACP-Gini,44,4,0.6,0.9,0.6,0.9,0.9367588932806324,0.6756410256410257,0.8827795358649789,77,6,0,0.2608254012168458,0.2236607599368154,0.38,0.281498641604095,0.2648498416303489,0.1273372206025267,0.9088285517966426,0.2424396016573259,0.2336476147119894
Parkinsons,CART,42,0,0.6,0.7,0.8,0.5,0.8974358974358975,0.8555555555555556,0.9074074074074072,19,4,0,0.316965158145199,0.3283099637056741,0.64,0.3007869953176075,0.2703893656699577,0.2598487204405571,0.8786742175391635,0.3708502163238474,0.4232630109507687
Parkinsons,VIF+CART,42,0,0.6,0.7,0.8,0.5,0.9230769230769232,0.8956289027653881,0.9148148148148147,19,4,10,0.2922572905412101,0.3177396003787756,0.5,0.3390264134958012,0.3147960427808374,0.2822325882734045,0.8734564057391189,0.3250283850031694,0.3645793632490076
Parkinsons,RRF-style,42,0,0.6,0.7,0.8,0.5,0.8974358974358975,0.8555555555555556,0.9111111111111112,19,4,0,0.2899446144965848,0.3248793939203835,0.64,0.2481441823482639,0.2391850303384654,0.2375497246517654,0.8889590245022417,0.3596974755564371,0.3931830027430197
Parkinsons,ACP-Gini,42,0,0.6,0.7,0.8,0.5,0.9230769230769232,0.8956289027653881,0.9166666666666666,19,4,0,0.2797400280748606,0.3169434207715387,0.64,0.325880348676267,0.3377811191269761,0.3200359572400388,0.8635883171292599,0.2849464582664305,0.3141898784025497
Parkinsons,CART,42,1,0.6,0.7,1.0,0.7,0.8461538461538461,0.7833333333333333,0.7944444444444445,19,4,0,0.2948745785306346,0.3462281844958317,0.7,0.3081856329611432,0.2949709471404975,0.2733948817622286,0.8728376332217869,0.3929351614069439,0.4491051480114785
Parkinsons,VIF+CART,42,1,0.6,0.7,1.0,0.7,0.8717948717948718,0.8370927318295739,0.9666666666666668,21,4,10,0.3452831934648789,0.4623683606564305,0.64,0.3336999145978738,0.3177228614578829,0.2903686426951733,0.873109639393553,0.3613091094651714,0.4177326165073612
Parkinsons,RRF-style,42,1,0.6,0.7,1.0,0.7,0.8461538461538461,0.7982758620689655,0.8777777777777778,19,5,0,0.4489054318138186,0.4499887879385835,0.7,0.2621149983803045,0.2738233859507372,0.2590080984774862,0.8778192459134835,0.3916309603789448,0.4411545513046533
Parkinsons,ACP-Gini,42,1,0.6,0.7,1.0,0.7,0.7948717948717948,0.7310344827586206,0.7777777777777779,19,5,0,0.2887058135161334,0.3390032169470739,0.7,0.309295638601761,0.3253266895583407,0.2992073210236475,0.869399605081004,0.3052212960724068,0.3529192247034788
Parkinsons,CART,42,2,0.6,0.7,1.0,0.7,0.8461538461538461,0.7982758620689655,0.929310344827586,19,5,0,0.3517281221956158,0.4753603109197751,0.46,0.2789852233933866,0.2337719081322839,0.2367878198898606,0.885781574368009,0.3995909779658291,0.4444994578455336
Parkinsons,VIF+CART,42,2,0.6,0.7,1.0,0.7,0.9230769230769232,0.9022556390977444,0.9327586206896552,19,5,10,0.4313624587890177,0.4510342199051567,0.6,0.3528407397591071,0.3449992106508275,0.3055500485908649,0.8654579324903454,0.3592878676783644,0.4100097908561527
Parkinsons,RRF-style,42,2,0.6,0.7,1.0,0.7,0.7948717948717948,0.7467532467532467,0.8206896551724137,19,5,0,0.544904407109699,0.5069209213379599,0.46,0.2178754895897753,0.189510917839789,0.215290573372206,0.9094006841006904,0.431037984385124,0.441920016230183
Parkinsons,ACP-Gini,42,2,0.6,0.7,1.0,0.7,0.8461538461538461,0.8100649350649352,0.8517241379310343,23,6,0,0.3537714740943816,0.4017633223889422,0.46,0.2738847954766322,0.2685065824364565,0.255165856818918,0.8707841301022574,0.303437415904893,0.3129013055991566
Parkinsons,CART,42,3,0.6,0.7,0.8,0.5,0.7948717948717948,0.7310344827586206,0.7534482758620689,17,5,0,0.2981380311303886,0.3751565225804411,0.6,0.3013817339123461,0.295503815687222,0.2902734045999351,0.8811933827143912,0.3689678017630416,0.4001527964236016
Parkinsons,VIF+CART,42,3,0.6,0.7,0.8,0.5,0.8205128205128205,0.7719298245614035,0.8103448275862069,17,5,10,0.2868139619855422,0.3578942219981441,0.38,0.3465748242687018,0.3276030056948749,0.292540006478782,0.8833059464878192,0.3505745944487905,0.3867133378944607
Parkinsons,RRF-style,42,3,0.6,0.7,0.8,0.5,0.8461538461538461,0.7641129032258065,0.7706896551724138,19,4,0,0.3187372611537584,0.3786993414246457,0.6,0.2508008658008658,0.2528751463816333,0.2489902818270165,0.8904073763371483,0.3603703141467936,0.3804735402214579
Parkinsons,ACP-Gini,42,3,0.6,0.7,0.8,0.5,0.8461538461538461,0.7388392857142857,0.7586206896551724,17,4,0,0.3016451849520047,0.2707466746985184,0.6,0.2999024648820567,0.297397057794072,0.2707959183673469,0.876660715701532,0.304202104787608,0.3361678733262615
Parkinsons,CART,42,4,0.6,0.7,1.0,0.5,0.8717948717948718,0.8260481712756467,0.8275862068965517,15,4,0,0.5126883150329558,0.4514143302512306,0.46,0.2548341273239232,0.2051536410219603,0.2465999352121801,0.8867760957863,0.4448777290439817,0.5108993209976911
Parkinsons,VIF+CART,42,4,0.6,0.7,1.0,0.5,0.8717948717948718,0.8260481712756467,0.8275862068965517,15,4,10,0.5126910643503899,0.451416507869339,0.78,0.314128701230742,0.3306434797436761,0.299412374473599,0.8658166603304659,0.4020770481078508,0.4750675378880325
Parkinsons,RRF-style,42,4,0.6,0.7,1.0,0.5,0.8717948717948718,0.8260481712756467,0.8275862068965517,15,4,0,0.4611665121010941,0.4119943485584729,0.46,0.2003472627146096,0.166779032083622,0.1990249433106576,0.908092657575851,0.453742373914938,0.5084397483198071
Parkinsons,ACP-Gini,42,4,0.6,0.7,1.0,0.5,0.8717948717948718,0.8260481712756467,0.7896551724137931,15,4,0,0.468788973002508,0.4503818875333181,0.46,0.251351915658038,0.230900275873373,0.2439695497246517,0.8665557515047311,0.319567013183455,0.3733412006268783
Parkinsons,CART,43,0,0.6,0.7,1.0,0.7,0.8717948717948718,0.7936507936507936,0.901851851851852,17,4,0,0.3068889514572779,0.3436867778251766,0.46,0.3191670823507558,0.308777321658528,0.3033132491091674,0.8785055579341294,0.3602634962938966,0.3944154042715769
Parkinsons,VIF+CART,43,0,0.6,0.7,1.0,0.7,0.8205128205128205,0.676923076923077,0.7944444444444445,19,5,9,0.2809340961881498,0.2976048904393596,0.48,0.3876877521571399,0.4151441737902481,0.3631846452866861,0.873956079068324,0.3270792222918918,0.351439687772169
Parkinsons,RRF-style,43,0,0.6,0.7,1.0,0.7,0.8461538461538461,0.7641129032258065,0.8870370370370371,17,4,0,0.2710030465422377,0.3370284329273367,0.46,0.2611516034985423,0.2626115977064231,0.2589501133786848,0.8958438530923525,0.3523174719766307,0.3713578275430367
Parkinsons,ACP-Gini,43,0,0.6,0.7,1.0,0.7,0.8205128205128205,0.676923076923077,0.7611111111111111,17,4,0,0.2958942663417464,0.3541569037005421,0.46,0.3100599287333981,0.3212838100502297,0.3018548752834467,0.8653468730815669,0.2897974249136529,0.2971469540189427
Parkinsons,CART,43,1,0.6,0.7,0.4,0.9,0.9230769230769232,0.8871745419479267,0.8592592592592593,19,5,0,0.4274671627378488,0.4226656676388217,0.6,0.2977614131899846,0.2636357535325005,0.2532627146096534,0.8903528469662924,0.3719732788838157,0.41579616991172
Parkinsons,VIF+CART,43,1,0.6,0.7,0.4,0.9,0.8974358974358975,0.8555555555555556,0.825925925925926,23,5,10,0.4064476357741474,0.3775148914821498,0.5,0.3046023273778375,0.2797754062570923,0.2741930677032717,0.8659677614635598,0.3442883803661382,0.3908389123527087
Parkinsons,RRF-style,43,1,0.6,0.7,0.4,0.9,0.9230769230769232,0.8871745419479267,0.8481481481481482,19,4,0,0.3666384157282721,0.4153061902505368,0.6,0.2239950525664811,0.2017361014177954,0.2172416585681891,0.9002031612511805,0.3711724401902885,0.3907472535387124
Parkinsons,ACP-Gini,43,1,0.6,0.7,0.4,0.9,0.9487179487179488,0.9277777777777778,0.914814814814815,21,5,0,0.2881500865600339,0.2585077515423777,0.6,0.2782641281620873,0.2696214721697794,0.269651765468092,0.8703878526435549,0.3007711857373331,0.3095582077405517
Parkinsons,CART,43,2,0.6,0.7,1.0,0.9,0.9230769230769232,0.9022556390977444,0.9310344827586208,19,4,0,0.4126425457196536,0.4504503466986788,0.64,0.3048100402998362,0.2820948115603013,0.2607709750566893,0.8731884725252074,0.3967490821505683,0.4559115696279683
Parkinsons,VIF+CART,43,2,0.6,0.7,1.0,0.9,0.8461538461538461,0.7641129032258065,0.8672413793103448,17,5,10,0.3297991697140144,0.3977270538964295,0.68,0.3700214094295727,0.3875255538039219,0.3307683835438937,0.8653867992085279,0.3640745459881163,0.4211072153484486
Parkinsons,RRF-style,43,2,0.6,0.7,1.0,0.9,0.8205128205128205,0.7367405978784957,0.8982758620689655,21,5,0,0.3156428079382032,0.3708948089957673,0.64,0.262509026121271,0.2599270797611763,0.2576925817946225,0.8863860118806097,0.4030533738554683,0.4441067723517278
Parkinsons,ACP-Gini,43,2,0.6,0.7,1.0,0.9,0.8461538461538461,0.7833333333333333,0.906896551724138,19,5,0,0.2974413235754823,0.2528561568206585,0.64,0.308494655004859,0.3079139156279444,0.2883375445416261,0.8584153496896596,0.2920438250659614,0.3222239955213058
Parkinsons,CART,43,3,0.6,0.7,1.0,0.9,0.9230769230769232,0.8956289027653881,0.9172413793103448,15,4,0,0.3708167081385242,0.3988696559463983,0.6,0.308478016314751,0.2874786492025765,0.2832666018788468,0.8816198313491229,0.3847244138997101,0.4243748396722446
Parkinsons,VIF+CART,43,3,0.6,0.7,1.0,0.9,0.9230769230769232,0.8956289027653881,0.9172413793103448,15,4,10,0.3708256325303452,0.3988758297277594,0.48,0.3118448512938309,0.2858791550931568,0.2787907353417557,0.8956696536090294,0.3675042374703532,0.3855177830732407
Parkinsons,RRF-style,43,3,0.6,0.7,1.0,0.9,0.8974358974358975,0.8555555555555556,0.8586206896551725,15,4,0,0.3708167081385242,0.4467567377537152,0.6,0.2607709750566893,0.2539496777049108,0.2578895367670877,0.8943288503055674,0.3930938616115555,0.4354464446701113
Parkinsons,ACP-Gini,43,3,0.6,0.7,1.0,0.9,0.9230769230769232,0.8956289027653881,0.9310344827586208,15,3,0,0.2644535088421654,0.2749651464862788,0.6,0.294245192449274,0.2924191669980755,0.285284094590217,0.8689590945935483,0.2992563048710975,0.3299838580689823
Parkinsons,CART,43,4,0.6,0.7,0.2,0.5,0.8974358974358975,0.8733766233766234,0.9275862068965518,17,5,0,0.5223765981996452,0.5261650320145784,0.66,0.2839912015422219,0.2519489271285673,0.2676067379332685,0.8802325118525599,0.4209300225419071,0.4781644642313524
Parkinsons,VIF+CART,43,4,0.6,0.7,0.2,0.5,0.9487179487179488,0.9327586206896552,0.9258620689655171,19,4,10,0.4391463051937104,0.4371889675440638,0.64,0.323101687428218,0.3058006612330898,0.2818723679948169,0.8898957334515558,0.3629581761779105,0.4186757333189101
Parkinsons,RRF-style,43,4,0.6,0.7,0.2,0.5,0.8974358974358975,0.8555555555555556,0.8775862068965518,21,6,0,0.5152988439396082,0.4760550302501835,0.66,0.258223547427629,0.2665886004633872,0.2576689342403628,0.8852220882358939,0.4072364456538678,0.4648643995343623
Parkinsons,ACP-Gini,43,4,0.6,0.7,0.2,0.5,0.9743589743589745,0.9674185463659148,0.9793103448275864,19,5,0,0.3579391356457952,0.2896377552063763,0.66,0.2898615307594899,0.2837634220450456,0.2850132815030774,0.8734311406880435,0.3179410082120103,0.3597690848063705
Parkinsons,CART,44,0,0.6,0.7,0.8,0.7,0.8461538461538461,0.7045454545454546,0.6555555555555556,17,5,0,0.2980327843639626,0.3769117488672218,0.72,0.2860681155579115,0.286185397888454,0.282801749271137,0.8676967363702058,0.376533900281509,0.4461310826689846
Parkinsons,VIF+CART,44,0,0.6,0.7,0.8,0.7,0.7692307692307693,0.6285714285714286,0.7944444444444444,17,4,10,0.3421762646735363,0.4138836247205942,0.86,0.3664137585770239,0.4127839072750641,0.347967606090055,0.8322527970895318,0.3457650691752625,0.4098761915209973
Parkinsons,RRF-style,44,0,0.6,0.7,0.8,0.7,0.8717948717948718,0.8260481712756467,0.8611111111111112,17,4,0,0.2947617443450532,0.2085675950686543,0.72,0.2422899254940071,0.2598710254020654,0.2408509880142532,0.878120585763443,0.3789123573869928,0.4146797209372039
Parkinsons,ACP-Gini,44,0,0.6,0.7,0.8,0.7,0.9487179487179488,0.9277777777777778,0.9240740740740742,15,4,0,0.2980327843639626,0.2969622820902418,0.72,0.3027419972317931,0.3314597548953765,0.2927113702623906,0.8422573934002506,0.2847346251741676,0.3110767867144495
Parkinsons,CART,44,1,0.6,0.7,0.4,0.7,0.8461538461538461,0.8100649350649352,0.9037037037037036,17,4,0,0.3397313792653679,0.354916435563687,0.58,0.2836792323322935,0.2509416114231366,0.2594551344347263,0.8837837798456046,0.3951790153453106,0.4199411901770412
Parkinsons,VIF+CART,44,1,0.6,0.7,0.4,0.7,0.8461538461538461,0.7833333333333333,0.8833333333333333,17,5,10,0.3165356644067321,0.3628501665416428,0.48,0.3357819685982952,0.3176207480090657,0.2978577907353417,0.8864779980274704,0.3488739373529641,0.3833509475139114
Parkinsons,RRF-style,44,1,0.6,0.7,0.4,0.7,0.8461538461538461,0.8100649350649352,0.9481481481481482,17,4,0,0.2710030465422377,0.2865585401661883,0.58,0.2262988485437465,0.2078590394371992,0.221303530936184,0.8929773255289462,0.3904481124211071,0.4075470811442548
Parkinsons,ACP-Gini,44,1,0.6,0.7,0.4,0.7,0.8461538461538461,0.8100649350649352,0.901851851851852,17,4,0,0.2710030465422377,0.2839979087159464,0.58,0.2834446301997322,0.2759027814434624,0.2667317784256559,0.8645754806926539,0.2903236642195893,0.3080609320456858
Parkinsons,CART,44,2,0.6,0.7,0.6,0.5,0.8717948717948718,0.8260481712756467,0.8586206896551724,21,4,0,0.339073946375853,0.444128241549566,0.44,0.3162060547162588,0.2932397252156041,0.2734175574991901,0.8837613397007156,0.3596831014458636,0.4363546967652371
Parkinsons,VIF+CART,44,2,0.6,0.7,0.6,0.5,0.8974358974358975,0.8555555555555556,0.8862068965517241,21,4,10,0.3386163725797692,0.4313320078615223,0.6,0.3551477162293489,0.3533522051603327,0.3188075801749271,0.8725935254554703,0.3430886319571724,0.4085867180085444
Parkinsons,RRF-style,44,2,0.6,0.7,0.6,0.5,0.7692307692307693,0.706766917293233,0.7551724137931035,19,4,0,0.4683803488181868,0.4181900288518986,0.44,0.2515737550431428,0.2554105300179483,0.2452594752186588,0.8952296445051549,0.3816517323369329,0.4249096261148672
Parkinsons,ACP-Gini,44,2,0.6,0.7,0.6,0.5,0.8205128205128205,0.7719298245614035,0.7913793103448277,19,4,0,0.2890965154019914,0.3132133382228464,0.44,0.3048780811025708,0.3131717572363781,0.2900719144800777,0.8551046392583008,0.2882468481328468,0.2907325650108027
Parkinsons,CART,44,3,0.6,0.7,1.0,0.7,0.8205128205128205,0.784189723320158,0.853448275862069,17,5,0,0.3734823376031724,0.4527115772347157,0.5,0.2759694206020737,0.229403880994039,0.2453190800129575,0.8907914143346317,0.3872418208855355,0.4634358162802922
Parkinsons,VIF+CART,44,3,0.6,0.7,1.0,0.7,0.8461538461538461,0.8194444444444444,0.9034482758620688,17,5,9,0.2886075179496364,0.3318371597312278,0.52,0.321537179373914,0.2797409867890544,0.2715247813411078,0.8900760470022175,0.3428589805442057,0.4332194286517838
Parkinsons,RRF-style,44,3,0.6,0.7,1.0,0.7,0.8205128205128205,0.7939622641509434,0.8982758620689655,17,5,0,0.3066754062090893,0.3604211367518584,0.5,0.2299638366168978,0.2160748525451757,0.2303900226757369,0.8951345347996008,0.3921028549678971,0.4457324854613316
Parkinsons,ACP-Gini,44,3,0.6,0.7,1.0,0.7,0.8205128205128205,0.7939622641509434,0.8982758620689655,17,5,0,0.286814842869445,0.3255096029549183,0.5,0.2808797007980682,0.2623211265260702,0.2584596695821186,0.873879351309376,0.30264467808428,0.3629890441468172
Parkinsons,CART,44,4,0.6,0.7,1.0,0.7,0.8717948717948718,0.8370927318295739,0.8706896551724137,21,5,0,0.4552722177932883,0.433294213438667,0.56,0.316305669387302,0.3086875576428329,0.2972785876255264,0.8700559064784755,0.4138500011947248,0.4779709779948496
Parkinsons,VIF+CART,44,4,0.6,0.7,1.0,0.7,0.7948717948717948,0.685483870967742,0.8879310344827586,19,4,10,0.4194369407260315,0.4936304652553379,0.48,0.3134284241835262,0.297403608017879,0.2957836086815679,0.8907658495965819,0.3753472806514223,0.4266351723493642
Parkinsons,RRF-style,44,4,0.6,0.7,1.0,0.7,0.8717948717948718,0.8370927318295739,0.8310344827586207,23,6,0,0.5103708221364058,0.5945406068822466,0.56,0.2639184851429749,0.2522082847344003,0.2564214447683836,0.8952940256355623,0.4220856563400793,0.4773976007189754
Parkinsons,ACP-Gini,44,4,0.6,0.7,1.0,0.7,0.9230769230769232,0.8956289027653881,0.8741379310344828,21,5,0,0.3055571934617643,0.1901988996418417,0.56,0.3009483758871513,0.2897638123819982,0.2842128279883382,0.8646214253933342,0.3015884368025424,0.3425076382287224
