dataset,n,d,positive_rate,pair_fraction_abs_r_gt_07
WDBC,569,30,0.6274165202108963,0.16091954022988506
Wine,6497,11,0.6330614129598277,0.01818181818181818
Ionosphere,351,34,0.358974358974359,0.0053475935828877
Sonar,208,60,0.5336538461538461,0.030508474576271188
Pima,768,8,0.3489583333333333,0.0
